{"multipart":[{"apply":{"model":"minecraft:block/chorus_plant_side"},"when":{"north":"true"}},{"apply":{"model":"minecraft:block/chorus_plant_side","uvlock":true,"y":90},"when":{"east":"true"}},{"apply":{"model":"minecraft:block/chorus_plant_side","uvlock":true,"y":180},"when":{"south":"true"}},{"apply":{"model":"minecraft:block/chorus_plant_side","uvlock":true,"y":270},"when":{"west":"true"}},{"apply":{"model":"minecraft:block/chorus_plant_side","uvlock":true,"x":270},"when":{"up":"true"}},{"apply":{"model":"minecraft:block/chorus_plant_side","uvlock":true,"x":90},"when":{"down":"true"}},{"apply":{"model":"minecraft:block/chorus_plant_noside"},"when":{"north":"false"}},{"apply":{"model":"minecraft:block/chorus_plant_noside","uvlock":true,"y":90},"when":{"east":"false"}},{"apply":{"model":"minecraft:block/chorus_plant_noside","uvlock":true,"y":180},"when":{"south":"false"}},{"apply":{"model":"minecraft:block/chorus_plant_noside","uvlock":true,"y":270},"when":{"west":"false"}},{"apply":{"model":"minecraft:block/chorus_plant_noside","uvlock":true,"weight":2,"x":270},"when":{"up":"false"}},{"apply":{"model":"minecraft:block/chorus_plant_noside","uvlock":true,"x":90},"when":{"down":"false"}}]}