{"credit":"Made with Blockbench by Minecraft_hyr","ambientocclusion":false,"textures":{"particle":"#texture"},"elements":[{"from":[0.1,0,0],"to":[0.1,16,16],"shade":false,"faces":{"east":{"uv":[0,0,16,16],"texture":"#texture","tintindex":0},"west":{"uv":[16,0,0,16],"texture":"#texture","cullface":"west","tintindex":0}}},{"from":[0,0,0.1],"to":[16,16,0.1],"shade":false,"faces":{"north":{"uv":[16,0,0,16],"texture":"#texture","cullface":"north","tintindex":0},"south":{"uv":[0,0,16,16],"texture":"#texture","tintindex":0}}},{"from":[0,0,15.9],"to":[16,16,15.9],"shade":false,"faces":{"north":{"uv":[0,0,16,16],"texture":"#texture","tintindex":0},"south":{"uv":[16,0,0,16],"texture":"#texture","cullface":"south","tintindex":0}}},{"from":[15.9,0,0],"to":[15.9,16,16],"shade":false,"faces":{"east":{"uv":[16,0,0,16],"texture":"#texture","cullface":"east","tintindex":0},"west":{"uv":[0,0,16,16],"texture":"#texture","tintindex":0}}},{"from":[0,15.9,0],"to":[16,15.9,16],"shade":false,"faces":{"up":{"uv":[0,16,16,0],"texture":"#texture","cullface":"up","tintindex":0},"down":{"uv":[0,0,16,16],"texture":"#texture","tintindex":0}}},{"from":[0,0.1,0],"to":[16,0.1,16],"shade":false,"faces":{"up":{"uv":[0,0,16,16],"texture":"#texture","tintindex":0},"down":{"uv":[0,16,16,0],"texture":"#texture","cullface":"down","tintindex":0}}}]}