{
  "format_version": "1.21.6",
  "credit": "Made with Blockbench by Minecraft_hyr",
  "ambientocclusion": false,
  "textures": {
    "particle": "block/ladder",
    "ladder": "block/ladder"
  },
  "elements": [
    {
      "from": [12, 0, 0],
      "to": [14, 16, 1],
      "faces": {
        "north": {"uv": [14, 0, 12, 16], "texture": "#ladder", "cullface": "north"},
        "east": {"uv": [13, 0, 14, 16], "texture": "#ladder"},
        "south": {"uv": [12, 0, 14, 16], "texture": "#ladder"},
        "west": {"uv": [12, 0, 13, 16], "texture": "#ladder"},
        "up": {"uv": [12, 0, 14, 1], "texture": "#ladder", "cullface": "up"},
        "down": {"uv": [12, 15, 14, 16], "texture": "#ladder", "cullface": "down"}
      }
    },
    {
      "from": [2, 0, 0],
      "to": [4, 16, 1],
      "faces": {
        "north": {"uv": [4, 0, 2, 16], "texture": "#ladder", "cullface": "north"},
        "east": {"uv": [3, 0, 4, 16], "texture": "#ladder"},
        "south": {"uv": [2, 0, 4, 16], "texture": "#ladder"},
        "west": {"uv": [2, 0, 3, 16], "texture": "#ladder"},
        "up": {"uv": [2, 0, 4, 1], "texture": "#ladder", "cullface": "up"},
        "down": {"uv": [2, 15, 4, 16], "texture": "#ladder", "cullface": "down"}
      }
    },
    {
      "from": [1, 13, 0],
      "to": [15, 15, 1],
      "faces": {
        "north": {"uv": [15, 1, 1, 3], "texture": "#ladder", "cullface": "north"},
        "east": {"uv": [14, 1, 15, 3], "texture": "#ladder"},
        "south": {"uv": [1, 1, 15, 3], "texture": "#ladder"},
        "west": {"uv": [1, 1, 2, 3], "texture": "#ladder"},
        "up": {"uv": [15, 1, 1, 2], "rotation": 180, "texture": "#ladder"},
        "down": {"uv": [1, 2, 15, 3], "texture": "#ladder"}
      }
    },
    {
      "from": [1, 9, 0],
      "to": [15, 11, 1],
      "faces": {
        "north": {"uv": [15, 5, 1, 7], "texture": "#ladder", "cullface": "north"},
        "east": {"uv": [14, 5, 15, 7], "texture": "#ladder"},
        "south": {"uv": [1, 5, 15, 7], "texture": "#ladder"},
        "west": {"uv": [1, 5, 2, 7], "texture": "#ladder"},
        "up": {"uv": [15, 5, 1, 6], "rotation": 180, "texture": "#ladder"},
        "down": {"uv": [1, 6, 15, 7], "texture": "#ladder"}
      }
    },
    {
      "from": [1, 5, 0],
      "to": [15, 7, 1],
      "faces": {
        "north": {"uv": [15, 9, 1, 11], "texture": "#ladder", "cullface": "north"},
        "east": {"uv": [14, 9, 15, 11], "texture": "#ladder"},
        "south": {"uv": [1, 9, 15, 11], "texture": "#ladder"},
        "west": {"uv": [1, 9, 2, 11], "texture": "#ladder"},
        "up": {"uv": [15, 9, 1, 10], "rotation": 180, "texture": "#ladder"},
        "down": {"uv": [1, 10, 15, 11], "texture": "#ladder"}
      }
    },
    {
      "from": [1, 1, 0],
      "to": [15, 3, 1],
      "faces": {
        "north": {"uv": [15, 13, 1, 15], "texture": "#ladder", "cullface": "north"},
        "east": {"uv": [14, 13, 15, 15], "texture": "#ladder"},
        "south": {"uv": [1, 13, 15, 15], "texture": "#ladder"},
        "west": {"uv": [1, 13, 2, 15], "texture": "#ladder"},
        "up": {"uv": [15, 13, 1, 14], "rotation": 180, "texture": "#ladder"},
        "down": {"uv": [1, 14, 15, 15], "texture": "#ladder"}
      }
    }
  ]
}