{
  "credit": "Made with Blockbench by Minecraft_hyr",
  "ambientocclusion": false,
  "textures": {
    "particle": "#texture"
  },
  "elements": [
    {
      "from": [7, 0, 12],
      "to": [9, 16, 14],
      "faces": {
        "north": {"uv": [12, 0, 14, 16], "texture": "#texture"},
        "east": {"uv": [14, 0, 12, 16], "texture": "#texture"},
        "south": {"uv": [12, 0, 14, 16], "texture": "#texture"},
        "west": {"uv": [12, 0, 14, 16], "texture": "#texture"},
        "up": {"uv": [12, 0, 14, 2], "rotation": 90, "texture": "#texture"},
        "down": {"uv": [12, 16, 14, 14], "rotation": 270, "texture": "#texture"}
      }
    },
    {
      "from": [7, 2, 9],
      "to": [9, 4, 12],
      "faces": {
        "east": {"uv": [9, 12, 12, 14], "texture": "#texture"},
        "west": {"uv": [9, 12, 12, 14], "texture": "#texture"},
        "up": {"uv": [9, 12, 12, 14], "rotation": 90, "texture": "#texture"},
        "down": {"uv": [9, 12, 12, 14], "rotation": 270, "texture": "#texture"}
      }
    },
    {
      "from": [7, 7, 14],
      "to": [9, 9, 16],
      "faces": {
        "east": {"uv": [16, 7, 14, 9], "texture": "#texture"},
        "south": {"uv": [14, 7, 16, 9], "texture": "#texture", "cullface": "south"},
        "west": {"uv": [14, 7, 16, 9], "texture": "#texture"},
        "up": {"uv": [14, 7, 16, 9], "rotation": 90, "texture": "#texture"},
        "down": {"uv": [14, 7, 16, 9], "rotation": 270, "texture": "#texture"}
      }
    },
    {
      "from": [7, 0, 9],
      "to": [9, 1, 16],
      "faces": {
        "east": {"uv": [16, 15, 9, 16], "texture": "#texture", "cullface": "down"},
        "south": {"uv": [14, 15, 16, 16], "texture": "#texture", "cullface": "down"},
        "west": {"uv": [9, 15, 16, 16], "texture": "#texture", "cullface": "down"},
        "up": {"uv": [9, 14, 16, 16], "rotation": 270, "texture": "#texture", "cullface": "down"},
        "down": {"uv": [16, 14, 9, 16], "rotation": 90, "texture": "#texture", "cullface": "down"}
      }
    },
    {
      "from": [7, 0, 15],
      "to": [9, 16, 16],
      "faces": {
        "north": {"uv": [14, 0, 16, 16], "texture": "#texture", "cullface": "south"},
        "east": {"uv": [15, 0, 16, 16], "texture": "#texture", "cullface": "south"},
        "south": {"uv": [14, 0, 16, 16], "texture": "#texture", "cullface": "south"},
        "west": {"uv": [15, 0, 16, 16], "texture": "#texture", "cullface": "south"},
        "up": {"uv": [15, 0, 16, 2], "rotation": 270, "texture": "#texture", "cullface": "south"},
        "down": {"uv": [15, 14, 16, 16], "rotation": 90, "texture": "#texture", "cullface": "south"}
      }
    },
    {
      "from": [7, 15, 9],
      "to": [9, 16, 16],
      "faces": {
        "east": {"uv": [16, 0, 9, 1], "texture": "#texture", "cullface": "up"},
        "south": {"uv": [14, 0, 16, 1], "texture": "#texture", "cullface": "up"},
        "west": {"uv": [9, 0, 16, 1], "texture": "#texture", "cullface": "up"},
        "up": {"uv": [16, 0, 9, 2], "rotation": 270, "texture": "#texture", "cullface": "up"},
        "down": {"uv": [9, 0, 16, 2], "rotation": 90, "texture": "#texture", "cullface": "up"}
      }
    }
  ],
  "groups": [
    {
      "name": "group",
      "origin": [0, 0, 0],
      "color": 0,
      "children": [0, 1, 2]
    },
    {
      "name": "group",
      "origin": [8, 8, 8],
      "color": 0,
      "children": [3, 4, 5]
    }
  ]
}