{
	"credit": "Made with Blockbench",
	"parent": "block/block",
	"textures": {
		"particle": "#texture"
	},
	"elements": [
		{
			"name": "Post",
			"from": [6, 0, 6],
			"to": [10, 16, 10],
			"faces": {
				"north": {"uv": [6, 0, 10, 16], "texture": "#texture"},
				"east": {"uv": [12, 0, 16, 16], "texture": "#texture"},
				"south": {"uv": [6, 0, 10, 16], "texture": "#texture"},
				"west": {"uv": [12, 0, 16, 16], "texture": "#texture"},
				"up": {"uv": [6, 12, 10, 16], "texture": "#texture"},
				"down": {"uv": [6, 12, 10, 16], "texture": "#texture", "cullface": "down"}
			}
		},
		{
			"name": "Lower bar",
			"from": [7, 6, 0],
			"to": [9, 9, 16],
			"faces": {
				"north": {"uv": [0, 7, 2, 10], "texture": "#texture"},
				"east": {"uv": [0, 7, 16, 10], "texture": "#texture"},
				"south": {"uv": [14, 7, 16, 10], "texture": "#texture"},
				"west": {"uv": [0, 7, 16, 10], "texture": "#texture"},
				"up": {"uv": [7, 0, 9, 6], "texture": "#texture"},
				"down": {"uv": [7, 0, 9, 6], "texture": "#texture"}
			}
		},
		{
			"name": "Top bar",
			"from": [7, 12, 0],
			"to": [9, 15, 16],
			"faces": {
				"north": {"uv": [0, 1, 2, 4], "texture": "#texture"},
				"east": {"uv": [0, 1, 16, 4], "texture": "#texture"},
				"south": {"uv": [14, 1, 16, 4], "texture": "#texture"},
				"west": {"uv": [0, 1, 16, 4], "texture": "#texture"},
				"up": {"uv": [7, 0, 9, 6], "texture": "#texture"},
				"down": {"uv": [7, 0, 9, 6], "texture": "#texture"}
			}
		}
	],
	"display": {
		"gui": {
			"rotation": [30, 135, 0],
			"scale": [0.625, 0.625, 0.625]
		},
		"fixed": {
			"rotation": [0, 90, 0],
			"scale": [0.5, 0.5, 0.5]
		}
	}
}