{
    "parent": "block/cube",
    "textures": {
        "particle": "#pattern"
    },
    "display": {
        "firstperson_righthand": {
          "rotation": [0, -45, 0],
          "scale": [0.4, 0.4, 0.4],
          "translation": [0, 0.5, 0]
        },
        "thirdperson_righthand": {
          "rotation": [75, -45, 0],
          "scale": [0.4, 0.4, 0.4],
          "translation": [0, 2.5, 0]
        },
        "gui": {
          "rotation": [30, 45, 0],
          "scale": [0.625, 0.625, 0.625]
        },
        "fixed": {
          "rotation": [0, 180, 0],
          "scale": [0.75, 0.75, 0.75]
        }
    },
    "elements": [
        {   "from": [ 0, 0, 0 ],
            "to": [ 16, 16, 16 ],
            "faces": {
                "down":  { "uv": [ 0,  0, 16, 16 ], "texture": "#pattern", "cullface": "down" },
                "up":    { "uv": [ 0,  0, 16, 16 ], "texture": "#pattern", "cullface": "up" },
                "north": { "uv": [ 0,  0, 16, 16 ], "texture": "#pattern", "cullface": "north", "rotation": 90 },
                "south": { "uv": [ 0,  0, 16, 16 ], "texture": "#pattern", "cullface": "south", "rotation": 270 },
                "west":  { "uv": [ 0,  0, 16, 16 ], "texture": "#pattern", "cullface": "west", "rotation": 0 },
                "east":  { "uv": [ 0,  0, 16, 16 ], "texture": "#pattern", "cullface": "east", "rotation": 180 }
            }
        }
    ]
}
