{
  "multipart": [
    {
      "apply": [
        {
          "model": "minecraft:block/bamboo1_age0"
        },
        {
          "model": "minecraft:block/bamboo2_age0"
        },
        {
          "model": "minecraft:block/bamboo3_age0"
        }
      ],
      "when": {
        "age": "0"
      }
    },
    {
      "apply": [
        {
          "model": "minecraft:block/bamboo1_age1"
        },
        {
          "model": "minecraft:block/bamboo2_age1"
        },
        {
          "model": "minecraft:block/bamboo3_age1"
        }
      ],
      "when": {
        "age": "1"
      }
    },
    {
      "apply": {
        "model": "minecraft:block/bamboo_small_leaves"
      },
      "when": {
        "leaves": "small"
      }
    },
    {
      "apply": {
        "model": "minecraft:block/bamboo_large_leaves"
      },
      "when": {
        "leaves": "large"
      }
    }
  ]
}