{
  "multipart": [
    {
      "apply": {
        "model": "minecraft:block/tripwire_center"
      },
      "when": {
        "attached": "false"
      }
    },
    {
      "apply": {
        "model": "minecraft:block/tripwire_side"
      },
      "when": {
        "OR": [
          {
            "attached": "false",
            "east": "false",
            "north": "false",
            "south": "false",
            "west": "false"
          },
          {
            "attached": "false",
            "north": "true"
          }
        ]
      }
    },
    {
      "apply": {
        "model": "minecraft:block/tripwire_side_alt"
      },
      "when": {
        "OR": [
          {
            "attached": "false",
            "east": "false",
            "north": "false",
            "south": "false",
            "west": "false"
          },
          {
            "attached": "false",
            "south": "true"
          }
        ]
      }
    },
    {
      "apply": {
        "model": "minecraft:block/tripwire_side",
        "y": -90
      },
      "when": {
        "attached": "false",
        "west": "true"
      }
    },
    {
      "apply": {
        "model": "minecraft:block/tripwire_side_alt",
        "y": -90
      },
      "when": {
        "attached": "false",
        "east": "true"
      }
    },
    {
      "apply": {
        "model": "minecraft:block/tripwire_noside"
      },
      "when": {
        "attached": "false",
        "east": "false",
        "north": "false",
        "south": "true",
        "west": "false"
      }
    },
    {
      "apply": {
        "model": "minecraft:block/tripwire_noside_alt"
      },
      "when": {
        "attached": "false",
        "east": "false",
        "north": "true",
        "south": "false",
        "west": "false"
      }
    },
    {
      "apply": {
        "model": "minecraft:block/tripwire_noside",
        "y": -90
      },
      "when": {
        "attached": "false",
        "east": "true",
        "north": "false",
        "south": "false",
        "west": "false"
      }
    },
    {
      "apply": {
        "model": "minecraft:block/tripwire_noside_alt",
        "y": -90
      },
      "when": {
        "attached": "false",
        "east": "false",
        "north": "false",
        "south": "false",
        "west": "true"
      }
    },
    {
      "apply": {
        "model": "minecraft:block/tripwire_attached_center"
      },
      "when": {
        "attached": "true"
      }
    },
    {
      "apply": {
        "model": "minecraft:block/tripwire_attached_side"
      },
      "when": {
        "OR": [
          {
            "attached": "true",
            "east": "false",
            "north": "false",
            "south": "false",
            "west": "false"
          },
          {
            "attached": "true",
            "north": "true"
          }
        ]
      }
    },
    {
      "apply": {
        "model": "minecraft:block/tripwire_attached_side_alt"
      },
      "when": {
        "OR": [
          {
            "attached": "true",
            "east": "false",
            "north": "false",
            "south": "false",
            "west": "false"
          },
          {
            "attached": "true",
            "south": "true"
          }
        ]
      }
    },
    {
      "apply": {
        "model": "minecraft:block/tripwire_attached_side",
        "y": -90
      },
      "when": {
        "attached": "true",
        "west": "true"
      }
    },
    {
      "apply": {
        "model": "minecraft:block/tripwire_attached_side_alt",
        "y": -90
      },
      "when": {
        "attached": "true",
        "east": "true"
      }
    },
    {
      "apply": {
        "model": "minecraft:block/tripwire_attached_noside"
      },
      "when": {
        "attached": "true",
        "east": "false",
        "north": "false",
        "south": "true",
        "west": "false"
      }
    },
    {
      "apply": {
        "model": "minecraft:block/tripwire_attached_noside_alt"
      },
      "when": {
        "attached": "true",
        "east": "false",
        "north": "true",
        "south": "false",
        "west": "false"
      }
    },
    {
      "apply": {
        "model": "minecraft:block/tripwire_attached_noside",
        "y": -90
      },
      "when": {
        "attached": "true",
        "east": "true",
        "north": "false",
        "south": "false",
        "west": "false"
      }
    },
    {
      "apply": {
        "model": "minecraft:block/tripwire_attached_noside_alt",
        "y": -90
      },
      "when": {
        "attached": "true",
        "east": "false",
        "north": "false",
        "south": "false",
        "west": "true"
      }
    }
  ]
}