{"display":{"thirdperson_righthand":{"rotation":[30,160,0],"translation":[0,3,-2],"scale":[0.23,0.23,0.23]},"firstperson_righthand":{"rotation":[30,160,0],"translation":[0,3,0],"scale":[0.375,0.375,0.375]},"gui":{"rotation":[30,200,0],"translation":[-1.5,3,0],"scale":[0.5325,0.5325,0.5325]},"ground":{"translation":[0,1,2],"scale":[0.25,0.25,0.25]},"head":{"rotation":[0,180,0],"translation":[0,10,-8]},"fixed":{"rotation":[270,0,0],"translation":[0,4,-2],"scale":[0.5,0.5,0.5]},"on_shelf":{"rotation":[90,180,0],"translation":[0,14.5,2.5],"scale":[0.9375,0.9375,0.9375]}}}