{
  "textures": {
    "particle": "minecraft:block/soul_sand"
  },
  "display": {
    "firstperson_righthand": {
      "rotation": [0, -45, 0],
      "translation": [0, 4, 0],
      "scale": [0.5, 0.5, 0.5]
    },
    "thirdperson_righthand": {
      "rotation": [45, -45, 0],
      "translation": [0, 3, 0],
      "scale": [0.5, 0.5, 0.5]
    },
    "gui": {
      "rotation": [30, 45, 0],
      "translation": [0, 3, 0]
    },
    "fixed": {
      "rotation": [0, 180, 0],
      "translation": [0, 4, 0]
    },
    "ground": {
      "translation": [0, 3, 0],
      "scale": [0.4, 0.4, 0.4]
    }
  }
}
