{"multipart":[{"apply":{"model":"minecraft:block/glass_pane_post"}},{"apply":{"model":"minecraft:block/glass_pane_side"},"when":{"north":"true"}},{"apply":{"model":"minecraft:block/glass_pane_side","y":90},"when":{"east":"true"}},{"apply":{"model":"minecraft:block/glass_pane_side_alt"},"when":{"south":"true"}},{"apply":{"model":"minecraft:block/glass_pane_side_alt","y":90},"when":{"west":"true"}},{"apply":{"model":"minecraft:block/glass_pane_noside"},"when":{"north":"false"}},{"apply":{"model":"minecraft:block/glass_pane_noside_alt"},"when":{"east":"false"}},{"apply":{"model":"minecraft:block/glass_pane_noside_alt","y":90},"when":{"south":"false"}},{"apply":{"model":"minecraft:block/glass_pane_noside","y":270},"when":{"west":"false"}},{"apply":{"model":"res_fixes:block/glass_pane_noside_all"},"when":{"north":"false","south":"false","east":"false","west":"false"}}]}