{"format_version":"1.21.6","credit":"Made with Blockbench by Minecraft_hyr","parent":"minecraft:block/block","textures":{"0":"block/turtle_egg","particle":"block/turtle_egg"},"elements":[{"from":[6,0,6],"to":[10,7,10],"faces":{"north":{"uv":[1,4,5,11],"texture":"#0"},"east":{"uv":[1,4,5,11],"texture":"#0"},"south":{"uv":[1,4,5,11],"texture":"#0"},"west":{"uv":[1,4,5,11],"texture":"#0"},"up":{"uv":[0,0,4,4],"texture":"#0"},"down":{"uv":[0,0,4,4],"texture":"#0","cullface":"down"}}}],"display":{"thirdperson_righthand":{"rotation":[75,135,0],"translation":[0,2.5,1.25],"scale":[0.5,0.5,0.5]},"firstperson_righthand":{"rotation":[0,135,0],"translation":[0,3.5,0],"scale":[0.75,0.75,0.75]},"ground":{"translation":[0,2,0],"scale":[0.5,0.5,0.5]},"gui":{"rotation":[30,-135,0],"translation":[0,4,0],"scale":[1.2,1.2,1.2]},"head":{"translation":[0,14.5,0]}}}