{"format_version":"1.21.6","credit":"Made with Blockbench by Minecraft_hyr","ambientocclusion":false,"textures":{"particle":"#fire"},"elements":[{"from":[0,16,0],"to":[16,16,16],"shade":false,"rotation":{"angle":-22.5,"axis":"x","origin":[8,16,16],"rescale":true},"faces":{"down":{"uv":[0,0,16,16],"rotation":180,"texture":"#fire"}}},{"from":[0,16,0],"to":[16,16,16],"shade":false,"rotation":{"angle":22.5,"axis":"x","origin":[8,16,0],"rescale":true},"faces":{"down":{"uv":[0,0,16,16],"texture":"#fire"}}}]}