{"format_version":"1.21.6","credit":"Made with Blockbench","parent":"block/block","render_type":"minecraft:cutout","textures":{"top":"farmersdelight:block/basket_top","particle":"farmersdelight:block/basket_bottom","bottom":"farmersdelight:block/basket_bottom","side":"farmersdelight:block/basket_side","handle":"farmersdelight:block/basket_handle"},"elements":[{"name":"bottom face","from":[0,0,0],"to":[16,2,16],"faces":{"north":{"uv":[0,0,16,2],"texture":"#bottom","cullface":"north"},"east":{"uv":[0,0,16,2],"texture":"#bottom","cullface":"east"},"south":{"uv":[0,0,16,2],"texture":"#bottom","cullface":"south"},"west":{"uv":[0,0,16,2],"texture":"#bottom","cullface":"west"},"up":{"uv":[0,0,16,16],"texture":"#bottom"},"down":{"uv":[0,0,16,16],"texture":"#bottom","cullface":"down"}}},{"name":"hoop","from":[0,13,0],"to":[16,16,2],"faces":{"north":{"uv":[0,0,16,3],"texture":"#side","cullface":"north"},"east":{"uv":[14,0,16,3],"texture":"#side","cullface":"east"},"south":{"uv":[16,0,0,3],"texture":"#side"},"west":{"uv":[0,0,2,3],"texture":"#side","cullface":"west"},"up":{"uv":[0,0,16,2],"texture":"#top","cullface":"up"},"down":{"uv":[0,0,16,2],"texture":"#top"}}},{"name":"left","from":[10,11,0],"to":[16,13,2],"faces":{"north":{"uv":[0,3,6,5],"texture":"#side","cullface":"north"},"east":{"uv":[14,3,16,5],"texture":"#side","cullface":"east"},"south":{"uv":[6,3,0,5],"texture":"#side"},"west":{"uv":[0,2,2,4],"texture":"#handle"}}},{"name":"right","from":[0,11,0],"to":[6,13,2],"faces":{"north":{"uv":[10,3,16,5],"texture":"#side","cullface":"north"},"east":{"uv":[14,2,16,4],"texture":"#handle"},"south":{"uv":[16,3,10,5],"texture":"#side"},"west":{"uv":[0,3,2,5],"texture":"#side","cullface":"west"}}},{"name":"base","from":[0,2,0],"to":[16,11,2],"faces":{"north":{"uv":[0,5,16,14],"texture":"#side","cullface":"north"},"east":{"uv":[14,5,16,14],"texture":"#side","cullface":"east"},"south":{"uv":[16,5,0,14],"texture":"#side"},"west":{"uv":[0,5,2,14],"texture":"#side","cullface":"west"},"up":{"uv":[0,0,16,2],"texture":"#handle"}}},{"name":"hoop","from":[0,13,14],"to":[16,16,16],"faces":{"north":{"uv":[16,0,0,3],"texture":"#side"},"east":{"uv":[0,0,2,3],"texture":"#side","cullface":"east"},"south":{"uv":[0,0,16,3],"texture":"#side","cullface":"south"},"west":{"uv":[14,0,16,3],"texture":"#side","cullface":"west"},"up":{"uv":[0,14,16,16],"texture":"#top","cullface":"up"},"down":{"uv":[0,14,16,16],"texture":"#top"}}},{"name":"left","from":[0,11,14],"to":[6,13,16],"faces":{"north":{"uv":[6,3,0,5],"texture":"#side"},"east":{"uv":[0,2,2,4],"texture":"#handle"},"south":{"uv":[0,3,6,5],"texture":"#side","cullface":"south"},"west":{"uv":[14,3,16,5],"texture":"#side","cullface":"west"}}},{"name":"right","from":[10,11,14],"to":[16,13,16],"faces":{"north":{"uv":[16,3,10,5],"texture":"#side"},"east":{"uv":[0,3,2,5],"texture":"#side","cullface":"east"},"south":{"uv":[10,3,16,5],"texture":"#side","cullface":"south"},"west":{"uv":[0,2,2,4],"texture":"#handle"}}},{"name":"base","from":[0,2,14],"to":[16,11,16],"faces":{"north":{"uv":[16,5,0,14],"texture":"#side"},"east":{"uv":[0,5,2,14],"texture":"#side","cullface":"east"},"south":{"uv":[0,5,16,14],"texture":"#side","cullface":"south"},"west":{"uv":[14,5,16,14],"texture":"#side","cullface":"west"},"up":{"uv":[0,14,16,16],"texture":"#handle"}}},{"name":"hoop","from":[0,13,2],"to":[2,16,14],"faces":{"east":{"uv":[14,0,2,3],"texture":"#side"},"west":{"uv":[2,0,14,3],"texture":"#side","cullface":"west"},"up":{"uv":[0,2,2,14],"texture":"#top","cullface":"up"},"down":{"uv":[14,2,16,14],"texture":"#top"}}},{"name":"left","from":[0,11,2],"to":[2,13,6],"faces":{"east":{"uv":[6,3,2,5],"texture":"#side"},"south":{"uv":[0,2,2,4],"texture":"#handle"},"west":{"uv":[2,3,6,5],"texture":"#side","cullface":"west"}}},{"name":"right","from":[0,11,10],"to":[2,13,14],"faces":{"north":{"uv":[14,2,16,4],"texture":"#handle"},"east":{"uv":[14,3,10,5],"texture":"#side"},"west":{"uv":[10,3,14,5],"texture":"#side","cullface":"west"}}},{"name":"base","from":[0,2,2],"to":[2,11,14],"faces":{"north":{"uv":[14,0,16,16],"texture":"#side"},"east":{"uv":[14,5,2,14],"texture":"#side"},"south":{"uv":[0,0,2,16],"texture":"#side"},"west":{"uv":[2,5,14,14],"texture":"#side","cullface":"west"},"up":{"uv":[0,2,2,14],"texture":"#handle"}}},{"name":"hoop","from":[14,13,2],"to":[16,16,14],"faces":{"east":{"uv":[2,0,14,3],"texture":"#side","cullface":"east"},"west":{"uv":[14,0,2,3],"texture":"#side"},"up":{"uv":[14,2,16,14],"texture":"#top","cullface":"up"},"down":{"uv":[0,2,2,14],"texture":"#top"}}},{"name":"left","from":[14,11,10],"to":[16,13,14],"faces":{"north":{"uv":[0,2,2,4],"texture":"#handle"},"east":{"uv":[2,3,6,5],"texture":"#side","cullface":"east"},"west":{"uv":[6,3,2,5],"texture":"#side"}}},{"name":"right","from":[14,11,2],"to":[16,13,6],"faces":{"east":{"uv":[10,3,14,5],"texture":"#side","cullface":"east"},"south":{"uv":[14,2,16,4],"texture":"#handle"},"west":{"uv":[14,3,10,5],"texture":"#side"}}},{"name":"base","from":[14,2,2],"to":[16,11,14],"faces":{"east":{"uv":[2,5,14,14],"texture":"#side","cullface":"east"},"west":{"uv":[14,5,2,14],"texture":"#side"},"up":{"uv":[14,2,16,14],"texture":"#handle"}}}],"groups":[0,{"name":"north face","origin":[8,8,8],"color":0,"children":[1,2,3,4]},{"name":"south face","origin":[8,8,8],"color":0,"children":[5,6,7,8]},{"name":"west face","origin":[0,0,0],"color":0,"children":[9,10,11,12]},{"name":"east face","origin":[0,0,0],"color":0,"children":[13,14,15,16]}]}