{
  "credit": "Made by Minecraft_hyr",
  "textures": {
    "0": "block/dripstone_block",
    "1": "block/pointed_dripstone_down_middle",
    "particle": "block/dripstone_block"
  },
  "elements": [
    {
      "from": [3, 2, 2],
      "to": [14, 5, 13],
      "faces": {
        "north": {"uv": [3, 11, 14, 14], "texture": "#1"},
        "east": {"uv": [3, 11, 14, 14], "texture": "#1"},
        "south": {"uv": [3, 11, 14, 14], "texture": "#1"},
        "west": {"uv": [3, 11, 14, 14], "texture": "#1"}
      }
    },
    {
      "from": [2, 0, 2],
      "to": [14, 2, 14],
      "faces": {
        "north": {"uv": [2, 14, 14, 16], "texture": "#1"},
        "east": {"uv": [2, 14, 14, 16], "texture": "#1"},
        "south": {"uv": [2, 14, 14, 16], "texture": "#1"},
        "west": {"uv": [2, 14, 14, 16], "texture": "#1"},
        "up": {"uv": [2, 2, 14, 14], "texture": "#0"},
        "down": {"uv": [2, 2, 14, 14], "texture": "#0", "cullface": "up"}
      }
    },
    {
      "from": [2, 12, 2],
      "to": [14, 16, 14],
      "faces": {
        "north": {"uv": [2, 0, 14, 4], "texture": "#1"},
        "east": {"uv": [2, 0, 14, 4], "texture": "#1"},
        "south": {"uv": [2, 0, 14, 4], "texture": "#1"},
        "west": {"uv": [2, 0, 14, 4], "texture": "#1"},
        "up": {"uv": [2, 2, 14, 14], "texture": "#0", "cullface": "down"},
        "down": {"uv": [2, 2, 14, 14], "texture": "#0"}
      }
    },
    {
      "from": [2, 9, 3],
      "to": [13, 12, 14],
      "faces": {
        "north": {"uv": [2, 4, 13, 7], "texture": "#1"},
        "east": {"uv": [2, 4, 13, 7], "texture": "#1"},
        "south": {"uv": [2, 4, 13, 7], "texture": "#1"},
        "west": {"uv": [2, 4, 13, 7], "texture": "#1"}
      }
    },
    {
      "from": [2, 5, 2],
      "to": [14, 9, 14],
      "faces": {
        "north": {"uv": [2, 7, 14, 11], "texture": "#1"},
        "east": {"uv": [2, 7, 14, 11], "texture": "#1"},
        "south": {"uv": [2, 7, 14, 11], "texture": "#1"},
        "west": {"uv": [2, 7, 14, 11], "texture": "#1"},
        "up": {"uv": [2, 2, 14, 14], "texture": "#0"},
        "down": {"uv": [2, 2, 13, 13], "texture": "#0"}
      }
    }
  ]
}