{"model":{"type":"minecraft:select","property":"minecraft:block_state","block_state_property":"moisture","cases":[{"when":"0","model":{"type":"minecraft:model","model":"minecraft:block/farmland"}},{"when":"1","model":{"type":"minecraft:model","model":"res_fixes:block/farmland/moist_1"}},{"when":"2","model":{"type":"minecraft:model","model":"res_fixes:block/farmland/moist_2"}},{"when":"3","model":{"type":"minecraft:model","model":"res_fixes:block/farmland/moist_3"}},{"when":"4","model":{"type":"minecraft:model","model":"res_fixes:block/farmland/moist_4"}},{"when":"5","model":{"type":"minecraft:model","model":"res_fixes:block/farmland/moist_5"}},{"when":"6","model":{"type":"minecraft:model","model":"res_fixes:block/farmland/moist_6"}},{"when":"7","model":{"type":"minecraft:model","model":"minecraft:block/farmland_moist"}}],"fallback":{"type":"minecraft:model","model":"minecraft:block/farmland"}}}