{"__comment":"Designed by GeForceLegend","parent":"item/display_generated","textures":{"particle":"item/compass_back","back":"item/compass_back","front":"item/compass_front","layer0":"item/compass_16"},"elements":[{"from":[5,2,7.5],"to":[11,6,8.5],"faces":{"east":{"uv":[10,13,11,14],"texture":"#front"},"south":{"uv":[5,10,11,14],"texture":"#front"},"west":{"uv":[5,13,6,14],"texture":"#front"},"up":{"uv":[5,10,11,11],"texture":"#front"},"down":{"uv":[5,13,11,14],"texture":"#front"}}},{"from":[3,3,7.5],"to":[5,7,8.5],"faces":{"east":{"uv":[4,9,5,10],"texture":"#front"},"south":{"uv":[3,9,5,13],"texture":"#front"},"west":{"uv":[3,12,4,13],"texture":"#front"},"up":{"uv":[3,9,5,10],"texture":"#front"},"down":{"uv":[3,12,5,13],"texture":"#front"}}},{"from":[11,3,7.5],"to":[13,7,8.5],"faces":{"east":{"uv":[12,12,13,13],"texture":"#front"},"south":{"uv":[11,9,13,13],"texture":"#front"},"west":{"uv":[11,9,12,10],"texture":"#front"},"up":{"uv":[11,9,13,10],"texture":"#front"},"down":{"uv":[11,12,13,13],"texture":"#front"}}},{"from":[2,4,7.5],"to":[3,8,8.5],"faces":{"east":{"uv":[2,8,3,9],"texture":"#front"},"south":{"uv":[2,8,3,12],"texture":"#front"},"west":{"uv":[2,11,3,12],"texture":"#front"},"up":{"uv":[2,8,3,9],"texture":"#front"},"down":{"uv":[2,11,3,12],"texture":"#front"}}},{"from":[13,4,7.5],"to":[14,8,8.5],"faces":{"east":{"uv":[2,11,3,12],"texture":"#front"},"south":{"uv":[2,8,3,12],"texture":"#front"},"west":{"uv":[2,8,3,9],"texture":"#front"},"up":{"uv":[2,8,3,9],"texture":"#front"},"down":{"uv":[2,11,3,12],"texture":"#front"}}},{"from":[1,5,7.5],"to":[2,11,8.5],"faces":{"east":{"uv":[1,5,2,11],"texture":"#front"},"south":{"uv":[1,5,2,11],"texture":"#front"},"west":{"uv":[1,5,2,11],"texture":"#front"},"up":{"uv":[1,5,2,6],"texture":"#front"},"down":{"uv":[1,10,2,11],"texture":"#front"}}},{"from":[14,5,7.5],"to":[15,11,8.5],"faces":{"east":{"uv":[14,5,15,11],"texture":"#front"},"south":{"uv":[14,5,15,11],"texture":"#front"},"west":{"uv":[14,5,15,11],"texture":"#front"},"up":{"uv":[14,5,15,6],"texture":"#front"},"down":{"uv":[14,10,15,11],"texture":"#front"}}},{"from":[2,10,7.5],"to":[3,12,8.5],"faces":{"east":{"uv":[2,4,3,6],"texture":"#front"},"south":{"uv":[2,4,3,6],"texture":"#front"},"west":{"uv":[2,4,3,6],"texture":"#front"},"up":{"uv":[2,4,3,5],"texture":"#front"},"down":{"uv":[2,5,3,6],"texture":"#front"}}},{"from":[13,10,7.5],"to":[14,12,8.5],"faces":{"east":{"uv":[13,4,14,6],"texture":"#front"},"south":{"uv":[13,4,14,6],"texture":"#front"},"west":{"uv":[13,4,14,6],"texture":"#front"},"up":{"uv":[13,4,14,5],"texture":"#front"},"down":{"uv":[13,5,14,6],"texture":"#front"}}},{"from":[3,11,7.5],"to":[5,13,8.5],"faces":{"east":{"uv":[4,3,5,5],"texture":"#front"},"south":{"uv":[3,3,5,5],"texture":"#front"},"west":{"uv":[3,3,4,5],"texture":"#front"},"up":{"uv":[3,3,5,4],"texture":"#front"},"down":{"uv":[3,4,5,5],"texture":"#front"}}},{"from":[11,11,7.5],"to":[13,13,8.5],"faces":{"east":{"uv":[12,3,13,5],"texture":"#front"},"south":{"uv":[11,3,13,5],"texture":"#front"},"west":{"uv":[11,3,12,5],"texture":"#front"},"up":{"uv":[11,3,13,4],"texture":"#front"},"down":{"uv":[11,4,13,5],"texture":"#front"}}},{"from":[5,12,7.5],"to":[11,14,8.5],"faces":{"east":{"uv":[10,2,11,4],"texture":"#front"},"south":{"uv":[5,2,11,4],"texture":"#front"},"west":{"uv":[5,2,6,4],"texture":"#front"},"up":{"uv":[5,2,11,3],"texture":"#front"},"down":{"uv":[5,3,11,4],"texture":"#front"}}},{"from":[1,2,7.5],"to":[15,14,8.1],"faces":{"north":{"uv":[15,2,1,14],"texture":"#back"},"south":{"uv":[1.5,2,15.5,14],"texture":"#layer0"}}}]}