{
  "format_version": "1.21.6",
  "credit": "Made with Blockbench by Minecraft_hyr",
  "textures": {
    "1": "block/bamboo_top",
    "particle": "block/bamboo_stalk",
    "all": "block/bamboo_stalk"
  },
  "elements": [
    {
      "from": [6, 0, 6],
      "to": [10, 16, 10],
      "faces": {
        "north": {"uv": [4, 0, 8, 16], "texture": "#all"},
        "east": {"uv": [4, 0, 8, 16], "texture": "#all"},
        "south": {"uv": [4, 0, 8, 16], "texture": "#all"},
        "west": {"uv": [4, 0, 8, 16], "texture": "#all"},
        "up": {"uv": [6, 6, 10, 10], "texture": "#1", "cullface": "up"},
        "down": {"uv": [6, 6, 10, 10], "texture": "#1", "cullface": "down"}
      }
    }
  ]
}