{
  "format_version": "1.21.6",
  "credit": "Made with Blockbench by Minecraft_hyr",
  "textures": {
    "1": "block/bamboo_top",
    "particle": "block/bamboo_stalk",
    "all": "block/bamboo_stalk"
  },
  "elements": [
    {
      "from": [7, 0, 7],
      "to": [9, 16, 9],
      "faces": {
        "north": {"uv": [13, 0, 15, 16], "texture": "#all"},
        "east": {"uv": [13, 0, 15, 16], "texture": "#all"},
        "south": {"uv": [13, 0, 15, 16], "texture": "#all"},
        "west": {"uv": [13, 0, 15, 16], "texture": "#all"},
        "up": {"uv": [7, 7, 9, 9], "texture": "#1", "cullface": "up"},
        "down": {"uv": [7, 7, 9, 9], "texture": "#1", "cullface": "down"}
      }
    }
  ]
}