{"display":{"head":{"rotation":[0,0,0],"scale":[1,1,1],"translation":[0,14.5,0]},"thirdperson_righthand":{"rotation":[75,45,0],"scale":[0.4,0.4,0.4],"translation":[0,2.5,2]}},"elements":[{"faces":{"down":{"texture":"#stand","uv":[7,7,9,9]},"east":{"texture":"#stand","uv":[7,2,9,16]},"north":{"texture":"#stand","uv":[7,2,9,16]},"south":{"texture":"#stand","uv":[7,2,9,16]},"up":{"texture":"#stand","uv":[7,7,9,9]},"west":{"texture":"#stand","uv":[7,2,9,16]}},"from":[7,0,7],"to":[9,14.025,9]},{"faces":{"down":{"texture":"#base","uv":[9,5,15,11]},"east":{"texture":"#base","uv":[5,14,11,16]},"north":{"texture":"#base","uv":[9,14,15,16]},"south":{"texture":"#base","uv":[9,14,15,16]},"up":{"texture":"#base","uv":[9,5,15,11]},"west":{"texture":"#base","uv":[5,14,11,16]}},"from":[9,0,5],"to":[15,2,11]},{"faces":{"down":{"texture":"#base","uv":[2,1,8,7]},"east":{"texture":"#base","uv":[1,14,7,16]},"north":{"texture":"#base","uv":[2,14,8,16]},"south":{"texture":"#base","uv":[2,14,8,16]},"up":{"texture":"#base","uv":[2,1,8,7]},"west":{"texture":"#base","uv":[1,14,7,16]}},"from":[2,0,1],"to":[8,2,7]},{"faces":{"down":{"texture":"#base","uv":[2,9,8,15]},"east":{"texture":"#base","uv":[9,14,15,16]},"north":{"texture":"#base","uv":[2,14,8,16]},"south":{"texture":"#base","uv":[2,14,8,16]},"up":{"texture":"#base","uv":[2,9,8,15]},"west":{"texture":"#base","uv":[9,14,15,16]}},"from":[2,0,9],"to":[8,2,15]},{"faces":{"north":{"texture":"#stand","uv":[16,0,8,16]},"south":{"texture":"#stand","uv":[8,0,16,16]}},"from":[8,0,8],"to":[16,16,8]},{"faces":{"north":{"texture":"#stand","uv":[8,0,16,16]},"south":{"texture":"#stand","uv":[16,0,8,16]}},"from":[0,0,8],"rotation":{"angle":-45,"axis":"y","origin":[8,8,8]},"to":[8,16,8]},{"faces":{"north":{"texture":"#stand","uv":[8,0,16,16]},"south":{"texture":"#stand","uv":[16,0,8,16]}},"from":[0,0,8],"rotation":{"angle":45,"axis":"y","origin":[8,8,8]},"to":[8,16,8]}],"parent":"block/block","textures":{"base":"block/brewing_stand_base","stand":"block/brewing_stand"}}