{"parent":"minecraft:block/soul_lantern",
"display": {
  "thirdperson_righthand": {
    "rotation": [75, 45, 0],
    "translation": [0, -1.3, -1],
    "scale": [0.75, 0.75, 0.75]
  },
  "firstperson_righthand": {
    "rotation": [0, 45, 0],
    "translation": [0, 3, 0],
    "scale": [0.4, 0.4, 0.4]
  },
  "firstperson_lefthand": {
    "rotation": [0, 225, 0],
    "translation": [0, 3, 0],
    "scale": [0.4, 0.4, 0.4]
  },
  "ground": {
    "translation": [0, 1.5, 0],
    "scale": [0.5, 0.5, 0.5]
  },
  "gui": {
    "rotation": [30, 225, 0],
    "translation": [0, 1.5, 0],
    "scale": [0.9, 0.9, 0.9]
  },
  "head": {
    "translation": [0, 14.5, 0]
  },
  "fixed": {
    "scale": [0.75, 0.75, 0.75]
  }
}}