{"credit":"Made with Blockbench by Minecraft_hyr","parent":"block/block","ambientocclusion":false,"textures":{"particle":"block/cobblestone","base":"block/cobblestone","lever":"block/lever"},"elements":[{"from":[5,0,4],"to":[11,3,12],"faces":{"north":{"uv":[5,0,11,3],"rotation":180,"texture":"#base"},"east":{"uv":[13,4,16,12],"rotation":270,"texture":"#base"},"south":{"uv":[5,13,11,16],"texture":"#base"},"west":{"uv":[0,4,3,12],"rotation":270,"texture":"#base"},"up":{"uv":[5,4,11,12],"texture":"#base"},"down":{"uv":[5,4,11,12],"texture":"#base","cullface":"down"}}},{"from":[7,2.8,7],"to":[9,11,9],"rotation":{"angle":-45,"axis":"x","origin":[8,1,8]},"faces":{"north":{"uv":[7,6,9,13.2],"texture":"#lever"},"east":{"uv":[7,6,9,13.2],"texture":"#lever"},"south":{"uv":[7,6,9,13.2],"texture":"#lever"},"west":{"uv":[7,6,9,13.2],"texture":"#lever"},"up":{"uv":[7,6,9,8],"texture":"#lever"}}}]}