{
	"credit": "Made with Blockbench",
	"parent": "block/block",
	"textures": {
		"particle": "#texture"
	},
	"elements": [
		{
			"name": "Left post",
			"from": [6, 0, -2],
			"to": [10, 16, 2],
			"faces": {
				"north": {"uv": [0, 0, 4, 16], "texture": "#texture"},
				"east": {"uv": [0, 0, 4, 16], "texture": "#texture"},
				"south": {"uv": [0, 0, 4, 16], "texture": "#texture"},
				"west": {"uv": [0, 0, 4, 16], "texture": "#texture"},
				"up": {"uv": [4, 0, 8, 4], "texture": "#texture"},
				"down": {"uv": [4, 0, 8, 4], "texture": "#texture", "cullface": "down"}
			}
		},
		{
			"name": "Right post",
			"from": [6, 0, 14],
			"to": [10, 16, 18],
			"faces": {
				"north": {"uv": [0, 0, 4, 16], "texture": "#texture"},
				"east": {"uv": [0, 0, 4, 16], "texture": "#texture"},
				"south": {"uv": [0, 0, 4, 16], "texture": "#texture"},
				"west": {"uv": [0, 0, 4, 16], "texture": "#texture"},
				"up": {"uv": [4, 0, 8, 4], "texture": "#texture"},
				"down": {"uv": [4, 0, 8, 4], "texture": "#texture", "cullface": "down"}
			}
		},
		{
			"name": "Top left bar",
			"from": [7, 12, 2],
			"to": [9, 15, 8],
			"faces": {
				"east": {"uv": [4, 4, 10, 7], "texture": "#texture"},
				"west": {"uv": [10, 4, 4, 7], "texture": "#texture"},
				"up": {"uv": [13, 10, 15, 16], "texture": "#texture"},
				"down": {"uv": [13, 16, 15, 10], "texture": "#texture"}
			}
		},
		{
			"name": "Lower left bar",
			"from": [7, 6, 2],
			"to": [9, 9, 8],
			"faces": {
				"east": {"uv": [4, 4, 10, 7], "texture": "#texture"},
				"west": {"uv": [10, 4, 4, 7], "texture": "#texture"},
				"up": {"uv": [13, 10, 15, 16], "texture": "#texture"},
				"down": {"uv": [13, 16, 15, 10], "texture": "#texture"}
			}
		},
		{
			"name": "Lower right bar",
			"from": [7, 6, 8],
			"to": [9, 9, 14],
			"faces": {
				"east": {"uv": [10, 4, 4, 7], "texture": "#texture"},
				"west": {"uv": [4, 4, 10, 7], "texture": "#texture"},
				"up": {"uv": [13, 16, 15, 10], "texture": "#texture"},
				"down": {"uv": [13, 10, 15, 16], "texture": "#texture"}
			}
		},
		{
			"name": "Top right bar",
			"from": [7, 12, 8],
			"to": [9, 15, 14],
			"faces": {
				"east": {"uv": [10, 4, 4, 7], "texture": "#texture"},
				"west": {"uv": [4, 4, 10, 7], "texture": "#texture"},
				"up": {"uv": [13, 16, 15, 10], "texture": "#texture"},
				"down": {"uv": [13, 10, 15, 16], "texture": "#texture"}
			}
		}
	],
	"display": {
		"gui": {
			"rotation": [30, 135, 0],
			"scale": [0.625, 0.625, 0.625]
		},
		"fixed": {
			"rotation": [0, 90, 0],
			"scale": [0.5, 0.5, 0.5]
		}
	}
}