{"elements":[{"faces":{"north":{"texture":"#back","uv":[1,1,15,15]},"south":{"cullface":"south","texture":"#back","uv":[1,1,15,15]}},"from":[1,1,15],"to":[15,15,16]},{"faces":{"down":{"cullface":"down","texture":"#wood","uv":[0,0,16,1]},"north":{"texture":"#wood","uv":[0,15,16,16]},"south":{"cullface":"south","texture":"#wood","uv":[0,15,16,16]}},"from":[0,0,15],"to":[16,1,16]},{"faces":{"north":{"texture":"#wood","uv":[15,0,16,16]},"south":{"cullface":"south","texture":"#wood","uv":[0,0,1,16]},"west":{"cullface":"west","texture":"#wood","uv":[15,0,16,16]}},"from":[0,0,15],"to":[1,16,16]},{"faces":{"north":{"texture":"#wood","uv":[0,0,16,1]},"south":{"cullface":"south","texture":"#wood","uv":[0,0,16,1]},"up":{"cullface":"up","texture":"#wood","uv":[0,15,16,16]}},"from":[0,15,15],"to":[16,16,16]},{"faces":{"east":{"cullface":"east","texture":"#wood","uv":[0,0,1,16]},"north":{"texture":"#wood","uv":[0,0,1,16]},"south":{"cullface":"south","texture":"#wood","uv":[15,0,16,16]}},"from":[15,0,15],"to":[16,16,16]}]}