{
	"credit": "Made with Blockbench",
	"textures": {
		"particle": "#texture"
	},
	"elements": [
		{
			"name": "Lower horizontal bar of left-hand gate door",
			"from": [2, 3, 7],
			"to": [14, 6, 9],
			"faces": {
				"north": {"uv": [2, 9, 14, 12], "texture": "#texture"},
				"south": {"uv": [2, 9, 14, 12], "texture": "#texture"},
				"up": {"uv": [2, 1, 14, 3], "texture": "#texture"},
				"down": {"uv": [2, 14, 14, 12], "texture": "#texture"}
			}
		},
		{
			"name": "Inner vertical post",
			"from": [6, 6, 7],
			"to": [10, 9, 9],
			"faces": {
				"north": {"uv": [6, 6, 10, 9], "texture": "#texture"},
				"east": {"uv": [6, 6, 8, 9], "texture": "#texture"},
				"south": {"uv": [6, 6, 10, 9], "texture": "#texture"},
				"west": {"uv": [8, 6, 10, 9], "texture": "#texture"}
			}
		},
		{
			"name": "Right-hand post",
			"from": [14, 2, 7],
			"to": [16, 13, 9],
			"faces": {
				"north": {"uv": [0, 2, 2, 13], "texture": "#texture"},
				"east": {"uv": [0, 2, 2, 13], "texture": "#texture", "cullface": "east"},
				"south": {"uv": [0, 2, 2, 13], "texture": "#texture"},
				"west": {"uv": [0, 2, 2, 13], "texture": "#texture"},
				"up": {"uv": [0, 0, 2, 2], "texture": "#texture"},
				"down": {"uv": [2, 13, 0, 15], "texture": "#texture"}
			}
		},
		{
			"name": "Left-hand post",
			"from": [0, 2, 7],
			"to": [2, 13, 9],
			"faces": {
				"north": {"uv": [14, 2, 16, 13], "texture": "#texture"},
				"east": {"uv": [14, 2, 16, 13], "texture": "#texture"},
				"south": {"uv": [14, 2, 16, 13], "texture": "#texture"},
				"west": {"uv": [14, 2, 16, 13], "texture": "#texture", "cullface": "west"},
				"up": {"uv": [14, 0, 16, 2], "texture": "#texture"},
				"down": {"uv": [16, 13, 14, 15], "texture": "#texture"}
			}
		},
		{
			"name": "Upper horizontal bar of left-hand gate door",
			"from": [2, 9, 7],
			"to": [14, 12, 9],
			"faces": {
				"north": {"uv": [2, 3, 14, 6], "texture": "#texture"},
				"south": {"uv": [2, 3, 14, 6], "texture": "#texture"},
				"up": {"uv": [2, 1, 14, 3], "texture": "#texture"},
				"down": {"uv": [2, 14, 14, 12], "texture": "#texture"}
			}
		}
	]
}