{"ambientocclusion":false,"credit":"Made with Blockbench by Minecraft_hyr","elements":[{"faces":{"down":{"cullface":"down","texture":"#ladder","uv":[12,14,14,16]},"east":{"texture":"#ladder","uv":[12,0,14,16]},"north":{"cullface":"north","texture":"#ladder","uv":[14,0,12,16]},"south":{"texture":"#ladder","uv":[12,0,14,16]},"up":{"cullface":"up","texture":"#ladder","uv":[12,0,14,2]},"west":{"texture":"#ladder","uv":[12,0,14,16]}},"from":[12,0,0],"to":[14,16,2]},{"faces":{"down":{"cullface":"down","texture":"#ladder","uv":[2,14,4,16]},"east":{"texture":"#ladder","uv":[2,0,4,16]},"north":{"cullface":"north","texture":"#ladder","uv":[4,0,2,16]},"south":{"texture":"#ladder","uv":[2,0,4,16]},"up":{"cullface":"up","texture":"#ladder","uv":[2,0,4,2]},"west":{"texture":"#ladder","uv":[2,0,4,16]}},"from":[2,0,0],"to":[4,16,2]},{"faces":{"down":{"texture":"#ladder","uv":[1,1,15,3]},"east":{"texture":"#ladder","uv":[13,1,15,3]},"north":{"texture":"#ladder","uv":[15,1,1,3]},"south":{"texture":"#ladder","uv":[1,1,15,3]},"up":{"rotation":180,"texture":"#ladder","uv":[15,1,1,3]},"west":{"texture":"#ladder","uv":[1,1,3,3]}},"from":[1,13,1],"to":[15,15,3]},{"faces":{"down":{"texture":"#ladder","uv":[1,5,15,7]},"east":{"texture":"#ladder","uv":[13,5,15,7]},"north":{"texture":"#ladder","uv":[15,5,1,7]},"south":{"texture":"#ladder","uv":[1,5,15,7]},"up":{"rotation":180,"texture":"#ladder","uv":[15,5,1,7]},"west":{"texture":"#ladder","uv":[1,5,3,7]}},"from":[1,9,1],"to":[15,11,3]},{"faces":{"down":{"texture":"#ladder","uv":[1,9,15,11]},"east":{"texture":"#ladder","uv":[13,9,15,11]},"north":{"texture":"#ladder","uv":[15,9,1,11]},"south":{"texture":"#ladder","uv":[1,9,15,11]},"up":{"rotation":180,"texture":"#ladder","uv":[15,9,1,11]},"west":{"texture":"#ladder","uv":[1,9,3,11]}},"from":[1,5,1],"to":[15,7,3]},{"faces":{"down":{"texture":"#ladder","uv":[1,13,15,15]},"east":{"texture":"#ladder","uv":[13,13,15,15]},"north":{"texture":"#ladder","uv":[15,13,1,15]},"south":{"texture":"#ladder","uv":[1,13,15,15]},"up":{"rotation":180,"texture":"#ladder","uv":[15,13,1,15]},"west":{"texture":"#ladder","uv":[1,13,3,15]}},"from":[1,1,1],"to":[15,3,3]}],"textures":{"ladder":"block/ladder","particle":"block/ladder"}}