{
  "credit": "Made with Blockbench by Minecraft_hyr",
  "ambientocclusion": false,
  "textures": {
    "particle": "#cross"
  },
  "elements": [
    {
      "from": [0.3, 0, 8],
      "to": [14.7, 16, 8],
      "shade": false,
      "rotation": {"angle": 45, "axis": "y", "origin": [8, 8, 8], "rescale": true},
      "faces": {
        "north": {"uv": [0, 0, 16, 16], "texture": "#cross"}
      }
    },
    {
      "from": [6, 0, 0.3],
      "to": [6, 16, 14.7],
      "shade": false,
      "rotation": {"angle": 45, "axis": "y", "origin": [6, 8, 6], "rescale": true},
      "faces": {
        "east": {"uv": [0, 0, 16, 16], "texture": "#cross"}
      }
    },
    {
      "from": [1.3, 0, 8],
      "to": [15.7, 16, 8],
      "shade": false,
      "rotation": {"angle": 45, "axis": "y", "origin": [8, 8, 8], "rescale": true},
      "faces": {
        "south": {"uv": [0, 0, 16, 16], "texture": "#cross"}
      }
    },
    {
      "from": [8, 0, 1.3],
      "to": [8, 16, 15.7],
      "shade": false,
      "rotation": {"angle": 45, "axis": "y", "origin": [8, 8, 8], "rescale": true},
      "faces": {
        "west": {"uv": [0, 0, 16, 16], "texture": "#cross"}
      }
    }
  ]
}