{
  "credit": "Made with Blockbench by Minecraft_hyr",
  "ambientocclusion": false,
  "textures": {
    "particle": "#torch"
  },
  "elements": [
    {
      "from": [-1, 3.5, 7],
      "to": [1, 13.5, 9],
      "rotation": {"angle": -22.5, "axis": "z", "origin": [0, 3.5, 8]},
      "faces": {
        "north": {"uv": [7, 6, 9, 16], "texture": "#torch"},
        "east": {"uv": [7, 6, 9, 16], "texture": "#torch"},
        "south": {"uv": [7, 6, 9, 16], "texture": "#torch"},
        "west": {"uv": [7, 6, 9, 16], "texture": "#torch"},
        "up": {"uv": [7, 0, 9, 2], "texture": "#torch"},
        "down": {"uv": [7, 13, 9, 15], "texture": "#torch"}
      }
    }
  ]
}