{"parent":"res_fixes:block/shadeless/cube_all","elements":[{"from":[0,0,0],"to":[16,16,16],"shade":false,"faces":{"north":{"uv":[0,0,16,16],"texture":"#all","cullface":"north"},"east":{"uv":[0,0,16,16],"texture":"#all","cullface":"east"},"south":{"uv":[0,0,16,16],"texture":"#all","cullface":"south"},"west":{"uv":[0,0,16,16],"texture":"#all","cullface":"west"},"up":{"uv":[0,0,16,16],"texture":"#all","cullface":"up"},"down":{"uv":[0,0,16,16],"texture":"#all","cullface":"down"}}},{"from":[15.998,0.002,0.002],"to":[0.002,15.998,15.998],"shade":false,"faces":{"north":{"uv":[16,0,0,16],"texture":"#all","cullface":"south"},"east":{"uv":[16,0,0,16],"texture":"#all","cullface":"west"},"south":{"uv":[16,0,0,16],"texture":"#all","cullface":"north"},"west":{"uv":[16,0,0,16],"texture":"#all","cullface":"east"},"up":{"uv":[16,0,0,16],"texture":"#all","cullface":"up"},"down":{"uv":[16,0,0,16],"texture":"#all","cullface":"down"}}}]}