{
  "format_version": "1.21.6",
  "credit": "Made with Blockbench by Minecraft_hyr",
  "parent": "item/template_skull",
  "display": {
    "thirdperson_righthand": {
      "rotation": [0, -180, 0],
      "translation": [0, -1, 2],
      "scale": [0.5, 0.5, 0.5]
    },
    "firstperson_righthand": {
      "rotation": [0, -180, 0],
      "translation": [0, 2, 0],
      "scale": [0.625, 0.625, 0.625]
    },
    "gui": {
      "rotation": [30, 45, 0],
      "translation": [-2.5, 2, 0],
      "scale": [0.6, 0.6, 0.6]
    }
  }
}