{
	"__comment":"Designed by GeForceLegend",
	"textures":{
		"particle":"block/iron_bars",
		"layer0":"block/iron_bars"
	},
	"elements":[
		{
			"from":[0,0,7],
			"to":[16,1,9],
			"faces":{
				"north":{"uv":[3,16,4,0],"rotation":90,"texture":"#layer0"},
				"east":{"uv":[2,0,4,1],"texture":"#layer0"},
				"south":{"uv":[2,0,3,16],"rotation":90,"texture":"#layer0"},
				"west":{"uv":[4,15,2,16],"texture":"#layer0"},
				"up":{"uv":[4,0,2,16],"rotation":90,"texture":"#layer0"},
				"down":{"uv":[2,0,4,16],"rotation":90,"texture":"#layer0"}
			}
		},
		{
			"from":[0,15,7],
			"to":[16,16,9],
			"faces":{
				"north":{"uv":[3,0,4,16],"rotation":90,"texture":"#layer0"},
				"east":{"uv":[2,15,4,16],"texture":"#layer0"},
				"south":{"uv":[2,16,3,0],"rotation":90,"texture":"#layer0"},
				"west":{"uv":[4,0,2,1],"texture":"#layer0"},
				"up":{"uv":[4,16,2,0],"rotation":90,"texture":"#layer0"},
				"down":{"uv":[2,16,4,0],"rotation":90,"texture":"#layer0"}
			}
		},
		{
			"from":[2,1,7.5],
			"to":[4,15,8.5],
			"faces":{
				"north":{"uv":[4,1,2,15],"texture":"#layer0"},
				"east":{"uv":[4,1,3,15],"texture":"#layer0"},
				"south":{"uv":[2,1,4,15],"texture":"#layer0"},
				"west":{"uv":[3,1,2,15],"texture":"#layer0"}
			}
		},
		{
			"from":[7,1,7.5],
			"to":[9,15,8.5],
			"faces":{
				"north":{"uv":[9,1,7,15],"texture":"#layer0"},
				"east":{"uv":[9,1,8,15],"texture":"#layer0"},
				"south":{"uv":[7,1,9,15],"texture":"#layer0"},
				"west":{"uv":[8,1,7,15],"texture":"#layer0"}
			}
		},
		{
			"from":[12,1,7.5],
			"to":[14,15,8.5],
			"faces":{
				"north":{"uv":[14,1,12,15],"texture":"#layer0"},
				"east":{"uv":[14,1,13,15],"texture":"#layer0"},
				"south":{"uv":[12,1,14,15],"texture":"#layer0"},
				"west":{"uv":[13,1,12,15],"texture":"#layer0"}
			}
		},
		{
			"from":[14,7,7.5],
			"to":[16,9,8.5],
			"faces":{
				"north":{"uv":[16,7,14,9],"texture":"#layer0"},
				"south":{"uv":[14,7,16,9],"texture":"#layer0"},
				"up":{"uv":[14,8,16,7],"texture":"#layer0"},
				"down":{"uv":[14,9,16,8],"texture":"#layer0"}
			}
		},
		{
			"from":[9,2,7.5],
			"to":[12,4,8.5],
			"faces":{
				"north":{"uv":[12,12,9,14],"texture":"#layer0"},
				"south":{"uv":[9,12,12,14],"texture":"#layer0"},
				"up":{"uv":[9,13,12,12],"texture":"#layer0"},
				"down":{"uv":[9,14,12,13],"texture":"#layer0"}
			}
		},
		{
			"from":[4,12,7.5],
			"to":[7,14,8.5],
			"faces":{
				"north":{"uv":[7,2,4,4],"texture":"#layer0"},
				"south":{"uv":[4,2,7,4],"texture":"#layer0"},
				"up":{"uv":[4,3,7,2],"texture":"#layer0"},
				"down":{"uv":[4,4,7,3],"texture":"#layer0"}
			}
		},
		{
			"from":[0,7,7.5],
			"to":[2,9,8.5],
			"faces":{
				"north":{"uv":[2,7,0,9],"texture":"#layer0"},
				"south":{"uv":[0,7,2,9],"texture":"#layer0"},
				"up":{"uv":[0,8,2,7],"texture":"#layer0"},
				"down":{"uv":[0,9,2,8],"texture":"#layer0"}
			}
		},
		{
			"from":[0,1,7],
			"to":[1,15,9],
			"faces":{
				"north":{"uv":[4,1,3,15],"texture":"#layer0"},
				"east":{"uv":[2,1,4,15],"texture":"#layer0"},
				"south":{"uv":[3,1,2,15],"texture":"#layer0"},
				"west":{"uv":[4,1,2,15],"texture":"#layer0"}
			}
		},
		{
			"from":[15,1,7],
			"to":[16,15,9],
			"faces":{
				"north":{"uv":[14,1,13,15],"texture":"#layer0"},
				"east":{"uv":[12,1,14,15],"texture":"#layer0"},
				"south":{"uv":[13,1,12,15],"texture":"#layer0"},
				"west":{"uv":[14,1,12,15],"texture":"#layer0"}
			}
		}
	],
	"display":{
		"thirdperson_righthand":{
			"translation":[0,3,1],
			"scale":[0.55,0.55,0.55]
		},
		"firstperson_righthand":{
			"rotation":[0,-90,25],
			"translation":[1.13,3.2,1.13],
			"scale":[0.68,0.68,0.68]
		},
		"ground":{
			"translation":[0,2,0],
			"scale":[0.5,0.5,0.5]
		},
		"gui":{
			"rotation":[30,45,0],
			"scale":[0.75,0.75,0.75]
		},
		"head":{
			"rotation":[0,180,0],
			"translation":[0,13,7]
		},
		"fixed":{
			"rotation":[0,180,0]
		}
	}
}