{
  "credit": "Made with Blockbench by Minecraft_hyr",
  "parent": "res_fixes:block/iron_bars/parent",
  "elements": [
    {
      "from": [7, 0, 7],
      "to": [9, 16, 9],
      "faces": {
        "north": {"uv": [7, 0, 9, 16], "texture": "#texture"},
        "east": {"uv": [7, 0, 9, 16], "texture": "#texture"},
        "south": {"uv": [7, 0, 9, 16], "texture": "#texture"},
        "west": {"uv": [7, 0, 9, 16], "texture": "#texture"},
        "up": {"uv": [7, 0, 9, 2], "rotation": 270, "texture": "#texture", "cullface": "up"},
        "down": {"uv": [7, 14, 9, 16], "rotation": 90, "texture": "#texture", "cullface": "down"}
      }
    },
    {
      "from": [2, 0, 7],
      "to": [4, 16, 9],
      "faces": {
        "north": {"uv": [4, 0, 2, 16], "texture": "#texture"},
        "east": {"uv": [2, 0, 4, 16], "texture": "#texture"},
        "south": {"uv": [2, 0, 4, 16], "texture": "#texture"},
        "west": {"uv": [2, 0, 4, 16], "texture": "#texture"},
        "up": {"uv": [2, 0, 4, 2], "texture": "#texture"},
        "down": {"uv": [2, 14, 4, 16], "texture": "#texture"}
      }
    },
    {
      "from": [0, 7, 7],
      "to": [2, 9, 9],
      "faces": {
        "north": {"uv": [2, 7, 0, 9], "texture": "#texture"},
        "south": {"uv": [0, 7, 2, 9], "texture": "#texture"},
        "west": {"uv": [0, 7, 2, 9], "texture": "#texture", "cullface": "north"},
        "up": {"uv": [0, 7, 2, 9], "texture": "#texture"},
        "down": {"uv": [0, 7, 2, 9], "texture": "#texture"}
      }
    },
    {
      "from": [4, 12, 7],
      "to": [7, 14, 9],
      "faces": {
        "north": {"uv": [4, 2, 7, 4], "texture": "#texture"},
        "south": {"uv": [4, 2, 7, 4], "texture": "#texture"},
        "up": {"uv": [4, 2, 7, 4], "texture": "#texture"},
        "down": {"uv": [4, 2, 7, 4], "texture": "#texture"}
      }
    },
    {
      "from": [0, 0, 7],
      "to": [7, 1, 9],
      "faces": {
        "north": {"uv": [7, 15, 0, 16], "texture": "#texture", "cullface": "down"},
        "south": {"uv": [0, 15, 7, 16], "texture": "#texture", "cullface": "down"},
        "west": {"uv": [0, 15, 2, 16], "texture": "#texture", "cullface": "down"},
        "up": {"uv": [0, 14, 7, 16], "texture": "#texture", "cullface": "down"},
        "down": {"uv": [0, 14, 7, 16], "texture": "#texture", "cullface": "down"}
      }
    },
    {
      "from": [0, 0, 7],
      "to": [1, 16, 9],
      "faces": {
        "north": {"uv": [0, 0, 1, 16], "texture": "#texture", "cullface": "north"},
        "east": {"uv": [0, 0, 2, 16], "texture": "#texture", "cullface": "north"},
        "south": {"uv": [0, 0, 1, 16], "texture": "#texture", "cullface": "north"},
        "west": {"uv": [0, 0, 2, 16], "texture": "#texture", "cullface": "north"},
        "up": {"uv": [0, 0, 1, 2], "texture": "#texture", "cullface": "north"},
        "down": {"uv": [0, 14, 1, 16], "texture": "#texture", "cullface": "north"}
      }
    },
    {
      "from": [0, 15, 7],
      "to": [7, 16, 9],
      "faces": {
        "north": {"uv": [7, 0, 0, 1], "texture": "#texture", "cullface": "up"},
        "south": {"uv": [0, 0, 7, 1], "texture": "#texture", "cullface": "up"},
        "west": {"uv": [0, 0, 2, 1], "texture": "#texture", "cullface": "up"},
        "up": {"uv": [0, 0, 7, 2], "texture": "#texture", "cullface": "up"},
        "down": {"uv": [0, 0, 7, 2], "texture": "#texture", "cullface": "up"}
      }
    },
    {
      "from": [12, 0, 7],
      "to": [14, 16, 9],
      "faces": {
        "north": {"uv": [14, 0, 12, 16], "texture": "#texture"},
        "east": {"uv": [12, 0, 14, 16], "texture": "#texture"},
        "south": {"uv": [12, 0, 14, 16], "texture": "#texture"},
        "west": {"uv": [12, 0, 14, 16], "texture": "#texture"},
        "up": {"uv": [12, 0, 14, 2], "texture": "#texture"},
        "down": {"uv": [12, 16, 14, 14], "texture": "#texture"}
      }
    },
    {
      "from": [9, 2, 7],
      "to": [12, 4, 9],
      "faces": {
        "north": {"uv": [9, 12, 12, 14], "texture": "#texture"},
        "south": {"uv": [9, 12, 12, 14], "texture": "#texture"},
        "up": {"uv": [9, 12, 12, 14], "texture": "#texture"},
        "down": {"uv": [9, 12, 12, 14], "texture": "#texture"}
      }
    },
    {
      "from": [14, 7, 7],
      "to": [16, 9, 9],
      "faces": {
        "north": {"uv": [16, 7, 14, 9], "texture": "#texture"},
        "east": {"uv": [14, 7, 16, 9], "texture": "#texture", "cullface": "south"},
        "south": {"uv": [14, 7, 16, 9], "texture": "#texture"},
        "up": {"uv": [14, 7, 16, 9], "texture": "#texture"},
        "down": {"uv": [14, 7, 16, 9], "texture": "#texture"}
      }
    },
    {
      "from": [9, 0, 7],
      "to": [16, 1, 9],
      "faces": {
        "north": {"uv": [16, 15, 9, 16], "texture": "#texture", "cullface": "down"},
        "east": {"uv": [14, 15, 16, 16], "texture": "#texture", "cullface": "down"},
        "south": {"uv": [9, 15, 16, 16], "texture": "#texture", "cullface": "down"},
        "up": {"uv": [9, 14, 16, 16], "rotation": 180, "texture": "#texture", "cullface": "down"},
        "down": {"uv": [16, 14, 9, 16], "rotation": 180, "texture": "#texture", "cullface": "down"}
      }
    },
    {
      "from": [15, 0, 7],
      "to": [16, 16, 9],
      "faces": {
        "north": {"uv": [15, 0, 16, 16], "texture": "#texture", "cullface": "south"},
        "east": {"uv": [14, 0, 16, 16], "texture": "#texture", "cullface": "south"},
        "south": {"uv": [15, 0, 16, 16], "texture": "#texture", "cullface": "south"},
        "west": {"uv": [14, 0, 16, 16], "texture": "#texture", "cullface": "south"},
        "up": {"uv": [15, 0, 16, 2], "rotation": 180, "texture": "#texture", "cullface": "south"},
        "down": {"uv": [15, 14, 16, 16], "rotation": 180, "texture": "#texture", "cullface": "south"}
      }
    },
    {
      "from": [9, 15, 7],
      "to": [16, 16, 9],
      "faces": {
        "north": {"uv": [16, 0, 9, 1], "texture": "#texture", "cullface": "up"},
        "east": {"uv": [14, 0, 16, 1], "texture": "#texture", "cullface": "up"},
        "south": {"uv": [9, 0, 16, 1], "texture": "#texture", "cullface": "up"},
        "up": {"uv": [16, 0, 9, 2], "rotation": 180, "texture": "#texture", "cullface": "up"},
        "down": {"uv": [9, 0, 16, 2], "rotation": 180, "texture": "#texture", "cullface": "up"}
      }
    }
  ],
  "display": {
    "thirdperson_righthand": {
      "translation": [0, 3, 1],
      "scale": [0.55, 0.55, 0.55]
    },
    "firstperson_righthand": {
      "rotation": [0, -90, 25],
      "translation": [1.13, 3.2, 1.13],
      "scale": [0.68, 0.68, 0.68]
    },
    "ground": {
      "translation": [0, 2, 0],
      "scale": [0.5, 0.5, 0.5]
    },
    "gui": {
      "rotation": [30, 45, 0],
      "scale": [0.75, 0.75, 0.75]
    },
    "head": {
      "rotation": [0, 180, 0],
      "translation": [0, 13, 7]
    },
    "fixed": {
      "rotation": [0, 180, 0]
    }
  },
  "groups": [
    0,
    {
      "name": "group",
      "origin": [0, 0, 0],
      "color": 0,
      "children": [1, 2, 3]
    },
    {
      "name": "group",
      "origin": [0, 7, 0],
      "color": 0,
      "children": [4, 5, 6]
    },
    {
      "name": "group",
      "origin": [0, 0, 0],
      "color": 0,
      "children": [7, 8, 9]
    },
    {
      "name": "group",
      "origin": [8, 8, 8],
      "color": 0,
      "children": [10, 11, 12]
    }
  ]
}