{
	"__comment":"Designed by GeForceLegend",
	"parent":"item/template_torch",
	"textures":{
		"torch":"block/redstone_torch"
	},
	"elements":[
		{
			"from":[7,7,7],
			"to":[9,10,9],
			"light_emission":7,
			"faces":{
				"north":{"uv":[7,6,9,9],"texture":"#torch"},
				"east":{"uv":[7,6,9,9],"texture":"#torch"},
				"south":{"uv":[7,6,9,9],"texture":"#torch"},
				"west":{"uv":[7,6,9,9],"texture":"#torch"},
				"up":{"uv":[7,6,9,8],"texture":"#torch"}
			}
		},
		{
			"from":[7,0,7],
			"to":[9,7,9],
			"faces":{
				"north":{"uv":[7,9,9,16],"texture":"#torch"},
				"east":{"uv":[7,9,9,16],"texture":"#torch"},
				"south":{"uv":[7,9,9,16],"texture":"#torch"},
				"west":{"uv":[7,9,9,16],"texture":"#torch"},
				"down":{"uv":[7,14,9,16],"texture":"#torch"}
			}
		},
		{
			"from":[6.5,10.5,6.5],
			"to":[9.5,7.5,9.5],
			"light_emission":7,
			"faces":{
				"north":{"uv":[6,6,7,7],"texture":"#torch"},
				"east":{"uv":[6,6,7,7],"texture":"#torch"},
				"south":{"uv":[6,6,7,7],"texture":"#torch"},
				"west":{"uv":[6,6,7,7],"texture":"#torch"},
				"up":{"uv":[6,6,7,7],"texture":"#torch"},
				"down":{"uv":[6,6,7,7],"texture":"#torch"}
			}
		}
	]
}