{"ambientocclusion":false,"elements":[{"faces":{"down":{"cullface":"down","texture":"#slab","uv":[0,0,16,16]},"east":{"cullface":"east","texture":"#slab","uv":[0,14,16,16]},"north":{"cullface":"north","texture":"#slab","uv":[0,14,16,16]},"south":{"cullface":"south","texture":"#slab","uv":[0,14,16,16]},"up":{"texture":"#top","uv":[0,0,16,16]},"west":{"cullface":"west","texture":"#slab","uv":[0,14,16,16]}},"from":[0,0,0],"to":[16,2,16]},{"faces":{"east":{"texture":"#unlit","uv":[7,6,9,11]},"north":{"texture":"#unlit","uv":[7,6,9,11]},"south":{"texture":"#unlit","uv":[7,6,9,11]},"up":{"texture":"#unlit","uv":[7,6,9,8]},"west":{"texture":"#unlit","uv":[7,6,9,11]}},"from":[4,2,11],"shade":false,"to":[6,7,13]},{"faces":{"east":{"texture":"#unlit","uv":[7,6,9,11]},"north":{"texture":"#unlit","uv":[7,6,9,11]},"south":{"texture":"#unlit","uv":[7,6,9,11]},"up":{"texture":"#unlit","uv":[7,6,9,8]},"west":{"texture":"#unlit","uv":[7,6,9,11]}},"from":[10,2,11],"shade":false,"to":[12,7,13]},{
  "from": [9, 5, 1],
  "to": [9, 8, 5],
  "shade": false,
  "faces": {
    "east": {"uv": [6, 5, 10, 8], "texture": "#lit"},
    "west": {"uv": [6, 5, 10, 8], "texture": "#lit"}
  }
},
{
  "from": [6, 5, 2],
  "to": [10, 8, 2],
  "shade": false,
  "faces": {
    "north": {"uv": [6, 5, 10, 8], "texture": "#lit"},
    "south": {"uv": [6, 5, 10, 8], "texture": "#lit"}
  }
},
{
  "from": [7, 5, 1],
  "to": [7, 8, 5],
  "shade": false,
  "faces": {
    "east": {"uv": [6, 5, 10, 8], "texture": "#lit"},
    "west": {"uv": [6, 5, 10, 8], "texture": "#lit"}
  }
},
{
  "from": [6, 5, 4],
  "to": [10, 8, 4],
  "shade": false,
  "faces": {
    "north": {"uv": [6, 5, 10, 8], "texture": "#lit"},
    "south": {"uv": [6, 5, 10, 8], "texture": "#lit"}
  }
},
{
  "from": [7, 2, 2],
  "to": [9, 7, 4],
  "shade": false,
  "faces": {
    "north": {"uv": [7, 6, 9, 11], "texture": "#lit"},
    "east": {"uv": [7, 6, 9, 11], "texture": "#lit"},
    "south": {"uv": [7, 6, 9, 11], "texture": "#lit"},
    "west": {"uv": [7, 6, 9, 11], "texture": "#lit"},
    "up": {"uv": [7, 6, 9, 8], "texture": "#lit"}
  }
}],"textures":{"lit":"block/redstone_torch","particle":"block/comparator","slab":"block/smooth_stone","top":"block/comparator","unlit":"block/redstone_torch_off"}}