{
	"credit": "Created by GrandMagus",
	"parent": "block/cube_bottom_top",
	"textures": {
		"top": "block/barrel_top_open",
		"side": "block/barrel_side",
		"bottom": "block/barrel_bottom"
	},
	"elements": [
		{
			"from": [0, 1, 0],
			"to": [16, 15, 16],
			"faces": {
				"north": {"uv": [0, 1, 16, 15], "texture": "#side", "cullface": "north"},
				"east": {"uv": [0, 1, 16, 15], "texture": "#side", "cullface": "east"},
				"south": {"uv": [0, 1, 16, 15], "texture": "#side", "cullface": "south"},
				"west": {"uv": [0, 1, 16, 15], "texture": "#side", "cullface": "west"},
				"up": {"uv": [0, 0, 16, 16], "texture": "#top", "cullface": "up"},
				"down": {"uv": [0, 0, 16, 16], "texture": "#bottom", "cullface": "down"}
			}
		},
		{
			"from": [15, 15, 0],
			"to": [16, 16.001, 16],
			"faces": {
				"east": {"uv": [0, 0, 16, 1.001], "texture": "#top", "cullface": "east"},
				"west": {"uv": [14.999, 0, 16, 16], "rotation": 270, "texture": "#top", "cullface": "up"},
				"up": {"uv": [15, 0, 16, 16], "texture": "#top", "cullface": "up"}
			}
		},
		{
			"from": [0, 15, 0],
			"to": [16, 16.001, 1],
			"faces": {
				"north": {"uv": [0, 0, 16, 1.001], "texture": "#top", "cullface": "north"},
				"south": {"uv": [0, 0, 16, 1.001], "texture": "#top", "cullface": "up"},
				"up": {"uv": [0, 0, 16, 1], "texture": "#top", "cullface": "up"}
			}
		},
		{
			"from": [0, 15, 0],
			"to": [1, 16.001, 16],
			"faces": {
				"east": {"uv": [0, 0, 1.001, 16], "rotation": 90, "texture": "#top", "cullface": "up"},
				"west": {"uv": [0, 0, 16, 1.001], "texture": "#side", "cullface": "west"},
				"up": {"uv": [0, 0, 1, 16], "texture": "#top", "cullface": "up"}
			}
		},
		{
			"from": [0, 15, 15],
			"to": [16, 16.001, 16],
			"faces": {
				"north": {"uv": [0, 14.999, 16, 16], "rotation": 180, "texture": "#top", "cullface": "up"},
				"south": {"uv": [0, 0, 16, 1.001], "texture": "#top", "cullface": "south"},
				"up": {"uv": [0, 15, 16, 16], "texture": "#top", "cullface": "up"}
			}
		},
		{
			"from": [0, 0, 0],
			"to": [16, 1.001, 1],
			"rotation": {"angle": 0, "axis": "y", "origin": [0, -15, 0]},
			"faces": {
				"north": {"uv": [0, 14.999, 16, 16], "texture": "#side", "cullface": "north"},
				"south": {"uv": [0, 0, 16, 1.001], "texture": "#bottom", "cullface": "down"},
				"down": {"uv": [0, 15, 16, 16], "texture": "#bottom", "cullface": "down"}
			}
		},
		{
			"from": [15, 0, 0],
			"to": [16, 1.001, 16],
			"rotation": {"angle": 0, "axis": "y", "origin": [0, -15, 0]},
			"faces": {
				"east": {"uv": [0, 14.999, 16, 16], "texture": "#bottom", "cullface": "east"},
				"west": {"uv": [14.999, 0, 16, 16], "rotation": 270, "texture": "#bottom", "cullface": "down"},
				"down": {"uv": [15, 0, 16, 16], "texture": "#bottom", "cullface": "down"}
			}
		},
		{
			"from": [0, 0, 0],
			"to": [1, 1.001, 16],
			"rotation": {"angle": 0, "axis": "y", "origin": [0, -15, 0]},
			"faces": {
				"east": {"uv": [0, 0, 1.001, 16], "rotation": 90, "texture": "#bottom", "cullface": "down"},
				"west": {"uv": [0, 14.999, 16, 16], "texture": "#bottom", "cullface": "west"},
				"down": {"uv": [0, 0, 1, 16], "texture": "#bottom", "cullface": "down"}
			}
		},
		{
			"from": [0, 0, 15],
			"to": [16, 1.001, 16],
			"rotation": {"angle": 0, "axis": "y", "origin": [0, -15, 0]},
			"faces": {
				"north": {"uv": [0, 14.999, 16, 16], "rotation": 180, "texture": "#bottom", "cullface": "down"},
				"south": {"uv": [0, 14.999, 16, 16], "texture": "#bottom", "cullface": "south"},
				"down": {"uv": [0, 0, 16, 1], "texture": "#bottom", "cullface": "down"}
			}
		}
	]
}