{
	"credit": "Created by GrandMagus",
	"parent": "block/orientable_with_bottom",
	"textures": {
		"particle": "block/beehive_side",
		"bottom": "block/beehive_end",
		"top": "block/beehive_end",
		"front": "block/models/beehive_front_5",
		"side": "block/beehive_side"
	},
	"elements": [
		{
			"from": [ 15, 11, 0 ],
			"to": [ 16, 12, 1 ],
			"faces": {
				"north": { "uv": [ 0, 4, 1, 5 ], "texture": "#front", "cullface": "north" },
				"south": { "uv": [ 15, 4, 16, 5 ], "texture": "#side", "cullface": "east" },
				"west": { "uv": [ 0, 4, 1, 5 ], "texture": "#side", "cullface": "north" },
				"east": { "uv": [ 15, 4, 16, 5 ], "texture": "#side", "cullface": "east" }
			}
		},
		{
			"from": [ 0, 0, 0 ],
			"to": [ 16, 11, 16 ],
			"faces": {
				"down": { "uv": [ 0, 0, 16, 16 ], "texture": "#bottom", "cullface": "down" },
				"south": { "uv": [ 0, 5, 16, 16 ], "texture": "#side", "cullface": "south" },
				"west": { "uv": [ 0, 5, 16, 16 ], "texture": "#side", "cullface": "west" },
				"east": { "uv": [ 0, 5, 16, 16 ], "texture": "#side", "cullface": "east" }
			}
		},
		{
			"from": [ 10, 5, 0 ],
			"to": [ 16, 6, 0.001 ],
			"faces": {
				"north": { "uv": [ 0, 10, 6, 11 ], "texture": "#front", "cullface": "north" }
			}
		},
		{
			"from": [ 0, 0, 0 ],
			"to": [ 16, 5, 0.001 ],
			"faces": {
				"north": { "uv": [ 0, 11, 16, 16 ], "texture": "#front", "cullface": "north" }
			}
		},
		{
			"from": [ 6, 5, 1 ],
			"to": [ 10, 6, 1.001 ],
			"faces": {
				"north": { "uv": [ 6, 10, 10, 11 ], "texture": "#front", "cullface": "north" }
			}
		},
		{
			"from": [ 0, 5, 0 ],
			"to": [ 6, 6, 0.001 ],
			"faces": {
				"north": { "uv": [ 10, 10, 16, 11 ], "texture": "#front", "cullface": "north" }
			}
		},
		{
			"from": [ 1, 11, 1 ],
			"to": [ 15, 12, 15 ],
			"faces": {
				"north": { "uv": [ 1, 4, 15, 5 ], "texture": "#front", "cullface": "north" },
				"south": { "uv": [ 1, 4, 15, 5 ], "texture": "#front", "cullface": "south" },
				"west": { "uv": [ 1, 4, 15, 5 ], "texture": "#front", "cullface": "west" },
				"east": { "uv": [ 1, 4, 15, 5 ], "texture": "#front", "cullface": "east" }
			}
		},
		{
			"from": [ 6, 5, 0 ],
			"to": [ 8, 6, 1 ],
			"faces": {
				"north": { "uv": [ 8, 10, 10, 11 ], "texture": "#front", "cullface": "north" },
				"east": { "uv": [ 8, 10, 9, 11 ], "texture": "#front", "cullface": "north" }
			}
		},
		{
			"from": [ 0, 11, 15 ],
			"to": [ 1, 12, 16 ],
			"faces": {
				"north": { "uv": [ 15, 4, 16, 5 ], "texture": "#front", "cullface": "east" },
				"south": { "uv": [ 0, 4, 1, 5 ], "texture": "#side", "cullface": "south" },
				"west": { "uv": [ 15, 4, 16, 5 ], "texture": "#side", "cullface": "west" },
				"east": { "uv": [ 0, 4, 1, 5 ], "texture": "#side", "cullface": "south" }
			}
		},
		{
			"from": [ 15, 11, 15 ],
			"to": [ 16, 12, 16 ],
			"faces": {
				"north": { "uv": [ 0, 4, 1, 5 ], "texture": "#front", "cullface": "east" },
				"south": { "uv": [ 15, 4, 16, 5 ], "texture": "#side", "cullface": "south" },
				"west": { "uv": [ 15, 4, 16, 5 ], "texture": "#side", "cullface": "south" },
				"east": { "uv": [ 0, 4, 1, 5 ], "texture": "#side", "cullface": "east" }
			}
		},
		{
			"from": [ 15, 12, 1 ],
			"to": [ 16, 12.001, 15 ],
			"faces": {
				"down": { "uv": [ 1, 4, 15, 5 ], "texture": "#side", "cullface": "east", "rotation": 90 }
			}
		},
		{
			"from": [ 6, 6, 0 ],
			"to": [ 10, 6.001, 1 ],
			"faces": {
				"down": { "uv": [ 6, 9, 10, 10 ], "texture": "#front", "cullface": "north" }
			}
		},
		{
			"from": [ 0, 11, 1 ],
			"to": [ 1, 11.001, 15 ],
			"faces": {
				"up": { "uv": [ 1, 4, 15, 5 ], "texture": "#side", "cullface": "west", "rotation": 90 }
			}
		},
		{
			"from": [ 15, 11, 1 ],
			"to": [ 16, 11.001, 15 ],
			"faces": {
				"up": { "uv": [ 1, 4, 15, 5 ], "texture": "#side", "cullface": "east", "rotation": 90 }
			}
		},
		{
			"from": [ 1, 11, 15 ],
			"to": [ 15, 11.001, 16 ],
			"faces": {
				"up": { "uv": [ 1, 4, 15, 5 ], "texture": "#side", "cullface": "south" }
			}
		},
		{
			"from": [ 1, 12, 15 ],
			"to": [ 15, 12.001, 16 ],
			"faces": {
				"down": { "uv": [ 1, 4, 15, 5 ], "texture": "#side", "cullface": "south", "rotation": 90 }
			}
		},
		{
			"from": [ 1, 12, 0 ],
			"to": [ 15, 12.001, 1 ],
			"faces": {
				"down": { "uv": [ 1, 4, 15, 5 ], "texture": "#side", "cullface": "north" }
			}
		},
		{
			"from": [ 0, 12, 1 ],
			"to": [ 1, 12.001, 15 ],
			"faces": {
				"down": { "uv": [ 1, 4, 15, 5 ], "texture": "#side", "cullface": "west", "rotation": 90 }
			}
		},
		{
			"from": [ 0, 12, 0 ],
			"to": [ 16, 16, 16 ],
			"faces": {
				"up": { "uv": [ 0, 0, 16, 16 ], "texture": "#top", "cullface": "up" },
				"north": { "uv": [ 0, 0, 16, 4 ], "texture": "#front", "cullface": "north" },
				"south": { "uv": [ 0, 0, 16, 4 ], "texture": "#side", "cullface": "south" },
				"west": { "uv": [ 0, 0, 16, 4 ], "texture": "#side", "cullface": "west" },
				"east": { "uv": [ 0, 0, 16, 4 ], "texture": "#side", "cullface": "east" }
			}
		},
		{
			"from": [ 1, 11, 0 ],
			"to": [ 15, 11.001, 1 ],
			"faces": {
				"up": { "uv": [ 1, 4, 15, 5 ], "texture": "#side", "cullface": "north" }
			}
		},
		{
			"from": [ 6, 5, 0 ],
			"to": [ 10, 5.001, 1 ],
			"faces": {
				"up": { "uv": [ 10, 11, 6, 12 ], "texture": "#front", "cullface": "north" }
			}
		},
		{
			"from": [ 6, 5, 0 ],
			"to": [ 6.001, 6, 1 ],
			"faces": {
				"east": { "uv": [ 5, 10, 6, 11 ], "texture": "#front", "cullface": "north" }
			}
		},
		{
			"from": [ 10, 5, 0 ],
			"to": [ 10.001, 6, 1 ],
			"faces": {
				"west": { "uv": [ 10, 10, 11, 11 ], "texture": "#front", "cullface": "north" }
			}
		},
		{
			"from": [ 0, 6, 0 ],
			"to": [ 16, 11, 0.001 ],
			"faces": {
				"north": { "uv": [ 0, 5, 16, 10 ], "texture": "#front", "cullface": "north" }
			}
		},
		{
			"from": [ 0, 11, 0 ],
			"to": [ 1, 12, 1 ],
			"faces": {
				"north": { "uv": [ 15, 4, 16, 5 ], "texture": "#front", "cullface": "north" },
				"south": { "uv": [ 0, 4, 1, 5 ], "texture": "#side", "cullface": "west" },
				"west": { "uv": [ 0, 4, 1, 5 ], "texture": "#side", "cullface": "west" },
				"east": { "uv": [ 15, 4, 16, 5 ], "texture": "#side", "cullface": "north" }
			}
		}
	]
}