{
	"credit": "Created by GrandMagus",
	"parent": "block/template_orientable_trapdoor_bottom",
	"textures": {
		"texture": "block/birch_trapdoor",
		"side": "block/birch_trapdoor_side"
	},
	"elements": [
		{
			"from": [13, 0, 0],
			"to": [16, 3, 16],
			"faces": {
				"north": {"uv": [0, 0, 3, 3], "texture": "#side"},
				"east": {"uv": [0, 0, 16, 3], "texture": "#side"},
				"south": {"uv": [13, 0, 16, 3], "texture": "#side"},
				"west": {"uv": [3, 0, 0, 16], "rotation": 90, "texture": "#texture"},
				"up": {"uv": [0, 0, 3, 16], "rotation": 180, "texture": "#texture"},
				"down": {"uv": [0, 16, 3, 0], "rotation": 180, "texture": "#texture"}
			}
		},
		{
			"from": [0, 0, 0],
			"to": [3, 3, 16],
			"faces": {
				"north": {"uv": [13, 0, 16, 3], "texture": "#side"},
				"east": {"uv": [0, 0, 16, 3], "texture": "#side"},
				"south": {"uv": [0, 0, 3, 3], "texture": "#side"},
				"west": {"uv": [0, 0, 16, 3], "texture": "#side"},
				"up": {"uv": [13, 0, 16, 16], "rotation": 180, "texture": "#texture"},
				"down": {"uv": [13, 16, 16, 0], "rotation": 180, "texture": "#texture"}
			}
		},
		{
			"from": [3, 0, 13],
			"to": [13, 3, 16],
			"faces": {
				"north": {"uv": [3, 0, 13, 3], "texture": "#side"},
				"south": {"uv": [3, 0, 13, 3], "texture": "#side"},
				"up": {"uv": [3, 0, 13, 3], "rotation": 180, "texture": "#texture"},
				"down": {"uv": [3, 3, 13, 0], "rotation": 180, "texture": "#texture"}
			}
		},
		{
			"from": [3, 0, 0],
			"to": [13, 3, 3],
			"faces": {
				"north": {"uv": [3, 0, 13, 3], "texture": "#side"},
				"south": {"uv": [3, 0, 13, 3], "texture": "#side"},
				"up": {"uv": [3, 13, 13, 16], "rotation": 180, "texture": "#texture"},
				"down": {"uv": [3, 16, 13, 13], "rotation": 180, "texture": "#texture"}
			}
		},
		{
			"from": [3, 1, 3],
			"to": [13, 2, 13],
			"faces": {
				"north": {"uv": [3, 14, 13, 15], "texture": "#texture"},
				"east": {"uv": [3, 14, 13, 15], "texture": "#texture"},
				"south": {"uv": [3, 14, 13, 15], "texture": "#texture"},
				"west": {"uv": [3, 14, 13, 15], "texture": "#texture"},
				"up": {"uv": [3, 3, 13, 13], "rotation": 180, "texture": "#texture"},
				"down": {"uv": [3, 13, 13, 3], "rotation": 180, "texture": "#texture"}
			}
		},
		{
			"from": [5, 0, 3],
			"to": [11, 3, 4],
			"faces": {
				"east": {"uv": [5, 12, 6, 13], "texture": "#texture"},
				"south": {"uv": [11, 12, 5, 13], "texture": "#texture"},
				"west": {"uv": [10, 12, 11, 13], "texture": "#texture"},
				"up": {"uv": [11, 12, 5, 13], "texture": "#texture"},
				"down": {"uv": [11, 12, 5, 13], "texture": "#texture", "cullface": "down"}
			}
		}
	]
}