{
	"credit": "Created by GrandMagus",
	"parent": "block/orientable",
	"textures": {
		"top": "block/blast_furnace_top",
		"front": "block/models/blast_furnace_front",
		"side": "block/blast_furnace_side"
	},
	"elements": [
		{
			"from": [ 0, 0, 0 ],
			"to": [ 16, 16, 16 ],
			"faces": {
				"down": { "uv": [ 0, 0, 16, 16 ], "texture": "#top", "cullface": "down" },
				"up": { "uv": [ 0, 0, 16, 16 ], "texture": "#top", "cullface": "up" },
				"north": { "uv": [ 0, 0, 16, 16 ], "texture": "#front", "cullface": "north" },
				"south": { "uv": [ 0, 0, 16, 16 ], "texture": "#side", "cullface": "south" },
				"west": { "uv": [ 0, 0, 16, 16 ], "texture": "#side", "cullface": "west" },
				"east": { "uv": [ 0, 0, 16, 16 ], "texture": "#side", "cullface": "east" }
			}
		},
		{
			"from": [ 4, 3, -1 ],
			"to": [ 12, 5, 0 ],
			"faces": {
				"down": { "uv": [ 4, 13, 12, 12 ], "texture": "#front", "cullface": "north" },
				"up": { "uv": [ 4, 11, 12, 12 ], "texture": "#front", "cullface": "north" },
				"north": { "uv": [ 4, 11, 12, 13 ], "texture": "#front", "cullface": "north" },
				"west": { "uv": [ 4, 11, 5, 13 ], "texture": "#front", "cullface": "north" },
				"east": { "uv": [ 12, 11, 11, 13 ], "texture": "#front", "cullface": "north" }
			}
		},
		{
			"from": [ 10, 5, -1 ],
			"to": [ 12, 8, 0 ],
			"faces": {
				"north": { "uv": [ 4, 8, 6, 11 ], "texture": "#front", "cullface": "north" },
				"west": { "uv": [ 4, 8, 5, 11 ], "texture": "#front", "cullface": "north" },
				"east": { "uv": [ 6, 8, 5, 11 ], "texture": "#front", "cullface": "north" }
			}
		},
		{
			"from": [ 4, 8, -1 ],
			"to": [ 12, 9, 0 ],
			"faces": {
				"down": { "uv": [ 4, 8, 12, 7 ], "texture": "#front", "cullface": "north" },
				"up": { "uv": [ 4, 7, 12, 8 ], "texture": "#front", "cullface": "north" },
				"north": { "uv": [ 4, 7, 12, 8 ], "texture": "#front", "cullface": "north" },
				"west": { "uv": [ 4, 7, 5, 8 ], "texture": "#front", "cullface": "north" },
				"east": { "uv": [ 12, 7, 11, 8 ], "texture": "#front", "cullface": "north" }
			}
		},
		{
			"from": [ 4, 5, -1 ],
			"to": [ 5, 8, 0 ],
			"faces": {
				"north": { "uv": [ 11, 8, 12, 11 ], "texture": "#front", "cullface": "north" },
				"west": { "uv": [ 11, 8, 12, 11 ], "texture": "#front", "cullface": "north" },
				"east": { "uv": [ 12, 8, 11, 11 ], "texture": "#front", "cullface": "north" }
			}
		},
		{
			"from": [ 8, 5, -1 ],
			"to": [ 9, 8, 0 ],
			"faces": {
				"north": { "uv": [ 7, 8, 8, 11 ], "texture": "#front", "cullface": "north" },
				"west": { "uv": [ 7, 8, 8, 11 ], "texture": "#front", "cullface": "north" },
				"east": { "uv": [ 8, 8, 7, 11 ], "texture": "#front", "cullface": "north" }
			}
		},
		{
			"from": [ 6, 5, -1 ],
			"to": [ 7, 8, 0 ],
			"faces": {
				"north": { "uv": [ 9, 8, 10, 11 ], "texture": "#front", "cullface": "north" },
				"west": { "uv": [ 7, 8, 8, 11 ], "texture": "#front", "cullface": "north" },
				"east": { "uv": [ 8, 8, 7, 11 ], "texture": "#front", "cullface": "north" }
			}
		}
	]
}