{
	"credit": "Created by GrandMagus",
	"parent": "block/block",
	"textures": {
		"bookshelf": "block/models/bookshelf",
		"particle": "block/models/bookshelf_top",
		"wood": "block/models/bookshelf_top",
		"bookshelf1": "block/models/bookshelf_2"
	},
	"elements": [
		{
			"from": [0, 0, 0],
			"to": [16, 1, 16],
			"faces": {
				"north": {"uv": [0, 15, 16, 16], "texture": "#bookshelf", "cullface": "north"},
				"east": {"uv": [0, 15, 16, 16], "texture": "#bookshelf", "cullface": "east"},
				"south": {"uv": [0, 15, 16, 16], "texture": "#bookshelf", "cullface": "south"},
				"west": {"uv": [0, 15, 16, 16], "texture": "#bookshelf", "cullface": "west"},
				"down": {"uv": [0, 0, 16, 16], "rotation": 90, "texture": "#wood", "cullface": "down"}
			}
		},
		{
			"from": [0, 7, 1],
			"to": [16, 9, 15],
			"faces": {
				"north": {"uv": [0, 7, 16, 9], "texture": "#bookshelf", "cullface": "north"},
				"east": {"uv": [0, 7, 16, 9], "texture": "#bookshelf", "cullface": "east"},
				"south": {"uv": [0, 7, 16, 9], "texture": "#bookshelf", "cullface": "south"},
				"west": {"uv": [0, 7, 16, 9], "texture": "#bookshelf", "cullface": "west"}
			}
		},
		{
			"from": [14, 1, 1],
			"to": [15, 15, 2],
			"faces": {
				"north": {"uv": [1, 1, 2, 15], "texture": "#bookshelf", "cullface": "north"},
				"east": {"uv": [14, 1, 15, 15], "texture": "#bookshelf", "cullface": "east"},
				"south": {"uv": [14, 1, 15, 15], "texture": "#bookshelf", "cullface": "east"},
				"west": {"uv": [1, 1, 2, 15], "texture": "#bookshelf", "cullface": "north"}
			}
		},
		{
			"from": [0, 1, 15],
			"to": [1, 15, 16],
			"faces": {
				"north": {"uv": [15, 1, 16, 15], "texture": "#bookshelf", "cullface": "west"},
				"east": {"uv": [0, 1, 1, 15], "texture": "#bookshelf", "cullface": "south"},
				"south": {"uv": [0, 1, 1, 15], "texture": "#bookshelf", "cullface": "south"},
				"west": {"uv": [15, 1, 16, 15], "texture": "#bookshelf", "cullface": "west"}
			}
		},
		{
			"from": [15, 1, 15],
			"to": [16, 15, 16],
			"faces": {
				"north": {"uv": [0, 1, 1, 15], "texture": "#bookshelf", "cullface": "east"},
				"east": {"uv": [0, 1, 1, 15], "texture": "#bookshelf", "cullface": "east"},
				"south": {"uv": [15, 1, 16, 15], "texture": "#bookshelf", "cullface": "south"},
				"west": {"uv": [15, 1, 16, 15], "texture": "#bookshelf", "cullface": "south"}
			}
		},
		{
			"from": [0, 15, 0],
			"to": [16, 16, 16],
			"faces": {
				"north": {"uv": [0, 0, 16, 1], "texture": "#bookshelf", "cullface": "north"},
				"east": {"uv": [0, 0, 16, 1], "texture": "#bookshelf", "cullface": "east"},
				"south": {"uv": [0, 0, 16, 1], "texture": "#bookshelf", "cullface": "south"},
				"west": {"uv": [0, 0, 16, 1], "texture": "#bookshelf", "cullface": "west"},
				"up": {"uv": [0, 0, 16, 16], "rotation": 270, "texture": "#wood", "cullface": "up"}
			}
		},
		{
			"from": [2, 1, 2],
			"to": [14, 15, 14],
			"faces": {
				"north": {"uv": [2, 1, 14, 15], "texture": "#bookshelf", "cullface": "north"},
				"east": {"uv": [2, 1, 14, 15], "texture": "#bookshelf1", "cullface": "east"},
				"south": {"uv": [2, 1, 14, 15], "texture": "#bookshelf", "cullface": "south"},
				"west": {"uv": [2, 1, 14, 15], "texture": "#bookshelf1", "cullface": "west"}
			}
		},
		{
			"from": [0, 1, 0],
			"to": [1, 15, 1],
			"faces": {
				"north": {"uv": [15, 1, 16, 15], "texture": "#bookshelf", "cullface": "north"},
				"east": {"uv": [15, 1, 16, 15], "texture": "#bookshelf", "cullface": "north"},
				"south": {"uv": [0, 1, 1, 15], "texture": "#bookshelf", "cullface": "west"},
				"west": {"uv": [0, 1, 1, 15], "texture": "#bookshelf", "cullface": "west"}
			}
		},
		{
			"from": [1, 1, 1],
			"to": [2, 15, 2],
			"faces": {
				"north": {"uv": [14, 1, 15, 15], "texture": "#bookshelf", "cullface": "north"},
				"east": {"uv": [14, 1, 15, 15], "texture": "#bookshelf", "cullface": "north"},
				"south": {"uv": [1, 1, 2, 15], "texture": "#bookshelf", "cullface": "west"},
				"west": {"uv": [1, 1, 2, 15], "texture": "#bookshelf", "cullface": "west"}
			}
		},
		{
			"from": [1, 1, 14],
			"to": [2, 15, 15],
			"faces": {
				"north": {"uv": [14, 1, 15, 15], "texture": "#bookshelf", "cullface": "west"},
				"east": {"uv": [1, 1, 2, 15], "texture": "#bookshelf", "cullface": "south"},
				"south": {"uv": [1, 1, 2, 15], "texture": "#bookshelf", "cullface": "south"},
				"west": {"uv": [14, 1, 15, 15], "texture": "#bookshelf", "cullface": "west"}
			}
		},
		{
			"from": [14, 1, 14],
			"to": [15, 15, 15],
			"faces": {
				"north": {"uv": [1, 1, 2, 15], "texture": "#bookshelf", "cullface": "east"},
				"east": {"uv": [1, 1, 2, 15], "texture": "#bookshelf", "cullface": "east"},
				"south": {"uv": [14, 1, 15, 15], "texture": "#bookshelf", "cullface": "south"},
				"west": {"uv": [14, 1, 15, 15], "texture": "#bookshelf", "cullface": "south"}
			}
		},
		{
			"from": [0, 9, 11],
			"to": [2, 13, 12],
			"faces": {
				"north": {"uv": [11, 3, 12, 7], "texture": "#bookshelf", "cullface": "west"},
				"south": {"uv": [11, 3, 12, 7], "texture": "#bookshelf", "cullface": "west"},
				"west": {"uv": [11, 3, 12, 7], "texture": "#bookshelf", "cullface": "west"},
				"up": {"uv": [11, 3, 12, 4], "texture": "#bookshelf", "cullface": "west"}
			}
		},
		{
			"from": [14, 1, 13],
			"to": [15, 6, 14],
			"faces": {
				"north": {"uv": [2, 10, 3, 15], "texture": "#bookshelf", "cullface": "east"},
				"east": {"uv": [2, 10, 3, 15], "texture": "#bookshelf", "cullface": "east"},
				"up": {"uv": [2, 10, 3, 11], "rotation": 270, "texture": "#bookshelf", "cullface": "east"}
			}
		},
		{
			"from": [1, 9, 9],
			"to": [2, 14, 11],
			"faces": {
				"north": {"uv": [9, 2, 10, 7], "texture": "#bookshelf", "cullface": "west"},
				"south": {"uv": [10, 2, 11, 7], "texture": "#bookshelf", "cullface": "west"},
				"west": {"uv": [9, 2, 11, 7], "texture": "#bookshelf", "cullface": "west"},
				"up": {"uv": [9, 2, 11, 3], "rotation": 90, "texture": "#bookshelf", "cullface": "west"}
			}
		},
		{
			"from": [14, 9, 10],
			"to": [15.5, 14, 12],
			"faces": {
				"north": {"uv": [5, 2, 6, 7], "texture": "#bookshelf", "cullface": "east"},
				"east": {"uv": [4, 2, 6, 7], "texture": "#bookshelf", "cullface": "east"},
				"south": {"uv": [4, 2, 5, 7], "texture": "#bookshelf", "cullface": "east"},
				"up": {"uv": [4, 2, 6, 3], "rotation": 270, "texture": "#bookshelf", "cullface": "east"}
			}
		},
		{
			"from": [14, 1, 2],
			"to": [15, 5, 3],
			"faces": {
				"east": {"uv": [13, 11, 14, 15], "texture": "#bookshelf", "cullface": "east"},
				"up": {"uv": [13, 11, 14, 12], "rotation": 180, "texture": "#bookshelf", "cullface": "east"}
			}
		},
		{
			"from": [14, 9, 4],
			"to": [16, 13, 5],
			"faces": {
				"north": {"uv": [11, 3, 12, 7], "texture": "#bookshelf", "cullface": "east"},
				"east": {"uv": [11, 3, 12, 7], "texture": "#bookshelf", "cullface": "east"},
				"south": {"uv": [11, 3, 12, 7], "texture": "#bookshelf", "cullface": "east"},
				"up": {"uv": [11, 3, 12, 4], "rotation": 180, "texture": "#bookshelf", "cullface": "east"}
			}
		},
		{
			"from": [14, 9, 9],
			"to": [15, 12, 10],
			"faces": {
				"north": {"uv": [6, 4, 7, 7], "texture": "#bookshelf", "cullface": "east"},
				"east": {"uv": [6, 4, 7, 7], "texture": "#bookshelf", "cullface": "east"},
				"up": {"uv": [6, 4, 7, 5], "rotation": 180, "texture": "#bookshelf", "cullface": "east"}
			}
		},
		{
			"from": [0, 9, 7],
			"to": [2, 15, 9],
			"faces": {
				"north": {"uv": [8, 1, 9, 7], "texture": "#bookshelf1", "cullface": "west"},
				"south": {"uv": [7, 1, 8, 7], "texture": "#bookshelf1", "cullface": "west"},
				"west": {"uv": [7, 1, 9, 7], "texture": "#bookshelf1", "cullface": "west"}
			}
		},
		{
			"from": [14, 9, 12],
			"to": [16, 14, 14],
			"faces": {
				"north": {"uv": [3, 3, 4, 7], "texture": "#bookshelf1", "cullface": "east"},
				"east": {"uv": [2, 3, 4, 7], "texture": "#bookshelf1", "cullface": "east"},
				"south": {"uv": [2, 3, 3, 7], "texture": "#bookshelf1", "cullface": "east"},
				"up": {"uv": [2, 3, 4, 5], "rotation": 180, "texture": "#bookshelf1", "cullface": "east"}
			}
		},
		{
			"from": [1, 1, 9],
			"to": [2, 5, 11],
			"faces": {
				"north": {"uv": [9, 11, 10, 15], "texture": "#bookshelf1", "cullface": "west"},
				"south": {"uv": [10, 11, 11, 15], "texture": "#bookshelf1", "cullface": "west"},
				"west": {"uv": [9, 11, 11, 15], "texture": "#bookshelf1", "cullface": "west"},
				"up": {"uv": [9, 11, 11, 12], "rotation": 270, "texture": "#bookshelf1", "cullface": "west"}
			}
		},
		{
			"from": [14, 1, 3],
			"to": [16, 6, 5],
			"faces": {
				"north": {"uv": [12, 10, 13, 15], "texture": "#bookshelf", "cullface": "east"},
				"east": {"uv": [11, 10, 13, 15], "texture": "#bookshelf", "cullface": "east"},
				"south": {"uv": [11, 10, 12, 15], "texture": "#bookshelf", "cullface": "east"},
				"up": {"uv": [11, 10, 13, 11], "rotation": 270, "texture": "#bookshelf", "cullface": "east"}
			}
		},
		{
			"from": [0.5, 1, 7],
			"to": [2, 7, 9],
			"faces": {
				"north": {"uv": [8, 9, 9, 15], "texture": "#bookshelf1", "cullface": "west"},
				"south": {"uv": [7, 9, 8, 15], "texture": "#bookshelf1", "cullface": "west"},
				"west": {"uv": [7, 9, 9, 15], "texture": "#bookshelf1", "cullface": "west"}
			}
		},
		{
			"from": [5, 9, 1],
			"to": [7, 14, 2],
			"faces": {
				"north": {"uv": [9, 2, 11, 7], "texture": "#bookshelf", "cullface": "north"},
				"east": {"uv": [9, 2, 10, 7], "texture": "#bookshelf", "cullface": "north"},
				"west": {"uv": [10, 2, 11, 7], "texture": "#bookshelf", "cullface": "north"},
				"up": {"uv": [9, 2, 11, 3], "rotation": 180, "texture": "#bookshelf", "cullface": "north"}
			}
		},
		{
			"from": [10, 1, 14],
			"to": [11, 6, 15.5],
			"rotation": {"angle": 22.5, "axis": "z", "origin": [10, 1, 14]},
			"faces": {
				"east": {"uv": [5, 2, 6, 7], "texture": "#bookshelf", "cullface": "south"},
				"south": {"uv": [4, 2, 5, 7], "texture": "#bookshelf", "cullface": "south"},
				"west": {"uv": [5, 2, 6, 7], "texture": "#bookshelf", "cullface": "south"},
				"up": {"uv": [4, 2, 5, 3], "rotation": 90, "texture": "#bookshelf", "cullface": "south"},
				"down": {"uv": [5, 6, 6, 7], "texture": "#bookshelf", "cullface": "south"}
			}
		},
		{
			"from": [14, 9, 2],
			"to": [15, 15, 4],
			"faces": {
				"east": {"uv": [12, 1, 14, 7], "texture": "#bookshelf", "cullface": "east"},
				"south": {"uv": [12, 1, 13, 7], "texture": "#bookshelf", "cullface": "east"}
			}
		},
		{
			"from": [2, 9, 1],
			"to": [4, 15, 2],
			"faces": {
				"north": {"uv": [12, 1, 14, 7], "texture": "#bookshelf", "cullface": "north"},
				"east": {"uv": [12, 1, 13, 7], "texture": "#bookshelf", "cullface": "north"}
			}
		},
		{
			"from": [9, 9, 1],
			"to": [10, 12, 2],
			"faces": {
				"north": {"uv": [6, 4, 7, 7], "texture": "#bookshelf", "cullface": "north"},
				"west": {"uv": [6, 4, 7, 7], "texture": "#bookshelf", "cullface": "north"},
				"up": {"uv": [6, 4, 7, 5], "rotation": 90, "texture": "#bookshelf", "cullface": "north"}
			}
		},
		{
			"from": [10, 9, 0.5],
			"to": [12, 14, 2],
			"faces": {
				"north": {"uv": [4, 2, 6, 7], "texture": "#bookshelf", "cullface": "north"},
				"east": {"uv": [4, 2, 5, 7], "texture": "#bookshelf", "cullface": "north"},
				"west": {"uv": [5, 2, 6, 7], "texture": "#bookshelf", "cullface": "north"},
				"up": {"uv": [4, 2, 6, 3], "rotation": 180, "texture": "#bookshelf", "cullface": "north"}
			}
		},
		{
			"from": [12, 9, 0],
			"to": [14, 13, 2],
			"faces": {
				"north": {"uv": [2, 3, 4, 7], "texture": "#bookshelf", "cullface": "north"},
				"east": {"uv": [2, 3, 3, 7], "texture": "#bookshelf", "cullface": "north"},
				"west": {"uv": [3, 3, 4, 7], "texture": "#bookshelf", "cullface": "north"},
				"up": {"uv": [2, 3, 4, 5], "rotation": 90, "texture": "#bookshelf", "cullface": "north"}
			}
		},
		{
			"from": [2, 1, 1],
			"to": [3, 5, 2],
			"faces": {
				"north": {"uv": [13, 11, 14, 15], "texture": "#bookshelf", "cullface": "north"},
				"up": {"uv": [13, 11, 14, 12], "rotation": 90, "texture": "#bookshelf", "cullface": "north"}
			}
		},
		{
			"from": [3, 1, 0],
			"to": [5, 6, 2],
			"faces": {
				"north": {"uv": [11, 10, 13, 15], "texture": "#bookshelf", "cullface": "north"},
				"east": {"uv": [11, 10, 12, 15], "texture": "#bookshelf", "cullface": "north"},
				"west": {"uv": [12, 10, 13, 15], "texture": "#bookshelf", "cullface": "north"},
				"up": {"uv": [11, 10, 13, 11], "rotation": 180, "texture": "#bookshelf", "cullface": "north"}
			}
		},
		{
			"from": [8, 1, 1],
			"to": [10, 7, 2],
			"faces": {
				"north": {"uv": [6, 9, 8, 15], "texture": "#bookshelf", "cullface": "north"},
				"east": {"uv": [6, 9, 7, 15], "texture": "#bookshelf", "cullface": "north"},
				"west": {"uv": [7, 9, 8, 15], "texture": "#bookshelf", "cullface": "north"},
				"up": {"uv": [6, 9, 8, 10], "rotation": 180, "texture": "#bookshelf", "cullface": "north"}
			}
		},
		{
			"from": [10, 1, 0],
			"to": [12, 6, 2],
			"faces": {
				"north": {"uv": [4, 10, 6, 15], "texture": "#bookshelf", "cullface": "north"},
				"east": {"uv": [4, 10, 5, 15], "texture": "#bookshelf", "cullface": "north"},
				"west": {"uv": [5, 10, 6, 15], "texture": "#bookshelf", "cullface": "north"},
				"up": {"uv": [4, 10, 6, 11], "rotation": 180, "texture": "#bookshelf", "cullface": "north"}
			}
		},
		{
			"from": [13, 1, 1],
			"to": [14, 6, 2],
			"faces": {
				"north": {"uv": [2, 10, 3, 15], "texture": "#bookshelf", "cullface": "north"},
				"west": {"uv": [2, 10, 3, 15], "texture": "#bookshelf", "cullface": "north"},
				"up": {"uv": [2, 10, 3, 11], "rotation": 180, "texture": "#bookshelf", "cullface": "north"}
			}
		},
		{
			"from": [12, 9, 14],
			"to": [14, 15, 15],
			"faces": {
				"south": {"uv": [12, 1, 14, 7], "texture": "#bookshelf", "cullface": "south"},
				"west": {"uv": [12, 1, 13, 7], "texture": "#bookshelf", "cullface": "south"}
			}
		},
		{
			"from": [11, 9, 14],
			"to": [12, 13, 16],
			"faces": {
				"east": {"uv": [11, 3, 12, 7], "texture": "#bookshelf", "cullface": "south"},
				"south": {"uv": [11, 3, 12, 7], "texture": "#bookshelf", "cullface": "south"},
				"west": {"uv": [11, 3, 12, 7], "texture": "#bookshelf", "cullface": "south"},
				"up": {"uv": [11, 3, 12, 4], "rotation": 270, "texture": "#bookshelf", "cullface": "south"}
			}
		},
		{
			"from": [9, 9, 14],
			"to": [11, 14, 15],
			"faces": {
				"east": {"uv": [10, 2, 11, 7], "texture": "#bookshelf", "cullface": "south"},
				"south": {"uv": [9, 2, 11, 7], "texture": "#bookshelf", "cullface": "south"},
				"west": {"uv": [9, 2, 10, 7], "texture": "#bookshelf", "cullface": "south"},
				"up": {"uv": [9, 2, 11, 3], "texture": "#bookshelf", "cullface": "south"}
			}
		},
		{
			"from": [4, 9, 14],
			"to": [6, 14, 15],
			"faces": {
				"east": {"uv": [5, 2, 6, 7], "texture": "#bookshelf", "cullface": "south"},
				"south": {"uv": [4, 2, 6, 7], "texture": "#bookshelf", "cullface": "south"},
				"west": {"uv": [4, 2, 5, 7], "texture": "#bookshelf", "cullface": "south"},
				"up": {"uv": [4, 2, 6, 3], "texture": "#bookshelf", "cullface": "south"}
			}
		},
		{
			"from": [2, 9, 14],
			"to": [4, 13, 16],
			"faces": {
				"east": {"uv": [3, 3, 4, 7], "texture": "#bookshelf", "cullface": "south"},
				"south": {"uv": [2, 3, 4, 7], "texture": "#bookshelf", "cullface": "south"},
				"west": {"uv": [2, 3, 3, 7], "texture": "#bookshelf", "cullface": "south"},
				"up": {"uv": [2, 3, 4, 5], "rotation": 270, "texture": "#bookshelf", "cullface": "south"}
			}
		},
		{
			"from": [13, 1, 14],
			"to": [14, 5, 15],
			"faces": {
				"south": {"uv": [13, 11, 14, 15], "texture": "#bookshelf", "cullface": "south"},
				"up": {"uv": [13, 11, 14, 12], "rotation": 270, "texture": "#bookshelf", "cullface": "south"}
			}
		},
		{
			"from": [11, 1, 14],
			"to": [13, 6, 16],
			"faces": {
				"east": {"uv": [12, 10, 13, 15], "texture": "#bookshelf", "cullface": "south"},
				"south": {"uv": [11, 10, 13, 15], "texture": "#bookshelf", "cullface": "south"},
				"west": {"uv": [11, 10, 12, 15], "texture": "#bookshelf", "cullface": "south"},
				"up": {"uv": [11, 10, 13, 11], "texture": "#bookshelf", "cullface": "south"}
			}
		},
		{
			"from": [6, 1, 14],
			"to": [8, 7, 15],
			"faces": {
				"east": {"uv": [7, 9, 8, 15], "texture": "#bookshelf", "cullface": "south"},
				"south": {"uv": [6, 9, 8, 15], "texture": "#bookshelf", "cullface": "south"},
				"west": {"uv": [6, 9, 7, 15], "texture": "#bookshelf", "cullface": "south"},
				"up": {"uv": [6, 9, 8, 10], "texture": "#bookshelf", "cullface": "south"}
			}
		},
		{
			"from": [4, 1, 14],
			"to": [6, 6, 16],
			"faces": {
				"east": {"uv": [5, 10, 6, 15], "texture": "#bookshelf", "cullface": "south"},
				"south": {"uv": [4, 10, 6, 15], "texture": "#bookshelf", "cullface": "south"},
				"west": {"uv": [4, 10, 5, 15], "texture": "#bookshelf", "cullface": "south"},
				"up": {"uv": [4, 10, 6, 11], "texture": "#bookshelf", "cullface": "south"}
			}
		},
		{
			"from": [2, 1, 14],
			"to": [3, 6, 15],
			"faces": {
				"east": {"uv": [2, 10, 3, 15], "texture": "#bookshelf", "cullface": "south"},
				"south": {"uv": [2, 10, 3, 15], "texture": "#bookshelf", "cullface": "south"},
				"up": {"uv": [2, 10, 3, 11], "texture": "#bookshelf", "cullface": "south"}
			}
		},
		{
			"from": [0, 9, 2],
			"to": [2, 14, 4],
			"faces": {
				"north": {"uv": [2, 2, 3, 7], "texture": "#bookshelf1", "cullface": "west"},
				"south": {"uv": [3, 2, 4, 7], "texture": "#bookshelf1", "cullface": "west"},
				"west": {"uv": [2, 2, 4, 7], "texture": "#bookshelf1", "cullface": "west"},
				"up": {"uv": [2, 2, 4, 3], "rotation": 90, "texture": "#bookshelf1", "cullface": "west"}
			}
		},
		{
			"from": [0.5, 9, 4],
			"to": [2, 14, 6],
			"faces": {
				"north": {"uv": [4, 2, 5, 7], "texture": "#bookshelf", "cullface": "west"},
				"south": {"uv": [5, 2, 6, 7], "texture": "#bookshelf", "cullface": "west"},
				"west": {"uv": [4, 2, 6, 7], "texture": "#bookshelf", "cullface": "west"},
				"up": {"uv": [4, 2, 6, 3], "rotation": 90, "texture": "#bookshelf", "cullface": "west"}
			}
		},
		{
			"from": [1, 9, 6],
			"to": [2, 13, 7],
			"faces": {
				"south": {"uv": [6, 3, 7, 7], "texture": "#bookshelf1", "cullface": "west"},
				"west": {"uv": [6, 3, 7, 7], "texture": "#bookshelf1", "cullface": "west"},
				"up": {"uv": [6, 4, 7, 5], "texture": "#bookshelf1", "cullface": "west"}
			}
		},
		{
			"from": [1, 9, 12],
			"to": [2, 15, 14],
			"faces": {
				"north": {"uv": [12, 1, 13, 7], "texture": "#bookshelf", "cullface": "west"},
				"west": {"uv": [12, 1, 14, 7], "texture": "#bookshelf", "cullface": "west"}
			}
		},
		{
			"from": [1, 1, 2],
			"to": [2, 6, 3],
			"faces": {
				"south": {"uv": [2, 10, 3, 15], "texture": "#bookshelf", "cullface": "west"},
				"west": {"uv": [2, 10, 3, 15], "texture": "#bookshelf", "cullface": "west"},
				"up": {"uv": [2, 10, 3, 11], "rotation": 90, "texture": "#bookshelf", "cullface": "west"}
			}
		},
		{
			"from": [0.5, 1, 3],
			"to": [2, 6, 5],
			"faces": {
				"north": {"uv": [4, 11, 5, 15], "texture": "#bookshelf1", "cullface": "west"},
				"south": {"uv": [3, 11, 4, 15], "texture": "#bookshelf1", "cullface": "west"},
				"west": {"uv": [3, 11, 5, 15], "texture": "#bookshelf1", "cullface": "west"},
				"up": {"uv": [3, 11, 5, 12], "rotation": 90, "texture": "#bookshelf1", "cullface": "west"}
			}
		},
		{
			"from": [0, 1, 5],
			"to": [2, 6, 7],
			"faces": {
				"north": {"uv": [5, 10, 6, 14.5], "texture": "#bookshelf1", "cullface": "west"},
				"south": {"uv": [6, 10, 7, 15], "texture": "#bookshelf1", "cullface": "west"},
				"west": {"uv": [5, 10, 7, 15], "texture": "#bookshelf1", "cullface": "west"},
				"up": {"uv": [5, 10, 7, 11], "rotation": 90, "texture": "#bookshelf1", "cullface": "west"}
			}
		},
		{
			"from": [0, 1, 11],
			"to": [2, 6, 13],
			"faces": {
				"north": {"uv": [11, 10, 12, 15], "texture": "#bookshelf", "cullface": "west"},
				"south": {"uv": [12, 10, 13, 15], "texture": "#bookshelf", "cullface": "west"},
				"west": {"uv": [11, 10, 13, 15], "texture": "#bookshelf", "cullface": "west"},
				"up": {"uv": [11, 10, 13, 11], "rotation": 90, "texture": "#bookshelf", "cullface": "west"}
			}
		},
		{
			"from": [1, 1, 13],
			"to": [2, 5, 14],
			"faces": {
				"west": {"uv": [13, 11, 14, 15], "texture": "#bookshelf", "cullface": "west"},
				"up": {"uv": [13, 11, 14, 12], "texture": "#bookshelf", "cullface": "west"}
			}
		},
		{
			"from": [15, 1, 0],
			"to": [16, 15, 1],
			"faces": {
				"north": {"uv": [0, 1, 1, 15], "texture": "#bookshelf", "cullface": "north"},
				"east": {"uv": [15, 1, 16, 15], "texture": "#bookshelf", "cullface": "east"},
				"south": {"uv": [15, 1, 16, 15], "texture": "#bookshelf", "cullface": "east"},
				"west": {"uv": [0, 1, 1, 15], "texture": "#bookshelf", "cullface": "north"}
			}
		},
		{
			"from": [1, 15, 0],
			"to": [15, 15.001, 2],
			"faces": {
				"down": {"uv": [1, 14, 15, 16], "texture": "#wood", "cullface": "north"}
			}
		},
		{
			"from": [14, 15, 1],
			"to": [16, 15.001, 15],
			"faces": {
				"down": {"uv": [0, 14, 12, 16], "rotation": 270, "texture": "#wood", "cullface": "east"}
			}
		},
		{
			"from": [1, 9, 0],
			"to": [15, 9.001, 2],
			"faces": {
				"up": {"uv": [1, 0, 15, 2], "texture": "#wood", "cullface": "north"}
			}
		},
		{
			"from": [1, 9, 14],
			"to": [15, 9.001, 16],
			"faces": {
				"up": {"uv": [1, 14, 15, 16], "texture": "#wood", "cullface": "south"}
			}
		},
		{
			"from": [1, 7, 0],
			"to": [15, 7.001, 2],
			"faces": {
				"down": {"uv": [1, 14, 15, 16], "texture": "#wood", "cullface": "north"}
			}
		},
		{
			"from": [1, 15, 14],
			"to": [15, 15.001, 16],
			"faces": {
				"down": {"uv": [1, 0, 15, 2], "texture": "#wood", "cullface": "south"}
			}
		},
		{
			"from": [1, 7, 14],
			"to": [15, 7.001, 16],
			"faces": {
				"down": {"uv": [1, 0, 15, 2], "texture": "#wood", "cullface": "south"}
			}
		},
		{
			"from": [1, 1, 14],
			"to": [15, 1.001, 16],
			"faces": {
				"up": {"uv": [1, 14, 15, 16], "texture": "#wood", "cullface": "south"}
			}
		},
		{
			"from": [1, 1, 0],
			"to": [15, 1.001, 2],
			"faces": {
				"up": {"uv": [1, 0, 15, 2], "texture": "#wood", "cullface": "north"}
			}
		},
		{
			"from": [14, 1, 1],
			"to": [16, 1.001, 15],
			"faces": {
				"up": {"uv": [0, 0, 12, 2], "rotation": 90, "texture": "#wood", "cullface": "east"}
			}
		},
		{
			"from": [14, 7, 1],
			"to": [16, 7.001, 15],
			"faces": {
				"down": {"uv": [0, 14, 12, 16], "rotation": 270, "texture": "#wood", "cullface": "east"}
			}
		},
		{
			"from": [14, 9, 1],
			"to": [16, 9.001, 15],
			"faces": {
				"up": {"uv": [0, 0, 12, 2], "rotation": 90, "texture": "#wood", "cullface": "east"}
			}
		},
		{
			"from": [0, 15, 1],
			"to": [2, 15.001, 15],
			"faces": {
				"down": {"uv": [0, 14, 12, 16], "rotation": 270, "texture": "#wood", "cullface": "west"}
			}
		},
		{
			"from": [0, 9, 1],
			"to": [2, 9.001, 15],
			"faces": {
				"up": {"uv": [0, 0, 12, 2], "rotation": 90, "texture": "#wood", "cullface": "west"}
			}
		},
		{
			"from": [0, 7, 1],
			"to": [2, 7.001, 15],
			"faces": {
				"down": {"uv": [0, 14, 12, 16], "rotation": 270, "texture": "#wood", "cullface": "west"}
			}
		},
		{
			"from": [0, 1, 1],
			"to": [2, 1.001, 15],
			"faces": {
				"up": {"uv": [0, 0, 12, 2], "rotation": 90, "texture": "#wood", "cullface": "west"}
			}
		},
		{
			"from": [1, 7, 0],
			"to": [15, 9, 16],
			"faces": {
				"north": {"uv": [0, 7, 16, 9], "texture": "#bookshelf", "cullface": "north"},
				"east": {"uv": [0, 7, 16, 9], "texture": "#bookshelf", "cullface": "east"},
				"south": {"uv": [0, 7, 16, 9], "texture": "#bookshelf", "cullface": "south"},
				"west": {"uv": [0, 7, 16, 9], "texture": "#bookshelf", "cullface": "west"}
			}
		},
		{
			"from": [6, 9, 14],
			"to": [7, 12, 15],
			"faces": {
				"east": {"uv": [6, 4, 7, 7], "texture": "#bookshelf", "cullface": "south"},
				"south": {"uv": [6, 4, 7, 7], "texture": "#bookshelf", "cullface": "south"},
				"up": {"uv": [6, 4, 7, 5], "rotation": 270, "texture": "#bookshelf", "cullface": "south"}
			}
		},
		{
			"from": [14, 1, 11],
			"to": [15.5, 5, 13],
			"faces": {
				"east": {"uv": [3, 11, 5, 15], "texture": "#bookshelf1", "cullface": "east"},
				"south": {"uv": [3, 11, 4, 15], "texture": "#bookshelf1", "cullface": "east"},
				"up": {"uv": [3, 11, 5, 12], "rotation": 270, "texture": "#bookshelf1", "cullface": "east"}
			}
		},
		{
			"from": [14, 9, 5],
			"to": [15, 14, 7],
			"faces": {
				"north": {"uv": [10, 2, 11, 7], "texture": "#bookshelf", "cullface": "east"},
				"east": {"uv": [9, 2, 11, 7], "texture": "#bookshelf", "cullface": "east"},
				"south": {"uv": [9, 2, 10, 7], "texture": "#bookshelf", "cullface": "east"},
				"up": {"uv": [9, 2, 11, 3], "rotation": 270, "texture": "#bookshelf", "cullface": "east"}
			}
		},
		{
			"from": [14, 1, 5],
			"to": [15, 5, 7],
			"faces": {
				"east": {"uv": [9, 11, 11, 15], "texture": "#bookshelf1", "cullface": "east"},
				"up": {"uv": [9, 11, 11, 12], "rotation": 270, "texture": "#bookshelf1", "cullface": "east"}
			}
		},
		{
			"from": [14, 9, 7],
			"to": [16, 15, 9],
			"faces": {
				"north": {"uv": [8, 1, 9, 7], "texture": "#bookshelf1", "cullface": "east"},
				"east": {"uv": [7, 1, 9, 7], "texture": "#bookshelf1", "cullface": "east"},
				"south": {"uv": [7, 1, 8, 7], "texture": "#bookshelf1", "cullface": "east"}
			}
		},
		{
			"from": [14, 1, 7],
			"to": [15.5, 7, 9],
			"faces": {
				"north": {"uv": [8, 9, 9, 15], "texture": "#bookshelf1", "cullface": "east"},
				"east": {"uv": [7, 9, 9, 15], "texture": "#bookshelf1", "cullface": "east"},
				"south": {"uv": [7, 9, 8, 15], "texture": "#bookshelf1", "cullface": "east"}
			}
		},
		{
			"from": [14, 1, 9],
			"to": [16, 6, 11],
			"faces": {
				"north": {"uv": [6, 10, 7, 15], "texture": "#bookshelf1", "cullface": "east"},
				"east": {"uv": [5, 10, 7, 15], "texture": "#bookshelf1", "cullface": "east"},
				"south": {"uv": [5, 10, 6, 15], "texture": "#bookshelf1", "cullface": "east"},
				"up": {"uv": [5, 10, 7, 11], "rotation": 270, "texture": "#bookshelf1", "cullface": "east"}
			}
		},
		{
			"from": [4, 9, 0],
			"to": [5, 13, 2],
			"faces": {
				"north": {"uv": [11, 3, 12, 7], "texture": "#bookshelf", "cullface": "north"},
				"east": {"uv": [11, 3, 12, 7], "texture": "#bookshelf", "cullface": "north"},
				"west": {"uv": [11, 3, 12, 7], "texture": "#bookshelf", "cullface": "north"},
				"up": {"uv": [11, 3, 12, 4], "rotation": 90, "texture": "#bookshelf", "cullface": "north"}
			}
		},
		{
			"from": [7, 9.5, 14],
			"to": [8, 12, 15.5],
			"rotation": {"angle": -22.5, "axis": "z", "origin": [7, 9.5, 14]},
			"faces": {
				"east": {"uv": [14, 4.5, 15, 7], "texture": "#bookshelf", "cullface": "south"},
				"south": {"uv": [14, 4.5, 15, 7], "texture": "#bookshelf", "cullface": "south"},
				"west": {"uv": [14, 4.5, 15, 7], "texture": "#bookshelf", "cullface": "south"},
				"up": {"uv": [14, 3, 15, 4], "rotation": 90, "texture": "#bookshelf", "cullface": "south"},
				"down": {"uv": [14, 6, 15, 7], "texture": "#bookshelf", "cullface": "south"}
			}
		},
		{
			"from": [8, 9, 0.5],
			"to": [9, 11.5, 2],
			"rotation": {"angle": 22.5, "axis": "z", "origin": [8, 9, 0.5]},
			"faces": {
				"north": {"uv": [14, 4.5, 15, 7], "texture": "#bookshelf", "cullface": "north"},
				"east": {"uv": [14, 4.5, 15, 7], "texture": "#bookshelf", "cullface": "north"},
				"west": {"uv": [14, 4.5, 15, 7], "texture": "#bookshelf", "cullface": "north"},
				"up": {"uv": [14, 3, 15, 4], "rotation": 90, "texture": "#bookshelf", "cullface": "north"},
				"down": {"uv": [14, 6, 15, 7], "texture": "#bookshelf", "cullface": "north"}
			}
		},
		{
			"from": [5, 1.5, 0.5],
			"to": [6, 6.5, 2],
			"rotation": {"angle": -22.5, "axis": "z", "origin": [5, 1.5, 0.5]},
			"faces": {
				"north": {"uv": [4, 2, 5, 7], "texture": "#bookshelf", "cullface": "north"},
				"east": {"uv": [5, 2, 6, 7], "texture": "#bookshelf", "cullface": "north"},
				"west": {"uv": [5, 2, 6, 7], "texture": "#bookshelf", "cullface": "north"},
				"up": {"uv": [4, 2, 5, 3], "rotation": 90, "texture": "#bookshelf", "cullface": "north"},
				"down": {"uv": [5, 6, 6, 7], "texture": "#bookshelf", "cullface": "north"}
			}
		}
	]
}