{
	"credit": "Created by GrandMagus",
	"textures": {
		"particle": "block/brewing_stand",
		"stand": "block/brewing_stand"
	},
	"elements": [
		{
			"from": [7.25, 0, 8.5],
			"to": [8.25, 14, 9.5],
			"rotation": {"angle": 45, "axis": "y", "origin": [7.25, 0, 9.5]},
			"faces": {
				"north": {"uv": [8, 2, 9, 16], "texture": "#stand"},
				"east": {"uv": [7, 2, 8, 16], "texture": "#stand"},
				"south": {"uv": [7, 2, 8, 16], "texture": "#stand"},
				"west": {"uv": [7, 2, 8, 16], "texture": "#stand"},
				"up": {"uv": [8, 2, 9, 3], "rotation": 270, "texture": "#stand"},
				"down": {"uv": [7, 7, 8, 8], "rotation": 90, "texture": "#stand"}
			}
		},
		{
			"from": [2.25, 9, 8.4999],
			"to": [3.25, 10, 9.4999],
			"rotation": {"angle": 45, "axis": "y", "origin": [7.25, 0, 9.5]},
			"faces": {
				"north": {"uv": [2, 6, 3, 7], "texture": "#stand"},
				"east": {"uv": [2, 6, 3, 7], "texture": "#stand"},
				"south": {"uv": [2, 6, 3, 7], "texture": "#stand"},
				"west": {"uv": [2, 6, 3, 7], "texture": "#stand"},
				"up": {"uv": [2, 6, 3, 7], "rotation": 180, "texture": "#stand"},
				"down": {"uv": [2, 6, 3, 7], "rotation": 180, "texture": "#stand"}
			}
		},
		{
			"from": [3.25, 10, 8.5],
			"to": [4.25, 16, 9.5],
			"rotation": {"angle": 45, "axis": "y", "origin": [7.25, 0, 9.5]},
			"faces": {
				"north": {"uv": [3, 0, 4, 6], "texture": "#stand"},
				"east": {"uv": [3, 0, 4, 6], "texture": "#stand"},
				"south": {"uv": [3, 0, 4, 6], "texture": "#stand"},
				"west": {"uv": [3, 0, 4, 6], "texture": "#stand"},
				"up": {"uv": [3, 0, 4, 1], "rotation": 180, "texture": "#stand"},
				"down": {"uv": [3, 5, 4, 6], "rotation": 180, "texture": "#stand"}
			}
		},
		{
			"from": [2.25, 11, 8.4999],
			"to": [3.25, 13, 9.4999],
			"rotation": {"angle": 45, "axis": "y", "origin": [7.25, 0, 9.5]},
			"faces": {
				"north": {"uv": [2, 3, 3, 5], "texture": "#stand"},
				"east": {"uv": [2, 3, 3, 5], "texture": "#stand"},
				"south": {"uv": [2, 3, 3, 5], "texture": "#stand"},
				"west": {"uv": [2, 3, 3, 5], "texture": "#stand"},
				"up": {"uv": [2, 3, 3, 4], "rotation": 180, "texture": "#stand"},
				"down": {"uv": [2, 4, 3, 5], "rotation": 180, "texture": "#stand"}
			}
		},
		{
			"from": [4.25, 12, 8.5],
			"to": [5.25, 15, 9.5],
			"rotation": {"angle": 45, "axis": "y", "origin": [7.25, 0, 9.5]},
			"faces": {
				"north": {"uv": [4, 1, 5, 4], "texture": "#stand"},
				"east": {"uv": [4, 1, 5, 4], "texture": "#stand"},
				"south": {"uv": [4, 1, 5, 4], "texture": "#stand"},
				"west": {"uv": [4, 1, 5, 4], "texture": "#stand"},
				"up": {"uv": [4, 1, 5, 2], "rotation": 180, "texture": "#stand"},
				"down": {"uv": [4, 3, 5, 4], "rotation": 180, "texture": "#stand"}
			}
		},
		{
			"from": [5.25, 3, 8.5],
			"to": [7.25, 14, 9.5],
			"rotation": {"angle": 45, "axis": "y", "origin": [7.25, 0, 9.5]},
			"faces": {
				"north": {"uv": [7, 2, 5, 13], "texture": "#stand"},
				"east": {"uv": [6, 2, 7, 13], "texture": "#stand"},
				"south": {"uv": [5, 2, 7, 13], "texture": "#stand"},
				"west": {"uv": [5, 2, 6, 13], "texture": "#stand"},
				"up": {"uv": [5, 2, 7, 3], "rotation": 180, "texture": "#stand"},
				"down": {"uv": [5, 12, 7, 13], "rotation": 180, "texture": "#stand"}
			}
		},
		{
			"from": [1.98, 2, 11],
			"to": [4.98, 3, 14],
			"rotation": {"angle": -45, "axis": "y", "origin": [3.8, 5, 12.7]},
			"faces": {
				"north": {"uv": [1, 13, 4, 14], "texture": "#stand"},
				"east": {"uv": [1, 13, 4, 14], "texture": "#stand"},
				"south": {"uv": [1, 13, 4, 14], "texture": "#stand"},
				"west": {"uv": [1, 13, 4, 14], "texture": "#stand"},
				"down": {"uv": [1, 13, 4, 14], "texture": "#stand"}
			}
		},
		{
			"from": [0.98, 3, 11],
			"to": [1.98, 6, 14],
			"rotation": {"angle": -45, "axis": "y", "origin": [3.8, 5, 12.7]},
			"faces": {
				"north": {"uv": [0, 10, 1, 13], "texture": "#stand"},
				"south": {"uv": [4, 10, 5, 13], "texture": "#stand"},
				"west": {"uv": [1, 10, 4, 13], "texture": "#stand"},
				"up": {"uv": [1, 9, 4, 10], "rotation": 90, "texture": "#stand"},
				"down": {"uv": [1, 13, 4, 14], "rotation": 90, "texture": "#stand"}
			}
		},
		{
			"from": [1.98, 3, 10],
			"to": [4.98, 6, 11],
			"rotation": {"angle": -45, "axis": "y", "origin": [3.8, 5, 12.7]},
			"faces": {
				"north": {"uv": [1, 10, 4, 13], "texture": "#stand"},
				"east": {"uv": [0, 10, 1, 13], "texture": "#stand"},
				"west": {"uv": [4, 10, 5, 13], "texture": "#stand"},
				"up": {"uv": [1, 9, 4, 10], "texture": "#stand"},
				"down": {"uv": [1, 13, 4, 14], "texture": "#stand"}
			}
		},
		{
			"from": [4.98, 3, 11],
			"to": [5.98, 6, 14],
			"rotation": {"angle": -45, "axis": "y", "origin": [3.8, 5, 12.7]},
			"faces": {
				"north": {"uv": [4, 10, 5, 13], "texture": "#stand"},
				"east": {"uv": [1, 10, 4, 13], "texture": "#stand"},
				"south": {"uv": [0, 10, 1, 13], "texture": "#stand"},
				"up": {"uv": [1, 9, 4, 10], "rotation": 270, "texture": "#stand"},
				"down": {"uv": [1, 13, 4, 14], "rotation": 90, "texture": "#stand"}
			}
		},
		{
			"from": [1.98, 3, 14],
			"to": [4.98, 6, 15],
			"rotation": {"angle": -45, "axis": "y", "origin": [3.8, 5, 12.7]},
			"faces": {
				"east": {"uv": [4, 10, 5, 13], "texture": "#stand"},
				"south": {"uv": [1, 10, 4, 13], "texture": "#stand"},
				"west": {"uv": [0, 10, 1, 13], "texture": "#stand"},
				"up": {"uv": [1, 9, 4, 10], "texture": "#stand"},
				"down": {"uv": [1, 13, 4, 14], "texture": "#stand"}
			}
		},
		{
			"from": [1.98, 6, 11],
			"to": [4.98, 7, 14],
			"rotation": {"angle": -45, "axis": "y", "origin": [3.8, 5, 12.7]},
			"faces": {
				"north": {"uv": [1, 9, 4, 10], "texture": "#stand"},
				"east": {"uv": [1, 9, 4, 10], "texture": "#stand"},
				"south": {"uv": [1, 9, 4, 10], "texture": "#stand"},
				"west": {"uv": [1, 9, 4, 10], "texture": "#stand"},
				"up": {"uv": [1, 9, 2, 10], "texture": "#stand"}
			}
		},
		{
			"from": [1.98, 8, 11],
			"to": [4.98, 9, 14],
			"rotation": {"angle": -45, "axis": "y", "origin": [3.8, 5, 12.7]},
			"faces": {
				"north": {"uv": [1, 7, 4, 8], "texture": "#stand"},
				"east": {"uv": [1, 7, 4, 8], "texture": "#stand"},
				"south": {"uv": [1, 7, 4, 8], "texture": "#stand"},
				"west": {"uv": [1, 7, 4, 8], "texture": "#stand"},
				"up": {"uv": [0, 0, 3, 3], "texture": "#stand"},
				"down": {"uv": [0, 0, 3, 3], "texture": "#stand"}
			}
		},
		{
			"from": [1.98, 7, 12],
			"to": [4.98, 8, 13],
			"rotation": {"angle": -45, "axis": "y", "origin": [3.8, 5, 12.7]},
			"faces": {
				"north": {"uv": [1, 8, 4, 9], "texture": "#stand"},
				"east": {"uv": [1, 8, 2, 9], "texture": "#stand"},
				"south": {"uv": [1, 8, 4, 9], "texture": "#stand"},
				"west": {"uv": [1, 8, 2, 9], "texture": "#stand"}
			}
		},
		{
			"from": [2.98, 7, 11],
			"to": [3.98, 8, 14],
			"rotation": {"angle": -45, "axis": "y", "origin": [3.8, 5, 12.7]},
			"faces": {
				"north": {"uv": [1, 8, 2, 9], "texture": "#stand"},
				"east": {"uv": [1, 8, 4, 9], "texture": "#stand"},
				"south": {"uv": [1, 8, 2, 9], "texture": "#stand"},
				"west": {"uv": [1, 8, 4, 9], "texture": "#stand"}
			}
		}
	]
}