{
	"credit": "Created by GrandMagus",
	"textures": {
		"particle": "minecraft:block/models/brown_mushroom",
		"mushroom": "minecraft:block/models/brown_mushroom"
	},
	"elements": [
		{
			"from": [7, 0, 7],
			"to": [9, 4, 9],
			"faces": {
				"north": {"uv": [14, 11, 16, 15], "texture": "#mushroom"},
				"east": {"uv": [14, 11, 16, 15], "texture": "#mushroom"},
				"south": {"uv": [14, 11, 16, 15], "texture": "#mushroom"},
				"west": {"uv": [14, 11, 16, 15], "texture": "#mushroom"},
				"up": {"uv": [14, 14, 16, 16], "texture": "#mushroom"},
				"down": {"uv": [14, 14, 16, 16], "texture": "#mushroom"}
			}
		},
		{
			"from": [4, 4, 4],
			"to": [12, 6, 12],
			"faces": {
				"north": {"uv": [11, 4, 3, 6], "texture": "#mushroom"},
				"east": {"uv": [8, 1, 0, 3], "texture": "#mushroom"},
				"south": {"uv": [16, 1, 8, 3], "texture": "#mushroom"},
				"west": {"uv": [8, 4, 16, 6], "texture": "#mushroom"},
				"up": {"uv": [6, 8, 14, 16], "texture": "#mushroom"},
				"down": {"uv": [15, 11, 16, 12], "texture": "#mushroom"}
			}
		}
	],
	"display": {
		"thirdperson_righthand": {
			"rotation": [0, -90, 0],
			"translation": [0, 5, 2],
			"scale": [0.85, 0.85, 0.85]
		},
		"thirdperson_lefthand": {
			"rotation": [0, -90, 0],
			"translation": [0, 5, 2],
			"scale": [0.85, 0.85, 0.85]
		},
		"firstperson_righthand": {
			"rotation": [0, 45, 0],
			"translation": [0, 4, 0],
			"scale": [0.6, 0.6, 0.6]
		},
		"firstperson_lefthand": {
			"rotation": [0, 45, 0],
			"translation": [0, 4, 0],
			"scale": [0.6, 0.6, 0.6]
		},
		"ground": {
			"translation": [0, 2, 0],
			"scale": [0.5, 0.5, 0.5]
		},
		"gui": {
			"rotation": [30, 225, 0],
			"translation": [0, 2, 0]
		},
		"head": {
			"translation": [0, 14, 0]
		},
		"fixed": {
			"translation": [0, 2, 0]
		}
	}
}