{
	"credit": "Created by GrandMagus",
	"textures": {
		"particle": "block/cake_side",
		"bottom": "block/cake_bottom",
		"top": "block/cake_top",
		"side": "block/cake_side",
		"inside": "block/cake_inner"
	},
	"elements": [
		{
			"from": [ 13, 0, 1 ],
			"to": [ 15, 8, 15 ],
			"faces": {
				"down": { "uv": [ 1, 1, 15, 15 ], "texture": "#bottom", "cullface": "down" },
				"up": { "uv": [ 13, 1, 15, 15 ], "texture": "#top" },
				"north": { "uv": [ 13, 8, 15, 16 ], "texture": "#side" },
				"south": { "uv": [ 13, 8, 15, 16 ], "texture": "#side" },
				"west": { "uv": [ 1, 8, 15, 16 ], "texture": "#inside" },
				"east": { "uv": [ 1, 8, 15, 16 ], "texture": "#side" }
			}
		},
		{
			"from": [ 13, 8, 9 ],
			"to": [ 14, 8.5, 10 ],
			"faces": {
				"up": { "uv": [ 13, 9, 14, 10 ], "texture": "#top" },
				"north": { "uv": [ 14, 9, 13, 10 ], "texture": "#top" },
				"south": { "uv": [ 13, 9, 14, 10 ], "texture": "#top" },
				"west": { "uv": [ 13, 9, 14, 10 ], "texture": "#top", "rotation": 270 },
				"east": { "uv": [ 13, 9, 14, 10 ], "texture": "#top", "rotation": 90 }
			}
		}
	]
}