{
	"credit": "Created by GrandMagus",
	"textures": {
		"particle": "block/cake_side",
		"bottom": "block/cake_bottom",
		"top": "block/cake_top",
		"side": "block/cake_side",
		"inside": "block/cake_inner"
	},
	"elements": [
		{
			"from": [ 9, 0, 1 ],
			"to": [ 15, 8, 15 ],
			"faces": {
				"down": { "uv": [ 1, 1, 15, 15 ], "texture": "#bottom", "cullface": "down" },
				"up": { "uv": [ 9, 1, 15, 15 ], "texture": "#top" },
				"north": { "uv": [ 9, 8, 15, 16 ], "texture": "#side" },
				"south": { "uv": [ 9, 8, 15, 16 ], "texture": "#side" },
				"west": { "uv": [ 1, 8, 15, 16 ], "texture": "#inside" },
				"east": { "uv": [ 1, 8, 15, 16 ], "texture": "#side" }
			}
		},
		{
			"from": [ 10, 8, 12 ],
			"to": [ 11, 9, 13 ],
			"faces": {
				"up": { "uv": [ 10, 12, 11, 13 ], "texture": "#top" },
				"north": { "uv": [ 11, 12, 10, 13 ], "texture": "#top" },
				"south": { "uv": [ 10, 12, 11, 13 ], "texture": "#top" },
				"west": { "uv": [ 10, 12, 11, 13 ], "texture": "#top", "rotation": 270 },
				"east": { "uv": [ 10, 12, 11, 13 ], "texture": "#top", "rotation": 90 }
			}
		},
		{
			"from": [ 9, 8, 7 ],
			"to": [ 10, 9, 9 ],
			"faces": {
				"up": { "uv": [ 9, 7, 10, 9 ], "texture": "#top" },
				"north": { "uv": [ 9, 7, 10, 8 ], "texture": "#top" },
				"south": { "uv": [ 9, 8, 10, 9 ], "texture": "#top" },
				"west": { "uv": [ 9, 7, 10, 9 ], "texture": "#top", "rotation": 270 },
				"east": { "uv": [ 9, 7, 10, 9 ], "texture": "#top", "rotation": 90 }
			}
		},
		{
			"from": [ 11, 8, 5 ],
			"to": [ 12, 9, 6 ],
			"faces": {
				"up": { "uv": [ 11, 5, 12, 6 ], "texture": "#top" },
				"north": { "uv": [ 12, 5, 11, 6 ], "texture": "#top" },
				"south": { "uv": [ 11, 5, 12, 6 ], "texture": "#top" },
				"west": { "uv": [ 11, 5, 12, 6 ], "texture": "#top", "rotation": 270 },
				"east": { "uv": [ 11, 5, 12, 6 ], "texture": "#top", "rotation": 90 }
			}
		},
		{
			"from": [ 11, 8, 2 ],
			"to": [ 12, 8.5, 3 ],
			"faces": {
				"up": { "uv": [ 11, 2, 12, 3 ], "texture": "#top" },
				"north": { "uv": [ 12, 2, 11, 3 ], "texture": "#top" },
				"south": { "uv": [ 11, 2, 12, 3 ], "texture": "#top" },
				"west": { "uv": [ 11, 2, 12, 3 ], "texture": "#top", "rotation": 270 },
				"east": { "uv": [ 11, 2, 12, 3 ], "texture": "#top", "rotation": 90 }
			}
		},
		{
			"from": [ 13, 8, 9 ],
			"to": [ 14, 8.5, 10 ],
			"faces": {
				"up": { "uv": [ 13, 9, 14, 10 ], "texture": "#top" },
				"north": { "uv": [ 14, 9, 13, 10 ], "texture": "#top" },
				"south": { "uv": [ 13, 9, 14, 10 ], "texture": "#top" },
				"west": { "uv": [ 13, 9, 14, 10 ], "texture": "#top", "rotation": 270 },
				"east": { "uv": [ 13, 9, 14, 10 ], "texture": "#top", "rotation": 90 }
			}
		}
	]
}