{
	"credit": "Created by GrandMagus",
	"parent": "block/door_bottom_left_open",
	"textures": {
		"bottom": "block/cherry_door_bottom",
		"bottom_flipped": "block/cherry_door_bottom_flipped",
		"side": "block/cherry_door_bottom_sides"
	},
	"elements": [
		{
			"from": [0, 15, 12],
			"to": [3, 16, 16],
			"faces": {
				"north": {"uv": [3, 0, 4, 1], "texture": "#bottom_flipped"},
				"east": {"uv": [0, 0, 4, 1], "texture": "#bottom"},
				"south": {"uv": [0, 0, 3, 1], "texture": "#side", "cullface": "south"},
				"west": {"uv": [4, 0, 0, 1], "texture": "#bottom_flipped", "cullface": "west"}
			}
		},
		{
			"from": [0, 0, 0],
			"to": [3, 15, 16],
			"faces": {
				"north": {"uv": [3, 1, 6, 16], "texture": "#side", "cullface": "north"},
				"east": {"uv": [0, 1, 16, 16], "texture": "#bottom"},
				"south": {"uv": [0, 1, 3, 16], "texture": "#side", "cullface": "south"},
				"west": {"uv": [16, 1, 0, 16], "texture": "#bottom_flipped", "cullface": "west"},
				"up": {"uv": [16, 1, 0, 2], "rotation": 90, "texture": "#bottom_flipped"},
				"down": {"uv": [6, 16, 9, 0], "texture": "#side", "cullface": "down"}
			}
		},
		{
			"from": [0, 15, 0],
			"to": [3, 16, 4],
			"faces": {
				"north": {"uv": [3, 1, 6, 0], "texture": "#side", "cullface": "north"},
				"east": {"uv": [12, 0, 16, 1], "texture": "#bottom"},
				"south": {"uv": [12, 0, 13, 1], "texture": "#bottom_flipped"},
				"west": {"uv": [16, 0, 12, 1], "texture": "#bottom_flipped", "cullface": "west"}
			}
		},
		{
			"from": [1.5, 15, 4],
			"to": [1.5, 16, 12],
			"faces": {
				"east": {"uv": [4, 0, 12, 1], "texture": "#bottom"},
				"west": {"uv": [12, 0, 4, 1], "texture": "#bottom_flipped", "cullface": "west"}
			}
		}
	]
}