{
	"credit": "Created by GrandMagus",
	"parent": "minecraft:block/template_chiseled_bookshelf_slot_top_mid",
	"textures": {
		"book": "block/models/chiseled_bookshelf_book_1",
		"particle": "block/models/chiseled_bookshelf_book_1"
	},
	"elements": [
		{
			"from": [6, 9, 0.5],
			"to": [10, 15, 6.5],
			"faces": {
				"north": {"uv": [0, 0, 4, 6], "texture": "#book"},
				"east": {"uv": [4, 0, 10, 6], "texture": "#book"},
				"west": {"uv": [4, 0, 10, 6], "texture": "#book"}
			}
		}
	]
}