{
	"credit": "Created by GrandMagus",
	"parent": "block/block",
	"textures": {
		"front": "block/models/chiseled_bookshelf_empty",
		"particle": "block/chiseled_bookshelf_top",
		"top": "block/chiseled_bookshelf_top",
		"side": "block/chiseled_bookshelf_side"
	},
	"elements": [
		{
			"from": [0, 0, 0],
			"to": [16, 16, 16],
			"faces": {
				"east": {"uv": [0, 0, 16, 16], "texture": "#side", "cullface": "east"},
				"south": {"uv": [0, 0, 16, 16], "texture": "#side", "cullface": "south"},
				"west": {"uv": [0, 0, 16, 16], "texture": "#side", "cullface": "west"},
				"up": {"uv": [0, 0, 16, 16], "texture": "#top", "cullface": "up"},
				"down": {"uv": [0, 0, 16, 16], "texture": "#top", "cullface": "down"}
			}
		},
		{
			"from": [0, 0, 0],
			"to": [1, 16, 6],
			"faces": {
				"north": {"uv": [15, 0, 16, 16], "texture": "#front"},
				"east": {"uv": [6, 0, 12, 16], "texture": "#side"}
			}
		},
		{
			"from": [15, 0, 0],
			"to": [16, 16, 6],
			"faces": {
				"north": {"uv": [0, 0, 1, 16], "texture": "#front"},
				"west": {"uv": [4, 0, 10, 16], "texture": "#side"}
			}
		},
		{
			"from": [0, 15, 0],
			"to": [16, 16, 6],
			"faces": {
				"north": {"uv": [0, 0, 16, 1], "texture": "#front"},
				"down": {"uv": [0, 10, 16, 16], "texture": "#top"}
			}
		},
		{
			"from": [0, 0, 0],
			"to": [16, 1, 6],
			"faces": {
				"north": {"uv": [0, 15, 16, 16], "texture": "#front"},
				"up": {"uv": [0, 0, 16, 6], "texture": "#top"}
			}
		},
		{
			"from": [0, 7, 0],
			"to": [16, 9, 6],
			"faces": {
				"north": {"uv": [0, 7, 16, 9], "texture": "#front"},
				"up": {"uv": [0, 0, 16, 6], "texture": "#top"},
				"down": {"uv": [0, 10, 16, 16], "texture": "#top"}
			}
		},
		{
			"from": [0, 0, 6],
			"to": [16, 16, 6],
			"faces": {
				"north": {"uv": [0, 0, 16, 16], "texture": "#front"}
			}
		}
	]
}