{
	"credit": "Created by GrandMagus",
	"parent": "minecraft:block/template_chiseled_bookshelf_slot_bottom_mid",
	"textures": {
		"book": "block/models/chiseled_bookshelf_book_4",
		"particle": "block/models/chiseled_bookshelf_book_4"
	},
	"elements": [
		{
			"from": [6, 1, 1.5],
			"to": [10, 6, 5.5],
			"faces": {
				"north": {"uv": [0, 0, 4, 5], "texture": "#book"},
				"east": {"uv": [4, 0, 8, 5], "texture": "#book"},
				"west": {"uv": [4, 0, 8, 5], "texture": "#book"},
				"up": {"uv": [0, 5, 4, 9], "texture": "#book"}
			}
		}
	]
}