{
	"credit": "Created by GrandMagus",
	"parent": "minecraft:block/template_chiseled_bookshelf_slot_top_left",
	"textures": {
		"book": "block/models/chiseled_bookshelf_book_0",
		"particle": "block/models/chiseled_bookshelf_book_0"
	},
	"elements": [
		{
			"from": [11, 9, 1],
			"to": [15, 14, 5],
			"faces": {
				"north": {"uv": [0, 0, 4, 5], "texture": "#book"},
				"west": {"uv": [4, 0, 8, 5], "texture": "#book"},
				"up": {"uv": [0, 5, 4, 9], "texture": "#book"}
			}
		}
	]
}