{
	"credit": "Created by GrandMagus",
	"parent": "minecraft:block/cube_all",
	"textures": {
		"all": "block/models/coal_ore_2"
	},
	"elements": [
		{
			"from": [0, 0, 0],
			"to": [16, 16, 16],
			"faces": {
				"north": {"uv": [0, 0, 16, 16], "texture": "#all", "cullface": "north"},
				"east": {"uv": [0, 0, 16, 16], "texture": "#all", "cullface": "east"},
				"south": {"uv": [0, 0, 16, 16], "texture": "#all", "cullface": "south"},
				"west": {"uv": [0, 0, 16, 16], "texture": "#all", "cullface": "west"},
				"up": {"uv": [0, 0, 16, 16], "texture": "#all", "cullface": "up"},
				"down": {"uv": [0, 0, 16, 16], "texture": "#all", "cullface": "down"}
			}
		},
		{
			"from": [4, 6, -1],
			"to": [8, 7, 0],
			"rotation": {"angle": 0, "axis": "y", "origin": [8, 8, 8]},
			"faces": {
				"north": {"uv": [8, 9, 12, 10], "texture": "#all", "cullface": "north"},
				"east": {"uv": [8, 9, 9, 10], "texture": "#all", "cullface": "north"},
				"west": {"uv": [11, 9, 12, 10], "texture": "#all", "cullface": "north"},
				"up": {"uv": [12, 9, 8, 10], "texture": "#all", "cullface": "north"},
				"down": {"uv": [12, 9, 8, 10], "texture": "#all", "cullface": "north"}
			}
		},
		{
			"from": [10, 10, -1],
			"to": [13, 11, 0],
			"rotation": {"angle": 0, "axis": "y", "origin": [8, 8, 8]},
			"faces": {
				"north": {"uv": [3, 5, 6, 6], "texture": "#all", "cullface": "north"},
				"east": {"uv": [3, 5, 4, 6], "texture": "#all", "cullface": "north"},
				"west": {"uv": [5, 5, 6, 6], "texture": "#all", "cullface": "north"},
				"up": {"uv": [6, 5, 3, 6], "texture": "#all", "cullface": "north"},
				"down": {"uv": [6, 5, 3, 6], "texture": "#all", "cullface": "north"}
			}
		},
		{
			"from": [11, 11, -0.5],
			"to": [13, 12, 0],
			"rotation": {"angle": 0, "axis": "y", "origin": [8, 8, 8]},
			"faces": {
				"north": {"uv": [3, 4, 5, 5], "texture": "#all", "cullface": "north"},
				"east": {"uv": [3, 4, 3.5, 5], "texture": "#all", "cullface": "north"},
				"west": {"uv": [4, 4, 4.5, 5], "texture": "#all", "cullface": "north"},
				"up": {"uv": [5, 4, 3, 4.5], "texture": "#all", "cullface": "north"}
			}
		},
		{
			"from": [4, 12, -0.5],
			"to": [6, 13, 0],
			"rotation": {"angle": 0, "axis": "y", "origin": [8, 8, 8]},
			"faces": {
				"north": {"uv": [10, 3, 12, 4], "texture": "#all", "cullface": "north"},
				"east": {"uv": [11, 3, 11.5, 4], "texture": "#all", "cullface": "north"},
				"west": {"uv": [10, 3, 10.5, 4], "texture": "#all", "cullface": "north"},
				"up": {"uv": [12, 3, 10, 3.5], "texture": "#all", "cullface": "north"},
				"down": {"uv": [10, 3, 12, 3.5], "texture": "#all", "cullface": "north"}
			}
		},
		{
			"from": [10, 3, -0.5],
			"to": [13, 4, 0],
			"rotation": {"angle": 0, "axis": "y", "origin": [8, 8, 8]},
			"faces": {
				"north": {"uv": [3, 12, 6, 13], "texture": "#all", "cullface": "north"},
				"east": {"uv": [3, 12, 3.5, 13], "texture": "#all", "cullface": "north"},
				"west": {"uv": [5, 12, 5.5, 13], "texture": "#all", "cullface": "north"},
				"up": {"uv": [6, 12, 3, 12.5], "texture": "#all", "cullface": "north"},
				"down": {"uv": [3, 12, 6, 12.5], "texture": "#all", "cullface": "north"}
			}
		},
		{
			"from": [11, 9, -0.5],
			"to": [12, 10, 0],
			"rotation": {"angle": 0, "axis": "y", "origin": [8, 8, 8]},
			"faces": {
				"north": {"uv": [4, 6, 5, 7], "texture": "#all", "cullface": "north"},
				"east": {"uv": [4, 6, 4.5, 7], "texture": "#all", "cullface": "north"},
				"west": {"uv": [4, 6, 4.5, 7], "texture": "#all", "cullface": "north"},
				"down": {"uv": [4, 6, 5, 6.5], "texture": "#all", "cullface": "north"}
			}
		},
		{
			"from": [11, 4, -0.5],
			"to": [12, 5, 0],
			"rotation": {"angle": 0, "axis": "y", "origin": [8, 8, 8]},
			"faces": {
				"north": {"uv": [4, 11, 5, 12], "texture": "#all", "cullface": "north"},
				"east": {"uv": [4, 11, 4.5, 12], "texture": "#all", "cullface": "north"},
				"west": {"uv": [4, 11, 4.5, 12], "texture": "#all", "cullface": "north"},
				"up": {"uv": [4, 11, 5, 11.5], "texture": "#all", "cullface": "north"}
			}
		},
		{
			"from": [5, 2, -0.5],
			"to": [6, 3, 0],
			"rotation": {"angle": 0, "axis": "y", "origin": [8, 8, 8]},
			"faces": {
				"north": {"uv": [10, 13, 11, 14], "texture": "#all", "cullface": "north"},
				"east": {"uv": [10, 13, 10.5, 14], "texture": "#all", "cullface": "north"},
				"west": {"uv": [10, 13, 10.5, 14], "texture": "#all", "cullface": "north"},
				"up": {"uv": [10, 13, 11, 13.5], "texture": "#all", "cullface": "north"},
				"down": {"uv": [10, 13, 11, 13.5], "texture": "#all", "cullface": "north"}
			}
		},
		{
			"from": [5, 5, -0.5],
			"to": [7, 8, 0],
			"rotation": {"angle": 0, "axis": "y", "origin": [8, 8, 8]},
			"faces": {
				"north": {"uv": [9, 8, 11, 11], "texture": "#all", "cullface": "north"},
				"east": {"uv": [9, 8, 9.5, 11], "texture": "#all", "cullface": "north"},
				"west": {"uv": [10, 8, 10.5, 11], "texture": "#all", "cullface": "north"},
				"up": {"uv": [11, 8, 9, 8.5], "texture": "#all", "cullface": "north"},
				"down": {"uv": [11, 10, 9, 10.5], "texture": "#all", "cullface": "north"}
			}
		},
		{
			"from": [16, 6, 4],
			"to": [17, 7, 8],
			"rotation": {"angle": 0, "axis": "y", "origin": [8, 8, 8]},
			"faces": {
				"north": {"uv": [11, 9, 12, 10], "texture": "#all", "cullface": "east"},
				"east": {"uv": [8, 9, 12, 10], "texture": "#all", "cullface": "east"},
				"south": {"uv": [8, 9, 9, 10], "texture": "#all", "cullface": "east"},
				"up": {"uv": [12, 9, 8, 10], "rotation": 90, "texture": "#all", "cullface": "east"},
				"down": {"uv": [12, 9, 8, 10], "rotation": 270, "texture": "#all", "cullface": "east"}
			}
		},
		{
			"from": [16, 10, 10],
			"to": [17, 11, 13],
			"rotation": {"angle": 0, "axis": "y", "origin": [8, 8, 8]},
			"faces": {
				"north": {"uv": [5, 5, 6, 6], "texture": "#all", "cullface": "east"},
				"east": {"uv": [3, 5, 6, 6], "texture": "#all", "cullface": "east"},
				"south": {"uv": [3, 5, 4, 6], "texture": "#all", "cullface": "east"},
				"up": {"uv": [6, 5, 3, 6], "rotation": 90, "texture": "#all", "cullface": "east"},
				"down": {"uv": [6, 5, 3, 6], "rotation": 270, "texture": "#all", "cullface": "east"}
			}
		},
		{
			"from": [16, 11, 11],
			"to": [16.5, 12, 13],
			"rotation": {"angle": 0, "axis": "y", "origin": [8, 8, 8]},
			"faces": {
				"north": {"uv": [4, 4, 4.5, 5], "texture": "#all", "cullface": "east"},
				"east": {"uv": [3, 4, 5, 5], "texture": "#all", "cullface": "east"},
				"south": {"uv": [3, 4, 3.5, 5], "texture": "#all", "cullface": "east"},
				"up": {"uv": [5, 4, 3, 4.5], "rotation": 90, "texture": "#all", "cullface": "east"}
			}
		},
		{
			"from": [16, 12, 4],
			"to": [16.5, 13, 6],
			"rotation": {"angle": 0, "axis": "y", "origin": [8, 8, 8]},
			"faces": {
				"north": {"uv": [10, 3, 10.5, 4], "texture": "#all", "cullface": "east"},
				"east": {"uv": [10, 3, 12, 4], "texture": "#all", "cullface": "east"},
				"south": {"uv": [11, 3, 11.5, 4], "texture": "#all", "cullface": "east"},
				"up": {"uv": [12, 3, 10, 3.5], "rotation": 90, "texture": "#all", "cullface": "east"},
				"down": {"uv": [10, 3, 12, 3.5], "rotation": 270, "texture": "#all", "cullface": "east"}
			}
		},
		{
			"from": [16, 3, 10],
			"to": [16.5, 4, 13],
			"rotation": {"angle": 0, "axis": "y", "origin": [8, 8, 8]},
			"faces": {
				"north": {"uv": [5, 12, 5.5, 13], "texture": "#all", "cullface": "east"},
				"east": {"uv": [3, 12, 6, 13], "texture": "#all", "cullface": "east"},
				"south": {"uv": [3, 12, 3.5, 13], "texture": "#all", "cullface": "east"},
				"up": {"uv": [6, 12, 3, 12.5], "rotation": 90, "texture": "#all", "cullface": "east"},
				"down": {"uv": [3, 12, 6, 12.5], "rotation": 270, "texture": "#all", "cullface": "east"}
			}
		},
		{
			"from": [16, 9, 11],
			"to": [16.5, 10, 12],
			"rotation": {"angle": 0, "axis": "y", "origin": [8, 8, 8]},
			"faces": {
				"north": {"uv": [4, 6, 4.5, 7], "texture": "#all", "cullface": "east"},
				"east": {"uv": [4, 6, 5, 7], "texture": "#all", "cullface": "east"},
				"south": {"uv": [4, 6, 4.5, 7], "texture": "#all", "cullface": "east"},
				"down": {"uv": [4, 6, 5, 6.5], "rotation": 270, "texture": "#all", "cullface": "east"}
			}
		},
		{
			"from": [16, 4, 11],
			"to": [16.5, 5, 12],
			"rotation": {"angle": 0, "axis": "y", "origin": [8, 8, 8]},
			"faces": {
				"north": {"uv": [4, 11, 4.5, 12], "texture": "#all", "cullface": "east"},
				"east": {"uv": [4, 11, 5, 12], "texture": "#all", "cullface": "east"},
				"south": {"uv": [4, 11, 4.5, 12], "texture": "#all", "cullface": "east"},
				"up": {"uv": [4, 11, 5, 11.5], "rotation": 90, "texture": "#all", "cullface": "east"}
			}
		},
		{
			"from": [16, 2, 5],
			"to": [16.5, 3, 6],
			"rotation": {"angle": 0, "axis": "y", "origin": [8, 8, 8]},
			"faces": {
				"north": {"uv": [10, 13, 10.5, 14], "texture": "#all", "cullface": "east"},
				"east": {"uv": [10, 13, 11, 14], "texture": "#all", "cullface": "east"},
				"south": {"uv": [10, 13, 10.5, 14], "texture": "#all", "cullface": "east"},
				"up": {"uv": [10, 13, 11, 13.5], "rotation": 90, "texture": "#all", "cullface": "east"},
				"down": {"uv": [10, 13, 11, 13.5], "rotation": 270, "texture": "#all", "cullface": "east"}
			}
		},
		{
			"from": [16, 5, 5],
			"to": [16.5, 8, 7],
			"rotation": {"angle": 0, "axis": "y", "origin": [8, 8, 8]},
			"faces": {
				"north": {"uv": [10, 8, 10.5, 11], "texture": "#all", "cullface": "east"},
				"east": {"uv": [9, 8, 11, 11], "texture": "#all", "cullface": "east"},
				"south": {"uv": [9, 8, 9.5, 11], "texture": "#all", "cullface": "east"},
				"up": {"uv": [11, 8, 9, 8.5], "rotation": 90, "texture": "#all", "cullface": "east"},
				"down": {"uv": [11, 10, 9, 10.5], "rotation": 270, "texture": "#all", "cullface": "east"}
			}
		},
		{
			"from": [9, 5, 16],
			"to": [11, 8, 16.5],
			"rotation": {"angle": 0, "axis": "y", "origin": [8, 8, 8]},
			"faces": {
				"east": {"uv": [10, 8, 10.5, 11], "texture": "#all", "cullface": "south"},
				"south": {"uv": [9, 8, 11, 11], "texture": "#all", "cullface": "south"},
				"west": {"uv": [9, 8, 9.5, 11], "texture": "#all", "cullface": "south"},
				"up": {"uv": [11, 8, 9, 8.5], "rotation": 180, "texture": "#all", "cullface": "south"},
				"down": {"uv": [11, 10, 9, 10.5], "rotation": 180, "texture": "#all", "cullface": "south"}
			}
		},
		{
			"from": [10, 2, 16],
			"to": [11, 3, 16.5],
			"rotation": {"angle": 0, "axis": "y", "origin": [8, 8, 8]},
			"faces": {
				"east": {"uv": [10, 13, 10.5, 14], "texture": "#all", "cullface": "south"},
				"south": {"uv": [10, 13, 11, 14], "texture": "#all", "cullface": "south"},
				"west": {"uv": [10, 13, 10.5, 14], "texture": "#all", "cullface": "south"},
				"up": {"uv": [10, 13, 11, 13.5], "rotation": 180, "texture": "#all", "cullface": "south"},
				"down": {"uv": [10, 13, 11, 13.5], "rotation": 180, "texture": "#all", "cullface": "south"}
			}
		},
		{
			"from": [4, 4, 16],
			"to": [5, 5, 16.5],
			"rotation": {"angle": 0, "axis": "y", "origin": [8, 8, 8]},
			"faces": {
				"east": {"uv": [4, 11, 4.5, 12], "texture": "#all", "cullface": "south"},
				"south": {"uv": [4, 11, 5, 12], "texture": "#all", "cullface": "south"},
				"west": {"uv": [4, 11, 4.5, 12], "texture": "#all", "cullface": "south"},
				"up": {"uv": [4, 11, 5, 11.5], "rotation": 180, "texture": "#all", "cullface": "south"}
			}
		},
		{
			"from": [4, 9, 16],
			"to": [5, 10, 16.5],
			"rotation": {"angle": 0, "axis": "y", "origin": [8, 8, 8]},
			"faces": {
				"east": {"uv": [4, 6, 4.5, 7], "texture": "#all", "cullface": "south"},
				"south": {"uv": [4, 6, 5, 7], "texture": "#all", "cullface": "south"},
				"west": {"uv": [4, 6, 4.5, 7], "texture": "#all", "cullface": "south"},
				"down": {"uv": [4, 6, 5, 6.5], "rotation": 180, "texture": "#all", "cullface": "south"}
			}
		},
		{
			"from": [3, 3, 16],
			"to": [6, 4, 16.5],
			"rotation": {"angle": 0, "axis": "y", "origin": [8, 8, 8]},
			"faces": {
				"east": {"uv": [5, 12, 5.5, 13], "texture": "#all", "cullface": "south"},
				"south": {"uv": [3, 12, 6, 13], "texture": "#all", "cullface": "south"},
				"west": {"uv": [3, 12, 3.5, 13], "texture": "#all", "cullface": "south"},
				"up": {"uv": [6, 12, 3, 12.5], "rotation": 180, "texture": "#all", "cullface": "south"},
				"down": {"uv": [3, 12, 6, 12.5], "rotation": 180, "texture": "#all", "cullface": "south"}
			}
		},
		{
			"from": [10, 12, 16],
			"to": [12, 13, 16.5],
			"rotation": {"angle": 0, "axis": "y", "origin": [8, 8, 8]},
			"faces": {
				"east": {"uv": [10, 3, 10.5, 4], "texture": "#all", "cullface": "south"},
				"south": {"uv": [10, 3, 12, 4], "texture": "#all", "cullface": "south"},
				"west": {"uv": [11, 3, 11.5, 4], "texture": "#all", "cullface": "south"},
				"up": {"uv": [12, 3, 10, 3.5], "rotation": 180, "texture": "#all", "cullface": "south"},
				"down": {"uv": [10, 3, 12, 3.5], "rotation": 180, "texture": "#all", "cullface": "south"}
			}
		},
		{
			"from": [3, 11, 16],
			"to": [5, 12, 16.5],
			"rotation": {"angle": 0, "axis": "y", "origin": [8, 8, 8]},
			"faces": {
				"east": {"uv": [4, 4, 4.5, 5], "texture": "#all", "cullface": "south"},
				"south": {"uv": [3, 4, 5, 5], "texture": "#all", "cullface": "south"},
				"west": {"uv": [3, 4, 3.5, 5], "texture": "#all", "cullface": "south"},
				"up": {"uv": [5, 4, 3, 4.5], "rotation": 180, "texture": "#all", "cullface": "south"}
			}
		},
		{
			"from": [3, 10, 16],
			"to": [6, 11, 17],
			"rotation": {"angle": 0, "axis": "y", "origin": [8, 8, 8]},
			"faces": {
				"east": {"uv": [5, 5, 6, 6], "texture": "#all", "cullface": "south"},
				"south": {"uv": [3, 5, 6, 6], "texture": "#all", "cullface": "south"},
				"west": {"uv": [3, 5, 4, 6], "texture": "#all", "cullface": "south"},
				"up": {"uv": [6, 5, 3, 6], "rotation": 180, "texture": "#all", "cullface": "south"},
				"down": {"uv": [6, 5, 3, 6], "rotation": 180, "texture": "#all", "cullface": "south"}
			}
		},
		{
			"from": [8, 6, 16],
			"to": [12, 7, 17],
			"rotation": {"angle": 0, "axis": "y", "origin": [8, 8, 8]},
			"faces": {
				"east": {"uv": [11, 9, 12, 10], "texture": "#all", "cullface": "south"},
				"south": {"uv": [8, 9, 12, 10], "texture": "#all", "cullface": "south"},
				"west": {"uv": [8, 9, 9, 10], "texture": "#all", "cullface": "south"},
				"up": {"uv": [12, 9, 8, 10], "rotation": 180, "texture": "#all", "cullface": "south"},
				"down": {"uv": [12, 9, 8, 10], "rotation": 180, "texture": "#all", "cullface": "south"}
			}
		},
		{
			"from": [-0.5, 5, 9],
			"to": [0, 8, 11],
			"rotation": {"angle": 0, "axis": "y", "origin": [8, 8, 8]},
			"faces": {
				"north": {"uv": [9, 8, 9.5, 11], "texture": "#all", "cullface": "west"},
				"south": {"uv": [10, 8, 10.5, 11], "texture": "#all", "cullface": "west"},
				"west": {"uv": [9, 8, 11, 11], "texture": "#all", "cullface": "west"},
				"up": {"uv": [11, 8, 9, 8.5], "rotation": 270, "texture": "#all", "cullface": "west"},
				"down": {"uv": [11, 10, 9, 10.5], "rotation": 90, "texture": "#all", "cullface": "west"}
			}
		},
		{
			"from": [-0.5, 2, 10],
			"to": [0, 3, 11],
			"rotation": {"angle": 0, "axis": "y", "origin": [8, 8, 8]},
			"faces": {
				"north": {"uv": [10, 13, 10.5, 14], "texture": "#all", "cullface": "west"},
				"south": {"uv": [10, 13, 10.5, 14], "texture": "#all", "cullface": "west"},
				"west": {"uv": [10, 13, 11, 14], "texture": "#all", "cullface": "west"},
				"up": {"uv": [10, 13, 11, 13.5], "rotation": 270, "texture": "#all", "cullface": "west"},
				"down": {"uv": [10, 13, 11, 13.5], "rotation": 90, "texture": "#all", "cullface": "west"}
			}
		},
		{
			"from": [-0.5, 4, 4],
			"to": [0, 5, 5],
			"rotation": {"angle": 0, "axis": "y", "origin": [8, 8, 8]},
			"faces": {
				"north": {"uv": [4, 11, 4.5, 12], "texture": "#all", "cullface": "west"},
				"south": {"uv": [4, 11, 4.5, 12], "texture": "#all", "cullface": "west"},
				"west": {"uv": [4, 11, 5, 12], "texture": "#all", "cullface": "west"},
				"up": {"uv": [4, 11, 5, 11.5], "rotation": 270, "texture": "#all", "cullface": "west"}
			}
		},
		{
			"from": [-0.5, 9, 4],
			"to": [0, 10, 5],
			"rotation": {"angle": 0, "axis": "y", "origin": [8, 8, 8]},
			"faces": {
				"north": {"uv": [4, 6, 4.5, 7], "texture": "#all", "cullface": "west"},
				"south": {"uv": [4, 6, 4.5, 7], "texture": "#all", "cullface": "west"},
				"west": {"uv": [4, 6, 5, 7], "texture": "#all", "cullface": "west"},
				"down": {"uv": [4, 6, 5, 6.5], "rotation": 90, "texture": "#all", "cullface": "west"}
			}
		},
		{
			"from": [-0.5, 3, 3],
			"to": [0, 4, 6],
			"rotation": {"angle": 0, "axis": "y", "origin": [8, 8, 8]},
			"faces": {
				"north": {"uv": [3, 12, 3.5, 13], "texture": "#all", "cullface": "west"},
				"south": {"uv": [5, 12, 5.5, 13], "texture": "#all", "cullface": "west"},
				"west": {"uv": [3, 12, 6, 13], "texture": "#all", "cullface": "west"},
				"up": {"uv": [6, 12, 3, 12.5], "rotation": 270, "texture": "#all", "cullface": "west"},
				"down": {"uv": [3, 12, 6, 12.5], "rotation": 90, "texture": "#all", "cullface": "west"}
			}
		},
		{
			"from": [-0.5, 12, 10],
			"to": [0, 13, 12],
			"rotation": {"angle": 0, "axis": "y", "origin": [8, 8, 8]},
			"faces": {
				"north": {"uv": [11, 3, 11.5, 4], "texture": "#all", "cullface": "west"},
				"south": {"uv": [10, 3, 10.5, 4], "texture": "#all", "cullface": "west"},
				"west": {"uv": [10, 3, 12, 4], "texture": "#all", "cullface": "west"},
				"up": {"uv": [12, 3, 10, 3.5], "rotation": 270, "texture": "#all", "cullface": "west"},
				"down": {"uv": [10, 3, 12, 3.5], "rotation": 90, "texture": "#all", "cullface": "west"}
			}
		},
		{
			"from": [-0.5, 11, 3],
			"to": [0, 12, 5],
			"rotation": {"angle": 0, "axis": "y", "origin": [8, 8, 8]},
			"faces": {
				"north": {"uv": [3, 4, 3.5, 5], "texture": "#all", "cullface": "west"},
				"south": {"uv": [4, 4, 4.5, 5], "texture": "#all", "cullface": "west"},
				"west": {"uv": [3, 4, 5, 5], "texture": "#all", "cullface": "west"},
				"up": {"uv": [5, 4, 3, 4.5], "rotation": 270, "texture": "#all", "cullface": "west"}
			}
		},
		{
			"from": [-1, 10, 3],
			"to": [0, 11, 6],
			"rotation": {"angle": 0, "axis": "y", "origin": [8, 8, 8]},
			"faces": {
				"north": {"uv": [3, 5, 4, 6], "texture": "#all", "cullface": "west"},
				"south": {"uv": [5, 5, 6, 6], "texture": "#all", "cullface": "west"},
				"west": {"uv": [3, 5, 6, 6], "texture": "#all", "cullface": "west"},
				"up": {"uv": [6, 5, 3, 6], "rotation": 270, "texture": "#all", "cullface": "west"},
				"down": {"uv": [6, 5, 3, 6], "rotation": 90, "texture": "#all", "cullface": "west"}
			}
		},
		{
			"from": [-1, 6, 8],
			"to": [0, 7, 12],
			"rotation": {"angle": 0, "axis": "y", "origin": [8, 8, 8]},
			"faces": {
				"north": {"uv": [8, 9, 9, 10], "texture": "#all", "cullface": "west"},
				"south": {"uv": [11, 9, 12, 10], "texture": "#all", "cullface": "west"},
				"west": {"uv": [8, 9, 12, 10], "texture": "#all", "cullface": "west"},
				"up": {"uv": [12, 9, 8, 10], "rotation": 270, "texture": "#all", "cullface": "west"},
				"down": {"uv": [12, 9, 8, 10], "rotation": 90, "texture": "#all", "cullface": "west"}
			}
		},
		{
			"from": [9, 16, 8],
			"to": [11, 16.5, 11],
			"rotation": {"angle": 0, "axis": "y", "origin": [8, 8, 8]},
			"faces": {
				"north": {"uv": [11, 8, 9, 8.5], "texture": "#all", "cullface": "up"},
				"east": {"uv": [10, 8, 10.5, 11], "rotation": 90, "texture": "#all", "cullface": "up"},
				"south": {"uv": [11, 10, 9, 10.5], "rotation": 180, "texture": "#all", "cullface": "up"},
				"west": {"uv": [9, 8, 9.5, 11], "rotation": 270, "texture": "#all", "cullface": "up"},
				"up": {"uv": [9, 8, 11, 11], "texture": "#all", "cullface": "up"}
			}
		},
		{
			"from": [10, 16, 13],
			"to": [11, 16.5, 14],
			"rotation": {"angle": 0, "axis": "y", "origin": [8, 8, 8]},
			"faces": {
				"north": {"uv": [10, 13, 11, 13.5], "texture": "#all", "cullface": "up"},
				"east": {"uv": [10, 13, 10.5, 14], "rotation": 90, "texture": "#all", "cullface": "up"},
				"south": {"uv": [10, 13, 11, 13.5], "rotation": 180, "texture": "#all", "cullface": "up"},
				"west": {"uv": [10, 13, 10.5, 14], "rotation": 270, "texture": "#all", "cullface": "up"},
				"up": {"uv": [10, 13, 11, 14], "texture": "#all", "cullface": "up"}
			}
		},
		{
			"from": [4, 16, 11],
			"to": [5, 16.5, 12],
			"rotation": {"angle": 0, "axis": "y", "origin": [8, 8, 8]},
			"faces": {
				"north": {"uv": [4, 11, 5, 11.5], "texture": "#all", "cullface": "up"},
				"east": {"uv": [4, 11, 4.5, 12], "rotation": 90, "texture": "#all", "cullface": "up"},
				"west": {"uv": [4, 11, 4.5, 12], "rotation": 270, "texture": "#all", "cullface": "up"},
				"up": {"uv": [4, 11, 5, 12], "texture": "#all", "cullface": "up"}
			}
		},
		{
			"from": [4, 16, 6],
			"to": [5, 16.5, 7],
			"rotation": {"angle": 0, "axis": "y", "origin": [8, 8, 8]},
			"faces": {
				"east": {"uv": [4, 6, 4.5, 7], "rotation": 90, "texture": "#all", "cullface": "up"},
				"south": {"uv": [4, 6, 5, 6.5], "rotation": 180, "texture": "#all", "cullface": "up"},
				"west": {"uv": [4, 6, 4.5, 7], "rotation": 270, "texture": "#all", "cullface": "up"},
				"up": {"uv": [4, 6, 5, 7], "texture": "#all", "cullface": "up"}
			}
		},
		{
			"from": [3, 16, 12],
			"to": [6, 16.5, 13],
			"rotation": {"angle": 0, "axis": "y", "origin": [8, 8, 8]},
			"faces": {
				"north": {"uv": [6, 12, 3, 12.5], "texture": "#all", "cullface": "up"},
				"east": {"uv": [5, 12, 5.5, 13], "rotation": 90, "texture": "#all", "cullface": "up"},
				"south": {"uv": [3, 12, 6, 12.5], "rotation": 180, "texture": "#all", "cullface": "up"},
				"west": {"uv": [3, 12, 3.5, 13], "rotation": 270, "texture": "#all", "cullface": "up"},
				"up": {"uv": [3, 12, 6, 13], "texture": "#all", "cullface": "up"}
			}
		},
		{
			"from": [10, 16, 3],
			"to": [12, 16.5, 4],
			"rotation": {"angle": 0, "axis": "y", "origin": [8, 8, 8]},
			"faces": {
				"north": {"uv": [12, 3, 10, 3.5], "texture": "#all", "cullface": "up"},
				"east": {"uv": [10, 3, 10.5, 4], "rotation": 90, "texture": "#all", "cullface": "up"},
				"south": {"uv": [10, 3, 12, 3.5], "rotation": 180, "texture": "#all", "cullface": "up"},
				"west": {"uv": [11, 3, 11.5, 4], "rotation": 270, "texture": "#all", "cullface": "up"},
				"up": {"uv": [10, 3, 12, 4], "texture": "#all", "cullface": "up"}
			}
		},
		{
			"from": [3, 16, 4],
			"to": [5, 16.5, 5],
			"rotation": {"angle": 0, "axis": "y", "origin": [8, 8, 8]},
			"faces": {
				"north": {"uv": [5, 4, 3, 4.5], "texture": "#all", "cullface": "up"},
				"east": {"uv": [4, 4, 4.5, 5], "rotation": 90, "texture": "#all", "cullface": "up"},
				"west": {"uv": [3, 4, 3.5, 5], "rotation": 270, "texture": "#all", "cullface": "up"},
				"up": {"uv": [3, 4, 5, 5], "texture": "#all", "cullface": "up"}
			}
		},
		{
			"from": [3, 16, 5],
			"to": [6, 17, 6],
			"rotation": {"angle": 0, "axis": "y", "origin": [8, 8, 8]},
			"faces": {
				"north": {"uv": [6, 5, 3, 6], "texture": "#all", "cullface": "up"},
				"east": {"uv": [5, 5, 6, 6], "rotation": 90, "texture": "#all", "cullface": "up"},
				"south": {"uv": [6, 5, 3, 6], "rotation": 180, "texture": "#all", "cullface": "up"},
				"west": {"uv": [3, 5, 4, 6], "rotation": 270, "texture": "#all", "cullface": "up"},
				"up": {"uv": [3, 5, 6, 6], "texture": "#all", "cullface": "up"}
			}
		},
		{
			"from": [8, 16, 9],
			"to": [12, 17, 10],
			"rotation": {"angle": 0, "axis": "y", "origin": [8, 8, 8]},
			"faces": {
				"north": {"uv": [12, 9, 8, 10], "texture": "#all", "cullface": "up"},
				"east": {"uv": [11, 9, 12, 10], "rotation": 90, "texture": "#all", "cullface": "up"},
				"south": {"uv": [12, 9, 8, 10], "rotation": 180, "texture": "#all", "cullface": "up"},
				"west": {"uv": [8, 9, 9, 10], "rotation": 270, "texture": "#all", "cullface": "up"},
				"up": {"uv": [8, 9, 12, 10], "texture": "#all", "cullface": "up"}
			}
		},
		{
			"from": [9, -0.5, 5],
			"to": [11, 0, 8],
			"rotation": {"angle": 0, "axis": "x", "origin": [8, 8, 8]},
			"faces": {
				"north": {"uv": [11, 10, 9, 10.5], "texture": "#all", "cullface": "down"},
				"east": {"uv": [10, 8, 10.5, 11], "rotation": 270, "texture": "#all", "cullface": "down"},
				"south": {"uv": [11, 8, 9, 8.5], "rotation": 180, "texture": "#all", "cullface": "down"},
				"west": {"uv": [9, 8, 9.5, 11], "rotation": 90, "texture": "#all", "cullface": "down"},
				"down": {"uv": [9, 8, 11, 11], "texture": "#all", "cullface": "down"}
			}
		},
		{
			"from": [10, -0.5, 2],
			"to": [11, 0, 3],
			"rotation": {"angle": 0, "axis": "x", "origin": [8, 8, 8]},
			"faces": {
				"north": {"uv": [10, 13, 11, 13.5], "texture": "#all", "cullface": "down"},
				"east": {"uv": [10, 13, 10.5, 14], "rotation": 270, "texture": "#all", "cullface": "down"},
				"south": {"uv": [10, 13, 11, 13.5], "rotation": 180, "texture": "#all", "cullface": "down"},
				"west": {"uv": [10, 13, 10.5, 14], "rotation": 90, "texture": "#all", "cullface": "down"},
				"down": {"uv": [10, 13, 11, 14], "texture": "#all", "cullface": "down"}
			}
		},
		{
			"from": [4, -0.5, 4],
			"to": [5, 0, 5],
			"rotation": {"angle": 0, "axis": "x", "origin": [8, 8, 8]},
			"faces": {
				"east": {"uv": [4, 11, 4.5, 12], "rotation": 270, "texture": "#all", "cullface": "down"},
				"south": {"uv": [4, 11, 5, 11.5], "rotation": 180, "texture": "#all", "cullface": "down"},
				"west": {"uv": [4, 11, 4.5, 12], "rotation": 90, "texture": "#all", "cullface": "down"},
				"down": {"uv": [4, 11, 5, 12], "texture": "#all", "cullface": "down"}
			}
		},
		{
			"from": [4, -0.5, 9],
			"to": [5, 0, 10],
			"rotation": {"angle": 0, "axis": "x", "origin": [8, 8, 8]},
			"faces": {
				"north": {"uv": [4, 6, 5, 6.5], "texture": "#all", "cullface": "down"},
				"east": {"uv": [4, 6, 4.5, 7], "rotation": 270, "texture": "#all", "cullface": "down"},
				"west": {"uv": [4, 6, 4.5, 7], "rotation": 90, "texture": "#all", "cullface": "down"},
				"down": {"uv": [4, 6, 5, 7], "texture": "#all", "cullface": "down"}
			}
		},
		{
			"from": [3, -0.5, 3],
			"to": [6, 0, 4],
			"rotation": {"angle": 0, "axis": "x", "origin": [8, 8, 8]},
			"faces": {
				"north": {"uv": [3, 12, 6, 12.5], "texture": "#all", "cullface": "down"},
				"east": {"uv": [5, 12, 5.5, 13], "rotation": 270, "texture": "#all", "cullface": "down"},
				"south": {"uv": [6, 12, 3, 12.5], "rotation": 180, "texture": "#all", "cullface": "down"},
				"west": {"uv": [3, 12, 3.5, 13], "rotation": 90, "texture": "#all", "cullface": "down"},
				"down": {"uv": [3, 12, 6, 13], "texture": "#all", "cullface": "down"}
			}
		},
		{
			"from": [10, -0.5, 12],
			"to": [12, 0, 13],
			"rotation": {"angle": 0, "axis": "x", "origin": [8, 8, 8]},
			"faces": {
				"north": {"uv": [10, 3, 12, 3.5], "texture": "#all", "cullface": "down"},
				"east": {"uv": [10, 3, 10.5, 4], "rotation": 270, "texture": "#all", "cullface": "down"},
				"south": {"uv": [12, 3, 10, 3.5], "rotation": 180, "texture": "#all", "cullface": "down"},
				"west": {"uv": [11, 3, 11.5, 4], "rotation": 90, "texture": "#all", "cullface": "down"},
				"down": {"uv": [10, 3, 12, 4], "texture": "#all", "cullface": "down"}
			}
		},
		{
			"from": [3, -0.5, 11],
			"to": [5, 0, 12],
			"rotation": {"angle": 0, "axis": "x", "origin": [8, 8, 8]},
			"faces": {
				"east": {"uv": [4, 4, 4.5, 5], "rotation": 270, "texture": "#all", "cullface": "down"},
				"south": {"uv": [5, 4, 3, 4.5], "rotation": 180, "texture": "#all", "cullface": "down"},
				"west": {"uv": [3, 4, 3.5, 5], "rotation": 90, "texture": "#all", "cullface": "down"},
				"down": {"uv": [3, 4, 5, 5], "texture": "#all", "cullface": "down"}
			}
		},
		{
			"from": [3, -1, 10],
			"to": [6, 0, 11],
			"rotation": {"angle": 0, "axis": "x", "origin": [8, 8, 8]},
			"faces": {
				"north": {"uv": [6, 5, 3, 6], "texture": "#all", "cullface": "down"},
				"east": {"uv": [5, 5, 6, 6], "rotation": 270, "texture": "#all", "cullface": "down"},
				"south": {"uv": [6, 5, 3, 6], "rotation": 180, "texture": "#all", "cullface": "down"},
				"west": {"uv": [3, 5, 4, 6], "rotation": 90, "texture": "#all", "cullface": "down"},
				"down": {"uv": [3, 5, 6, 6], "texture": "#all", "cullface": "down"}
			}
		},
		{
			"from": [8, -1, 6],
			"to": [12, 0, 7],
			"rotation": {"angle": 0, "axis": "x", "origin": [8, 8, 8]},
			"faces": {
				"north": {"uv": [12, 9, 8, 10], "texture": "#all", "cullface": "down"},
				"east": {"uv": [11, 9, 12, 10], "rotation": 270, "texture": "#all", "cullface": "down"},
				"south": {"uv": [12, 9, 8, 10], "rotation": 180, "texture": "#all", "cullface": "down"},
				"west": {"uv": [8, 9, 9, 10], "rotation": 90, "texture": "#all", "cullface": "down"},
				"down": {"uv": [8, 9, 12, 10], "texture": "#all", "cullface": "down"}
			}
		}
	]
}