{
	"credit": "Created by GrandMagus",
	"parent": "block/block",
	"textures": {
		"bottom": "block/crafter_bottom",
		"top": "block/crafter_top",
		"particle": "block/crafter_north",
		"north": "block/crafter_north",
		"south": "block/crafter_south",
		"west": "block/crafter_west",
		"east": "block/crafter_east"
	},
	"elements": [
		{
			"from": [1, 0, 0],
			"to": [15, 15, 16],
			"faces": {
				"north": {"uv": [1, 1, 15, 16], "texture": "#north", "cullface": "north"},
				"east": {"uv": [0, 1, 16, 16], "texture": "#east", "cullface": "east"},
				"south": {"uv": [1, 1, 15, 16], "texture": "#south", "cullface": "south"},
				"west": {"uv": [0, 1, 16, 16], "texture": "#west", "cullface": "west"},
				"up": {"uv": [1, 0, 15, 16], "rotation": 180, "texture": "#top", "cullface": "up"},
				"down": {"uv": [1, 0, 15, 16], "texture": "#bottom", "cullface": "down"}
			}
		},
		{
			"from": [15, 0, 0],
			"to": [16, 4, 16],
			"rotation": {"angle": 0, "axis": "y", "origin": [1, 0, 0]},
			"faces": {
				"north": {"uv": [0, 12, 1, 16], "texture": "#north", "cullface": "north"},
				"east": {"uv": [0, 12, 16, 16], "texture": "#east", "cullface": "east"},
				"south": {"uv": [0, 12, 1, 16], "texture": "#south", "cullface": "south"},
				"down": {"uv": [15, 0, 16, 16], "texture": "#bottom", "cullface": "down"}
			}
		},
		{
			"from": [15, 4, 0],
			"to": [16, 12, 3],
			"rotation": {"angle": 0, "axis": "y", "origin": [1, 4, 0]},
			"faces": {
				"north": {"uv": [0, 4, 1, 12], "texture": "#north", "cullface": "north"},
				"east": {"uv": [13, 4, 16, 12], "texture": "#east", "cullface": "east"},
				"south": {"uv": [13, 4, 14, 12], "texture": "#east", "cullface": "east"}
			}
		},
		{
			"from": [15, 4, 6],
			"to": [16, 12, 16],
			"rotation": {"angle": 0, "axis": "y", "origin": [1, 4, 5]},
			"faces": {
				"north": {"uv": [9, 4, 10, 12], "texture": "#east", "cullface": "east"},
				"east": {"uv": [0, 4, 10, 12], "texture": "#east", "cullface": "east"},
				"south": {"uv": [15, 4, 16, 12], "texture": "#south", "cullface": "south"}
			}
		},
		{
			"from": [15, 12, 0],
			"to": [16, 15, 16],
			"rotation": {"angle": 0, "axis": "y", "origin": [1, 4, 5]},
			"faces": {
				"north": {"uv": [0, 1, 1, 4], "texture": "#north", "cullface": "north"},
				"east": {"uv": [0, 1, 16, 4], "texture": "#east", "cullface": "east"},
				"south": {"uv": [15, 1, 16, 4], "texture": "#south", "cullface": "south"},
				"down": {"uv": [0, 3, 16, 4], "rotation": 90, "texture": "#east", "cullface": "east"}
			}
		},
		{
			"from": [15, 6, 5],
			"to": [16, 10, 6],
			"rotation": {"angle": 0, "axis": "y", "origin": [1, 4, 4]},
			"faces": {
				"north": {"uv": [10, 6, 11, 10], "texture": "#east", "cullface": "east"},
				"east": {"uv": [10, 6, 11, 10], "texture": "#east", "cullface": "east"},
				"up": {"uv": [10, 6, 11, 7], "rotation": 270, "texture": "#east", "cullface": "east"}
			}
		},
		{
			"from": [15, 4, 3],
			"to": [17, 7, 5],
			"rotation": {"angle": 0, "axis": "y", "origin": [1, 3, 0]},
			"faces": {
				"north": {"uv": [11, 9, 13, 12], "texture": "#east", "cullface": "east"},
				"east": {"uv": [11, 9, 13, 12], "texture": "#east", "cullface": "east"},
				"south": {"uv": [11, 9, 13, 12], "texture": "#east", "cullface": "east"},
				"up": {"uv": [10, 10, 12, 12], "rotation": 270, "texture": "#east", "cullface": "east"},
				"down": {"uv": [11, 10, 13, 12], "rotation": 180, "texture": "#east", "cullface": "east"}
			}
		},
		{
			"from": [15, 4, 5],
			"to": [17, 6, 6],
			"rotation": {"angle": 0, "axis": "y", "origin": [1, 3, 1]},
			"faces": {
				"east": {"uv": [10, 10, 11, 12], "texture": "#east", "cullface": "east"},
				"south": {"uv": [10, 10, 12, 12], "rotation": 270, "texture": "#east", "cullface": "east"},
				"up": {"uv": [10, 10, 12, 11], "rotation": 180, "texture": "#east", "cullface": "east"},
				"down": {"uv": [10, 10, 12, 11], "rotation": 180, "texture": "#east", "cullface": "east"}
			}
		},
		{
			"from": [0, 4, 6],
			"to": [1, 12, 16],
			"rotation": {"angle": 0, "axis": "y", "origin": [-14, 4, 5]},
			"faces": {
				"north": {"uv": [6, 4, 7, 12], "texture": "#west", "cullface": "west"},
				"south": {"uv": [0, 4, 1, 12], "texture": "#south", "cullface": "south"},
				"west": {"uv": [6, 4, 16, 12], "texture": "#west", "cullface": "west"}
			}
		},
		{
			"from": [0, 12, 0],
			"to": [1, 15, 16],
			"rotation": {"angle": 0, "axis": "y", "origin": [-14, 4, 5]},
			"faces": {
				"north": {"uv": [15, 1, 16, 4], "texture": "#north", "cullface": "north"},
				"south": {"uv": [0, 1, 1, 4], "texture": "#south", "cullface": "south"},
				"west": {"uv": [0, 1, 16, 4], "texture": "#west", "cullface": "west"},
				"down": {"uv": [0, 3, 16, 4], "rotation": 90, "texture": "#west", "cullface": "west"}
			}
		},
		{
			"from": [0, 4, 0],
			"to": [1, 12, 3],
			"rotation": {"angle": 0, "axis": "y", "origin": [-14, 4, 0]},
			"faces": {
				"north": {"uv": [15, 4, 16, 12], "texture": "#north", "cullface": "north"},
				"south": {"uv": [2, 4, 3, 12], "texture": "#west", "cullface": "west"},
				"west": {"uv": [0, 4, 3, 12], "texture": "#west", "cullface": "west"}
			}
		},
		{
			"from": [0, 6, 5],
			"to": [1, 10, 6],
			"rotation": {"angle": 0, "axis": "y", "origin": [-14, 4, 4]},
			"faces": {
				"north": {"uv": [5, 6, 6, 10], "texture": "#west", "cullface": "west"},
				"west": {"uv": [5, 6, 6, 10], "texture": "#west", "cullface": "west"},
				"up": {"uv": [5, 6, 6, 7], "rotation": 270, "texture": "#west", "cullface": "west"}
			}
		},
		{
			"from": [0, 0, 0],
			"to": [1, 4, 16],
			"rotation": {"angle": 0, "axis": "y", "origin": [-14, 0, 0]},
			"faces": {
				"north": {"uv": [15, 12, 16, 16], "texture": "#north", "cullface": "north"},
				"south": {"uv": [0, 12, 1, 16], "texture": "#south", "cullface": "south"},
				"west": {"uv": [0, 12, 16, 16], "texture": "#west", "cullface": "west"},
				"down": {"uv": [0, 0, 1, 16], "texture": "#bottom", "cullface": "down"}
			}
		},
		{
			"from": [-1, 4, 3],
			"to": [1, 7, 5],
			"rotation": {"angle": 0, "axis": "y", "origin": [-15, 3, 0]},
			"faces": {
				"north": {"uv": [3, 9, 5, 12], "texture": "#west", "cullface": "west"},
				"south": {"uv": [3, 9, 5, 12], "texture": "#west", "cullface": "west"},
				"west": {"uv": [3, 9, 5, 12], "texture": "#west", "cullface": "west"},
				"up": {"uv": [3, 9, 5, 11], "rotation": 270, "texture": "#west", "cullface": "west"},
				"down": {"uv": [3, 10, 5, 12], "rotation": 180, "texture": "#west", "cullface": "west"}
			}
		},
		{
			"from": [-1, 4, 5],
			"to": [1, 6, 6],
			"rotation": {"angle": 0, "axis": "y", "origin": [-15, 3, 1]},
			"faces": {
				"south": {"uv": [4, 10, 6, 12], "rotation": 90, "texture": "#west", "cullface": "west"},
				"west": {"uv": [5, 10, 6, 12], "texture": "#west", "cullface": "west"},
				"up": {"uv": [4, 10, 6, 11], "rotation": 180, "texture": "#west", "cullface": "west"},
				"down": {"uv": [4, 10, 6, 11], "rotation": 180, "texture": "#west", "cullface": "west"}
			}
		},
		{
			"from": [0, 15, 0],
			"to": [16, 16, 3],
			"faces": {
				"north": {"uv": [0, 0, 16, 1], "texture": "#north", "cullface": "north"},
				"east": {"uv": [13, 0, 16, 1], "texture": "#east", "cullface": "east"},
				"south": {"uv": [0, 13, 16, 14], "rotation": 180, "texture": "#top", "cullface": "up"},
				"west": {"uv": [0, 0, 3, 1], "texture": "#west", "cullface": "west"},
				"up": {"uv": [0, 13, 16, 16], "rotation": 180, "texture": "#top", "cullface": "up"}
			}
		},
		{
			"from": [4, 15, 4],
			"to": [6, 16, 6],
			"rotation": {"angle": 0, "axis": "y", "origin": [0, 0, 4]},
			"faces": {
				"north": {"uv": [10, 11, 12, 12], "texture": "#top", "cullface": "up"},
				"east": {"uv": [10, 10, 11, 12], "rotation": 270, "texture": "#top", "cullface": "up"},
				"south": {"uv": [10, 10, 12, 11], "rotation": 180, "texture": "#top", "cullface": "up"},
				"west": {"uv": [11, 10, 12, 12], "rotation": 90, "texture": "#top", "cullface": "up"},
				"up": {"uv": [10, 10, 12, 12], "rotation": 180, "texture": "#top", "cullface": "up"}
			}
		},
		{
			"from": [7, 15, 4],
			"to": [9, 16, 6],
			"rotation": {"angle": 0, "axis": "y", "origin": [3, 0, 4]},
			"faces": {
				"north": {"uv": [7, 11, 9, 12], "texture": "#top", "cullface": "up"},
				"east": {"uv": [7, 10, 8, 12], "rotation": 270, "texture": "#top", "cullface": "up"},
				"south": {"uv": [7, 10, 9, 11], "rotation": 180, "texture": "#top", "cullface": "up"},
				"west": {"uv": [8, 10, 9, 12], "rotation": 90, "texture": "#top", "cullface": "up"},
				"up": {"uv": [7, 10, 9, 12], "rotation": 180, "texture": "#top", "cullface": "up"}
			}
		},
		{
			"from": [10, 15, 4],
			"to": [12, 16, 6],
			"rotation": {"angle": 0, "axis": "y", "origin": [6, 0, 4]},
			"faces": {
				"north": {"uv": [4, 11, 6, 12], "texture": "#top", "cullface": "up"},
				"east": {"uv": [4, 10, 5, 12], "rotation": 270, "texture": "#top", "cullface": "up"},
				"south": {"uv": [4, 10, 6, 11], "rotation": 180, "texture": "#top", "cullface": "up"},
				"west": {"uv": [5, 10, 6, 12], "rotation": 90, "texture": "#top", "cullface": "up"},
				"up": {"uv": [4, 10, 6, 12], "rotation": 180, "texture": "#top", "cullface": "up"}
			}
		},
		{
			"from": [10, 15, 7],
			"to": [12, 16, 9],
			"rotation": {"angle": 0, "axis": "y", "origin": [6, 0, 7]},
			"faces": {
				"north": {"uv": [4, 8, 6, 9], "texture": "#top", "cullface": "up"},
				"east": {"uv": [4, 7, 5, 9], "rotation": 270, "texture": "#top", "cullface": "up"},
				"south": {"uv": [4, 7, 6, 8], "rotation": 180, "texture": "#top", "cullface": "up"},
				"west": {"uv": [5, 7, 6, 9], "rotation": 90, "texture": "#top", "cullface": "up"},
				"up": {"uv": [4, 7, 6, 9], "rotation": 180, "texture": "#top", "cullface": "up"}
			}
		},
		{
			"from": [10, 15, 10],
			"to": [12, 16, 12],
			"rotation": {"angle": 0, "axis": "y", "origin": [6, 0, 10]},
			"faces": {
				"north": {"uv": [4, 5, 6, 6], "texture": "#top", "cullface": "up"},
				"east": {"uv": [4, 4, 5, 6], "rotation": 270, "texture": "#top", "cullface": "up"},
				"south": {"uv": [4, 4, 6, 5], "rotation": 180, "texture": "#top", "cullface": "up"},
				"west": {"uv": [5, 4, 6, 6], "rotation": 90, "texture": "#top", "cullface": "up"},
				"up": {"uv": [4, 4, 6, 6], "rotation": 180, "texture": "#top", "cullface": "up"}
			}
		},
		{
			"from": [7, 15, 10],
			"to": [9, 16, 12],
			"rotation": {"angle": 0, "axis": "y", "origin": [3, 0, 10]},
			"faces": {
				"north": {"uv": [7, 5, 9, 6], "texture": "#top", "cullface": "up"},
				"east": {"uv": [7, 4, 8, 6], "rotation": 270, "texture": "#top", "cullface": "up"},
				"south": {"uv": [7, 4, 9, 5], "rotation": 180, "texture": "#top", "cullface": "up"},
				"west": {"uv": [8, 4, 9, 6], "rotation": 90, "texture": "#top", "cullface": "up"},
				"up": {"uv": [7, 4, 9, 6], "rotation": 180, "texture": "#top", "cullface": "up"}
			}
		},
		{
			"from": [4, 15, 10],
			"to": [6, 16, 12],
			"rotation": {"angle": 0, "axis": "y", "origin": [0, 0, 10]},
			"faces": {
				"north": {"uv": [10, 5, 12, 6], "texture": "#top", "cullface": "up"},
				"east": {"uv": [10, 4, 11, 6], "rotation": 270, "texture": "#top", "cullface": "up"},
				"south": {"uv": [10, 4, 12, 5], "rotation": 180, "texture": "#top", "cullface": "up"},
				"west": {"uv": [11, 4, 12, 6], "rotation": 90, "texture": "#top", "cullface": "up"},
				"up": {"uv": [10, 4, 12, 6], "rotation": 180, "texture": "#top", "cullface": "up"}
			}
		},
		{
			"from": [4, 15, 7],
			"to": [6, 16, 9],
			"rotation": {"angle": 0, "axis": "y", "origin": [0, 0, 7]},
			"faces": {
				"north": {"uv": [10, 8, 12, 9], "texture": "#top", "cullface": "up"},
				"east": {"uv": [10, 7, 11, 9], "rotation": 270, "texture": "#top", "cullface": "up"},
				"south": {"uv": [10, 7, 12, 8], "rotation": 180, "texture": "#top", "cullface": "up"},
				"west": {"uv": [11, 7, 12, 9], "rotation": 90, "texture": "#top", "cullface": "up"},
				"up": {"uv": [10, 7, 12, 9], "rotation": 180, "texture": "#top", "cullface": "up"}
			}
		},
		{
			"from": [7, 15, 7],
			"to": [9, 16, 9],
			"rotation": {"angle": 0, "axis": "y", "origin": [3, 0, 7]},
			"faces": {
				"north": {"uv": [7, 8, 9, 9], "texture": "#top", "cullface": "up"},
				"east": {"uv": [7, 7, 8, 9], "rotation": 270, "texture": "#top", "cullface": "up"},
				"south": {"uv": [7, 7, 9, 8], "rotation": 180, "texture": "#top", "cullface": "up"},
				"west": {"uv": [8, 7, 9, 9], "rotation": 90, "texture": "#top", "cullface": "up"},
				"up": {"uv": [7, 7, 9, 9], "rotation": 180, "texture": "#top", "cullface": "up"}
			}
		},
		{
			"from": [0, 15, 13],
			"to": [16, 16, 16],
			"rotation": {"angle": 0, "axis": "y", "origin": [0, 0, 13]},
			"faces": {
				"north": {"uv": [0, 2, 16, 3], "texture": "#top", "cullface": "up"},
				"east": {"uv": [0, 0, 3, 1], "texture": "#east", "cullface": "east"},
				"south": {"uv": [0, 0, 16, 1], "texture": "#south", "cullface": "south"},
				"west": {"uv": [13, 0, 16, 1], "texture": "#west", "cullface": "west"},
				"up": {"uv": [0, 0, 16, 3], "rotation": 180, "texture": "#top", "cullface": "up"}
			}
		},
		{
			"from": [0, 15, 0],
			"to": [3, 16, 16],
			"faces": {
				"north": {"uv": [13, 0, 16, 1], "texture": "#north", "cullface": "north"},
				"east": {"uv": [13, 0, 14, 16], "rotation": 270, "texture": "#top", "cullface": "up"},
				"south": {"uv": [0, 0, 3, 1], "texture": "#south", "cullface": "south"},
				"west": {"uv": [0, 0, 16, 1], "texture": "#west", "cullface": "west"},
				"up": {"uv": [13, 0, 16, 16], "rotation": 180, "texture": "#top", "cullface": "up"}
			}
		},
		{
			"from": [13, 15, 0],
			"to": [16, 16, 16],
			"rotation": {"angle": 0, "axis": "y", "origin": [13, 0, 0]},
			"faces": {
				"north": {"uv": [0, 0, 3, 1], "texture": "#north", "cullface": "north"},
				"east": {"uv": [0, 0, 16, 1], "texture": "#east", "cullface": "east"},
				"south": {"uv": [13, 0, 16, 1], "texture": "#south", "cullface": "south"},
				"west": {"uv": [2, 0, 3, 16], "rotation": 90, "texture": "#top", "cullface": "up"},
				"up": {"uv": [0, 0, 3, 16], "rotation": 180, "texture": "#top", "cullface": "up"}
			}
		}
	]
}