{
	"ambientocclusion": false,
	"textures": {
		"crop_double": "#crop_double",
		"particle": "#crop",
		"crop": "#crop"
	},
	"elements": [
		{
			"from": [ 4, -1, -8 ],
			"to": [ 4.001, 31, 24 ],
			"shade": false,
			"faces": {
				"west": { "uv": [ 0, 0, 16, 16 ], "texture": "#crop" },
				"east": { "uv": [ 0, 0, 16, 16 ], "texture": "#crop" }
			}
		},
		{
			"from": [ 12, -1, -8 ],
			"to": [ 12.001, 31, 24 ],
			"shade": false,
			"faces": {
				"west": { "uv": [ 0, 0, 16, 16 ], "texture": "#crop" },
				"east": { "uv": [ 0, 0, 16, 16 ], "texture": "#crop" }
			}
		},
		{
			"from": [ -8, -1, 4 ],
			"to": [ 24, 31, 4.001 ],
			"shade": false,
			"faces": {
				"north": { "uv": [ 0, 0, 16, 16 ], "texture": "#crop" },
				"south": { "uv": [ 0, 0, 16, 16 ], "texture": "#crop" }
			}
		},
		{
			"from": [ -8, -1, 12 ],
			"to": [ 24, 31, 12.001 ],
			"shade": false,
			"faces": {
				"north": { "uv": [ 0, 0, 16, 16 ], "texture": "#crop" },
				"south": { "uv": [ 0, 0, 16, 16 ], "texture": "#crop" }
			}
		}
	]
}