{
	"credit": "Created by GrandMagus",
	"parent": "block/slab",
	"textures": {
		"particle": "block/cut_sandstone",
		"side": "block/cut_sandstone",
		"up": "block/sandstone_top",
		"down": "block/sandstone_top"
	},
	"elements": [
		{
			"from": [ 0, 8, 0 ],
			"to": [ 16, 9, 16 ],
			"faces": {
				"down": { "uv": [ 0, 0, 16, 16 ], "texture": "#down" },
				"north": { "uv": [ 0, 15, 16, 16 ], "texture": "#side", "cullface": "north" },
				"south": { "uv": [ 0, 15, 16, 16 ], "texture": "#side", "cullface": "south" },
				"west": { "uv": [ 0, 15, 16, 16 ], "texture": "#side", "cullface": "west" },
				"east": { "uv": [ 0, 15, 16, 16 ], "texture": "#side", "cullface": "east" }
			}
		},
		{
			"from": [ 0, 13, 0 ],
			"to": [ 16, 16, 16 ],
			"faces": {
				"up": { "uv": [ 0, 0, 16, 16 ], "texture": "#up", "cullface": "up" },
				"north": { "uv": [ 0, 0, 16, 3 ], "texture": "#side", "cullface": "north" },
				"south": { "uv": [ 0, 0, 16, 3 ], "texture": "#side", "cullface": "south" },
				"west": { "uv": [ 0, 0, 16, 3 ], "texture": "#side", "cullface": "west" },
				"east": { "uv": [ 0, 0, 16, 3 ], "texture": "#side", "cullface": "east" }
			}
		},
		{
			"from": [ 0, 9, 0 ],
			"to": [ 16, 13, 16 ],
			"faces": {
				"north": { "uv": [ 0, 3, 16, 7 ], "texture": "#side", "cullface": "north" },
				"south": { "uv": [ 0, 3, 16, 7 ], "texture": "#side", "cullface": "south" },
				"west": { "uv": [ 0, 3, 16, 7 ], "texture": "#side", "cullface": "west" },
				"east": { "uv": [ 0, 3, 16, 7 ], "texture": "#side", "cullface": "east" }
			}
		}
	]
}