{
	"credit": "Created by GrandMagus",
	"parent": "block/orientable_vertical",
	"textures": {
		"front": "block/dispenser_front_vertical",
		"side": "block/furnace_top"
	},
	"elements": [
		{
			"from": [ 0, 0, 0 ],
			"to": [ 16, 16, 16 ],
			"faces": {
				"down": { "uv": [ 0, 0, 16, 16 ], "texture": "#side", "cullface": "down" },
				"north": { "uv": [ 0, 0, 16, 16 ], "texture": "#side", "cullface": "north" },
				"south": { "uv": [ 0, 0, 16, 16 ], "texture": "#side", "cullface": "south" },
				"west": { "uv": [ 0, 0, 16, 16 ], "texture": "#side", "cullface": "west" },
				"east": { "uv": [ 0, 0, 16, 16 ], "texture": "#side", "cullface": "east" }
			}
		},
		{
			"from": [ 5, 15, 5 ],
			"to": [ 11, 15.001, 11 ],
			"faces": {
				"up": { "uv": [ 5, 5, 11, 11 ], "texture": "#front", "cullface": "up" }
			}
		},
		{
			"from": [ 0, 16, 0 ],
			"to": [ 16, 16.001, 5 ],
			"faces": {
				"up": { "uv": [ 0, 0, 16, 5 ], "texture": "#front", "cullface": "up" }
			}
		},
		{
			"from": [ 0, 16, 11 ],
			"to": [ 16, 16.001, 16 ],
			"faces": {
				"up": { "uv": [ 0, 11, 16, 16 ], "texture": "#front", "cullface": "up" }
			}
		},
		{
			"from": [ 0, 16, 5 ],
			"to": [ 5, 16.001, 11 ],
			"faces": {
				"up": { "uv": [ 0, 5, 5, 11 ], "texture": "#front", "cullface": "up" }
			}
		},
		{
			"from": [ 10, 16, 5 ],
			"to": [ 11, 16.001, 7 ],
			"faces": {
				"up": { "uv": [ 10, 5, 11, 7 ], "texture": "#front", "cullface": "up" }
			}
		},
		{
			"from": [ 10, 15, 9 ],
			"to": [ 11, 16, 9.001 ],
			"faces": {
				"north": { "uv": [ 9, 10, 10, 11 ], "texture": "#front", "cullface": "up" }
			}
		},
		{
			"from": [ 9, 15, 10 ],
			"to": [ 9.001, 16, 11 ],
			"faces": {
				"west": { "uv": [ 10, 9, 11, 10 ], "texture": "#front", "cullface": "up", "rotation": 270 }
			}
		},
		{
			"from": [ 7, 15, 5 ],
			"to": [ 7.001, 16, 6 ],
			"faces": {
				"east": { "uv": [ 5, 9, 6, 10 ], "texture": "#front", "cullface": "up", "rotation": 270 }
			}
		},
		{
			"from": [ 7, 15, 11 ],
			"to": [ 9, 16, 11.001 ],
			"faces": {
				"north": { "uv": [ 7, 11, 9, 12 ], "texture": "#front", "cullface": "up" }
			}
		},
		{
			"from": [ 7, 15, 5 ],
			"to": [ 9, 16, 5.001 ],
			"faces": {
				"south": { "uv": [ 7, 4, 9, 5 ], "texture": "#front", "cullface": "up" }
			}
		},
		{
			"from": [ 5, 15, 9 ],
			"to": [ 6, 16, 9.001 ],
			"faces": {
				"north": { "uv": [ 6, 10, 7, 11 ], "texture": "#front", "cullface": "up" }
			}
		},
		{
			"from": [ 5, 15, 7 ],
			"to": [ 6, 16, 7.001 ],
			"faces": {
				"south": { "uv": [ 6, 5, 7, 6 ], "texture": "#front", "cullface": "up" }
			}
		},
		{
			"from": [ 5, 15, 7 ],
			"to": [ 5.001, 16, 9 ],
			"faces": {
				"east": { "uv": [ 4, 7, 5, 9 ], "texture": "#front", "cullface": "up", "rotation": 270 }
			}
		},
		{
			"from": [ 7, 15, 10 ],
			"to": [ 7.001, 16, 11 ],
			"faces": {
				"east": { "uv": [ 5, 9, 6, 10 ], "texture": "#front", "cullface": "up", "rotation": 270 }
			}
		},
		{
			"from": [ 11, 15, 7 ],
			"to": [ 11.001, 16, 9 ],
			"faces": {
				"west": { "uv": [ 11, 7, 12, 9 ], "texture": "#front", "cullface": "up", "rotation": 270 }
			}
		},
		{
			"from": [ 9, 15, 10 ],
			"to": [ 9.001, 16, 11 ],
			"faces": {
				"west": { "uv": [ 10, 6, 11, 7 ], "texture": "#front", "cullface": "up", "rotation": 270 }
			}
		},
		{
			"from": [ 11, 16, 5 ],
			"to": [ 16, 16.001, 11 ],
			"faces": {
				"up": { "uv": [ 11, 5, 16, 11 ], "texture": "#front", "cullface": "up" }
			}
		},
		{
			"from": [ 9, 16, 5 ],
			"to": [ 10, 16.001, 6 ],
			"faces": {
				"up": { "uv": [ 9, 5, 10, 6 ], "texture": "#front", "cullface": "up" }
			}
		},
		{
			"from": [ 9, 16, 10 ],
			"to": [ 10, 16.001, 11 ],
			"faces": {
				"up": { "uv": [ 9, 10, 10, 11 ], "texture": "#front", "cullface": "up" }
			}
		},
		{
			"from": [ 6, 16, 10 ],
			"to": [ 7, 16.001, 11 ],
			"faces": {
				"up": { "uv": [ 6, 10, 7, 11 ], "texture": "#front", "cullface": "up" }
			}
		},
		{
			"from": [ 6, 16, 5 ],
			"to": [ 7, 16.001, 6 ],
			"faces": {
				"up": { "uv": [ 6, 5, 7, 6 ], "texture": "#front", "cullface": "up" }
			}
		},
		{
			"from": [ 5, 16, 5 ],
			"to": [ 6, 16.001, 7 ],
			"faces": {
				"up": { "uv": [ 5, 5, 6, 7 ], "texture": "#front", "cullface": "up" }
			}
		},
		{
			"from": [ 5, 16, 9 ],
			"to": [ 6, 16.001, 11 ],
			"faces": {
				"up": { "uv": [ 5, 9, 6, 11 ], "texture": "#front", "cullface": "up" }
			}
		},
		{
			"from": [ 10, 16, 9 ],
			"to": [ 11, 16.001, 11 ],
			"faces": {
				"up": { "uv": [ 10, 9, 11, 11 ], "texture": "#front", "cullface": "up" }
			}
		},
		{
			"from": [ 10, 15, 6 ],
			"to": [ 10.001, 16, 7 ],
			"faces": {
				"west": { "uv": [ 10, 6, 11, 7 ], "texture": "#front", "cullface": "up", "rotation": 270 }
			}
		},
		{
			"from": [ 9, 15, 5 ],
			"to": [ 9.001, 16, 6 ],
			"faces": {
				"west": { "uv": [ 10, 6, 11, 7 ], "texture": "#front", "cullface": "up", "rotation": 270 }
			}
		},
		{
			"from": [ 9, 15, 6 ],
			"to": [ 10, 16, 6.001 ],
			"faces": {
				"south": { "uv": [ 9, 5, 10, 6 ], "texture": "#front", "cullface": "up" }
			}
		},
		{
			"from": [ 10, 15, 7 ],
			"to": [ 11, 16, 7.001 ],
			"faces": {
				"south": { "uv": [ 9, 5, 10, 6 ], "texture": "#front", "cullface": "up" }
			}
		},
		{
			"from": [ 9, 15, 10 ],
			"to": [ 10, 16, 10.001 ],
			"faces": {
				"north": { "uv": [ 9, 10, 10, 11 ], "texture": "#front", "cullface": "up" }
			}
		},
		{
			"from": [ 6, 15, 10 ],
			"to": [ 7, 16, 10.001 ],
			"faces": {
				"north": { "uv": [ 6, 10, 7, 11 ], "texture": "#front", "cullface": "up" }
			}
		},
		{
			"from": [ 6, 15, 9 ],
			"to": [ 6.001, 16, 10 ],
			"faces": {
				"east": { "uv": [ 5, 9, 6, 10 ], "texture": "#front", "cullface": "up", "rotation": 270 }
			}
		},
		{
			"from": [ 10, 15, 9 ],
			"to": [ 10.001, 16, 10 ],
			"faces": {
				"west": { "uv": [ 10, 9, 11, 10 ], "texture": "#front", "cullface": "up", "rotation": 270 }
			}
		},
		{
			"from": [ 6, 15, 6 ],
			"to": [ 7, 16, 6.001 ],
			"faces": {
				"south": { "uv": [ 6, 5, 7, 6 ], "texture": "#front", "cullface": "up" }
			}
		},
		{
			"from": [ 6, 15, 6 ],
			"to": [ 6.001, 16, 7 ],
			"faces": {
				"east": { "uv": [ 5, 9, 6, 10 ], "texture": "#front", "cullface": "up", "rotation": 270 }
			}
		}
	]
}