{
	"credit": "Created by GrandMagus",
	"parent": "minecraft:block/cube_all",
	"textures": {
		"all": "block/emerald_ore"
	},
	"elements": [
		{
			"from": [0, 0, 0],
			"to": [16, 16, 16],
			"faces": {
				"north": {"uv": [0, 0, 16, 16], "texture": "#all", "cullface": "north"},
				"east": {"uv": [0, 0, 16, 16], "texture": "#all", "cullface": "east"},
				"south": {"uv": [0, 0, 16, 16], "texture": "#all", "cullface": "south"},
				"west": {"uv": [0, 0, 16, 16], "texture": "#all", "cullface": "west"},
				"up": {"uv": [0, 0, 16, 16], "texture": "#all", "cullface": "up"},
				"down": {"uv": [0, 0, 16, 16], "texture": "#all", "cullface": "down"}
			}
		},
		{
			"from": [9, 8, -1],
			"to": [11, 10, 0],
			"rotation": {"angle": 0, "axis": "y", "origin": [8, 8, 8]},
			"faces": {
				"north": {"uv": [5, 6, 7, 8], "texture": "#all", "cullface": "north"},
				"east": {"uv": [5, 6, 6, 8], "texture": "#all", "cullface": "north"},
				"west": {"uv": [6, 6, 7, 8], "texture": "#all", "cullface": "north"},
				"up": {"uv": [7, 6, 5, 7], "texture": "#all", "cullface": "north"},
				"down": {"uv": [7, 7, 5, 8], "texture": "#all", "cullface": "north"}
			}
		},
		{
			"from": [4, 3, -1],
			"to": [6, 5, 0],
			"rotation": {"angle": 0, "axis": "y", "origin": [8, 8, 8]},
			"faces": {
				"north": {"uv": [10, 11, 12, 13], "texture": "#all", "cullface": "north"},
				"east": {"uv": [10, 11, 11, 13], "texture": "#all", "cullface": "north"},
				"west": {"uv": [11, 11, 12, 13], "texture": "#all", "cullface": "north"},
				"up": {"uv": [12, 11, 10, 12], "texture": "#all", "cullface": "north"},
				"down": {"uv": [12, 12, 10, 13], "texture": "#all", "cullface": "north"}
			}
		},
		{
			"from": [8, 8, -0.5],
			"to": [11, 11, 0],
			"rotation": {"angle": 0, "axis": "y", "origin": [8, 8, 8]},
			"faces": {
				"north": {"uv": [5, 5, 8, 8], "texture": "#all", "cullface": "north"},
				"east": {"uv": [5, 5, 5.5, 8], "texture": "#all", "cullface": "north"},
				"west": {"uv": [7, 5, 7.5, 8], "texture": "#all", "cullface": "north"},
				"up": {"uv": [8, 5, 5, 5.5], "texture": "#all", "cullface": "north"},
				"down": {"uv": [8, 7, 5, 7.5], "texture": "#all", "cullface": "north"}
			}
		},
		{
			"from": [5, 3, -0.5],
			"to": [7, 6, 0],
			"rotation": {"angle": 0, "axis": "y", "origin": [8, 8, 8]},
			"faces": {
				"north": {"uv": [9, 10, 11, 13], "texture": "#all", "cullface": "north"},
				"east": {"uv": [9, 10, 9.5, 13], "texture": "#all", "cullface": "north"},
				"west": {"uv": [10, 10, 10.5, 13], "texture": "#all", "cullface": "north"},
				"up": {"uv": [11, 10, 9, 10.5], "texture": "#all", "cullface": "north"},
				"down": {"uv": [11, 12, 9, 12.5], "texture": "#all", "cullface": "north"}
			}
		},
		{
			"from": [3, 3, -0.5],
			"to": [4, 5, 0],
			"rotation": {"angle": 0, "axis": "y", "origin": [8, 8, 8]},
			"faces": {
				"north": {"uv": [12, 11, 13, 13], "texture": "#all", "cullface": "north"},
				"east": {"uv": [12, 11, 12.5, 13], "texture": "#all", "cullface": "north"},
				"west": {"uv": [12, 11, 12.5, 13], "texture": "#all", "cullface": "north"},
				"up": {"uv": [13, 11, 12, 11.5], "texture": "#all", "cullface": "north"},
				"down": {"uv": [13, 12, 12, 12.5], "texture": "#all", "cullface": "north"}
			}
		},
		{
			"from": [4, 12, -0.5],
			"to": [6, 14, 0],
			"rotation": {"angle": 0, "axis": "y", "origin": [8, 8, 8]},
			"faces": {
				"north": {"uv": [10, 2, 12, 4], "texture": "#all", "cullface": "north"},
				"east": {"uv": [10, 2, 10.5, 4], "texture": "#all", "cullface": "north"},
				"west": {"uv": [11, 2, 11.5, 4], "texture": "#all", "cullface": "north"},
				"up": {"uv": [12, 2, 10, 2.5], "texture": "#all", "cullface": "north"},
				"down": {"uv": [12, 3, 10, 3.5], "texture": "#all", "cullface": "north"}
			}
		},
		{
			"from": [10, 1, -0.5],
			"to": [12, 3, 0],
			"rotation": {"angle": 0, "axis": "y", "origin": [8, 8, 8]},
			"faces": {
				"north": {"uv": [4, 13, 6, 15], "texture": "#all", "cullface": "north"},
				"east": {"uv": [4, 13, 4.5, 15], "texture": "#all", "cullface": "north"},
				"west": {"uv": [5, 13, 5.5, 15], "texture": "#all", "cullface": "north"},
				"up": {"uv": [6, 13, 4, 13.5], "texture": "#all", "cullface": "north"},
				"down": {"uv": [6, 14, 4, 14.5], "texture": "#all", "cullface": "north"}
			}
		},
		{
			"from": [10, 7, -0.5],
			"to": [12, 10, 0],
			"rotation": {"angle": 0, "axis": "y", "origin": [8, 8, 8]},
			"faces": {
				"north": {"uv": [4, 6, 6, 9], "texture": "#all", "cullface": "north"},
				"east": {"uv": [4, 6, 4.5, 9], "texture": "#all", "cullface": "north"},
				"west": {"uv": [5, 6, 5.5, 9], "texture": "#all", "cullface": "north"},
				"up": {"uv": [6, 6, 4, 6.5], "texture": "#all", "cullface": "north"},
				"down": {"uv": [6, 8, 4, 8.5], "texture": "#all", "cullface": "north"}
			}
		},
		{
			"from": [16, 7, 10],
			"to": [16.5, 10, 12],
			"rotation": {"angle": 0, "axis": "y", "origin": [8, 8, 8]},
			"faces": {
				"north": {"uv": [5, 6, 5.5, 9], "texture": "#all", "cullface": "east"},
				"east": {"uv": [4, 6, 6, 9], "texture": "#all", "cullface": "east"},
				"south": {"uv": [4, 6, 4.5, 9], "texture": "#all", "cullface": "east"},
				"up": {"uv": [6, 6, 4, 6.5], "rotation": 90, "texture": "#all", "cullface": "east"},
				"down": {"uv": [6, 8, 4, 8.5], "rotation": 270, "texture": "#all", "cullface": "east"}
			}
		},
		{
			"from": [16, 8, 9],
			"to": [17, 10, 11],
			"rotation": {"angle": 0, "axis": "y", "origin": [8, 8, 8]},
			"faces": {
				"north": {"uv": [6, 6, 7, 8], "texture": "#all", "cullface": "east"},
				"east": {"uv": [5, 6, 7, 8], "texture": "#all", "cullface": "east"},
				"south": {"uv": [5, 6, 6, 8], "texture": "#all", "cullface": "east"},
				"up": {"uv": [7, 6, 5, 7], "rotation": 90, "texture": "#all", "cullface": "east"},
				"down": {"uv": [7, 7, 5, 8], "rotation": 270, "texture": "#all", "cullface": "east"}
			}
		},
		{
			"from": [16, 3, 4],
			"to": [17, 5, 6],
			"rotation": {"angle": 0, "axis": "y", "origin": [8, 8, 8]},
			"faces": {
				"north": {"uv": [11, 11, 12, 13], "texture": "#all", "cullface": "east"},
				"east": {"uv": [10, 11, 12, 13], "texture": "#all", "cullface": "east"},
				"south": {"uv": [10, 11, 11, 13], "texture": "#all", "cullface": "east"},
				"up": {"uv": [12, 11, 10, 12], "rotation": 90, "texture": "#all", "cullface": "east"},
				"down": {"uv": [12, 12, 10, 13], "rotation": 270, "texture": "#all", "cullface": "east"}
			}
		},
		{
			"from": [16, 8, 8],
			"to": [16.5, 11, 11],
			"rotation": {"angle": 0, "axis": "y", "origin": [8, 8, 8]},
			"faces": {
				"north": {"uv": [7, 5, 7.5, 8], "texture": "#all", "cullface": "east"},
				"east": {"uv": [5, 5, 8, 8], "texture": "#all", "cullface": "east"},
				"south": {"uv": [5, 5, 5.5, 8], "texture": "#all", "cullface": "east"},
				"up": {"uv": [8, 5, 5, 5.5], "rotation": 90, "texture": "#all", "cullface": "east"},
				"down": {"uv": [8, 7, 5, 7.5], "rotation": 270, "texture": "#all", "cullface": "east"}
			}
		},
		{
			"from": [16, 3, 5],
			"to": [16.5, 6, 7],
			"rotation": {"angle": 0, "axis": "y", "origin": [8, 8, 8]},
			"faces": {
				"north": {"uv": [10, 10, 10.5, 13], "texture": "#all", "cullface": "east"},
				"east": {"uv": [9, 10, 11, 13], "texture": "#all", "cullface": "east"},
				"south": {"uv": [9, 10, 9.5, 13], "texture": "#all", "cullface": "east"},
				"up": {"uv": [11, 10, 9, 10.5], "rotation": 90, "texture": "#all", "cullface": "east"},
				"down": {"uv": [11, 12, 9, 12.5], "rotation": 270, "texture": "#all", "cullface": "east"}
			}
		},
		{
			"from": [16, 3, 3],
			"to": [16.5, 5, 4],
			"rotation": {"angle": 0, "axis": "y", "origin": [8, 8, 8]},
			"faces": {
				"north": {"uv": [12, 11, 12.5, 13], "texture": "#all", "cullface": "east"},
				"east": {"uv": [12, 11, 13, 13], "texture": "#all", "cullface": "east"},
				"south": {"uv": [12, 11, 12.5, 13], "texture": "#all", "cullface": "east"},
				"up": {"uv": [13, 11, 12, 11.5], "rotation": 90, "texture": "#all", "cullface": "east"},
				"down": {"uv": [13, 12, 12, 12.5], "rotation": 270, "texture": "#all", "cullface": "east"}
			}
		},
		{
			"from": [16, 12, 4],
			"to": [16.5, 14, 6],
			"rotation": {"angle": 0, "axis": "y", "origin": [8, 8, 8]},
			"faces": {
				"north": {"uv": [11, 2, 11.5, 4], "texture": "#all", "cullface": "east"},
				"east": {"uv": [10, 2, 12, 4], "texture": "#all", "cullface": "east"},
				"south": {"uv": [10, 2, 10.5, 4], "texture": "#all", "cullface": "east"},
				"up": {"uv": [12, 2, 10, 2.5], "rotation": 90, "texture": "#all", "cullface": "east"},
				"down": {"uv": [12, 3, 10, 3.5], "rotation": 270, "texture": "#all", "cullface": "east"}
			}
		},
		{
			"from": [16, 1, 10],
			"to": [16.5, 3, 12],
			"rotation": {"angle": 0, "axis": "y", "origin": [8, 8, 8]},
			"faces": {
				"north": {"uv": [5, 13, 5.5, 15], "texture": "#all", "cullface": "east"},
				"east": {"uv": [4, 13, 6, 15], "texture": "#all", "cullface": "east"},
				"south": {"uv": [4, 13, 4.5, 15], "texture": "#all", "cullface": "east"},
				"up": {"uv": [6, 13, 4, 13.5], "rotation": 90, "texture": "#all", "cullface": "east"},
				"down": {"uv": [6, 14, 4, 14.5], "rotation": 270, "texture": "#all", "cullface": "east"}
			}
		},
		{
			"from": [4, 7, 16],
			"to": [6, 10, 16.5],
			"rotation": {"angle": 0, "axis": "y", "origin": [8, 8, 8]},
			"faces": {
				"east": {"uv": [5, 6, 5.5, 9], "texture": "#all", "cullface": "south"},
				"south": {"uv": [4, 6, 6, 9], "texture": "#all", "cullface": "south"},
				"west": {"uv": [4, 6, 4.5, 9], "texture": "#all", "cullface": "south"},
				"up": {"uv": [6, 6, 4, 6.5], "rotation": 180, "texture": "#all", "cullface": "south"},
				"down": {"uv": [6, 8, 4, 8.5], "rotation": 180, "texture": "#all", "cullface": "south"}
			}
		},
		{
			"from": [5, 8, 16],
			"to": [7, 10, 17],
			"rotation": {"angle": 0, "axis": "y", "origin": [8, 8, 8]},
			"faces": {
				"east": {"uv": [6, 6, 7, 8], "texture": "#all", "cullface": "south"},
				"south": {"uv": [5, 6, 7, 8], "texture": "#all", "cullface": "south"},
				"west": {"uv": [5, 6, 6, 8], "texture": "#all", "cullface": "south"},
				"up": {"uv": [7, 6, 5, 7], "rotation": 180, "texture": "#all", "cullface": "south"},
				"down": {"uv": [7, 7, 5, 8], "rotation": 180, "texture": "#all", "cullface": "south"}
			}
		},
		{
			"from": [10, 3, 16],
			"to": [12, 5, 17],
			"rotation": {"angle": 0, "axis": "y", "origin": [8, 8, 8]},
			"faces": {
				"east": {"uv": [11, 11, 12, 13], "texture": "#all", "cullface": "south"},
				"south": {"uv": [10, 11, 12, 13], "texture": "#all", "cullface": "south"},
				"west": {"uv": [10, 11, 11, 13], "texture": "#all", "cullface": "south"},
				"up": {"uv": [12, 11, 10, 12], "rotation": 180, "texture": "#all", "cullface": "south"},
				"down": {"uv": [12, 12, 10, 13], "rotation": 180, "texture": "#all", "cullface": "south"}
			}
		},
		{
			"from": [5, 8, 16],
			"to": [8, 11, 16.5],
			"rotation": {"angle": 0, "axis": "y", "origin": [8, 8, 8]},
			"faces": {
				"east": {"uv": [7, 5, 7.5, 8], "texture": "#all", "cullface": "south"},
				"south": {"uv": [5, 5, 8, 8], "texture": "#all", "cullface": "south"},
				"west": {"uv": [5, 5, 5.5, 8], "texture": "#all", "cullface": "south"},
				"up": {"uv": [8, 5, 5, 5.5], "rotation": 180, "texture": "#all", "cullface": "south"},
				"down": {"uv": [8, 7, 5, 7.5], "rotation": 180, "texture": "#all", "cullface": "south"}
			}
		},
		{
			"from": [9, 3, 16],
			"to": [11, 6, 16.5],
			"rotation": {"angle": 0, "axis": "y", "origin": [8, 8, 8]},
			"faces": {
				"east": {"uv": [10, 10, 10.5, 13], "texture": "#all", "cullface": "south"},
				"south": {"uv": [9, 10, 11, 13], "texture": "#all", "cullface": "south"},
				"west": {"uv": [9, 10, 9.5, 13], "texture": "#all", "cullface": "south"},
				"up": {"uv": [11, 10, 9, 10.5], "rotation": 180, "texture": "#all", "cullface": "south"},
				"down": {"uv": [11, 12, 9, 12.5], "rotation": 180, "texture": "#all", "cullface": "south"}
			}
		},
		{
			"from": [12, 3, 16],
			"to": [13, 5, 16.5],
			"rotation": {"angle": 0, "axis": "y", "origin": [8, 8, 8]},
			"faces": {
				"east": {"uv": [12, 11, 12.5, 13], "texture": "#all", "cullface": "south"},
				"south": {"uv": [12, 11, 13, 13], "texture": "#all", "cullface": "south"},
				"west": {"uv": [12, 11, 12.5, 13], "texture": "#all", "cullface": "south"},
				"up": {"uv": [13, 11, 12, 11.5], "rotation": 180, "texture": "#all", "cullface": "south"},
				"down": {"uv": [13, 12, 12, 12.5], "rotation": 180, "texture": "#all", "cullface": "south"}
			}
		},
		{
			"from": [10, 12, 16],
			"to": [12, 14, 16.5],
			"rotation": {"angle": 0, "axis": "y", "origin": [8, 8, 8]},
			"faces": {
				"east": {"uv": [11, 2, 11.5, 4], "texture": "#all", "cullface": "south"},
				"south": {"uv": [10, 2, 12, 4], "texture": "#all", "cullface": "south"},
				"west": {"uv": [10, 2, 10.5, 4], "texture": "#all", "cullface": "south"},
				"up": {"uv": [12, 2, 10, 2.5], "rotation": 180, "texture": "#all", "cullface": "south"},
				"down": {"uv": [12, 3, 10, 3.5], "rotation": 180, "texture": "#all", "cullface": "south"}
			}
		},
		{
			"from": [4, 1, 16],
			"to": [6, 3, 16.5],
			"rotation": {"angle": 0, "axis": "y", "origin": [8, 8, 8]},
			"faces": {
				"east": {"uv": [5, 13, 5.5, 15], "texture": "#all", "cullface": "south"},
				"south": {"uv": [4, 13, 6, 15], "texture": "#all", "cullface": "south"},
				"west": {"uv": [4, 13, 4.5, 15], "texture": "#all", "cullface": "south"},
				"up": {"uv": [6, 13, 4, 13.5], "rotation": 180, "texture": "#all", "cullface": "south"},
				"down": {"uv": [6, 14, 4, 14.5], "rotation": 180, "texture": "#all", "cullface": "south"}
			}
		},
		{
			"from": [-0.5, 7, 4],
			"to": [0, 10, 6],
			"rotation": {"angle": 0, "axis": "y", "origin": [8, 8, 8]},
			"faces": {
				"north": {"uv": [4, 6, 4.5, 9], "texture": "#all", "cullface": "west"},
				"south": {"uv": [5, 6, 5.5, 9], "texture": "#all", "cullface": "west"},
				"west": {"uv": [4, 6, 6, 9], "texture": "#all", "cullface": "west"},
				"up": {"uv": [6, 6, 4, 6.5], "rotation": 270, "texture": "#all", "cullface": "west"},
				"down": {"uv": [6, 8, 4, 8.5], "rotation": 90, "texture": "#all", "cullface": "west"}
			}
		},
		{
			"from": [-1, 8, 5],
			"to": [0, 10, 7],
			"rotation": {"angle": 0, "axis": "y", "origin": [8, 8, 8]},
			"faces": {
				"north": {"uv": [5, 6, 6, 8], "texture": "#all", "cullface": "west"},
				"south": {"uv": [6, 6, 7, 8], "texture": "#all", "cullface": "west"},
				"west": {"uv": [5, 6, 7, 8], "texture": "#all", "cullface": "west"},
				"up": {"uv": [7, 6, 5, 7], "rotation": 270, "texture": "#all", "cullface": "west"},
				"down": {"uv": [7, 7, 5, 8], "rotation": 90, "texture": "#all", "cullface": "west"}
			}
		},
		{
			"from": [-1, 3, 10],
			"to": [0, 5, 12],
			"rotation": {"angle": 0, "axis": "y", "origin": [8, 8, 8]},
			"faces": {
				"north": {"uv": [10, 11, 11, 13], "texture": "#all", "cullface": "west"},
				"south": {"uv": [11, 11, 12, 13], "texture": "#all", "cullface": "west"},
				"west": {"uv": [10, 11, 12, 13], "texture": "#all", "cullface": "west"},
				"up": {"uv": [12, 11, 10, 12], "rotation": 270, "texture": "#all", "cullface": "west"},
				"down": {"uv": [12, 12, 10, 13], "rotation": 90, "texture": "#all", "cullface": "west"}
			}
		},
		{
			"from": [-0.5, 8, 5],
			"to": [0, 11, 8],
			"rotation": {"angle": 0, "axis": "y", "origin": [8, 8, 8]},
			"faces": {
				"north": {"uv": [5, 5, 5.5, 8], "texture": "#all", "cullface": "west"},
				"south": {"uv": [7, 5, 7.5, 8], "texture": "#all", "cullface": "west"},
				"west": {"uv": [5, 5, 8, 8], "texture": "#all", "cullface": "west"},
				"up": {"uv": [8, 5, 5, 5.5], "rotation": 270, "texture": "#all", "cullface": "west"},
				"down": {"uv": [8, 7, 5, 7.5], "rotation": 90, "texture": "#all", "cullface": "west"}
			}
		},
		{
			"from": [-0.5, 3, 9],
			"to": [0, 6, 11],
			"rotation": {"angle": 0, "axis": "y", "origin": [8, 8, 8]},
			"faces": {
				"north": {"uv": [9, 10, 9.5, 13], "texture": "#all", "cullface": "west"},
				"south": {"uv": [10, 10, 10.5, 13], "texture": "#all", "cullface": "west"},
				"west": {"uv": [9, 10, 11, 13], "texture": "#all", "cullface": "west"},
				"up": {"uv": [11, 10, 9, 10.5], "rotation": 270, "texture": "#all", "cullface": "west"},
				"down": {"uv": [11, 12, 9, 12.5], "rotation": 90, "texture": "#all", "cullface": "west"}
			}
		},
		{
			"from": [-0.5, 3, 12],
			"to": [0, 5, 13],
			"rotation": {"angle": 0, "axis": "y", "origin": [8, 8, 8]},
			"faces": {
				"north": {"uv": [12, 11, 12.5, 13], "texture": "#all", "cullface": "west"},
				"south": {"uv": [12, 11, 12.5, 13], "texture": "#all", "cullface": "west"},
				"west": {"uv": [12, 11, 13, 13], "texture": "#all", "cullface": "west"},
				"up": {"uv": [13, 11, 12, 11.5], "rotation": 270, "texture": "#all", "cullface": "west"},
				"down": {"uv": [13, 12, 12, 12.5], "rotation": 90, "texture": "#all", "cullface": "west"}
			}
		},
		{
			"from": [-0.5, 12, 10],
			"to": [0, 14, 12],
			"rotation": {"angle": 0, "axis": "y", "origin": [8, 8, 8]},
			"faces": {
				"north": {"uv": [10, 2, 10.5, 4], "texture": "#all", "cullface": "west"},
				"south": {"uv": [11, 2, 11.5, 4], "texture": "#all", "cullface": "west"},
				"west": {"uv": [10, 2, 12, 4], "texture": "#all", "cullface": "west"},
				"up": {"uv": [12, 2, 10, 2.5], "rotation": 270, "texture": "#all", "cullface": "west"},
				"down": {"uv": [12, 3, 10, 3.5], "rotation": 90, "texture": "#all", "cullface": "west"}
			}
		},
		{
			"from": [-0.5, 1, 4],
			"to": [0, 3, 6],
			"rotation": {"angle": 0, "axis": "y", "origin": [8, 8, 8]},
			"faces": {
				"north": {"uv": [4, 13, 4.5, 15], "texture": "#all", "cullface": "west"},
				"south": {"uv": [5, 13, 5.5, 15], "texture": "#all", "cullface": "west"},
				"west": {"uv": [4, 13, 6, 15], "texture": "#all", "cullface": "west"},
				"up": {"uv": [6, 13, 4, 13.5], "rotation": 270, "texture": "#all", "cullface": "west"},
				"down": {"uv": [6, 14, 4, 14.5], "rotation": 90, "texture": "#all", "cullface": "west"}
			}
		},
		{
			"from": [4, 16, 6],
			"to": [6, 16.5, 9],
			"rotation": {"angle": 0, "axis": "y", "origin": [8, 8, 8]},
			"faces": {
				"north": {"uv": [6, 6, 4, 6.5], "texture": "#all", "cullface": "up"},
				"east": {"uv": [5, 6, 5.5, 9], "rotation": 90, "texture": "#all", "cullface": "up"},
				"south": {"uv": [6, 8, 4, 8.5], "rotation": 180, "texture": "#all", "cullface": "up"},
				"west": {"uv": [4, 6, 4.5, 9], "rotation": 270, "texture": "#all", "cullface": "up"},
				"up": {"uv": [4, 6, 6, 9], "texture": "#all", "cullface": "up"}
			}
		},
		{
			"from": [5, 16, 6],
			"to": [7, 17, 8],
			"rotation": {"angle": 0, "axis": "y", "origin": [8, 8, 8]},
			"faces": {
				"north": {"uv": [7, 6, 5, 7], "texture": "#all", "cullface": "up"},
				"east": {"uv": [6, 6, 7, 8], "rotation": 90, "texture": "#all", "cullface": "up"},
				"south": {"uv": [7, 7, 5, 8], "rotation": 180, "texture": "#all", "cullface": "up"},
				"west": {"uv": [5, 6, 6, 8], "rotation": 270, "texture": "#all", "cullface": "up"},
				"up": {"uv": [5, 6, 7, 8], "texture": "#all", "cullface": "up"}
			}
		},
		{
			"from": [10, 16, 11],
			"to": [12, 17, 13],
			"rotation": {"angle": 0, "axis": "y", "origin": [8, 8, 8]},
			"faces": {
				"north": {"uv": [12, 11, 10, 12], "texture": "#all", "cullface": "up"},
				"east": {"uv": [11, 11, 12, 13], "rotation": 90, "texture": "#all", "cullface": "up"},
				"south": {"uv": [12, 12, 10, 13], "rotation": 180, "texture": "#all", "cullface": "up"},
				"west": {"uv": [10, 11, 11, 13], "rotation": 270, "texture": "#all", "cullface": "up"},
				"up": {"uv": [10, 11, 12, 13], "texture": "#all", "cullface": "up"}
			}
		},
		{
			"from": [5, 16, 5],
			"to": [8, 16.5, 8],
			"rotation": {"angle": 0, "axis": "y", "origin": [8, 8, 8]},
			"faces": {
				"north": {"uv": [8, 5, 5, 5.5], "texture": "#all", "cullface": "up"},
				"east": {"uv": [7, 5, 7.5, 8], "rotation": 90, "texture": "#all", "cullface": "up"},
				"south": {"uv": [8, 7, 5, 7.5], "rotation": 180, "texture": "#all", "cullface": "up"},
				"west": {"uv": [5, 5, 5.5, 8], "rotation": 270, "texture": "#all", "cullface": "up"},
				"up": {"uv": [5, 5, 8, 8], "texture": "#all", "cullface": "up"}
			}
		},
		{
			"from": [9, 16, 10],
			"to": [11, 16.5, 13],
			"rotation": {"angle": 0, "axis": "y", "origin": [8, 8, 8]},
			"faces": {
				"north": {"uv": [11, 10, 9, 10.5], "texture": "#all", "cullface": "up"},
				"east": {"uv": [10, 10, 10.5, 13], "rotation": 90, "texture": "#all", "cullface": "up"},
				"south": {"uv": [11, 12, 9, 12.5], "rotation": 180, "texture": "#all", "cullface": "up"},
				"west": {"uv": [9, 10, 9.5, 13], "rotation": 270, "texture": "#all", "cullface": "up"},
				"up": {"uv": [9, 10, 11, 13], "texture": "#all", "cullface": "up"}
			}
		},
		{
			"from": [12, 16, 11],
			"to": [13, 16.5, 13],
			"rotation": {"angle": 0, "axis": "y", "origin": [8, 8, 8]},
			"faces": {
				"north": {"uv": [13, 11, 12, 11.5], "texture": "#all", "cullface": "up"},
				"east": {"uv": [12, 11, 12.5, 13], "rotation": 90, "texture": "#all", "cullface": "up"},
				"south": {"uv": [13, 12, 12, 12.5], "rotation": 180, "texture": "#all", "cullface": "up"},
				"west": {"uv": [12, 11, 12.5, 13], "rotation": 270, "texture": "#all", "cullface": "up"},
				"up": {"uv": [12, 11, 13, 13], "texture": "#all", "cullface": "up"}
			}
		},
		{
			"from": [10, 16, 2],
			"to": [12, 16.5, 4],
			"rotation": {"angle": 0, "axis": "y", "origin": [8, 8, 8]},
			"faces": {
				"north": {"uv": [12, 2, 10, 2.5], "texture": "#all", "cullface": "up"},
				"east": {"uv": [11, 2, 11.5, 4], "rotation": 90, "texture": "#all", "cullface": "up"},
				"south": {"uv": [12, 3, 10, 3.5], "rotation": 180, "texture": "#all", "cullface": "up"},
				"west": {"uv": [10, 2, 10.5, 4], "rotation": 270, "texture": "#all", "cullface": "up"},
				"up": {"uv": [10, 2, 12, 4], "texture": "#all", "cullface": "up"}
			}
		},
		{
			"from": [4, 16, 13],
			"to": [6, 16.5, 15],
			"rotation": {"angle": 0, "axis": "y", "origin": [8, 8, 8]},
			"faces": {
				"north": {"uv": [6, 13, 4, 13.5], "texture": "#all", "cullface": "up"},
				"east": {"uv": [5, 13, 5.5, 15], "rotation": 90, "texture": "#all", "cullface": "up"},
				"south": {"uv": [6, 14, 4, 14.5], "rotation": 180, "texture": "#all", "cullface": "up"},
				"west": {"uv": [4, 13, 4.5, 15], "rotation": 270, "texture": "#all", "cullface": "up"},
				"up": {"uv": [4, 13, 6, 15], "texture": "#all", "cullface": "up"}
			}
		},
		{
			"from": [4, -0.5, 7],
			"to": [6, 0, 10],
			"rotation": {"angle": 0, "axis": "x", "origin": [8, 8, 8]},
			"faces": {
				"north": {"uv": [6, 8, 4, 8.5], "texture": "#all", "cullface": "down"},
				"east": {"uv": [5, 6, 5.5, 9], "rotation": 270, "texture": "#all", "cullface": "down"},
				"south": {"uv": [6, 6, 4, 6.5], "rotation": 180, "texture": "#all", "cullface": "down"},
				"west": {"uv": [4, 6, 4.5, 9], "rotation": 90, "texture": "#all", "cullface": "down"},
				"down": {"uv": [4, 6, 6, 9], "texture": "#all", "cullface": "down"}
			}
		},
		{
			"from": [5, -1, 8],
			"to": [7, 0, 10],
			"rotation": {"angle": 0, "axis": "x", "origin": [8, 8, 8]},
			"faces": {
				"north": {"uv": [7, 7, 5, 8], "texture": "#all", "cullface": "down"},
				"east": {"uv": [6, 6, 7, 8], "rotation": 270, "texture": "#all", "cullface": "down"},
				"south": {"uv": [7, 6, 5, 7], "rotation": 180, "texture": "#all", "cullface": "down"},
				"west": {"uv": [5, 6, 6, 8], "rotation": 90, "texture": "#all", "cullface": "down"},
				"down": {"uv": [5, 6, 7, 8], "texture": "#all", "cullface": "down"}
			}
		},
		{
			"from": [10, -1, 3],
			"to": [12, 0, 5],
			"rotation": {"angle": 0, "axis": "x", "origin": [8, 8, 8]},
			"faces": {
				"north": {"uv": [12, 12, 10, 13], "texture": "#all", "cullface": "down"},
				"east": {"uv": [11, 11, 12, 13], "rotation": 270, "texture": "#all", "cullface": "down"},
				"south": {"uv": [12, 11, 10, 12], "rotation": 180, "texture": "#all", "cullface": "down"},
				"west": {"uv": [10, 11, 11, 13], "rotation": 90, "texture": "#all", "cullface": "down"},
				"down": {"uv": [10, 11, 12, 13], "texture": "#all", "cullface": "down"}
			}
		},
		{
			"from": [5, -0.5, 8],
			"to": [8, 0, 11],
			"rotation": {"angle": 0, "axis": "x", "origin": [8, 8, 8]},
			"faces": {
				"north": {"uv": [8, 7, 5, 7.5], "texture": "#all", "cullface": "down"},
				"east": {"uv": [7, 5, 7.5, 8], "rotation": 270, "texture": "#all", "cullface": "down"},
				"south": {"uv": [8, 5, 5, 5.5], "rotation": 180, "texture": "#all", "cullface": "down"},
				"west": {"uv": [5, 5, 5.5, 8], "rotation": 90, "texture": "#all", "cullface": "down"},
				"down": {"uv": [5, 5, 8, 8], "texture": "#all", "cullface": "down"}
			}
		},
		{
			"from": [9, -0.5, 3],
			"to": [11, 0, 6],
			"rotation": {"angle": 0, "axis": "x", "origin": [8, 8, 8]},
			"faces": {
				"north": {"uv": [11, 12, 9, 12.5], "texture": "#all", "cullface": "down"},
				"east": {"uv": [10, 10, 10.5, 13], "rotation": 270, "texture": "#all", "cullface": "down"},
				"south": {"uv": [11, 10, 9, 10.5], "rotation": 180, "texture": "#all", "cullface": "down"},
				"west": {"uv": [9, 10, 9.5, 13], "rotation": 90, "texture": "#all", "cullface": "down"},
				"down": {"uv": [9, 10, 11, 13], "texture": "#all", "cullface": "down"}
			}
		},
		{
			"from": [12, -0.5, 3],
			"to": [13, 0, 5],
			"rotation": {"angle": 0, "axis": "x", "origin": [8, 8, 8]},
			"faces": {
				"north": {"uv": [13, 12, 12, 12.5], "texture": "#all", "cullface": "down"},
				"east": {"uv": [12, 11, 12.5, 13], "rotation": 270, "texture": "#all", "cullface": "down"},
				"south": {"uv": [13, 11, 12, 11.5], "rotation": 180, "texture": "#all", "cullface": "down"},
				"west": {"uv": [12, 11, 12.5, 13], "rotation": 90, "texture": "#all", "cullface": "down"},
				"down": {"uv": [12, 11, 13, 13], "texture": "#all", "cullface": "down"}
			}
		},
		{
			"from": [10, -0.5, 12],
			"to": [12, 0, 14],
			"rotation": {"angle": 0, "axis": "x", "origin": [8, 8, 8]},
			"faces": {
				"north": {"uv": [12, 3, 10, 3.5], "texture": "#all", "cullface": "down"},
				"east": {"uv": [11, 2, 11.5, 4], "rotation": 270, "texture": "#all", "cullface": "down"},
				"south": {"uv": [12, 2, 10, 2.5], "rotation": 180, "texture": "#all", "cullface": "down"},
				"west": {"uv": [10, 2, 10.5, 4], "rotation": 90, "texture": "#all", "cullface": "down"},
				"down": {"uv": [10, 2, 12, 4], "texture": "#all", "cullface": "down"}
			}
		},
		{
			"from": [4, -0.5, 1],
			"to": [6, 0, 3],
			"rotation": {"angle": 0, "axis": "x", "origin": [8, 8, 8]},
			"faces": {
				"north": {"uv": [6, 14, 4, 14.5], "texture": "#all", "cullface": "down"},
				"east": {"uv": [5, 13, 5.5, 15], "rotation": 270, "texture": "#all", "cullface": "down"},
				"south": {"uv": [6, 13, 4, 13.5], "rotation": 180, "texture": "#all", "cullface": "down"},
				"west": {"uv": [4, 13, 4.5, 15], "rotation": 90, "texture": "#all", "cullface": "down"},
				"down": {"uv": [4, 13, 6, 15], "texture": "#all", "cullface": "down"}
			}
		}
	]
}