{
	"credit": "Created by GrandMagus",
	"parent": "minecraft:block/cube_all",
	"textures": {
		"all": "block/gold_ore"
	},
	"elements": [
		{
			"from": [0, 0, 0],
			"to": [16, 16, 16],
			"faces": {
				"north": {"uv": [0, 0, 16, 16], "texture": "#all", "cullface": "north"},
				"east": {"uv": [0, 0, 16, 16], "texture": "#all", "cullface": "east"},
				"south": {"uv": [0, 0, 16, 16], "texture": "#all", "cullface": "south"},
				"west": {"uv": [0, 0, 16, 16], "texture": "#all", "cullface": "west"},
				"up": {"uv": [0, 0, 16, 16], "texture": "#all", "cullface": "up"},
				"down": {"uv": [0, 0, 16, 16], "texture": "#all", "cullface": "down"}
			}
		},
		{
			"from": [8, 10, -1],
			"to": [10, 11, 0],
			"rotation": {"angle": 0, "axis": "y", "origin": [8, 8, 8]},
			"faces": {
				"north": {"uv": [6, 5, 8, 6], "texture": "#all", "cullface": "north"},
				"east": {"uv": [6, 5, 7, 6], "texture": "#all", "cullface": "north"},
				"west": {"uv": [7, 5, 8, 6], "texture": "#all", "cullface": "north"},
				"up": {"uv": [8, 5, 6, 6], "texture": "#all", "cullface": "north"},
				"down": {"uv": [8, 5, 6, 6], "texture": "#all", "cullface": "north"}
			}
		},
		{
			"from": [3, 4, -1],
			"to": [4, 5, 0],
			"rotation": {"angle": 0, "axis": "y", "origin": [8, 8, 8]},
			"faces": {
				"north": {"uv": [12, 11, 13, 12], "texture": "#all", "cullface": "north"},
				"east": {"uv": [12, 11, 13, 12], "texture": "#all", "cullface": "north"},
				"west": {"uv": [12, 11, 13, 12], "texture": "#all", "cullface": "north"},
				"up": {"uv": [13, 11, 12, 12], "texture": "#all", "cullface": "north"},
				"down": {"uv": [13, 11, 12, 12], "texture": "#all", "cullface": "north"}
			}
		},
		{
			"from": [8, 9, -0.5],
			"to": [10, 12, 0],
			"rotation": {"angle": 0, "axis": "y", "origin": [8, 8, 8]},
			"faces": {
				"north": {"uv": [6, 4, 8, 7], "texture": "#all", "cullface": "north"},
				"east": {"uv": [6, 4, 6.5, 7], "texture": "#all", "cullface": "north"},
				"west": {"uv": [7, 4, 7.5, 7], "texture": "#all", "cullface": "north"},
				"up": {"uv": [8, 4, 6, 4.5], "texture": "#all", "cullface": "north"},
				"down": {"uv": [8, 6, 6, 6.5], "texture": "#all", "cullface": "north"}
			}
		},
		{
			"from": [10, 10, -0.5],
			"to": [11, 11, 0],
			"rotation": {"angle": 0, "axis": "y", "origin": [8, 8, 8]},
			"faces": {
				"north": {"uv": [5, 5, 6, 6], "texture": "#all", "cullface": "north"},
				"east": {"uv": [5, 5, 5.5, 6], "texture": "#all", "cullface": "north"},
				"west": {"uv": [5, 5, 5.5, 6], "texture": "#all", "cullface": "north"},
				"up": {"uv": [6, 5, 5, 5.5], "texture": "#all", "cullface": "north"},
				"down": {"uv": [6, 5, 5, 5.5], "texture": "#all", "cullface": "north"}
			}
		},
		{
			"from": [7, 10, -0.5],
			"to": [8, 11, 0],
			"rotation": {"angle": 0, "axis": "y", "origin": [8, 8, 8]},
			"faces": {
				"north": {"uv": [5, 5, 6, 6], "texture": "#all", "cullface": "north"},
				"east": {"uv": [5, 5, 5.5, 6], "texture": "#all", "cullface": "north"},
				"west": {"uv": [5, 5, 5.5, 6], "texture": "#all", "cullface": "north"},
				"up": {"uv": [6, 5, 5, 5.5], "texture": "#all", "cullface": "north"},
				"down": {"uv": [6, 5, 5, 5.5], "texture": "#all", "cullface": "north"}
			}
		},
		{
			"from": [3, 5, -0.5],
			"to": [4, 6, 0],
			"rotation": {"angle": 0, "axis": "y", "origin": [8, 8, 8]},
			"faces": {
				"north": {"uv": [12, 10, 13, 11], "texture": "#all", "cullface": "north"},
				"east": {"uv": [12, 10, 12.5, 11], "texture": "#all", "cullface": "north"},
				"west": {"uv": [12, 10, 12.5, 11], "texture": "#all", "cullface": "north"},
				"up": {"uv": [13, 10, 12, 10.5], "texture": "#all", "cullface": "north"},
				"down": {"uv": [13, 10, 12, 10.5], "texture": "#all", "cullface": "north"}
			}
		},
		{
			"from": [2, 4, -0.5],
			"to": [3, 5, 0],
			"rotation": {"angle": 0, "axis": "y", "origin": [8, 8, 8]},
			"faces": {
				"north": {"uv": [13, 11, 14, 12], "texture": "#all", "cullface": "north"},
				"east": {"uv": [13, 11, 13.5, 12], "texture": "#all", "cullface": "north"},
				"west": {"uv": [13, 11, 13.5, 12], "texture": "#all", "cullface": "north"},
				"up": {"uv": [14, 11, 13, 11.5], "texture": "#all", "cullface": "north"},
				"down": {"uv": [14, 11, 13, 11.5], "texture": "#all", "cullface": "north"}
			}
		},
		{
			"from": [2, 12, -0.5],
			"to": [3, 13, 0],
			"rotation": {"angle": 0, "axis": "y", "origin": [8, 8, 8]},
			"faces": {
				"north": {"uv": [13, 3, 14, 4], "texture": "#all", "cullface": "north"},
				"east": {"uv": [13, 3, 13.5, 4], "texture": "#all", "cullface": "north"},
				"west": {"uv": [13, 3, 13.5, 4], "texture": "#all", "cullface": "north"},
				"up": {"uv": [14, 3, 13, 3.5], "texture": "#all", "cullface": "north"},
				"down": {"uv": [14, 3, 13, 3.5], "texture": "#all", "cullface": "north"}
			}
		},
		{
			"from": [3, 3, -0.5],
			"to": [5, 5, 0],
			"rotation": {"angle": 0, "axis": "y", "origin": [8, 8, 8]},
			"faces": {
				"north": {"uv": [11, 11, 13, 13], "texture": "#all", "cullface": "north"},
				"east": {"uv": [11, 11, 11.5, 13], "texture": "#all", "cullface": "north"},
				"west": {"uv": [12, 11, 12.5, 13], "texture": "#all", "cullface": "north"},
				"up": {"uv": [13, 11, 11, 11.5], "texture": "#all", "cullface": "north"},
				"down": {"uv": [13, 12, 11, 12.5], "texture": "#all", "cullface": "north"}
			}
		},
		{
			"from": [10, 2, -0.5],
			"to": [14, 3, 0],
			"rotation": {"angle": 0, "axis": "y", "origin": [8, 8, 8]},
			"faces": {
				"north": {"uv": [2, 13, 6, 14], "texture": "#all", "cullface": "north"},
				"east": {"uv": [2, 13, 2.5, 14], "texture": "#all", "cullface": "north"},
				"west": {"uv": [5, 13, 5.5, 14], "texture": "#all", "cullface": "north"},
				"up": {"uv": [6, 13, 2, 13.5], "texture": "#all", "cullface": "north"},
				"down": {"uv": [6, 13, 2, 13.5], "texture": "#all", "cullface": "north"}
			}
		},
		{
			"from": [11, 2, -1],
			"to": [12, 3, 0],
			"rotation": {"angle": 0, "axis": "y", "origin": [8, 8, 8]},
			"faces": {
				"north": {"uv": [4, 13, 5, 14], "texture": "#all", "cullface": "north"},
				"east": {"uv": [4, 13, 5, 14], "texture": "#all", "cullface": "north"},
				"west": {"uv": [4, 13, 5, 14], "texture": "#all", "cullface": "north"},
				"up": {"uv": [5, 13, 4, 14], "texture": "#all", "cullface": "north"},
				"down": {"uv": [5, 13, 4, 14], "texture": "#all", "cullface": "north"}
			}
		},
		{
			"from": [11, 1, -0.5],
			"to": [12, 4, 0],
			"rotation": {"angle": 0, "axis": "y", "origin": [8, 8, 8]},
			"faces": {
				"north": {"uv": [4, 12, 5, 15], "texture": "#all", "cullface": "north"},
				"east": {"uv": [4, 12, 4.5, 15], "texture": "#all", "cullface": "north"},
				"west": {"uv": [4, 12, 4.5, 15], "texture": "#all", "cullface": "north"},
				"up": {"uv": [5, 12, 4, 12.5], "texture": "#all", "cullface": "north"},
				"down": {"uv": [5, 14, 4, 14.5], "texture": "#all", "cullface": "north"}
			}
		},
		{
			"from": [8, 12, -0.5],
			"to": [9, 13, 0],
			"rotation": {"angle": 0, "axis": "y", "origin": [8, 8, 8]},
			"faces": {
				"north": {"uv": [7, 3, 8, 4], "texture": "#all", "cullface": "north"},
				"east": {"uv": [7, 3, 7.5, 4], "texture": "#all", "cullface": "north"},
				"west": {"uv": [7, 3, 7.5, 4], "texture": "#all", "cullface": "north"},
				"up": {"uv": [8, 3, 7, 3.5], "texture": "#all", "cullface": "north"},
				"down": {"uv": [8, 3, 7, 3.5], "texture": "#all", "cullface": "north"}
			}
		},
		{
			"from": [16, 10, 8],
			"to": [17, 11, 10],
			"rotation": {"angle": 0, "axis": "y", "origin": [8, 8, 8]},
			"faces": {
				"north": {"uv": [7, 5, 8, 6], "texture": "#all", "cullface": "east"},
				"east": {"uv": [6, 5, 8, 6], "texture": "#all", "cullface": "east"},
				"south": {"uv": [6, 5, 7, 6], "texture": "#all", "cullface": "east"},
				"up": {"uv": [8, 5, 6, 6], "rotation": 90, "texture": "#all", "cullface": "east"},
				"down": {"uv": [8, 5, 6, 6], "rotation": 270, "texture": "#all", "cullface": "east"}
			}
		},
		{
			"from": [16, 4, 3],
			"to": [17, 5, 4],
			"rotation": {"angle": 0, "axis": "y", "origin": [8, 8, 8]},
			"faces": {
				"north": {"uv": [12, 11, 13, 12], "texture": "#all", "cullface": "east"},
				"east": {"uv": [12, 11, 13, 12], "texture": "#all", "cullface": "east"},
				"south": {"uv": [12, 11, 13, 12], "texture": "#all", "cullface": "east"},
				"up": {"uv": [13, 11, 12, 12], "rotation": 90, "texture": "#all", "cullface": "east"},
				"down": {"uv": [13, 11, 12, 12], "rotation": 270, "texture": "#all", "cullface": "east"}
			}
		},
		{
			"from": [16, 9, 8],
			"to": [16.5, 12, 10],
			"rotation": {"angle": 0, "axis": "y", "origin": [8, 8, 8]},
			"faces": {
				"north": {"uv": [7, 4, 7.5, 7], "texture": "#all", "cullface": "east"},
				"east": {"uv": [6, 4, 8, 7], "texture": "#all", "cullface": "east"},
				"south": {"uv": [6, 4, 6.5, 7], "texture": "#all", "cullface": "east"},
				"up": {"uv": [8, 4, 6, 4.5], "rotation": 90, "texture": "#all", "cullface": "east"},
				"down": {"uv": [8, 6, 6, 6.5], "rotation": 270, "texture": "#all", "cullface": "east"}
			}
		},
		{
			"from": [16, 10, 10],
			"to": [16.5, 11, 11],
			"rotation": {"angle": 0, "axis": "y", "origin": [8, 8, 8]},
			"faces": {
				"north": {"uv": [5, 5, 5.5, 6], "texture": "#all", "cullface": "east"},
				"east": {"uv": [5, 5, 6, 6], "texture": "#all", "cullface": "east"},
				"south": {"uv": [5, 5, 5.5, 6], "texture": "#all", "cullface": "east"},
				"up": {"uv": [6, 5, 5, 5.5], "rotation": 90, "texture": "#all", "cullface": "east"},
				"down": {"uv": [6, 5, 5, 5.5], "rotation": 270, "texture": "#all", "cullface": "east"}
			}
		},
		{
			"from": [16, 10, 7],
			"to": [16.5, 11, 8],
			"rotation": {"angle": 0, "axis": "y", "origin": [8, 8, 8]},
			"faces": {
				"north": {"uv": [5, 5, 5.5, 6], "texture": "#all", "cullface": "east"},
				"east": {"uv": [5, 5, 6, 6], "texture": "#all", "cullface": "east"},
				"south": {"uv": [5, 5, 5.5, 6], "texture": "#all", "cullface": "east"},
				"up": {"uv": [6, 5, 5, 5.5], "rotation": 90, "texture": "#all", "cullface": "east"},
				"down": {"uv": [6, 5, 5, 5.5], "rotation": 270, "texture": "#all", "cullface": "east"}
			}
		},
		{
			"from": [16, 5, 3],
			"to": [16.5, 6, 4],
			"rotation": {"angle": 0, "axis": "y", "origin": [8, 8, 8]},
			"faces": {
				"north": {"uv": [12, 10, 12.5, 11], "texture": "#all", "cullface": "east"},
				"east": {"uv": [12, 10, 13, 11], "texture": "#all", "cullface": "east"},
				"south": {"uv": [12, 10, 12.5, 11], "texture": "#all", "cullface": "east"},
				"up": {"uv": [13, 10, 12, 10.5], "rotation": 90, "texture": "#all", "cullface": "east"},
				"down": {"uv": [13, 10, 12, 10.5], "rotation": 270, "texture": "#all", "cullface": "east"}
			}
		},
		{
			"from": [16, 4, 2],
			"to": [16.5, 5, 3],
			"rotation": {"angle": 0, "axis": "y", "origin": [8, 8, 8]},
			"faces": {
				"north": {"uv": [13, 11, 13.5, 12], "texture": "#all", "cullface": "east"},
				"east": {"uv": [13, 11, 14, 12], "texture": "#all", "cullface": "east"},
				"south": {"uv": [13, 11, 13.5, 12], "texture": "#all", "cullface": "east"},
				"up": {"uv": [14, 11, 13, 11.5], "rotation": 90, "texture": "#all", "cullface": "east"},
				"down": {"uv": [14, 11, 13, 11.5], "rotation": 270, "texture": "#all", "cullface": "east"}
			}
		},
		{
			"from": [16, 12, 2],
			"to": [16.5, 13, 3],
			"rotation": {"angle": 0, "axis": "y", "origin": [8, 8, 8]},
			"faces": {
				"north": {"uv": [13, 3, 13.5, 4], "texture": "#all", "cullface": "east"},
				"east": {"uv": [13, 3, 14, 4], "texture": "#all", "cullface": "east"},
				"south": {"uv": [13, 3, 13.5, 4], "texture": "#all", "cullface": "east"},
				"up": {"uv": [14, 3, 13, 3.5], "rotation": 90, "texture": "#all", "cullface": "east"},
				"down": {"uv": [14, 3, 13, 3.5], "rotation": 270, "texture": "#all", "cullface": "east"}
			}
		},
		{
			"from": [16, 3, 3],
			"to": [16.5, 5, 5],
			"rotation": {"angle": 0, "axis": "y", "origin": [8, 8, 8]},
			"faces": {
				"north": {"uv": [12, 11, 12.5, 13], "texture": "#all", "cullface": "east"},
				"east": {"uv": [11, 11, 13, 13], "texture": "#all", "cullface": "east"},
				"south": {"uv": [11, 11, 11.5, 13], "texture": "#all", "cullface": "east"},
				"up": {"uv": [13, 11, 11, 11.5], "rotation": 90, "texture": "#all", "cullface": "east"},
				"down": {"uv": [13, 12, 11, 12.5], "rotation": 270, "texture": "#all", "cullface": "east"}
			}
		},
		{
			"from": [16, 2, 10],
			"to": [16.5, 3, 14],
			"rotation": {"angle": 0, "axis": "y", "origin": [8, 8, 8]},
			"faces": {
				"north": {"uv": [5, 13, 5.5, 14], "texture": "#all", "cullface": "east"},
				"east": {"uv": [2, 13, 6, 14], "texture": "#all", "cullface": "east"},
				"south": {"uv": [2, 13, 2.5, 14], "texture": "#all", "cullface": "east"},
				"up": {"uv": [6, 13, 2, 13.5], "rotation": 90, "texture": "#all", "cullface": "east"},
				"down": {"uv": [6, 13, 2, 13.5], "rotation": 270, "texture": "#all", "cullface": "east"}
			}
		},
		{
			"from": [16, 2, 11],
			"to": [17, 3, 12],
			"rotation": {"angle": 0, "axis": "y", "origin": [8, 8, 8]},
			"faces": {
				"north": {"uv": [4, 13, 5, 14], "texture": "#all", "cullface": "east"},
				"east": {"uv": [4, 13, 5, 14], "texture": "#all", "cullface": "east"},
				"south": {"uv": [4, 13, 5, 14], "texture": "#all", "cullface": "east"},
				"up": {"uv": [5, 13, 4, 14], "rotation": 90, "texture": "#all", "cullface": "east"},
				"down": {"uv": [5, 13, 4, 14], "rotation": 270, "texture": "#all", "cullface": "east"}
			}
		},
		{
			"from": [16, 1, 11],
			"to": [16.5, 4, 12],
			"rotation": {"angle": 0, "axis": "y", "origin": [8, 8, 8]},
			"faces": {
				"north": {"uv": [4, 12, 4.5, 15], "texture": "#all", "cullface": "east"},
				"east": {"uv": [4, 12, 5, 15], "texture": "#all", "cullface": "east"},
				"south": {"uv": [4, 12, 4.5, 15], "texture": "#all", "cullface": "east"},
				"up": {"uv": [5, 12, 4, 12.5], "rotation": 90, "texture": "#all", "cullface": "east"},
				"down": {"uv": [5, 14, 4, 14.5], "rotation": 270, "texture": "#all", "cullface": "east"}
			}
		},
		{
			"from": [16, 12, 8],
			"to": [16.5, 13, 9],
			"rotation": {"angle": 0, "axis": "y", "origin": [8, 8, 8]},
			"faces": {
				"north": {"uv": [7, 3, 7.5, 4], "texture": "#all", "cullface": "east"},
				"east": {"uv": [7, 3, 8, 4], "texture": "#all", "cullface": "east"},
				"south": {"uv": [7, 3, 7.5, 4], "texture": "#all", "cullface": "east"},
				"up": {"uv": [8, 3, 7, 3.5], "rotation": 90, "texture": "#all", "cullface": "east"},
				"down": {"uv": [8, 3, 7, 3.5], "rotation": 270, "texture": "#all", "cullface": "east"}
			}
		},
		{
			"from": [6, 10, 16],
			"to": [8, 11, 17],
			"rotation": {"angle": 0, "axis": "y", "origin": [8, 8, 8]},
			"faces": {
				"east": {"uv": [7, 5, 8, 6], "texture": "#all", "cullface": "south"},
				"south": {"uv": [6, 5, 8, 6], "texture": "#all", "cullface": "south"},
				"west": {"uv": [6, 5, 7, 6], "texture": "#all", "cullface": "south"},
				"up": {"uv": [8, 5, 6, 6], "rotation": 180, "texture": "#all", "cullface": "south"},
				"down": {"uv": [8, 5, 6, 6], "rotation": 180, "texture": "#all", "cullface": "south"}
			}
		},
		{
			"from": [12, 4, 16],
			"to": [13, 5, 17],
			"rotation": {"angle": 0, "axis": "y", "origin": [8, 8, 8]},
			"faces": {
				"east": {"uv": [12, 11, 13, 12], "texture": "#all", "cullface": "south"},
				"south": {"uv": [12, 11, 13, 12], "texture": "#all", "cullface": "south"},
				"west": {"uv": [12, 11, 13, 12], "texture": "#all", "cullface": "south"},
				"up": {"uv": [13, 11, 12, 12], "rotation": 180, "texture": "#all", "cullface": "south"},
				"down": {"uv": [13, 11, 12, 12], "rotation": 180, "texture": "#all", "cullface": "south"}
			}
		},
		{
			"from": [6, 9, 16],
			"to": [8, 12, 16.5],
			"rotation": {"angle": 0, "axis": "y", "origin": [8, 8, 8]},
			"faces": {
				"east": {"uv": [7, 4, 7.5, 7], "texture": "#all", "cullface": "south"},
				"south": {"uv": [6, 4, 8, 7], "texture": "#all", "cullface": "south"},
				"west": {"uv": [6, 4, 6.5, 7], "texture": "#all", "cullface": "south"},
				"up": {"uv": [8, 4, 6, 4.5], "rotation": 180, "texture": "#all", "cullface": "south"},
				"down": {"uv": [8, 6, 6, 6.5], "rotation": 180, "texture": "#all", "cullface": "south"}
			}
		},
		{
			"from": [5, 10, 16],
			"to": [6, 11, 16.5],
			"rotation": {"angle": 0, "axis": "y", "origin": [8, 8, 8]},
			"faces": {
				"east": {"uv": [5, 5, 5.5, 6], "texture": "#all", "cullface": "south"},
				"south": {"uv": [5, 5, 6, 6], "texture": "#all", "cullface": "south"},
				"west": {"uv": [5, 5, 5.5, 6], "texture": "#all", "cullface": "south"},
				"up": {"uv": [6, 5, 5, 5.5], "rotation": 180, "texture": "#all", "cullface": "south"},
				"down": {"uv": [6, 5, 5, 5.5], "rotation": 180, "texture": "#all", "cullface": "south"}
			}
		},
		{
			"from": [8, 10, 16],
			"to": [9, 11, 16.5],
			"rotation": {"angle": 0, "axis": "y", "origin": [8, 8, 8]},
			"faces": {
				"east": {"uv": [5, 5, 5.5, 6], "texture": "#all", "cullface": "south"},
				"south": {"uv": [5, 5, 6, 6], "texture": "#all", "cullface": "south"},
				"west": {"uv": [5, 5, 5.5, 6], "texture": "#all", "cullface": "south"},
				"up": {"uv": [6, 5, 5, 5.5], "rotation": 180, "texture": "#all", "cullface": "south"},
				"down": {"uv": [6, 5, 5, 5.5], "rotation": 180, "texture": "#all", "cullface": "south"}
			}
		},
		{
			"from": [12, 5, 16],
			"to": [13, 6, 16.5],
			"rotation": {"angle": 0, "axis": "y", "origin": [8, 8, 8]},
			"faces": {
				"east": {"uv": [12, 10, 12.5, 11], "texture": "#all", "cullface": "south"},
				"south": {"uv": [12, 10, 13, 11], "texture": "#all", "cullface": "south"},
				"west": {"uv": [12, 10, 12.5, 11], "texture": "#all", "cullface": "south"},
				"up": {"uv": [13, 10, 12, 10.5], "rotation": 180, "texture": "#all", "cullface": "south"},
				"down": {"uv": [13, 10, 12, 10.5], "rotation": 180, "texture": "#all", "cullface": "south"}
			}
		},
		{
			"from": [13, 4, 16],
			"to": [14, 5, 16.5],
			"rotation": {"angle": 0, "axis": "y", "origin": [8, 8, 8]},
			"faces": {
				"east": {"uv": [13, 11, 13.5, 12], "texture": "#all", "cullface": "south"},
				"south": {"uv": [13, 11, 14, 12], "texture": "#all", "cullface": "south"},
				"west": {"uv": [13, 11, 13.5, 12], "texture": "#all", "cullface": "south"},
				"up": {"uv": [14, 11, 13, 11.5], "rotation": 180, "texture": "#all", "cullface": "south"},
				"down": {"uv": [14, 11, 13, 11.5], "rotation": 180, "texture": "#all", "cullface": "south"}
			}
		},
		{
			"from": [13, 12, 16],
			"to": [14, 13, 16.5],
			"rotation": {"angle": 0, "axis": "y", "origin": [8, 8, 8]},
			"faces": {
				"east": {"uv": [13, 3, 13.5, 4], "texture": "#all", "cullface": "south"},
				"south": {"uv": [13, 3, 14, 4], "texture": "#all", "cullface": "south"},
				"west": {"uv": [13, 3, 13.5, 4], "texture": "#all", "cullface": "south"},
				"up": {"uv": [14, 3, 13, 3.5], "rotation": 180, "texture": "#all", "cullface": "south"},
				"down": {"uv": [14, 3, 13, 3.5], "rotation": 180, "texture": "#all", "cullface": "south"}
			}
		},
		{
			"from": [11, 3, 16],
			"to": [13, 5, 16.5],
			"rotation": {"angle": 0, "axis": "y", "origin": [8, 8, 8]},
			"faces": {
				"east": {"uv": [12, 11, 12.5, 13], "texture": "#all", "cullface": "south"},
				"south": {"uv": [11, 11, 13, 13], "texture": "#all", "cullface": "south"},
				"west": {"uv": [11, 11, 11.5, 13], "texture": "#all", "cullface": "south"},
				"up": {"uv": [13, 11, 11, 11.5], "rotation": 180, "texture": "#all", "cullface": "south"},
				"down": {"uv": [13, 12, 11, 12.5], "rotation": 180, "texture": "#all", "cullface": "south"}
			}
		},
		{
			"from": [2, 2, 16],
			"to": [6, 3, 16.5],
			"rotation": {"angle": 0, "axis": "y", "origin": [8, 8, 8]},
			"faces": {
				"east": {"uv": [5, 13, 5.5, 14], "texture": "#all", "cullface": "south"},
				"south": {"uv": [2, 13, 6, 14], "texture": "#all", "cullface": "south"},
				"west": {"uv": [2, 13, 2.5, 14], "texture": "#all", "cullface": "south"},
				"up": {"uv": [6, 13, 2, 13.5], "rotation": 180, "texture": "#all", "cullface": "south"},
				"down": {"uv": [6, 13, 2, 13.5], "rotation": 180, "texture": "#all", "cullface": "south"}
			}
		},
		{
			"from": [4, 2, 16],
			"to": [5, 3, 17],
			"rotation": {"angle": 0, "axis": "y", "origin": [8, 8, 8]},
			"faces": {
				"east": {"uv": [4, 13, 5, 14], "texture": "#all", "cullface": "south"},
				"south": {"uv": [4, 13, 5, 14], "texture": "#all", "cullface": "south"},
				"west": {"uv": [4, 13, 5, 14], "texture": "#all", "cullface": "south"},
				"up": {"uv": [5, 13, 4, 14], "rotation": 180, "texture": "#all", "cullface": "south"},
				"down": {"uv": [5, 13, 4, 14], "rotation": 180, "texture": "#all", "cullface": "south"}
			}
		},
		{
			"from": [4, 1, 16],
			"to": [5, 4, 16.5],
			"rotation": {"angle": 0, "axis": "y", "origin": [8, 8, 8]},
			"faces": {
				"east": {"uv": [4, 12, 4.5, 15], "texture": "#all", "cullface": "south"},
				"south": {"uv": [4, 12, 5, 15], "texture": "#all", "cullface": "south"},
				"west": {"uv": [4, 12, 4.5, 15], "texture": "#all", "cullface": "south"},
				"up": {"uv": [5, 12, 4, 12.5], "rotation": 180, "texture": "#all", "cullface": "south"},
				"down": {"uv": [5, 14, 4, 14.5], "rotation": 180, "texture": "#all", "cullface": "south"}
			}
		},
		{
			"from": [7, 12, 16],
			"to": [8, 13, 16.5],
			"rotation": {"angle": 0, "axis": "y", "origin": [8, 8, 8]},
			"faces": {
				"east": {"uv": [7, 3, 7.5, 4], "texture": "#all", "cullface": "south"},
				"south": {"uv": [7, 3, 8, 4], "texture": "#all", "cullface": "south"},
				"west": {"uv": [7, 3, 7.5, 4], "texture": "#all", "cullface": "south"},
				"up": {"uv": [8, 3, 7, 3.5], "rotation": 180, "texture": "#all", "cullface": "south"},
				"down": {"uv": [8, 3, 7, 3.5], "rotation": 180, "texture": "#all", "cullface": "south"}
			}
		},
		{
			"from": [-1, 10, 6],
			"to": [0, 11, 8],
			"rotation": {"angle": 0, "axis": "y", "origin": [8, 8, 8]},
			"faces": {
				"north": {"uv": [6, 5, 7, 6], "texture": "#all", "cullface": "west"},
				"south": {"uv": [7, 5, 8, 6], "texture": "#all", "cullface": "west"},
				"west": {"uv": [6, 5, 8, 6], "texture": "#all", "cullface": "west"},
				"up": {"uv": [8, 5, 6, 6], "rotation": 270, "texture": "#all", "cullface": "west"},
				"down": {"uv": [8, 5, 6, 6], "rotation": 90, "texture": "#all", "cullface": "west"}
			}
		},
		{
			"from": [-1, 4, 12],
			"to": [0, 5, 13],
			"rotation": {"angle": 0, "axis": "y", "origin": [8, 8, 8]},
			"faces": {
				"north": {"uv": [12, 11, 13, 12], "texture": "#all", "cullface": "west"},
				"south": {"uv": [12, 11, 13, 12], "texture": "#all", "cullface": "west"},
				"west": {"uv": [12, 11, 13, 12], "texture": "#all", "cullface": "west"},
				"up": {"uv": [13, 11, 12, 12], "rotation": 270, "texture": "#all", "cullface": "west"},
				"down": {"uv": [13, 11, 12, 12], "rotation": 90, "texture": "#all", "cullface": "west"}
			}
		},
		{
			"from": [-0.5, 9, 6],
			"to": [0, 12, 8],
			"rotation": {"angle": 0, "axis": "y", "origin": [8, 8, 8]},
			"faces": {
				"north": {"uv": [6, 4, 6.5, 7], "texture": "#all", "cullface": "west"},
				"south": {"uv": [7, 4, 7.5, 7], "texture": "#all", "cullface": "west"},
				"west": {"uv": [6, 4, 8, 7], "texture": "#all", "cullface": "west"},
				"up": {"uv": [8, 4, 6, 4.5], "rotation": 270, "texture": "#all", "cullface": "west"},
				"down": {"uv": [8, 6, 6, 6.5], "rotation": 90, "texture": "#all", "cullface": "west"}
			}
		},
		{
			"from": [-0.5, 10, 5],
			"to": [0, 11, 6],
			"rotation": {"angle": 0, "axis": "y", "origin": [8, 8, 8]},
			"faces": {
				"north": {"uv": [5, 5, 5.5, 6], "texture": "#all", "cullface": "west"},
				"south": {"uv": [5, 5, 5.5, 6], "texture": "#all", "cullface": "west"},
				"west": {"uv": [5, 5, 6, 6], "texture": "#all", "cullface": "west"},
				"up": {"uv": [6, 5, 5, 5.5], "rotation": 270, "texture": "#all", "cullface": "west"},
				"down": {"uv": [6, 5, 5, 5.5], "rotation": 90, "texture": "#all", "cullface": "west"}
			}
		},
		{
			"from": [-0.5, 10, 8],
			"to": [0, 11, 9],
			"rotation": {"angle": 0, "axis": "y", "origin": [8, 8, 8]},
			"faces": {
				"north": {"uv": [5, 5, 5.5, 6], "texture": "#all", "cullface": "west"},
				"south": {"uv": [5, 5, 5.5, 6], "texture": "#all", "cullface": "west"},
				"west": {"uv": [5, 5, 6, 6], "texture": "#all", "cullface": "west"},
				"up": {"uv": [6, 5, 5, 5.5], "rotation": 270, "texture": "#all", "cullface": "west"},
				"down": {"uv": [6, 5, 5, 5.5], "rotation": 90, "texture": "#all", "cullface": "west"}
			}
		},
		{
			"from": [-0.5, 5, 12],
			"to": [0, 6, 13],
			"rotation": {"angle": 0, "axis": "y", "origin": [8, 8, 8]},
			"faces": {
				"north": {"uv": [12, 10, 12.5, 11], "texture": "#all", "cullface": "west"},
				"south": {"uv": [12, 10, 12.5, 11], "texture": "#all", "cullface": "west"},
				"west": {"uv": [12, 10, 13, 11], "texture": "#all", "cullface": "west"},
				"up": {"uv": [13, 10, 12, 10.5], "rotation": 270, "texture": "#all", "cullface": "west"},
				"down": {"uv": [13, 10, 12, 10.5], "rotation": 90, "texture": "#all", "cullface": "west"}
			}
		},
		{
			"from": [-0.5, 4, 13],
			"to": [0, 5, 14],
			"rotation": {"angle": 0, "axis": "y", "origin": [8, 8, 8]},
			"faces": {
				"north": {"uv": [13, 11, 13.5, 12], "texture": "#all", "cullface": "west"},
				"south": {"uv": [13, 11, 13.5, 12], "texture": "#all", "cullface": "west"},
				"west": {"uv": [13, 11, 14, 12], "texture": "#all", "cullface": "west"},
				"up": {"uv": [14, 11, 13, 11.5], "rotation": 270, "texture": "#all", "cullface": "west"},
				"down": {"uv": [14, 11, 13, 11.5], "rotation": 90, "texture": "#all", "cullface": "west"}
			}
		},
		{
			"from": [-0.5, 12, 13],
			"to": [0, 13, 14],
			"rotation": {"angle": 0, "axis": "y", "origin": [8, 8, 8]},
			"faces": {
				"north": {"uv": [13, 3, 13.5, 4], "texture": "#all", "cullface": "west"},
				"south": {"uv": [13, 3, 13.5, 4], "texture": "#all", "cullface": "west"},
				"west": {"uv": [13, 3, 14, 4], "texture": "#all", "cullface": "west"},
				"up": {"uv": [14, 3, 13, 3.5], "rotation": 270, "texture": "#all", "cullface": "west"},
				"down": {"uv": [14, 3, 13, 3.5], "rotation": 90, "texture": "#all", "cullface": "west"}
			}
		},
		{
			"from": [-0.5, 3, 11],
			"to": [0, 5, 13],
			"rotation": {"angle": 0, "axis": "y", "origin": [8, 8, 8]},
			"faces": {
				"north": {"uv": [11, 11, 11.5, 13], "texture": "#all", "cullface": "west"},
				"south": {"uv": [12, 11, 12.5, 13], "texture": "#all", "cullface": "west"},
				"west": {"uv": [11, 11, 13, 13], "texture": "#all", "cullface": "west"},
				"up": {"uv": [13, 11, 11, 11.5], "rotation": 270, "texture": "#all", "cullface": "west"},
				"down": {"uv": [13, 12, 11, 12.5], "rotation": 90, "texture": "#all", "cullface": "west"}
			}
		},
		{
			"from": [-0.5, 2, 2],
			"to": [0, 3, 6],
			"rotation": {"angle": 0, "axis": "y", "origin": [8, 8, 8]},
			"faces": {
				"north": {"uv": [2, 13, 2.5, 14], "texture": "#all", "cullface": "west"},
				"south": {"uv": [5, 13, 5.5, 14], "texture": "#all", "cullface": "west"},
				"west": {"uv": [2, 13, 6, 14], "texture": "#all", "cullface": "west"},
				"up": {"uv": [6, 13, 2, 13.5], "rotation": 270, "texture": "#all", "cullface": "west"},
				"down": {"uv": [6, 13, 2, 13.5], "rotation": 90, "texture": "#all", "cullface": "west"}
			}
		},
		{
			"from": [-1, 2, 4],
			"to": [0, 3, 5],
			"rotation": {"angle": 0, "axis": "y", "origin": [8, 8, 8]},
			"faces": {
				"north": {"uv": [4, 13, 5, 14], "texture": "#all", "cullface": "west"},
				"south": {"uv": [4, 13, 5, 14], "texture": "#all", "cullface": "west"},
				"west": {"uv": [4, 13, 5, 14], "texture": "#all", "cullface": "west"},
				"up": {"uv": [5, 13, 4, 14], "rotation": 270, "texture": "#all", "cullface": "west"},
				"down": {"uv": [5, 13, 4, 14], "rotation": 90, "texture": "#all", "cullface": "west"}
			}
		},
		{
			"from": [-0.5, 1, 4],
			"to": [0, 4, 5],
			"rotation": {"angle": 0, "axis": "y", "origin": [8, 8, 8]},
			"faces": {
				"north": {"uv": [4, 12, 4.5, 15], "texture": "#all", "cullface": "west"},
				"south": {"uv": [4, 12, 4.5, 15], "texture": "#all", "cullface": "west"},
				"west": {"uv": [4, 12, 5, 15], "texture": "#all", "cullface": "west"},
				"up": {"uv": [5, 12, 4, 12.5], "rotation": 270, "texture": "#all", "cullface": "west"},
				"down": {"uv": [5, 14, 4, 14.5], "rotation": 90, "texture": "#all", "cullface": "west"}
			}
		},
		{
			"from": [-0.5, 12, 7],
			"to": [0, 13, 8],
			"rotation": {"angle": 0, "axis": "y", "origin": [8, 8, 8]},
			"faces": {
				"north": {"uv": [7, 3, 7.5, 4], "texture": "#all", "cullface": "west"},
				"south": {"uv": [7, 3, 7.5, 4], "texture": "#all", "cullface": "west"},
				"west": {"uv": [7, 3, 8, 4], "texture": "#all", "cullface": "west"},
				"up": {"uv": [8, 3, 7, 3.5], "rotation": 270, "texture": "#all", "cullface": "west"},
				"down": {"uv": [8, 3, 7, 3.5], "rotation": 90, "texture": "#all", "cullface": "west"}
			}
		},
		{
			"from": [6, 16, 5],
			"to": [8, 17, 6],
			"rotation": {"angle": 0, "axis": "y", "origin": [8, 8, 8]},
			"faces": {
				"north": {"uv": [8, 5, 6, 6], "texture": "#all", "cullface": "up"},
				"east": {"uv": [7, 5, 8, 6], "rotation": 90, "texture": "#all", "cullface": "up"},
				"south": {"uv": [8, 5, 6, 6], "rotation": 180, "texture": "#all", "cullface": "up"},
				"west": {"uv": [6, 5, 7, 6], "rotation": 270, "texture": "#all", "cullface": "up"},
				"up": {"uv": [6, 5, 8, 6], "texture": "#all", "cullface": "up"}
			}
		},
		{
			"from": [12, 16, 11],
			"to": [13, 17, 12],
			"rotation": {"angle": 0, "axis": "y", "origin": [8, 8, 8]},
			"faces": {
				"north": {"uv": [13, 11, 12, 12], "texture": "#all", "cullface": "up"},
				"east": {"uv": [12, 11, 13, 12], "rotation": 90, "texture": "#all", "cullface": "up"},
				"south": {"uv": [13, 11, 12, 12], "rotation": 180, "texture": "#all", "cullface": "up"},
				"west": {"uv": [12, 11, 13, 12], "rotation": 270, "texture": "#all", "cullface": "up"},
				"up": {"uv": [12, 11, 13, 12], "texture": "#all", "cullface": "up"}
			}
		},
		{
			"from": [6, 16, 4],
			"to": [8, 16.5, 7],
			"rotation": {"angle": 0, "axis": "y", "origin": [8, 8, 8]},
			"faces": {
				"north": {"uv": [8, 4, 6, 4.5], "texture": "#all", "cullface": "up"},
				"east": {"uv": [7, 4, 7.5, 7], "rotation": 90, "texture": "#all", "cullface": "up"},
				"south": {"uv": [8, 6, 6, 6.5], "rotation": 180, "texture": "#all", "cullface": "up"},
				"west": {"uv": [6, 4, 6.5, 7], "rotation": 270, "texture": "#all", "cullface": "up"},
				"up": {"uv": [6, 4, 8, 7], "texture": "#all", "cullface": "up"}
			}
		},
		{
			"from": [5, 16, 5],
			"to": [6, 16.5, 6],
			"rotation": {"angle": 0, "axis": "y", "origin": [8, 8, 8]},
			"faces": {
				"north": {"uv": [6, 5, 5, 5.5], "texture": "#all", "cullface": "up"},
				"east": {"uv": [5, 5, 5.5, 6], "rotation": 90, "texture": "#all", "cullface": "up"},
				"south": {"uv": [6, 5, 5, 5.5], "rotation": 180, "texture": "#all", "cullface": "up"},
				"west": {"uv": [5, 5, 5.5, 6], "rotation": 270, "texture": "#all", "cullface": "up"},
				"up": {"uv": [5, 5, 6, 6], "texture": "#all", "cullface": "up"}
			}
		},
		{
			"from": [8, 16, 5],
			"to": [9, 16.5, 6],
			"rotation": {"angle": 0, "axis": "y", "origin": [8, 8, 8]},
			"faces": {
				"north": {"uv": [6, 5, 5, 5.5], "texture": "#all", "cullface": "up"},
				"east": {"uv": [5, 5, 5.5, 6], "rotation": 90, "texture": "#all", "cullface": "up"},
				"south": {"uv": [6, 5, 5, 5.5], "rotation": 180, "texture": "#all", "cullface": "up"},
				"west": {"uv": [5, 5, 5.5, 6], "rotation": 270, "texture": "#all", "cullface": "up"},
				"up": {"uv": [5, 5, 6, 6], "texture": "#all", "cullface": "up"}
			}
		},
		{
			"from": [12, 16, 10],
			"to": [13, 16.5, 11],
			"rotation": {"angle": 0, "axis": "y", "origin": [8, 8, 8]},
			"faces": {
				"north": {"uv": [13, 10, 12, 10.5], "texture": "#all", "cullface": "up"},
				"east": {"uv": [12, 10, 12.5, 11], "rotation": 90, "texture": "#all", "cullface": "up"},
				"south": {"uv": [13, 10, 12, 10.5], "rotation": 180, "texture": "#all", "cullface": "up"},
				"west": {"uv": [12, 10, 12.5, 11], "rotation": 270, "texture": "#all", "cullface": "up"},
				"up": {"uv": [12, 10, 13, 11], "texture": "#all", "cullface": "up"}
			}
		},
		{
			"from": [13, 16, 11],
			"to": [14, 16.5, 12],
			"rotation": {"angle": 0, "axis": "y", "origin": [8, 8, 8]},
			"faces": {
				"north": {"uv": [14, 11, 13, 11.5], "texture": "#all", "cullface": "up"},
				"east": {"uv": [13, 11, 13.5, 12], "rotation": 90, "texture": "#all", "cullface": "up"},
				"south": {"uv": [14, 11, 13, 11.5], "rotation": 180, "texture": "#all", "cullface": "up"},
				"west": {"uv": [13, 11, 13.5, 12], "rotation": 270, "texture": "#all", "cullface": "up"},
				"up": {"uv": [13, 11, 14, 12], "texture": "#all", "cullface": "up"}
			}
		},
		{
			"from": [13, 16, 3],
			"to": [14, 16.5, 4],
			"rotation": {"angle": 0, "axis": "y", "origin": [8, 8, 8]},
			"faces": {
				"north": {"uv": [14, 3, 13, 3.5], "texture": "#all", "cullface": "up"},
				"east": {"uv": [13, 3, 13.5, 4], "rotation": 90, "texture": "#all", "cullface": "up"},
				"south": {"uv": [14, 3, 13, 3.5], "rotation": 180, "texture": "#all", "cullface": "up"},
				"west": {"uv": [13, 3, 13.5, 4], "rotation": 270, "texture": "#all", "cullface": "up"},
				"up": {"uv": [13, 3, 14, 4], "texture": "#all", "cullface": "up"}
			}
		},
		{
			"from": [11, 16, 11],
			"to": [13, 16.5, 13],
			"rotation": {"angle": 0, "axis": "y", "origin": [8, 8, 8]},
			"faces": {
				"north": {"uv": [13, 11, 11, 11.5], "texture": "#all", "cullface": "up"},
				"east": {"uv": [12, 11, 12.5, 13], "rotation": 90, "texture": "#all", "cullface": "up"},
				"south": {"uv": [13, 12, 11, 12.5], "rotation": 180, "texture": "#all", "cullface": "up"},
				"west": {"uv": [11, 11, 11.5, 13], "rotation": 270, "texture": "#all", "cullface": "up"},
				"up": {"uv": [11, 11, 13, 13], "texture": "#all", "cullface": "up"}
			}
		},
		{
			"from": [2, 16, 13],
			"to": [6, 16.5, 14],
			"rotation": {"angle": 0, "axis": "y", "origin": [8, 8, 8]},
			"faces": {
				"north": {"uv": [6, 13, 2, 13.5], "texture": "#all", "cullface": "up"},
				"east": {"uv": [5, 13, 5.5, 14], "rotation": 90, "texture": "#all", "cullface": "up"},
				"south": {"uv": [6, 13, 2, 13.5], "rotation": 180, "texture": "#all", "cullface": "up"},
				"west": {"uv": [2, 13, 2.5, 14], "rotation": 270, "texture": "#all", "cullface": "up"},
				"up": {"uv": [2, 13, 6, 14], "texture": "#all", "cullface": "up"}
			}
		},
		{
			"from": [4, 16, 13],
			"to": [5, 17, 14],
			"rotation": {"angle": 0, "axis": "y", "origin": [8, 8, 8]},
			"faces": {
				"north": {"uv": [5, 13, 4, 14], "texture": "#all", "cullface": "up"},
				"east": {"uv": [4, 13, 5, 14], "rotation": 90, "texture": "#all", "cullface": "up"},
				"south": {"uv": [5, 13, 4, 14], "rotation": 180, "texture": "#all", "cullface": "up"},
				"west": {"uv": [4, 13, 5, 14], "rotation": 270, "texture": "#all", "cullface": "up"},
				"up": {"uv": [4, 13, 5, 14], "texture": "#all", "cullface": "up"}
			}
		},
		{
			"from": [4, 16, 12],
			"to": [5, 16.5, 15],
			"rotation": {"angle": 0, "axis": "y", "origin": [8, 8, 8]},
			"faces": {
				"north": {"uv": [5, 12, 4, 12.5], "texture": "#all", "cullface": "up"},
				"east": {"uv": [4, 12, 4.5, 15], "rotation": 90, "texture": "#all", "cullface": "up"},
				"south": {"uv": [5, 14, 4, 14.5], "rotation": 180, "texture": "#all", "cullface": "up"},
				"west": {"uv": [4, 12, 4.5, 15], "rotation": 270, "texture": "#all", "cullface": "up"},
				"up": {"uv": [4, 12, 5, 15], "texture": "#all", "cullface": "up"}
			}
		},
		{
			"from": [7, 16, 3],
			"to": [8, 16.5, 4],
			"rotation": {"angle": 0, "axis": "y", "origin": [8, 8, 8]},
			"faces": {
				"north": {"uv": [8, 3, 7, 3.5], "texture": "#all", "cullface": "up"},
				"east": {"uv": [7, 3, 7.5, 4], "rotation": 90, "texture": "#all", "cullface": "up"},
				"south": {"uv": [8, 3, 7, 3.5], "rotation": 180, "texture": "#all", "cullface": "up"},
				"west": {"uv": [7, 3, 7.5, 4], "rotation": 270, "texture": "#all", "cullface": "up"},
				"up": {"uv": [7, 3, 8, 4], "texture": "#all", "cullface": "up"}
			}
		},
		{
			"from": [6, -1, 10],
			"to": [8, 0, 11],
			"rotation": {"angle": 0, "axis": "x", "origin": [8, 8, 8]},
			"faces": {
				"north": {"uv": [8, 5, 6, 6], "texture": "#all", "cullface": "down"},
				"east": {"uv": [7, 5, 8, 6], "rotation": 270, "texture": "#all", "cullface": "down"},
				"south": {"uv": [8, 5, 6, 6], "rotation": 180, "texture": "#all", "cullface": "down"},
				"west": {"uv": [6, 5, 7, 6], "rotation": 90, "texture": "#all", "cullface": "down"},
				"down": {"uv": [6, 5, 8, 6], "texture": "#all", "cullface": "down"}
			}
		},
		{
			"from": [12, -1, 4],
			"to": [13, 0, 5],
			"rotation": {"angle": 0, "axis": "x", "origin": [8, 8, 8]},
			"faces": {
				"north": {"uv": [13, 11, 12, 12], "texture": "#all", "cullface": "down"},
				"east": {"uv": [12, 11, 13, 12], "rotation": 270, "texture": "#all", "cullface": "down"},
				"south": {"uv": [13, 11, 12, 12], "rotation": 180, "texture": "#all", "cullface": "down"},
				"west": {"uv": [12, 11, 13, 12], "rotation": 90, "texture": "#all", "cullface": "down"},
				"down": {"uv": [12, 11, 13, 12], "texture": "#all", "cullface": "down"}
			}
		},
		{
			"from": [6, -0.5, 9],
			"to": [8, 0, 12],
			"rotation": {"angle": 0, "axis": "x", "origin": [8, 8, 8]},
			"faces": {
				"north": {"uv": [8, 6, 6, 6.5], "texture": "#all", "cullface": "down"},
				"east": {"uv": [7, 4, 7.5, 7], "rotation": 270, "texture": "#all", "cullface": "down"},
				"south": {"uv": [8, 4, 6, 4.5], "rotation": 180, "texture": "#all", "cullface": "down"},
				"west": {"uv": [6, 4, 6.5, 7], "rotation": 90, "texture": "#all", "cullface": "down"},
				"down": {"uv": [6, 4, 8, 7], "texture": "#all", "cullface": "down"}
			}
		},
		{
			"from": [5, -0.5, 10],
			"to": [6, 0, 11],
			"rotation": {"angle": 0, "axis": "x", "origin": [8, 8, 8]},
			"faces": {
				"north": {"uv": [6, 5, 5, 5.5], "texture": "#all", "cullface": "down"},
				"east": {"uv": [5, 5, 5.5, 6], "rotation": 270, "texture": "#all", "cullface": "down"},
				"south": {"uv": [6, 5, 5, 5.5], "rotation": 180, "texture": "#all", "cullface": "down"},
				"west": {"uv": [5, 5, 5.5, 6], "rotation": 90, "texture": "#all", "cullface": "down"},
				"down": {"uv": [5, 5, 6, 6], "texture": "#all", "cullface": "down"}
			}
		},
		{
			"from": [8, -0.5, 10],
			"to": [9, 0, 11],
			"rotation": {"angle": 0, "axis": "x", "origin": [8, 8, 8]},
			"faces": {
				"north": {"uv": [6, 5, 5, 5.5], "texture": "#all", "cullface": "down"},
				"east": {"uv": [5, 5, 5.5, 6], "rotation": 270, "texture": "#all", "cullface": "down"},
				"south": {"uv": [6, 5, 5, 5.5], "rotation": 180, "texture": "#all", "cullface": "down"},
				"west": {"uv": [5, 5, 5.5, 6], "rotation": 90, "texture": "#all", "cullface": "down"},
				"down": {"uv": [5, 5, 6, 6], "texture": "#all", "cullface": "down"}
			}
		},
		{
			"from": [12, -0.5, 5],
			"to": [13, 0, 6],
			"rotation": {"angle": 0, "axis": "x", "origin": [8, 8, 8]},
			"faces": {
				"north": {"uv": [13, 10, 12, 10.5], "texture": "#all", "cullface": "down"},
				"east": {"uv": [12, 10, 12.5, 11], "rotation": 270, "texture": "#all", "cullface": "down"},
				"south": {"uv": [13, 10, 12, 10.5], "rotation": 180, "texture": "#all", "cullface": "down"},
				"west": {"uv": [12, 10, 12.5, 11], "rotation": 90, "texture": "#all", "cullface": "down"},
				"down": {"uv": [12, 10, 13, 11], "texture": "#all", "cullface": "down"}
			}
		},
		{
			"from": [13, -0.5, 4],
			"to": [14, 0, 5],
			"rotation": {"angle": 0, "axis": "x", "origin": [8, 8, 8]},
			"faces": {
				"north": {"uv": [14, 11, 13, 11.5], "texture": "#all", "cullface": "down"},
				"east": {"uv": [13, 11, 13.5, 12], "rotation": 270, "texture": "#all", "cullface": "down"},
				"south": {"uv": [14, 11, 13, 11.5], "rotation": 180, "texture": "#all", "cullface": "down"},
				"west": {"uv": [13, 11, 13.5, 12], "rotation": 90, "texture": "#all", "cullface": "down"},
				"down": {"uv": [13, 11, 14, 12], "texture": "#all", "cullface": "down"}
			}
		},
		{
			"from": [13, -0.5, 12],
			"to": [14, 0, 13],
			"rotation": {"angle": 0, "axis": "x", "origin": [8, 8, 8]},
			"faces": {
				"north": {"uv": [14, 3, 13, 3.5], "texture": "#all", "cullface": "down"},
				"east": {"uv": [13, 3, 13.5, 4], "rotation": 270, "texture": "#all", "cullface": "down"},
				"south": {"uv": [14, 3, 13, 3.5], "rotation": 180, "texture": "#all", "cullface": "down"},
				"west": {"uv": [13, 3, 13.5, 4], "rotation": 90, "texture": "#all", "cullface": "down"},
				"down": {"uv": [13, 3, 14, 4], "texture": "#all", "cullface": "down"}
			}
		},
		{
			"from": [11, -0.5, 3],
			"to": [13, 0, 5],
			"rotation": {"angle": 0, "axis": "x", "origin": [8, 8, 8]},
			"faces": {
				"north": {"uv": [13, 12, 11, 12.5], "texture": "#all", "cullface": "down"},
				"east": {"uv": [12, 11, 12.5, 13], "rotation": 270, "texture": "#all", "cullface": "down"},
				"south": {"uv": [13, 11, 11, 11.5], "rotation": 180, "texture": "#all", "cullface": "down"},
				"west": {"uv": [11, 11, 11.5, 13], "rotation": 90, "texture": "#all", "cullface": "down"},
				"down": {"uv": [11, 11, 13, 13], "texture": "#all", "cullface": "down"}
			}
		},
		{
			"from": [2, -0.5, 2],
			"to": [6, 0, 3],
			"rotation": {"angle": 0, "axis": "x", "origin": [8, 8, 8]},
			"faces": {
				"north": {"uv": [6, 13, 2, 13.5], "texture": "#all", "cullface": "down"},
				"east": {"uv": [5, 13, 5.5, 14], "rotation": 270, "texture": "#all", "cullface": "down"},
				"south": {"uv": [6, 13, 2, 13.5], "rotation": 180, "texture": "#all", "cullface": "down"},
				"west": {"uv": [2, 13, 2.5, 14], "rotation": 90, "texture": "#all", "cullface": "down"},
				"down": {"uv": [2, 13, 6, 14], "texture": "#all", "cullface": "down"}
			}
		},
		{
			"from": [4, -1, 2],
			"to": [5, 0, 3],
			"rotation": {"angle": 0, "axis": "x", "origin": [8, 8, 8]},
			"faces": {
				"north": {"uv": [5, 13, 4, 14], "texture": "#all", "cullface": "down"},
				"east": {"uv": [4, 13, 5, 14], "rotation": 270, "texture": "#all", "cullface": "down"},
				"south": {"uv": [5, 13, 4, 14], "rotation": 180, "texture": "#all", "cullface": "down"},
				"west": {"uv": [4, 13, 5, 14], "rotation": 90, "texture": "#all", "cullface": "down"},
				"down": {"uv": [4, 13, 5, 14], "texture": "#all", "cullface": "down"}
			}
		},
		{
			"from": [4, -0.5, 1],
			"to": [5, 0, 4],
			"rotation": {"angle": 0, "axis": "x", "origin": [8, 8, 8]},
			"faces": {
				"north": {"uv": [5, 14, 4, 14.5], "texture": "#all", "cullface": "down"},
				"east": {"uv": [4, 12, 4.5, 15], "rotation": 270, "texture": "#all", "cullface": "down"},
				"south": {"uv": [5, 12, 4, 12.5], "rotation": 180, "texture": "#all", "cullface": "down"},
				"west": {"uv": [4, 12, 4.5, 15], "rotation": 90, "texture": "#all", "cullface": "down"},
				"down": {"uv": [4, 12, 5, 15], "texture": "#all", "cullface": "down"}
			}
		},
		{
			"from": [7, -0.5, 12],
			"to": [8, 0, 13],
			"rotation": {"angle": 0, "axis": "x", "origin": [8, 8, 8]},
			"faces": {
				"north": {"uv": [8, 3, 7, 3.5], "texture": "#all", "cullface": "down"},
				"east": {"uv": [7, 3, 7.5, 4], "rotation": 270, "texture": "#all", "cullface": "down"},
				"south": {"uv": [8, 3, 7, 3.5], "rotation": 180, "texture": "#all", "cullface": "down"},
				"west": {"uv": [7, 3, 7.5, 4], "rotation": 90, "texture": "#all", "cullface": "down"},
				"down": {"uv": [7, 3, 8, 4], "texture": "#all", "cullface": "down"}
			}
		}
	]
}