{
	"credit": "Created by GrandMagus",
	"ambientocclusion": false,
	"textures": {
		"particle": "block/iron_bars",
		"bars": "block/iron_bars",
		"edge": "block/iron_bars"
	},
	"elements": [
		{
			"from": [ 8, 0, 0 ],
			"to": [ 8.001, 16, 8 ],
			"faces": {
				"west": { "uv": [ 16, 0, 8, 16 ], "texture": "#bars" },
				"east": { "uv": [ 8, 0, 16, 16 ], "texture": "#bars" }
			}
		},
		{
			"from": [ 7, 0, 7 ],
			"to": [ 9, 16, 9 ],
			"faces": {
				"down": { "uv": [ 7, 7, 9, 9 ], "texture": "#bars" },
				"up": { "uv": [ 7, 7, 9, 9 ], "texture": "#bars" },
				"north": { "uv": [ 9, 0, 7, 16 ], "texture": "#bars" },
				"south": { "uv": [ 9, 0, 7, 16 ], "texture": "#bars" },
				"west": { "uv": [ 7, 0, 9, 16 ], "texture": "#bars" },
				"east": { "uv": [ 7, 0, 9, 16 ], "texture": "#bars" }
			}
		},
		{
			"from": [ 7, 0, 2 ],
			"to": [ 9, 16, 4 ],
			"faces": {
				"down": { "uv": [ 7, 12, 9, 14 ], "texture": "#bars" },
				"up": { "uv": [ 7, 2, 9, 4 ], "texture": "#bars" },
				"north": { "uv": [ 4, 0, 2, 16 ], "texture": "#bars" },
				"south": { "uv": [ 4, 0, 2, 16 ], "texture": "#bars" },
				"west": { "uv": [ 2, 0, 4, 16 ], "texture": "#bars" },
				"east": { "uv": [ 2, 0, 4, 16 ], "texture": "#bars" }
			}
		}
	]
}