{
	"credit": "Created by GrandMagus",
	"parent": "minecraft:block/cube_all",
	"textures": {
		"all": "block/iron_ore"
	},
	"elements": [
		{
			"from": [0, 0, 0],
			"to": [16, 16, 16],
			"faces": {
				"north": {"uv": [0, 0, 16, 16], "texture": "#all", "cullface": "north"},
				"east": {"uv": [0, 0, 16, 16], "texture": "#all", "cullface": "east"},
				"south": {"uv": [0, 0, 16, 16], "texture": "#all", "cullface": "south"},
				"west": {"uv": [0, 0, 16, 16], "texture": "#all", "cullface": "west"},
				"up": {"uv": [0, 0, 16, 16], "texture": "#all", "cullface": "up"},
				"down": {"uv": [0, 0, 16, 16], "texture": "#all", "cullface": "down"}
			}
		},
		{
			"from": [7, 9, -0.5],
			"to": [9, 11, 0],
			"rotation": {"angle": 0, "axis": "y", "origin": [8, 8, 8]},
			"faces": {
				"north": {"uv": [7, 5, 9, 7], "texture": "#all", "cullface": "north"},
				"east": {"uv": [7, 5, 7.5, 7], "texture": "#all", "cullface": "north"},
				"west": {"uv": [8, 5, 8.5, 7], "texture": "#all", "cullface": "north"},
				"up": {"uv": [9, 5, 7, 5.5], "texture": "#all", "cullface": "north"},
				"down": {"uv": [9, 6, 7, 6.5], "texture": "#all", "cullface": "north"}
			}
		},
		{
			"from": [10, 5, -0.5],
			"to": [12, 7, 0],
			"rotation": {"angle": 0, "axis": "y", "origin": [8, 8, 8]},
			"faces": {
				"north": {"uv": [4, 9, 6, 11], "texture": "#all", "cullface": "north"},
				"east": {"uv": [4, 9, 4.5, 11], "texture": "#all", "cullface": "north"},
				"west": {"uv": [5, 9, 5.5, 11], "texture": "#all", "cullface": "north"},
				"up": {"uv": [6, 9, 4, 9.5], "texture": "#all", "cullface": "north"},
				"down": {"uv": [6, 10, 4, 10.5], "texture": "#all", "cullface": "north"}
			}
		},
		{
			"from": [9, 10, -0.5],
			"to": [10, 11, 0],
			"rotation": {"angle": 0, "axis": "y", "origin": [8, 8, 8]},
			"faces": {
				"north": {"uv": [6, 5, 7, 6], "texture": "#all", "cullface": "north"},
				"east": {"uv": [6, 5, 6.5, 6], "texture": "#all", "cullface": "north"},
				"up": {"uv": [7, 5, 6, 5.5], "texture": "#all", "cullface": "north"},
				"down": {"uv": [7, 5, 6, 5.5], "texture": "#all", "cullface": "north"}
			}
		},
		{
			"from": [6, 10, -0.5],
			"to": [7, 11, 0],
			"rotation": {"angle": 0, "axis": "y", "origin": [8, 8, 8]},
			"faces": {
				"north": {"uv": [9, 5, 10, 6], "texture": "#all", "cullface": "north"},
				"west": {"uv": [9, 5, 9.5, 6], "texture": "#all", "cullface": "north"},
				"up": {"uv": [10, 5, 9, 5.5], "texture": "#all", "cullface": "north"},
				"down": {"uv": [10, 5, 9, 5.5], "texture": "#all", "cullface": "north"}
			}
		},
		{
			"from": [5, 11, -0.5],
			"to": [6, 12, 0],
			"rotation": {"angle": 0, "axis": "y", "origin": [8, 8, 8]},
			"faces": {
				"north": {"uv": [10, 4, 11, 5], "texture": "#all", "cullface": "north"},
				"west": {"uv": [10, 4, 10.5, 5], "texture": "#all", "cullface": "north"},
				"up": {"uv": [11, 4, 10, 4.5], "texture": "#all", "cullface": "north"},
				"down": {"uv": [11, 4, 10, 4.5], "texture": "#all", "cullface": "north"}
			}
		},
		{
			"from": [7, 10, -1],
			"to": [8, 11, 0],
			"rotation": {"angle": 0, "axis": "y", "origin": [8, 8, 8]},
			"faces": {
				"north": {"uv": [8, 5, 9, 6], "texture": "#all", "cullface": "north"},
				"east": {"uv": [8, 5, 8.5, 6], "texture": "#all", "cullface": "north"},
				"west": {"uv": [8, 5, 8.5, 6], "texture": "#all", "cullface": "north"},
				"up": {"uv": [9, 5, 8, 5.5], "texture": "#all", "cullface": "north"},
				"down": {"uv": [9, 5, 8, 5.5], "texture": "#all", "cullface": "north"}
			}
		},
		{
			"from": [4, 6, -0.5],
			"to": [5, 7, 0],
			"rotation": {"angle": 0, "axis": "y", "origin": [8, 8, 8]},
			"faces": {
				"north": {"uv": [11, 9, 12, 10], "texture": "#all", "cullface": "north"},
				"east": {"uv": [11, 9, 11.5, 10], "texture": "#all", "cullface": "north"},
				"west": {"uv": [11, 9, 11.5, 10], "texture": "#all", "cullface": "north"},
				"up": {"uv": [12, 9, 11, 9.5], "texture": "#all", "cullface": "north"},
				"down": {"uv": [12, 9, 11, 9.5], "texture": "#all", "cullface": "north"}
			}
		},
		{
			"from": [3, 13, -0.5],
			"to": [4, 14, 0],
			"rotation": {"angle": 0, "axis": "y", "origin": [8, 8, 8]},
			"faces": {
				"north": {"uv": [12, 2, 13, 3], "texture": "#all", "cullface": "north"},
				"east": {"uv": [12, 2, 12.5, 3], "texture": "#all", "cullface": "north"},
				"west": {"uv": [12, 2, 12.5, 3], "texture": "#all", "cullface": "north"},
				"up": {"uv": [13, 2, 12, 2.5], "texture": "#all", "cullface": "north"},
				"down": {"uv": [13, 2, 12, 2.5], "texture": "#all", "cullface": "north"}
			}
		},
		{
			"from": [12, 12, -0.5],
			"to": [13, 13, 0],
			"rotation": {"angle": 0, "axis": "y", "origin": [8, 8, 8]},
			"faces": {
				"north": {"uv": [3, 3, 4, 4], "texture": "#all", "cullface": "north"},
				"east": {"uv": [3, 3, 3.5, 4], "texture": "#all", "cullface": "north"},
				"west": {"uv": [3, 3, 3.5, 4], "texture": "#all", "cullface": "north"},
				"up": {"uv": [4, 3, 3, 3.5], "texture": "#all", "cullface": "north"},
				"down": {"uv": [4, 3, 3, 3.5], "texture": "#all", "cullface": "north"}
			}
		},
		{
			"from": [4, 2, -0.5],
			"to": [6, 3, 0],
			"rotation": {"angle": 0, "axis": "y", "origin": [8, 8, 8]},
			"faces": {
				"north": {"uv": [10, 13, 12, 14], "texture": "#all", "cullface": "north"},
				"east": {"uv": [10, 13, 10.5, 14], "texture": "#all", "cullface": "north"},
				"west": {"uv": [11, 13, 11.5, 14], "texture": "#all", "cullface": "north"},
				"up": {"uv": [12, 13, 10, 13.5], "texture": "#all", "cullface": "north"},
				"down": {"uv": [12, 13, 10, 13.5], "texture": "#all", "cullface": "north"}
			}
		},
		{
			"from": [3, 3, -0.5],
			"to": [5, 4, 0],
			"rotation": {"angle": 0, "axis": "y", "origin": [8, 8, 8]},
			"faces": {
				"north": {"uv": [10, 13, 12, 14], "texture": "#all", "cullface": "north"},
				"east": {"uv": [11, 13, 11.5, 14], "texture": "#all", "cullface": "north"},
				"west": {"uv": [10, 13, 10.5, 14], "texture": "#all", "cullface": "north"},
				"up": {"uv": [12, 13, 10, 13.5], "texture": "#all", "cullface": "north"},
				"down": {"uv": [12, 13, 10, 13.5], "texture": "#all", "cullface": "north"}
			}
		},
		{
			"from": [16, 9, 7],
			"to": [16.5, 11, 9],
			"rotation": {"angle": 0, "axis": "y", "origin": [8, 8, 8]},
			"faces": {
				"north": {"uv": [8, 5, 8.5, 7], "texture": "#all", "cullface": "east"},
				"east": {"uv": [7, 5, 9, 7], "texture": "#all", "cullface": "east"},
				"south": {"uv": [7, 5, 7.5, 7], "texture": "#all", "cullface": "east"},
				"up": {"uv": [9, 5, 7, 5.5], "rotation": 90, "texture": "#all", "cullface": "east"},
				"down": {"uv": [9, 6, 7, 6.5], "rotation": 270, "texture": "#all", "cullface": "east"}
			}
		},
		{
			"from": [16, 5, 10],
			"to": [16.5, 7, 12],
			"rotation": {"angle": 0, "axis": "y", "origin": [8, 8, 8]},
			"faces": {
				"north": {"uv": [5, 9, 5.5, 11], "texture": "#all", "cullface": "east"},
				"east": {"uv": [4, 9, 6, 11], "texture": "#all", "cullface": "east"},
				"south": {"uv": [4, 9, 4.5, 11], "texture": "#all", "cullface": "east"},
				"up": {"uv": [6, 9, 4, 9.5], "rotation": 90, "texture": "#all", "cullface": "east"},
				"down": {"uv": [6, 10, 4, 10.5], "rotation": 270, "texture": "#all", "cullface": "east"}
			}
		},
		{
			"from": [16, 10, 9],
			"to": [16.5, 11, 10],
			"rotation": {"angle": 0, "axis": "y", "origin": [8, 8, 8]},
			"faces": {
				"east": {"uv": [6, 5, 7, 6], "texture": "#all", "cullface": "east"},
				"south": {"uv": [6, 5, 6.5, 6], "texture": "#all", "cullface": "east"},
				"up": {"uv": [7, 5, 6, 5.5], "rotation": 90, "texture": "#all", "cullface": "east"},
				"down": {"uv": [7, 5, 6, 5.5], "rotation": 270, "texture": "#all", "cullface": "east"}
			}
		},
		{
			"from": [16, 10, 6],
			"to": [16.5, 11, 7],
			"rotation": {"angle": 0, "axis": "y", "origin": [8, 8, 8]},
			"faces": {
				"north": {"uv": [9, 5, 9.5, 6], "texture": "#all", "cullface": "east"},
				"east": {"uv": [9, 5, 10, 6], "texture": "#all", "cullface": "east"},
				"up": {"uv": [10, 5, 9, 5.5], "rotation": 90, "texture": "#all", "cullface": "east"},
				"down": {"uv": [10, 5, 9, 5.5], "rotation": 270, "texture": "#all", "cullface": "east"}
			}
		},
		{
			"from": [16, 11, 5],
			"to": [16.5, 12, 6],
			"rotation": {"angle": 0, "axis": "y", "origin": [8, 8, 8]},
			"faces": {
				"north": {"uv": [10, 4, 10.5, 5], "texture": "#all", "cullface": "east"},
				"east": {"uv": [10, 4, 11, 5], "texture": "#all", "cullface": "east"},
				"up": {"uv": [11, 4, 10, 4.5], "rotation": 90, "texture": "#all", "cullface": "east"},
				"down": {"uv": [11, 4, 10, 4.5], "rotation": 270, "texture": "#all", "cullface": "east"}
			}
		},
		{
			"from": [16, 10, 7],
			"to": [17, 11, 8],
			"rotation": {"angle": 0, "axis": "y", "origin": [8, 8, 8]},
			"faces": {
				"north": {"uv": [8, 5, 8.5, 6], "texture": "#all", "cullface": "east"},
				"east": {"uv": [8, 5, 9, 6], "texture": "#all", "cullface": "east"},
				"south": {"uv": [8, 5, 8.5, 6], "texture": "#all", "cullface": "east"},
				"up": {"uv": [9, 5, 8, 5.5], "rotation": 90, "texture": "#all", "cullface": "east"},
				"down": {"uv": [9, 5, 8, 5.5], "rotation": 270, "texture": "#all", "cullface": "east"}
			}
		},
		{
			"from": [16, 6, 4],
			"to": [16.5, 7, 5],
			"rotation": {"angle": 0, "axis": "y", "origin": [8, 8, 8]},
			"faces": {
				"north": {"uv": [11, 9, 11.5, 10], "texture": "#all", "cullface": "east"},
				"east": {"uv": [11, 9, 12, 10], "texture": "#all", "cullface": "east"},
				"south": {"uv": [11, 9, 11.5, 10], "texture": "#all", "cullface": "east"},
				"up": {"uv": [12, 9, 11, 9.5], "rotation": 90, "texture": "#all", "cullface": "east"},
				"down": {"uv": [12, 9, 11, 9.5], "rotation": 270, "texture": "#all", "cullface": "east"}
			}
		},
		{
			"from": [16, 13, 3],
			"to": [16.5, 14, 4],
			"rotation": {"angle": 0, "axis": "y", "origin": [8, 8, 8]},
			"faces": {
				"north": {"uv": [12, 2, 12.5, 3], "texture": "#all", "cullface": "east"},
				"east": {"uv": [12, 2, 13, 3], "texture": "#all", "cullface": "east"},
				"south": {"uv": [12, 2, 12.5, 3], "texture": "#all", "cullface": "east"},
				"up": {"uv": [13, 2, 12, 2.5], "rotation": 90, "texture": "#all", "cullface": "east"},
				"down": {"uv": [13, 2, 12, 2.5], "rotation": 270, "texture": "#all", "cullface": "east"}
			}
		},
		{
			"from": [16, 12, 12],
			"to": [16.5, 13, 13],
			"rotation": {"angle": 0, "axis": "y", "origin": [8, 8, 8]},
			"faces": {
				"north": {"uv": [3, 3, 3.5, 4], "texture": "#all", "cullface": "east"},
				"east": {"uv": [3, 3, 4, 4], "texture": "#all", "cullface": "east"},
				"south": {"uv": [3, 3, 3.5, 4], "texture": "#all", "cullface": "east"},
				"up": {"uv": [4, 3, 3, 3.5], "rotation": 90, "texture": "#all", "cullface": "east"},
				"down": {"uv": [4, 3, 3, 3.5], "rotation": 270, "texture": "#all", "cullface": "east"}
			}
		},
		{
			"from": [16, 2, 4],
			"to": [16.5, 3, 6],
			"rotation": {"angle": 0, "axis": "y", "origin": [8, 8, 8]},
			"faces": {
				"north": {"uv": [11, 13, 11.5, 14], "texture": "#all", "cullface": "east"},
				"east": {"uv": [10, 13, 12, 14], "texture": "#all", "cullface": "east"},
				"south": {"uv": [10, 13, 10.5, 14], "texture": "#all", "cullface": "east"},
				"up": {"uv": [12, 13, 10, 13.5], "rotation": 90, "texture": "#all", "cullface": "east"},
				"down": {"uv": [12, 13, 10, 13.5], "rotation": 270, "texture": "#all", "cullface": "east"}
			}
		},
		{
			"from": [16, 3, 3],
			"to": [16.5, 4, 5],
			"rotation": {"angle": 0, "axis": "y", "origin": [8, 8, 8]},
			"faces": {
				"north": {"uv": [10, 13, 10.5, 14], "texture": "#all", "cullface": "east"},
				"east": {"uv": [10, 13, 12, 14], "texture": "#all", "cullface": "east"},
				"south": {"uv": [11, 13, 11.5, 14], "texture": "#all", "cullface": "east"},
				"up": {"uv": [12, 13, 10, 13.5], "rotation": 90, "texture": "#all", "cullface": "east"},
				"down": {"uv": [12, 13, 10, 13.5], "rotation": 270, "texture": "#all", "cullface": "east"}
			}
		},
		{
			"from": [7, 9, 16],
			"to": [9, 11, 16.5],
			"rotation": {"angle": 0, "axis": "y", "origin": [8, 8, 8]},
			"faces": {
				"east": {"uv": [8, 5, 8.5, 7], "texture": "#all", "cullface": "south"},
				"south": {"uv": [7, 5, 9, 7], "texture": "#all", "cullface": "south"},
				"west": {"uv": [7, 5, 7.5, 7], "texture": "#all", "cullface": "south"},
				"up": {"uv": [9, 5, 7, 5.5], "rotation": 180, "texture": "#all", "cullface": "south"},
				"down": {"uv": [9, 6, 7, 6.5], "rotation": 180, "texture": "#all", "cullface": "south"}
			}
		},
		{
			"from": [4, 5, 16],
			"to": [6, 7, 16.5],
			"rotation": {"angle": 0, "axis": "y", "origin": [8, 8, 8]},
			"faces": {
				"east": {"uv": [5, 9, 5.5, 11], "texture": "#all", "cullface": "south"},
				"south": {"uv": [4, 9, 6, 11], "texture": "#all", "cullface": "south"},
				"west": {"uv": [4, 9, 4.5, 11], "texture": "#all", "cullface": "south"},
				"up": {"uv": [6, 9, 4, 9.5], "rotation": 180, "texture": "#all", "cullface": "south"},
				"down": {"uv": [6, 10, 4, 10.5], "rotation": 180, "texture": "#all", "cullface": "south"}
			}
		},
		{
			"from": [6, 10, 16],
			"to": [7, 11, 16.5],
			"rotation": {"angle": 0, "axis": "y", "origin": [8, 8, 8]},
			"faces": {
				"south": {"uv": [6, 5, 7, 6], "texture": "#all", "cullface": "south"},
				"west": {"uv": [6, 5, 6.5, 6], "texture": "#all", "cullface": "south"},
				"up": {"uv": [7, 5, 6, 5.5], "rotation": 180, "texture": "#all", "cullface": "south"},
				"down": {"uv": [7, 5, 6, 5.5], "rotation": 180, "texture": "#all", "cullface": "south"}
			}
		},
		{
			"from": [9, 10, 16],
			"to": [10, 11, 16.5],
			"rotation": {"angle": 0, "axis": "y", "origin": [8, 8, 8]},
			"faces": {
				"east": {"uv": [9, 5, 9.5, 6], "texture": "#all", "cullface": "south"},
				"south": {"uv": [9, 5, 10, 6], "texture": "#all", "cullface": "south"},
				"up": {"uv": [10, 5, 9, 5.5], "rotation": 180, "texture": "#all", "cullface": "south"},
				"down": {"uv": [10, 5, 9, 5.5], "rotation": 180, "texture": "#all", "cullface": "south"}
			}
		},
		{
			"from": [10, 11, 16],
			"to": [11, 12, 16.5],
			"rotation": {"angle": 0, "axis": "y", "origin": [8, 8, 8]},
			"faces": {
				"east": {"uv": [10, 4, 10.5, 5], "texture": "#all", "cullface": "south"},
				"south": {"uv": [10, 4, 11, 5], "texture": "#all", "cullface": "south"},
				"up": {"uv": [11, 4, 10, 4.5], "rotation": 180, "texture": "#all", "cullface": "south"},
				"down": {"uv": [11, 4, 10, 4.5], "rotation": 180, "texture": "#all", "cullface": "south"}
			}
		},
		{
			"from": [8, 10, 16],
			"to": [9, 11, 17],
			"rotation": {"angle": 0, "axis": "y", "origin": [8, 8, 8]},
			"faces": {
				"east": {"uv": [8, 5, 8.5, 6], "texture": "#all", "cullface": "south"},
				"south": {"uv": [8, 5, 9, 6], "texture": "#all", "cullface": "south"},
				"west": {"uv": [8, 5, 8.5, 6], "texture": "#all", "cullface": "south"},
				"up": {"uv": [9, 5, 8, 5.5], "rotation": 180, "texture": "#all", "cullface": "south"},
				"down": {"uv": [9, 5, 8, 5.5], "rotation": 180, "texture": "#all", "cullface": "south"}
			}
		},
		{
			"from": [11, 6, 16],
			"to": [12, 7, 16.5],
			"rotation": {"angle": 0, "axis": "y", "origin": [8, 8, 8]},
			"faces": {
				"east": {"uv": [11, 9, 11.5, 10], "texture": "#all", "cullface": "south"},
				"south": {"uv": [11, 9, 12, 10], "texture": "#all", "cullface": "south"},
				"west": {"uv": [11, 9, 11.5, 10], "texture": "#all", "cullface": "south"},
				"up": {"uv": [12, 9, 11, 9.5], "rotation": 180, "texture": "#all", "cullface": "south"},
				"down": {"uv": [12, 9, 11, 9.5], "rotation": 180, "texture": "#all", "cullface": "south"}
			}
		},
		{
			"from": [12, 13, 16],
			"to": [13, 14, 16.5],
			"rotation": {"angle": 0, "axis": "y", "origin": [8, 8, 8]},
			"faces": {
				"east": {"uv": [12, 2, 12.5, 3], "texture": "#all", "cullface": "south"},
				"south": {"uv": [12, 2, 13, 3], "texture": "#all", "cullface": "south"},
				"west": {"uv": [12, 2, 12.5, 3], "texture": "#all", "cullface": "south"},
				"up": {"uv": [13, 2, 12, 2.5], "rotation": 180, "texture": "#all", "cullface": "south"},
				"down": {"uv": [13, 2, 12, 2.5], "rotation": 180, "texture": "#all", "cullface": "south"}
			}
		},
		{
			"from": [3, 12, 16],
			"to": [4, 13, 16.5],
			"rotation": {"angle": 0, "axis": "y", "origin": [8, 8, 8]},
			"faces": {
				"east": {"uv": [3, 3, 3.5, 4], "texture": "#all", "cullface": "south"},
				"south": {"uv": [3, 3, 4, 4], "texture": "#all", "cullface": "south"},
				"west": {"uv": [3, 3, 3.5, 4], "texture": "#all", "cullface": "south"},
				"up": {"uv": [4, 3, 3, 3.5], "rotation": 180, "texture": "#all", "cullface": "south"},
				"down": {"uv": [4, 3, 3, 3.5], "rotation": 180, "texture": "#all", "cullface": "south"}
			}
		},
		{
			"from": [10, 2, 16],
			"to": [12, 3, 16.5],
			"rotation": {"angle": 0, "axis": "y", "origin": [8, 8, 8]},
			"faces": {
				"east": {"uv": [11, 13, 11.5, 14], "texture": "#all", "cullface": "south"},
				"south": {"uv": [10, 13, 12, 14], "texture": "#all", "cullface": "south"},
				"west": {"uv": [10, 13, 10.5, 14], "texture": "#all", "cullface": "south"},
				"up": {"uv": [12, 13, 10, 13.5], "rotation": 180, "texture": "#all", "cullface": "south"},
				"down": {"uv": [12, 13, 10, 13.5], "rotation": 180, "texture": "#all", "cullface": "south"}
			}
		},
		{
			"from": [11, 3, 16],
			"to": [13, 4, 16.5],
			"rotation": {"angle": 0, "axis": "y", "origin": [8, 8, 8]},
			"faces": {
				"east": {"uv": [10, 13, 10.5, 14], "texture": "#all", "cullface": "south"},
				"south": {"uv": [10, 13, 12, 14], "texture": "#all", "cullface": "south"},
				"west": {"uv": [11, 13, 11.5, 14], "texture": "#all", "cullface": "south"},
				"up": {"uv": [12, 13, 10, 13.5], "rotation": 180, "texture": "#all", "cullface": "south"},
				"down": {"uv": [12, 13, 10, 13.5], "rotation": 180, "texture": "#all", "cullface": "south"}
			}
		},
		{
			"from": [-0.5, 9, 7],
			"to": [0, 11, 9],
			"rotation": {"angle": 0, "axis": "y", "origin": [8, 8, 8]},
			"faces": {
				"north": {"uv": [7, 5, 7.5, 7], "texture": "#all", "cullface": "west"},
				"south": {"uv": [8, 5, 8.5, 7], "texture": "#all", "cullface": "west"},
				"west": {"uv": [7, 5, 9, 7], "texture": "#all", "cullface": "west"},
				"up": {"uv": [9, 5, 7, 5.5], "rotation": 270, "texture": "#all", "cullface": "west"},
				"down": {"uv": [9, 6, 7, 6.5], "rotation": 90, "texture": "#all", "cullface": "west"}
			}
		},
		{
			"from": [-0.5, 5, 4],
			"to": [0, 7, 6],
			"rotation": {"angle": 0, "axis": "y", "origin": [8, 8, 8]},
			"faces": {
				"north": {"uv": [4, 9, 4.5, 11], "texture": "#all", "cullface": "west"},
				"south": {"uv": [5, 9, 5.5, 11], "texture": "#all", "cullface": "west"},
				"west": {"uv": [4, 9, 6, 11], "texture": "#all", "cullface": "west"},
				"up": {"uv": [6, 9, 4, 9.5], "rotation": 270, "texture": "#all", "cullface": "west"},
				"down": {"uv": [6, 10, 4, 10.5], "rotation": 90, "texture": "#all", "cullface": "west"}
			}
		},
		{
			"from": [-0.5, 10, 6],
			"to": [0, 11, 7],
			"rotation": {"angle": 0, "axis": "y", "origin": [8, 8, 8]},
			"faces": {
				"north": {"uv": [6, 5, 6.5, 6], "texture": "#all", "cullface": "west"},
				"west": {"uv": [6, 5, 7, 6], "texture": "#all", "cullface": "west"},
				"up": {"uv": [7, 5, 6, 5.5], "rotation": 270, "texture": "#all", "cullface": "west"},
				"down": {"uv": [7, 5, 6, 5.5], "rotation": 90, "texture": "#all", "cullface": "west"}
			}
		},
		{
			"from": [-0.5, 10, 9],
			"to": [0, 11, 10],
			"rotation": {"angle": 0, "axis": "y", "origin": [8, 8, 8]},
			"faces": {
				"south": {"uv": [9, 5, 9.5, 6], "texture": "#all", "cullface": "west"},
				"west": {"uv": [9, 5, 10, 6], "texture": "#all", "cullface": "west"},
				"up": {"uv": [10, 5, 9, 5.5], "rotation": 270, "texture": "#all", "cullface": "west"},
				"down": {"uv": [10, 5, 9, 5.5], "rotation": 90, "texture": "#all", "cullface": "west"}
			}
		},
		{
			"from": [-0.5, 11, 10],
			"to": [0, 12, 11],
			"rotation": {"angle": 0, "axis": "y", "origin": [8, 8, 8]},
			"faces": {
				"south": {"uv": [10, 4, 10.5, 5], "texture": "#all", "cullface": "west"},
				"west": {"uv": [10, 4, 11, 5], "texture": "#all", "cullface": "west"},
				"up": {"uv": [11, 4, 10, 4.5], "rotation": 270, "texture": "#all", "cullface": "west"},
				"down": {"uv": [11, 4, 10, 4.5], "rotation": 90, "texture": "#all", "cullface": "west"}
			}
		},
		{
			"from": [-1, 10, 8],
			"to": [0, 11, 9],
			"rotation": {"angle": 0, "axis": "y", "origin": [8, 8, 8]},
			"faces": {
				"north": {"uv": [8, 5, 8.5, 6], "texture": "#all", "cullface": "west"},
				"south": {"uv": [8, 5, 8.5, 6], "texture": "#all", "cullface": "west"},
				"west": {"uv": [8, 5, 9, 6], "texture": "#all", "cullface": "west"},
				"up": {"uv": [9, 5, 8, 5.5], "rotation": 270, "texture": "#all", "cullface": "west"},
				"down": {"uv": [9, 5, 8, 5.5], "rotation": 90, "texture": "#all", "cullface": "west"}
			}
		},
		{
			"from": [-0.5, 6, 11],
			"to": [0, 7, 12],
			"rotation": {"angle": 0, "axis": "y", "origin": [8, 8, 8]},
			"faces": {
				"north": {"uv": [11, 9, 11.5, 10], "texture": "#all", "cullface": "west"},
				"south": {"uv": [11, 9, 11.5, 10], "texture": "#all", "cullface": "west"},
				"west": {"uv": [11, 9, 12, 10], "texture": "#all", "cullface": "west"},
				"up": {"uv": [12, 9, 11, 9.5], "rotation": 270, "texture": "#all", "cullface": "west"},
				"down": {"uv": [12, 9, 11, 9.5], "rotation": 90, "texture": "#all", "cullface": "west"}
			}
		},
		{
			"from": [-0.5, 13, 12],
			"to": [0, 14, 13],
			"rotation": {"angle": 0, "axis": "y", "origin": [8, 8, 8]},
			"faces": {
				"north": {"uv": [12, 2, 12.5, 3], "texture": "#all", "cullface": "west"},
				"south": {"uv": [12, 2, 12.5, 3], "texture": "#all", "cullface": "west"},
				"west": {"uv": [12, 2, 13, 3], "texture": "#all", "cullface": "west"},
				"up": {"uv": [13, 2, 12, 2.5], "rotation": 270, "texture": "#all", "cullface": "west"},
				"down": {"uv": [13, 2, 12, 2.5], "rotation": 90, "texture": "#all", "cullface": "west"}
			}
		},
		{
			"from": [-0.5, 12, 3],
			"to": [0, 13, 4],
			"rotation": {"angle": 0, "axis": "y", "origin": [8, 8, 8]},
			"faces": {
				"north": {"uv": [3, 3, 3.5, 4], "texture": "#all", "cullface": "west"},
				"south": {"uv": [3, 3, 3.5, 4], "texture": "#all", "cullface": "west"},
				"west": {"uv": [3, 3, 4, 4], "texture": "#all", "cullface": "west"},
				"up": {"uv": [4, 3, 3, 3.5], "rotation": 270, "texture": "#all", "cullface": "west"},
				"down": {"uv": [4, 3, 3, 3.5], "rotation": 90, "texture": "#all", "cullface": "west"}
			}
		},
		{
			"from": [-0.5, 2, 10],
			"to": [0, 3, 12],
			"rotation": {"angle": 0, "axis": "y", "origin": [8, 8, 8]},
			"faces": {
				"north": {"uv": [10, 13, 10.5, 14], "texture": "#all", "cullface": "west"},
				"south": {"uv": [11, 13, 11.5, 14], "texture": "#all", "cullface": "west"},
				"west": {"uv": [10, 13, 12, 14], "texture": "#all", "cullface": "west"},
				"up": {"uv": [12, 13, 10, 13.5], "rotation": 270, "texture": "#all", "cullface": "west"},
				"down": {"uv": [12, 13, 10, 13.5], "rotation": 90, "texture": "#all", "cullface": "west"}
			}
		},
		{
			"from": [-0.5, 3, 11],
			"to": [0, 4, 13],
			"rotation": {"angle": 0, "axis": "y", "origin": [8, 8, 8]},
			"faces": {
				"north": {"uv": [11, 13, 11.5, 14], "texture": "#all", "cullface": "west"},
				"south": {"uv": [10, 13, 10.5, 14], "texture": "#all", "cullface": "west"},
				"west": {"uv": [10, 13, 12, 14], "texture": "#all", "cullface": "west"},
				"up": {"uv": [12, 13, 10, 13.5], "rotation": 270, "texture": "#all", "cullface": "west"},
				"down": {"uv": [12, 13, 10, 13.5], "rotation": 90, "texture": "#all", "cullface": "west"}
			}
		},
		{
			"from": [7, 16, 5],
			"to": [9, 16.5, 7],
			"rotation": {"angle": 0, "axis": "x", "origin": [8, 8, 8]},
			"faces": {
				"north": {"uv": [9, 5, 7, 5.5], "texture": "#all", "cullface": "up"},
				"east": {"uv": [8, 5, 8.5, 7], "rotation": 90, "texture": "#all", "cullface": "up"},
				"south": {"uv": [9, 6, 7, 6.5], "rotation": 180, "texture": "#all", "cullface": "up"},
				"west": {"uv": [7, 5, 7.5, 7], "rotation": 270, "texture": "#all", "cullface": "up"},
				"up": {"uv": [7, 5, 9, 7], "texture": "#all", "cullface": "up"}
			}
		},
		{
			"from": [4, 16, 9],
			"to": [6, 16.5, 11],
			"rotation": {"angle": 0, "axis": "x", "origin": [8, 8, 8]},
			"faces": {
				"north": {"uv": [6, 9, 4, 9.5], "texture": "#all", "cullface": "up"},
				"east": {"uv": [5, 9, 5.5, 11], "rotation": 90, "texture": "#all", "cullface": "up"},
				"south": {"uv": [6, 10, 4, 10.5], "rotation": 180, "texture": "#all", "cullface": "up"},
				"west": {"uv": [4, 9, 4.5, 11], "rotation": 270, "texture": "#all", "cullface": "up"},
				"up": {"uv": [4, 9, 6, 11], "texture": "#all", "cullface": "up"}
			}
		},
		{
			"from": [6, 16, 5],
			"to": [7, 16.5, 6],
			"rotation": {"angle": 0, "axis": "x", "origin": [8, 8, 8]},
			"faces": {
				"north": {"uv": [7, 5, 6, 5.5], "texture": "#all", "cullface": "up"},
				"south": {"uv": [7, 5, 6, 5.5], "rotation": 180, "texture": "#all", "cullface": "up"},
				"west": {"uv": [6, 5, 6.5, 6], "rotation": 270, "texture": "#all", "cullface": "up"},
				"up": {"uv": [6, 5, 7, 6], "texture": "#all", "cullface": "up"}
			}
		},
		{
			"from": [9, 16, 5],
			"to": [10, 16.5, 6],
			"rotation": {"angle": 0, "axis": "x", "origin": [8, 8, 8]},
			"faces": {
				"north": {"uv": [10, 5, 9, 5.5], "texture": "#all", "cullface": "up"},
				"east": {"uv": [9, 5, 9.5, 6], "rotation": 90, "texture": "#all", "cullface": "up"},
				"south": {"uv": [10, 5, 9, 5.5], "rotation": 180, "texture": "#all", "cullface": "up"},
				"up": {"uv": [9, 5, 10, 6], "texture": "#all", "cullface": "up"}
			}
		},
		{
			"from": [10, 16, 4],
			"to": [11, 16.5, 5],
			"rotation": {"angle": 0, "axis": "x", "origin": [8, 8, 8]},
			"faces": {
				"north": {"uv": [11, 4, 10, 4.5], "texture": "#all", "cullface": "up"},
				"east": {"uv": [10, 4, 10.5, 5], "rotation": 90, "texture": "#all", "cullface": "up"},
				"south": {"uv": [11, 4, 10, 4.5], "rotation": 180, "texture": "#all", "cullface": "up"},
				"up": {"uv": [10, 4, 11, 5], "texture": "#all", "cullface": "up"}
			}
		},
		{
			"from": [8, 16, 5],
			"to": [9, 17, 6],
			"rotation": {"angle": 0, "axis": "x", "origin": [8, 8, 8]},
			"faces": {
				"north": {"uv": [9, 5, 8, 5.5], "texture": "#all", "cullface": "up"},
				"east": {"uv": [8, 5, 8.5, 6], "rotation": 90, "texture": "#all", "cullface": "up"},
				"south": {"uv": [9, 5, 8, 5.5], "rotation": 180, "texture": "#all", "cullface": "up"},
				"west": {"uv": [8, 5, 8.5, 6], "rotation": 270, "texture": "#all", "cullface": "up"},
				"up": {"uv": [8, 5, 9, 6], "texture": "#all", "cullface": "up"}
			}
		},
		{
			"from": [11, 16, 9],
			"to": [12, 16.5, 10],
			"rotation": {"angle": 0, "axis": "x", "origin": [8, 8, 8]},
			"faces": {
				"north": {"uv": [12, 9, 11, 9.5], "texture": "#all", "cullface": "up"},
				"east": {"uv": [11, 9, 11.5, 10], "rotation": 90, "texture": "#all", "cullface": "up"},
				"south": {"uv": [12, 9, 11, 9.5], "rotation": 180, "texture": "#all", "cullface": "up"},
				"west": {"uv": [11, 9, 11.5, 10], "rotation": 270, "texture": "#all", "cullface": "up"},
				"up": {"uv": [11, 9, 12, 10], "texture": "#all", "cullface": "up"}
			}
		},
		{
			"from": [12, 16, 2],
			"to": [13, 16.5, 3],
			"rotation": {"angle": 0, "axis": "x", "origin": [8, 8, 8]},
			"faces": {
				"north": {"uv": [13, 2, 12, 2.5], "texture": "#all", "cullface": "up"},
				"east": {"uv": [12, 2, 12.5, 3], "rotation": 90, "texture": "#all", "cullface": "up"},
				"south": {"uv": [13, 2, 12, 2.5], "rotation": 180, "texture": "#all", "cullface": "up"},
				"west": {"uv": [12, 2, 12.5, 3], "rotation": 270, "texture": "#all", "cullface": "up"},
				"up": {"uv": [12, 2, 13, 3], "texture": "#all", "cullface": "up"}
			}
		},
		{
			"from": [3, 16, 3],
			"to": [4, 16.5, 4],
			"rotation": {"angle": 0, "axis": "x", "origin": [8, 8, 8]},
			"faces": {
				"north": {"uv": [4, 3, 3, 3.5], "texture": "#all", "cullface": "up"},
				"east": {"uv": [3, 3, 3.5, 4], "rotation": 90, "texture": "#all", "cullface": "up"},
				"south": {"uv": [4, 3, 3, 3.5], "rotation": 180, "texture": "#all", "cullface": "up"},
				"west": {"uv": [3, 3, 3.5, 4], "rotation": 270, "texture": "#all", "cullface": "up"},
				"up": {"uv": [3, 3, 4, 4], "texture": "#all", "cullface": "up"}
			}
		},
		{
			"from": [10, 16, 13],
			"to": [12, 16.5, 14],
			"rotation": {"angle": 0, "axis": "x", "origin": [8, 8, 8]},
			"faces": {
				"north": {"uv": [12, 13, 10, 13.5], "texture": "#all", "cullface": "up"},
				"east": {"uv": [11, 13, 11.5, 14], "rotation": 90, "texture": "#all", "cullface": "up"},
				"south": {"uv": [12, 13, 10, 13.5], "rotation": 180, "texture": "#all", "cullface": "up"},
				"west": {"uv": [10, 13, 10.5, 14], "rotation": 270, "texture": "#all", "cullface": "up"},
				"up": {"uv": [10, 13, 12, 14], "texture": "#all", "cullface": "up"}
			}
		},
		{
			"from": [11, 16, 12],
			"to": [13, 16.5, 13],
			"rotation": {"angle": 0, "axis": "x", "origin": [8, 8, 8]},
			"faces": {
				"north": {"uv": [12, 13, 10, 13.5], "texture": "#all", "cullface": "up"},
				"east": {"uv": [10, 13, 10.5, 14], "rotation": 90, "texture": "#all", "cullface": "up"},
				"south": {"uv": [12, 13, 10, 13.5], "rotation": 180, "texture": "#all", "cullface": "up"},
				"west": {"uv": [11, 13, 11.5, 14], "rotation": 270, "texture": "#all", "cullface": "up"},
				"up": {"uv": [10, 13, 12, 14], "texture": "#all", "cullface": "up"}
			}
		},
		{
			"from": [7, -0.5, 9],
			"to": [9, 0, 11],
			"rotation": {"angle": 0, "axis": "x", "origin": [8, 8, 8]},
			"faces": {
				"north": {"uv": [9, 6, 7, 6.5], "texture": "#all", "cullface": "down"},
				"east": {"uv": [8, 5, 8.5, 7], "rotation": 270, "texture": "#all", "cullface": "down"},
				"south": {"uv": [9, 5, 7, 5.5], "rotation": 180, "texture": "#all", "cullface": "down"},
				"west": {"uv": [7, 5, 7.5, 7], "rotation": 90, "texture": "#all", "cullface": "down"},
				"down": {"uv": [7, 5, 9, 7], "texture": "#all", "cullface": "down"}
			}
		},
		{
			"from": [4, -0.5, 5],
			"to": [6, 0, 7],
			"rotation": {"angle": 0, "axis": "x", "origin": [8, 8, 8]},
			"faces": {
				"north": {"uv": [6, 10, 4, 10.5], "texture": "#all", "cullface": "down"},
				"east": {"uv": [5, 9, 5.5, 11], "rotation": 270, "texture": "#all", "cullface": "down"},
				"south": {"uv": [6, 9, 4, 9.5], "rotation": 180, "texture": "#all", "cullface": "down"},
				"west": {"uv": [4, 9, 4.5, 11], "rotation": 90, "texture": "#all", "cullface": "down"},
				"down": {"uv": [4, 9, 6, 11], "texture": "#all", "cullface": "down"}
			}
		},
		{
			"from": [6, -0.5, 10],
			"to": [7, 0, 11],
			"rotation": {"angle": 0, "axis": "x", "origin": [8, 8, 8]},
			"faces": {
				"north": {"uv": [7, 5, 6, 5.5], "texture": "#all", "cullface": "down"},
				"south": {"uv": [7, 5, 6, 5.5], "rotation": 180, "texture": "#all", "cullface": "down"},
				"west": {"uv": [6, 5, 6.5, 6], "rotation": 90, "texture": "#all", "cullface": "down"},
				"down": {"uv": [6, 5, 7, 6], "texture": "#all", "cullface": "down"}
			}
		},
		{
			"from": [9, -0.5, 10],
			"to": [10, 0, 11],
			"rotation": {"angle": 0, "axis": "x", "origin": [8, 8, 8]},
			"faces": {
				"north": {"uv": [10, 5, 9, 5.5], "texture": "#all", "cullface": "down"},
				"east": {"uv": [9, 5, 9.5, 6], "rotation": 270, "texture": "#all", "cullface": "down"},
				"south": {"uv": [10, 5, 9, 5.5], "rotation": 180, "texture": "#all", "cullface": "down"},
				"down": {"uv": [9, 5, 10, 6], "texture": "#all", "cullface": "down"}
			}
		},
		{
			"from": [10, -0.5, 11],
			"to": [11, 0, 12],
			"rotation": {"angle": 0, "axis": "x", "origin": [8, 8, 8]},
			"faces": {
				"north": {"uv": [11, 4, 10, 4.5], "texture": "#all", "cullface": "down"},
				"east": {"uv": [10, 4, 10.5, 5], "rotation": 270, "texture": "#all", "cullface": "down"},
				"south": {"uv": [11, 4, 10, 4.5], "rotation": 180, "texture": "#all", "cullface": "down"},
				"down": {"uv": [10, 4, 11, 5], "texture": "#all", "cullface": "down"}
			}
		},
		{
			"from": [8, -1, 10],
			"to": [9, 0, 11],
			"rotation": {"angle": 0, "axis": "x", "origin": [8, 8, 8]},
			"faces": {
				"north": {"uv": [9, 5, 8, 5.5], "texture": "#all", "cullface": "down"},
				"east": {"uv": [8, 5, 8.5, 6], "rotation": 270, "texture": "#all", "cullface": "down"},
				"south": {"uv": [9, 5, 8, 5.5], "rotation": 180, "texture": "#all", "cullface": "down"},
				"west": {"uv": [8, 5, 8.5, 6], "rotation": 90, "texture": "#all", "cullface": "down"},
				"down": {"uv": [8, 5, 9, 6], "texture": "#all", "cullface": "down"}
			}
		},
		{
			"from": [11, -0.5, 6],
			"to": [12, 0, 7],
			"rotation": {"angle": 0, "axis": "x", "origin": [8, 8, 8]},
			"faces": {
				"north": {"uv": [12, 9, 11, 9.5], "texture": "#all", "cullface": "down"},
				"east": {"uv": [11, 9, 11.5, 10], "rotation": 270, "texture": "#all", "cullface": "down"},
				"south": {"uv": [12, 9, 11, 9.5], "rotation": 180, "texture": "#all", "cullface": "down"},
				"west": {"uv": [11, 9, 11.5, 10], "rotation": 90, "texture": "#all", "cullface": "down"},
				"down": {"uv": [11, 9, 12, 10], "texture": "#all", "cullface": "down"}
			}
		},
		{
			"from": [12, -0.5, 13],
			"to": [13, 0, 14],
			"rotation": {"angle": 0, "axis": "x", "origin": [8, 8, 8]},
			"faces": {
				"north": {"uv": [13, 2, 12, 2.5], "texture": "#all", "cullface": "down"},
				"east": {"uv": [12, 2, 12.5, 3], "rotation": 270, "texture": "#all", "cullface": "down"},
				"south": {"uv": [13, 2, 12, 2.5], "rotation": 180, "texture": "#all", "cullface": "down"},
				"west": {"uv": [12, 2, 12.5, 3], "rotation": 90, "texture": "#all", "cullface": "down"},
				"down": {"uv": [12, 2, 13, 3], "texture": "#all", "cullface": "down"}
			}
		},
		{
			"from": [3, -0.5, 12],
			"to": [4, 0, 13],
			"rotation": {"angle": 0, "axis": "x", "origin": [8, 8, 8]},
			"faces": {
				"north": {"uv": [4, 3, 3, 3.5], "texture": "#all", "cullface": "down"},
				"east": {"uv": [3, 3, 3.5, 4], "rotation": 270, "texture": "#all", "cullface": "down"},
				"south": {"uv": [4, 3, 3, 3.5], "rotation": 180, "texture": "#all", "cullface": "down"},
				"west": {"uv": [3, 3, 3.5, 4], "rotation": 90, "texture": "#all", "cullface": "down"},
				"down": {"uv": [3, 3, 4, 4], "texture": "#all", "cullface": "down"}
			}
		},
		{
			"from": [10, -0.5, 2],
			"to": [12, 0, 3],
			"rotation": {"angle": 0, "axis": "x", "origin": [8, 8, 8]},
			"faces": {
				"north": {"uv": [12, 13, 10, 13.5], "texture": "#all", "cullface": "down"},
				"east": {"uv": [11, 13, 11.5, 14], "rotation": 270, "texture": "#all", "cullface": "down"},
				"south": {"uv": [12, 13, 10, 13.5], "rotation": 180, "texture": "#all", "cullface": "down"},
				"west": {"uv": [10, 13, 10.5, 14], "rotation": 90, "texture": "#all", "cullface": "down"},
				"down": {"uv": [10, 13, 12, 14], "texture": "#all", "cullface": "down"}
			}
		},
		{
			"from": [11, -0.5, 3],
			"to": [13, 0, 4],
			"rotation": {"angle": 0, "axis": "x", "origin": [8, 8, 8]},
			"faces": {
				"north": {"uv": [12, 13, 10, 13.5], "texture": "#all", "cullface": "down"},
				"east": {"uv": [10, 13, 10.5, 14], "rotation": 270, "texture": "#all", "cullface": "down"},
				"south": {"uv": [12, 13, 10, 13.5], "rotation": 180, "texture": "#all", "cullface": "down"},
				"west": {"uv": [11, 13, 11.5, 14], "rotation": 90, "texture": "#all", "cullface": "down"},
				"down": {"uv": [10, 13, 12, 14], "texture": "#all", "cullface": "down"}
			}
		}
	]
}