{
	"credit": "Created by GrandMagus",
	"parent": "minecraft:block/cube_all",
	"textures": {
		"all": "block/models/iron_ore_2"
	},
	"elements": [
		{
			"from": [0, 0, 0],
			"to": [16, 16, 16],
			"faces": {
				"north": {"uv": [0, 0, 16, 16], "texture": "#all", "cullface": "north"},
				"east": {"uv": [0, 0, 16, 16], "texture": "#all", "cullface": "east"},
				"south": {"uv": [0, 0, 16, 16], "texture": "#all", "cullface": "south"},
				"west": {"uv": [0, 0, 16, 16], "texture": "#all", "cullface": "west"},
				"up": {"uv": [0, 0, 16, 16], "texture": "#all", "cullface": "up"},
				"down": {"uv": [0, 0, 16, 16], "texture": "#all", "cullface": "down"}
			}
		},
		{
			"from": [9, 10, -0.5],
			"to": [11, 12, 0],
			"rotation": {"angle": 0, "axis": "y", "origin": [8, 8, 8]},
			"faces": {
				"north": {"uv": [5, 4, 7, 6], "texture": "#all", "cullface": "north"},
				"east": {"uv": [5, 4, 5.5, 6], "texture": "#all", "cullface": "north"},
				"west": {"uv": [6, 4, 6.5, 6], "texture": "#all", "cullface": "north"},
				"up": {"uv": [7, 4, 5, 4.5], "texture": "#all", "cullface": "north"},
				"down": {"uv": [7, 5, 5, 5.5], "texture": "#all", "cullface": "north"}
			}
		},
		{
			"from": [5, 6, -1],
			"to": [6, 7, 0],
			"rotation": {"angle": 0, "axis": "y", "origin": [8, 8, 8]},
			"faces": {
				"north": {"uv": [10, 9, 11, 10], "texture": "#all", "cullface": "north"},
				"east": {"uv": [10, 9, 11, 10], "texture": "#all", "cullface": "north"},
				"west": {"uv": [10, 9, 11, 10], "texture": "#all", "cullface": "north"},
				"up": {"uv": [11, 9, 10, 10], "texture": "#all", "cullface": "north"},
				"down": {"uv": [11, 9, 10, 10], "texture": "#all", "cullface": "north"}
			}
		},
		{
			"from": [11, 10, -0.5],
			"to": [12, 11, 0],
			"rotation": {"angle": 0, "axis": "y", "origin": [8, 8, 8]},
			"faces": {
				"north": {"uv": [4, 5, 5, 6], "texture": "#all", "cullface": "north"},
				"east": {"uv": [4, 5, 4.5, 6], "texture": "#all", "cullface": "north"},
				"up": {"uv": [5, 5, 4, 5.5], "texture": "#all", "cullface": "north"},
				"down": {"uv": [5, 5, 4, 5.5], "texture": "#all", "cullface": "north"}
			}
		},
		{
			"from": [4, 6, -0.5],
			"to": [7, 7, 0],
			"rotation": {"angle": 0, "axis": "y", "origin": [8, 8, 8]},
			"faces": {
				"north": {"uv": [9, 9, 12, 10], "texture": "#all", "cullface": "north"},
				"east": {"uv": [9, 9, 9.5, 10], "texture": "#all", "cullface": "north"},
				"west": {"uv": [11, 9, 11.5, 10], "texture": "#all", "cullface": "north"},
				"up": {"uv": [12, 9, 9, 9.5], "texture": "#all", "cullface": "north"},
				"down": {"uv": [12, 9, 9, 9.5], "texture": "#all", "cullface": "north"}
			}
		},
		{
			"from": [6, 2, -0.5],
			"to": [7, 3, 0],
			"rotation": {"angle": 0, "axis": "y", "origin": [8, 8, 8]},
			"faces": {
				"north": {"uv": [9, 13, 10, 14], "texture": "#all", "cullface": "north"},
				"east": {"uv": [9, 13, 9.5, 14], "texture": "#all", "cullface": "north"},
				"west": {"uv": [9, 13, 9.5, 14], "texture": "#all", "cullface": "north"},
				"up": {"uv": [10, 13, 9, 13.5], "texture": "#all", "cullface": "north"},
				"down": {"uv": [10, 13, 9, 13.5], "texture": "#all", "cullface": "north"}
			}
		},
		{
			"from": [3, 10, -0.5],
			"to": [4, 11, 0],
			"rotation": {"angle": 0, "axis": "y", "origin": [8, 8, 8]},
			"faces": {
				"north": {"uv": [12, 5, 13, 6], "texture": "#all", "cullface": "north"},
				"west": {"uv": [12, 5, 12.5, 6], "texture": "#all", "cullface": "north"},
				"up": {"uv": [13, 5, 12, 5.5], "texture": "#all", "cullface": "north"},
				"down": {"uv": [13, 5, 12, 5.5], "texture": "#all", "cullface": "north"}
			}
		},
		{
			"from": [3, 5, -0.5],
			"to": [6, 6, 0],
			"rotation": {"angle": 0, "axis": "y", "origin": [8, 8, 8]},
			"faces": {
				"north": {"uv": [10, 10, 13, 11], "texture": "#all", "cullface": "north"},
				"east": {"uv": [10, 10, 10.5, 11], "texture": "#all", "cullface": "north"},
				"west": {"uv": [12, 10, 12.5, 11], "texture": "#all", "cullface": "north"},
				"up": {"uv": [13, 10, 10, 10.5], "texture": "#all", "cullface": "north"},
				"down": {"uv": [13, 10, 10, 10.5], "texture": "#all", "cullface": "north"}
			}
		},
		{
			"from": [4, 9, -0.5],
			"to": [6, 11, 0],
			"rotation": {"angle": 0, "axis": "y", "origin": [8, 8, 8]},
			"faces": {
				"north": {"uv": [10, 5, 12, 7], "texture": "#all", "cullface": "north"},
				"east": {"uv": [10, 5, 10.5, 7], "texture": "#all", "cullface": "north"},
				"west": {"uv": [11, 5, 11.5, 7], "texture": "#all", "cullface": "north"},
				"up": {"uv": [12, 5, 10, 5.5], "texture": "#all", "cullface": "north"},
				"down": {"uv": [12, 6, 10, 6.5], "texture": "#all", "cullface": "north"}
			}
		},
		{
			"from": [10, 4, -0.5],
			"to": [12, 6, 0],
			"rotation": {"angle": 0, "axis": "y", "origin": [8, 8, 8]},
			"faces": {
				"north": {"uv": [4, 10, 6, 12], "texture": "#all", "cullface": "north"},
				"east": {"uv": [4, 10, 4.5, 12], "texture": "#all", "cullface": "north"},
				"west": {"uv": [5, 10, 5.5, 12], "texture": "#all", "cullface": "north"},
				"up": {"uv": [6, 10, 4, 10.5], "texture": "#all", "cullface": "north"},
				"down": {"uv": [6, 11, 4, 11.5], "texture": "#all", "cullface": "north"}
			}
		},
		{
			"from": [16, 10, 9],
			"to": [16.5, 12, 11],
			"rotation": {"angle": 0, "axis": "y", "origin": [8, 8, 8]},
			"faces": {
				"north": {"uv": [6, 4, 6.5, 6], "texture": "#all", "cullface": "east"},
				"east": {"uv": [5, 4, 7, 6], "texture": "#all", "cullface": "east"},
				"south": {"uv": [5, 4, 5.5, 6], "texture": "#all", "cullface": "east"},
				"up": {"uv": [7, 4, 5, 4.5], "rotation": 90, "texture": "#all", "cullface": "east"},
				"down": {"uv": [7, 5, 5, 5.5], "rotation": 270, "texture": "#all", "cullface": "east"}
			}
		},
		{
			"from": [16, 6, 5],
			"to": [17, 7, 6],
			"rotation": {"angle": 0, "axis": "y", "origin": [8, 8, 8]},
			"faces": {
				"north": {"uv": [10, 9, 11, 10], "texture": "#all", "cullface": "east"},
				"east": {"uv": [10, 9, 11, 10], "texture": "#all", "cullface": "east"},
				"south": {"uv": [10, 9, 11, 10], "texture": "#all", "cullface": "east"},
				"up": {"uv": [11, 9, 10, 10], "rotation": 90, "texture": "#all", "cullface": "east"},
				"down": {"uv": [11, 9, 10, 10], "rotation": 270, "texture": "#all", "cullface": "east"}
			}
		},
		{
			"from": [16, 10, 11],
			"to": [16.5, 11, 12],
			"rotation": {"angle": 0, "axis": "y", "origin": [8, 8, 8]},
			"faces": {
				"east": {"uv": [4, 5, 5, 6], "texture": "#all", "cullface": "east"},
				"south": {"uv": [4, 5, 4.5, 6], "texture": "#all", "cullface": "east"},
				"up": {"uv": [5, 5, 4, 5.5], "rotation": 90, "texture": "#all", "cullface": "east"},
				"down": {"uv": [5, 5, 4, 5.5], "rotation": 270, "texture": "#all", "cullface": "east"}
			}
		},
		{
			"from": [16, 6, 4],
			"to": [16.5, 7, 7],
			"rotation": {"angle": 0, "axis": "y", "origin": [8, 8, 8]},
			"faces": {
				"north": {"uv": [11, 9, 11.5, 10], "texture": "#all", "cullface": "east"},
				"east": {"uv": [9, 9, 12, 10], "texture": "#all", "cullface": "east"},
				"south": {"uv": [9, 9, 9.5, 10], "texture": "#all", "cullface": "east"},
				"up": {"uv": [12, 9, 9, 9.5], "rotation": 90, "texture": "#all", "cullface": "east"},
				"down": {"uv": [12, 9, 9, 9.5], "rotation": 270, "texture": "#all", "cullface": "east"}
			}
		},
		{
			"from": [16, 2, 6],
			"to": [16.5, 3, 7],
			"rotation": {"angle": 0, "axis": "y", "origin": [8, 8, 8]},
			"faces": {
				"north": {"uv": [9, 13, 9.5, 14], "texture": "#all", "cullface": "east"},
				"east": {"uv": [9, 13, 10, 14], "texture": "#all", "cullface": "east"},
				"south": {"uv": [9, 13, 9.5, 14], "texture": "#all", "cullface": "east"},
				"up": {"uv": [10, 13, 9, 13.5], "rotation": 90, "texture": "#all", "cullface": "east"},
				"down": {"uv": [10, 13, 9, 13.5], "rotation": 270, "texture": "#all", "cullface": "east"}
			}
		},
		{
			"from": [16, 10, 3],
			"to": [16.5, 11, 4],
			"rotation": {"angle": 0, "axis": "y", "origin": [8, 8, 8]},
			"faces": {
				"north": {"uv": [12, 5, 12.5, 6], "texture": "#all", "cullface": "east"},
				"east": {"uv": [12, 5, 13, 6], "texture": "#all", "cullface": "east"},
				"up": {"uv": [13, 5, 12, 5.5], "rotation": 90, "texture": "#all", "cullface": "east"},
				"down": {"uv": [13, 5, 12, 5.5], "rotation": 270, "texture": "#all", "cullface": "east"}
			}
		},
		{
			"from": [16, 5, 3],
			"to": [16.5, 6, 6],
			"rotation": {"angle": 0, "axis": "y", "origin": [8, 8, 8]},
			"faces": {
				"north": {"uv": [12, 10, 12.5, 11], "texture": "#all", "cullface": "east"},
				"east": {"uv": [10, 10, 13, 11], "texture": "#all", "cullface": "east"},
				"south": {"uv": [10, 10, 10.5, 11], "texture": "#all", "cullface": "east"},
				"up": {"uv": [13, 10, 10, 10.5], "rotation": 90, "texture": "#all", "cullface": "east"},
				"down": {"uv": [13, 10, 10, 10.5], "rotation": 270, "texture": "#all", "cullface": "east"}
			}
		},
		{
			"from": [16, 9, 4],
			"to": [16.5, 11, 6],
			"rotation": {"angle": 0, "axis": "y", "origin": [8, 8, 8]},
			"faces": {
				"north": {"uv": [11, 5, 11.5, 7], "texture": "#all", "cullface": "east"},
				"east": {"uv": [10, 5, 12, 7], "texture": "#all", "cullface": "east"},
				"south": {"uv": [10, 5, 10.5, 7], "texture": "#all", "cullface": "east"},
				"up": {"uv": [12, 5, 10, 5.5], "rotation": 90, "texture": "#all", "cullface": "east"},
				"down": {"uv": [12, 6, 10, 6.5], "rotation": 270, "texture": "#all", "cullface": "east"}
			}
		},
		{
			"from": [16, 4, 10],
			"to": [16.5, 6, 12],
			"rotation": {"angle": 0, "axis": "y", "origin": [8, 8, 8]},
			"faces": {
				"north": {"uv": [5, 10, 5.5, 12], "texture": "#all", "cullface": "east"},
				"east": {"uv": [4, 10, 6, 12], "texture": "#all", "cullface": "east"},
				"south": {"uv": [4, 10, 4.5, 12], "texture": "#all", "cullface": "east"},
				"up": {"uv": [6, 10, 4, 10.5], "rotation": 90, "texture": "#all", "cullface": "east"},
				"down": {"uv": [6, 11, 4, 11.5], "rotation": 270, "texture": "#all", "cullface": "east"}
			}
		},
		{
			"from": [5, 10, 16],
			"to": [7, 12, 16.5],
			"rotation": {"angle": 0, "axis": "y", "origin": [8, 8, 8]},
			"faces": {
				"east": {"uv": [6, 4, 6.5, 6], "texture": "#all", "cullface": "south"},
				"south": {"uv": [5, 4, 7, 6], "texture": "#all", "cullface": "south"},
				"west": {"uv": [5, 4, 5.5, 6], "texture": "#all", "cullface": "south"},
				"up": {"uv": [7, 4, 5, 4.5], "rotation": 180, "texture": "#all", "cullface": "south"},
				"down": {"uv": [7, 5, 5, 5.5], "rotation": 180, "texture": "#all", "cullface": "south"}
			}
		},
		{
			"from": [10, 6, 16],
			"to": [11, 7, 17],
			"rotation": {"angle": 0, "axis": "y", "origin": [8, 8, 8]},
			"faces": {
				"east": {"uv": [10, 9, 11, 10], "texture": "#all", "cullface": "south"},
				"south": {"uv": [10, 9, 11, 10], "texture": "#all", "cullface": "south"},
				"west": {"uv": [10, 9, 11, 10], "texture": "#all", "cullface": "south"},
				"up": {"uv": [11, 9, 10, 10], "rotation": 180, "texture": "#all", "cullface": "south"},
				"down": {"uv": [11, 9, 10, 10], "rotation": 180, "texture": "#all", "cullface": "south"}
			}
		},
		{
			"from": [4, 10, 16],
			"to": [5, 11, 16.5],
			"rotation": {"angle": 0, "axis": "y", "origin": [8, 8, 8]},
			"faces": {
				"south": {"uv": [4, 5, 5, 6], "texture": "#all", "cullface": "south"},
				"west": {"uv": [4, 5, 4.5, 6], "texture": "#all", "cullface": "south"},
				"up": {"uv": [5, 5, 4, 5.5], "rotation": 180, "texture": "#all", "cullface": "south"},
				"down": {"uv": [5, 5, 4, 5.5], "rotation": 180, "texture": "#all", "cullface": "south"}
			}
		},
		{
			"from": [9, 6, 16],
			"to": [12, 7, 16.5],
			"rotation": {"angle": 0, "axis": "y", "origin": [8, 8, 8]},
			"faces": {
				"east": {"uv": [11, 9, 11.5, 10], "texture": "#all", "cullface": "south"},
				"south": {"uv": [9, 9, 12, 10], "texture": "#all", "cullface": "south"},
				"west": {"uv": [9, 9, 9.5, 10], "texture": "#all", "cullface": "south"},
				"up": {"uv": [12, 9, 9, 9.5], "rotation": 180, "texture": "#all", "cullface": "south"},
				"down": {"uv": [12, 9, 9, 9.5], "rotation": 180, "texture": "#all", "cullface": "south"}
			}
		},
		{
			"from": [9, 2, 16],
			"to": [10, 3, 16.5],
			"rotation": {"angle": 0, "axis": "y", "origin": [8, 8, 8]},
			"faces": {
				"east": {"uv": [9, 13, 9.5, 14], "texture": "#all", "cullface": "south"},
				"south": {"uv": [9, 13, 10, 14], "texture": "#all", "cullface": "south"},
				"west": {"uv": [9, 13, 9.5, 14], "texture": "#all", "cullface": "south"},
				"up": {"uv": [10, 13, 9, 13.5], "rotation": 180, "texture": "#all", "cullface": "south"},
				"down": {"uv": [10, 13, 9, 13.5], "rotation": 180, "texture": "#all", "cullface": "south"}
			}
		},
		{
			"from": [12, 10, 16],
			"to": [13, 11, 16.5],
			"rotation": {"angle": 0, "axis": "y", "origin": [8, 8, 8]},
			"faces": {
				"east": {"uv": [12, 5, 12.5, 6], "texture": "#all", "cullface": "south"},
				"south": {"uv": [12, 5, 13, 6], "texture": "#all", "cullface": "south"},
				"up": {"uv": [13, 5, 12, 5.5], "rotation": 180, "texture": "#all", "cullface": "south"},
				"down": {"uv": [13, 5, 12, 5.5], "rotation": 180, "texture": "#all", "cullface": "south"}
			}
		},
		{
			"from": [10, 5, 16],
			"to": [13, 6, 16.5],
			"rotation": {"angle": 0, "axis": "y", "origin": [8, 8, 8]},
			"faces": {
				"east": {"uv": [12, 10, 12.5, 11], "texture": "#all", "cullface": "south"},
				"south": {"uv": [10, 10, 13, 11], "texture": "#all", "cullface": "south"},
				"west": {"uv": [10, 10, 10.5, 11], "texture": "#all", "cullface": "south"},
				"up": {"uv": [13, 10, 10, 10.5], "rotation": 180, "texture": "#all", "cullface": "south"},
				"down": {"uv": [13, 10, 10, 10.5], "rotation": 180, "texture": "#all", "cullface": "south"}
			}
		},
		{
			"from": [10, 9, 16],
			"to": [12, 11, 16.5],
			"rotation": {"angle": 0, "axis": "y", "origin": [8, 8, 8]},
			"faces": {
				"east": {"uv": [11, 5, 11.5, 7], "texture": "#all", "cullface": "south"},
				"south": {"uv": [10, 5, 12, 7], "texture": "#all", "cullface": "south"},
				"west": {"uv": [10, 5, 10.5, 7], "texture": "#all", "cullface": "south"},
				"up": {"uv": [12, 5, 10, 5.5], "rotation": 180, "texture": "#all", "cullface": "south"},
				"down": {"uv": [12, 6, 10, 6.5], "rotation": 180, "texture": "#all", "cullface": "south"}
			}
		},
		{
			"from": [4, 4, 16],
			"to": [6, 6, 16.5],
			"rotation": {"angle": 0, "axis": "y", "origin": [8, 8, 8]},
			"faces": {
				"east": {"uv": [5, 10, 5.5, 12], "texture": "#all", "cullface": "south"},
				"south": {"uv": [4, 10, 6, 12], "texture": "#all", "cullface": "south"},
				"west": {"uv": [4, 10, 4.5, 12], "texture": "#all", "cullface": "south"},
				"up": {"uv": [6, 10, 4, 10.5], "rotation": 180, "texture": "#all", "cullface": "south"},
				"down": {"uv": [6, 11, 4, 11.5], "rotation": 180, "texture": "#all", "cullface": "south"}
			}
		},
		{
			"from": [-0.5, 10, 5],
			"to": [0, 12, 7],
			"rotation": {"angle": 0, "axis": "y", "origin": [8, 8, 8]},
			"faces": {
				"north": {"uv": [5, 4, 5.5, 6], "texture": "#all", "cullface": "west"},
				"south": {"uv": [6, 4, 6.5, 6], "texture": "#all", "cullface": "west"},
				"west": {"uv": [5, 4, 7, 6], "texture": "#all", "cullface": "west"},
				"up": {"uv": [7, 4, 5, 4.5], "rotation": 270, "texture": "#all", "cullface": "west"},
				"down": {"uv": [7, 5, 5, 5.5], "rotation": 90, "texture": "#all", "cullface": "west"}
			}
		},
		{
			"from": [-1, 6, 10],
			"to": [0, 7, 11],
			"rotation": {"angle": 0, "axis": "y", "origin": [8, 8, 8]},
			"faces": {
				"north": {"uv": [10, 9, 11, 10], "texture": "#all", "cullface": "west"},
				"south": {"uv": [10, 9, 11, 10], "texture": "#all", "cullface": "west"},
				"west": {"uv": [10, 9, 11, 10], "texture": "#all", "cullface": "west"},
				"up": {"uv": [11, 9, 10, 10], "rotation": 270, "texture": "#all", "cullface": "west"},
				"down": {"uv": [11, 9, 10, 10], "rotation": 90, "texture": "#all", "cullface": "west"}
			}
		},
		{
			"from": [-0.5, 10, 4],
			"to": [0, 11, 5],
			"rotation": {"angle": 0, "axis": "y", "origin": [8, 8, 8]},
			"faces": {
				"north": {"uv": [4, 5, 4.5, 6], "texture": "#all", "cullface": "west"},
				"west": {"uv": [4, 5, 5, 6], "texture": "#all", "cullface": "west"},
				"up": {"uv": [5, 5, 4, 5.5], "rotation": 270, "texture": "#all", "cullface": "west"},
				"down": {"uv": [5, 5, 4, 5.5], "rotation": 90, "texture": "#all", "cullface": "west"}
			}
		},
		{
			"from": [-0.5, 6, 9],
			"to": [0, 7, 12],
			"rotation": {"angle": 0, "axis": "y", "origin": [8, 8, 8]},
			"faces": {
				"north": {"uv": [9, 9, 9.5, 10], "texture": "#all", "cullface": "west"},
				"south": {"uv": [11, 9, 11.5, 10], "texture": "#all", "cullface": "west"},
				"west": {"uv": [9, 9, 12, 10], "texture": "#all", "cullface": "west"},
				"up": {"uv": [12, 9, 9, 9.5], "rotation": 270, "texture": "#all", "cullface": "west"},
				"down": {"uv": [12, 9, 9, 9.5], "rotation": 90, "texture": "#all", "cullface": "west"}
			}
		},
		{
			"from": [-0.5, 2, 9],
			"to": [0, 3, 10],
			"rotation": {"angle": 0, "axis": "y", "origin": [8, 8, 8]},
			"faces": {
				"north": {"uv": [9, 13, 9.5, 14], "texture": "#all", "cullface": "west"},
				"south": {"uv": [9, 13, 9.5, 14], "texture": "#all", "cullface": "west"},
				"west": {"uv": [9, 13, 10, 14], "texture": "#all", "cullface": "west"},
				"up": {"uv": [10, 13, 9, 13.5], "rotation": 270, "texture": "#all", "cullface": "west"},
				"down": {"uv": [10, 13, 9, 13.5], "rotation": 90, "texture": "#all", "cullface": "west"}
			}
		},
		{
			"from": [-0.5, 10, 12],
			"to": [0, 11, 13],
			"rotation": {"angle": 0, "axis": "y", "origin": [8, 8, 8]},
			"faces": {
				"south": {"uv": [12, 5, 12.5, 6], "texture": "#all", "cullface": "west"},
				"west": {"uv": [12, 5, 13, 6], "texture": "#all", "cullface": "west"},
				"up": {"uv": [13, 5, 12, 5.5], "rotation": 270, "texture": "#all", "cullface": "west"},
				"down": {"uv": [13, 5, 12, 5.5], "rotation": 90, "texture": "#all", "cullface": "west"}
			}
		},
		{
			"from": [-0.5, 5, 10],
			"to": [0, 6, 13],
			"rotation": {"angle": 0, "axis": "y", "origin": [8, 8, 8]},
			"faces": {
				"north": {"uv": [10, 10, 10.5, 11], "texture": "#all", "cullface": "west"},
				"south": {"uv": [12, 10, 12.5, 11], "texture": "#all", "cullface": "west"},
				"west": {"uv": [10, 10, 13, 11], "texture": "#all", "cullface": "west"},
				"up": {"uv": [13, 10, 10, 10.5], "rotation": 270, "texture": "#all", "cullface": "west"},
				"down": {"uv": [13, 10, 10, 10.5], "rotation": 90, "texture": "#all", "cullface": "west"}
			}
		},
		{
			"from": [-0.5, 9, 10],
			"to": [0, 11, 12],
			"rotation": {"angle": 0, "axis": "y", "origin": [8, 8, 8]},
			"faces": {
				"north": {"uv": [10, 5, 10.5, 7], "texture": "#all", "cullface": "west"},
				"south": {"uv": [11, 5, 11.5, 7], "texture": "#all", "cullface": "west"},
				"west": {"uv": [10, 5, 12, 7], "texture": "#all", "cullface": "west"},
				"up": {"uv": [12, 5, 10, 5.5], "rotation": 270, "texture": "#all", "cullface": "west"},
				"down": {"uv": [12, 6, 10, 6.5], "rotation": 90, "texture": "#all", "cullface": "west"}
			}
		},
		{
			"from": [-0.5, 4, 4],
			"to": [0, 6, 6],
			"rotation": {"angle": 0, "axis": "y", "origin": [8, 8, 8]},
			"faces": {
				"north": {"uv": [4, 10, 4.5, 12], "texture": "#all", "cullface": "west"},
				"south": {"uv": [5, 10, 5.5, 12], "texture": "#all", "cullface": "west"},
				"west": {"uv": [4, 10, 6, 12], "texture": "#all", "cullface": "west"},
				"up": {"uv": [6, 10, 4, 10.5], "rotation": 270, "texture": "#all", "cullface": "west"},
				"down": {"uv": [6, 11, 4, 11.5], "rotation": 90, "texture": "#all", "cullface": "west"}
			}
		},
		{
			"from": [5, 16, 4],
			"to": [7, 16.5, 6],
			"rotation": {"angle": 0, "axis": "y", "origin": [8, 8, 8]},
			"faces": {
				"north": {"uv": [7, 4, 5, 4.5], "texture": "#all", "cullface": "up"},
				"east": {"uv": [6, 4, 6.5, 6], "rotation": 90, "texture": "#all", "cullface": "up"},
				"south": {"uv": [7, 5, 5, 5.5], "rotation": 180, "texture": "#all", "cullface": "up"},
				"west": {"uv": [5, 4, 5.5, 6], "rotation": 270, "texture": "#all", "cullface": "up"},
				"up": {"uv": [5, 4, 7, 6], "texture": "#all", "cullface": "up"}
			}
		},
		{
			"from": [10, 16, 9],
			"to": [11, 17, 10],
			"rotation": {"angle": 0, "axis": "y", "origin": [8, 8, 8]},
			"faces": {
				"north": {"uv": [11, 9, 10, 10], "texture": "#all", "cullface": "up"},
				"east": {"uv": [10, 9, 11, 10], "rotation": 90, "texture": "#all", "cullface": "up"},
				"south": {"uv": [11, 9, 10, 10], "rotation": 180, "texture": "#all", "cullface": "up"},
				"west": {"uv": [10, 9, 11, 10], "rotation": 270, "texture": "#all", "cullface": "up"},
				"up": {"uv": [10, 9, 11, 10], "texture": "#all", "cullface": "up"}
			}
		},
		{
			"from": [4, 16, 5],
			"to": [5, 16.5, 6],
			"rotation": {"angle": 0, "axis": "y", "origin": [8, 8, 8]},
			"faces": {
				"north": {"uv": [5, 5, 4, 5.5], "texture": "#all", "cullface": "up"},
				"south": {"uv": [5, 5, 4, 5.5], "rotation": 180, "texture": "#all", "cullface": "up"},
				"west": {"uv": [4, 5, 4.5, 6], "rotation": 270, "texture": "#all", "cullface": "up"},
				"up": {"uv": [4, 5, 5, 6], "texture": "#all", "cullface": "up"}
			}
		},
		{
			"from": [9, 16, 9],
			"to": [12, 16.5, 10],
			"rotation": {"angle": 0, "axis": "y", "origin": [8, 8, 8]},
			"faces": {
				"north": {"uv": [12, 9, 9, 9.5], "texture": "#all", "cullface": "up"},
				"east": {"uv": [11, 9, 11.5, 10], "rotation": 90, "texture": "#all", "cullface": "up"},
				"south": {"uv": [12, 9, 9, 9.5], "rotation": 180, "texture": "#all", "cullface": "up"},
				"west": {"uv": [9, 9, 9.5, 10], "rotation": 270, "texture": "#all", "cullface": "up"},
				"up": {"uv": [9, 9, 12, 10], "texture": "#all", "cullface": "up"}
			}
		},
		{
			"from": [9, 16, 13],
			"to": [10, 16.5, 14],
			"rotation": {"angle": 0, "axis": "y", "origin": [8, 8, 8]},
			"faces": {
				"north": {"uv": [10, 13, 9, 13.5], "texture": "#all", "cullface": "up"},
				"east": {"uv": [9, 13, 9.5, 14], "rotation": 90, "texture": "#all", "cullface": "up"},
				"south": {"uv": [10, 13, 9, 13.5], "rotation": 180, "texture": "#all", "cullface": "up"},
				"west": {"uv": [9, 13, 9.5, 14], "rotation": 270, "texture": "#all", "cullface": "up"},
				"up": {"uv": [9, 13, 10, 14], "texture": "#all", "cullface": "up"}
			}
		},
		{
			"from": [12, 16, 5],
			"to": [13, 16.5, 6],
			"rotation": {"angle": 0, "axis": "y", "origin": [8, 8, 8]},
			"faces": {
				"north": {"uv": [13, 5, 12, 5.5], "texture": "#all", "cullface": "up"},
				"east": {"uv": [12, 5, 12.5, 6], "rotation": 90, "texture": "#all", "cullface": "up"},
				"south": {"uv": [13, 5, 12, 5.5], "rotation": 180, "texture": "#all", "cullface": "up"},
				"up": {"uv": [12, 5, 13, 6], "texture": "#all", "cullface": "up"}
			}
		},
		{
			"from": [10, 16, 10],
			"to": [13, 16.5, 11],
			"rotation": {"angle": 0, "axis": "y", "origin": [8, 8, 8]},
			"faces": {
				"north": {"uv": [13, 10, 10, 10.5], "texture": "#all", "cullface": "up"},
				"east": {"uv": [12, 10, 12.5, 11], "rotation": 90, "texture": "#all", "cullface": "up"},
				"south": {"uv": [13, 10, 10, 10.5], "rotation": 180, "texture": "#all", "cullface": "up"},
				"west": {"uv": [10, 10, 10.5, 11], "rotation": 270, "texture": "#all", "cullface": "up"},
				"up": {"uv": [10, 10, 13, 11], "texture": "#all", "cullface": "up"}
			}
		},
		{
			"from": [10, 16, 5],
			"to": [12, 16.5, 7],
			"rotation": {"angle": 0, "axis": "y", "origin": [8, 8, 8]},
			"faces": {
				"north": {"uv": [12, 5, 10, 5.5], "texture": "#all", "cullface": "up"},
				"east": {"uv": [11, 5, 11.5, 7], "rotation": 90, "texture": "#all", "cullface": "up"},
				"south": {"uv": [12, 6, 10, 6.5], "rotation": 180, "texture": "#all", "cullface": "up"},
				"west": {"uv": [10, 5, 10.5, 7], "rotation": 270, "texture": "#all", "cullface": "up"},
				"up": {"uv": [10, 5, 12, 7], "texture": "#all", "cullface": "up"}
			}
		},
		{
			"from": [4, 16, 10],
			"to": [6, 16.5, 12],
			"rotation": {"angle": 0, "axis": "y", "origin": [8, 8, 8]},
			"faces": {
				"north": {"uv": [6, 10, 4, 10.5], "texture": "#all", "cullface": "up"},
				"east": {"uv": [5, 10, 5.5, 12], "rotation": 90, "texture": "#all", "cullface": "up"},
				"south": {"uv": [6, 11, 4, 11.5], "rotation": 180, "texture": "#all", "cullface": "up"},
				"west": {"uv": [4, 10, 4.5, 12], "rotation": 270, "texture": "#all", "cullface": "up"},
				"up": {"uv": [4, 10, 6, 12], "texture": "#all", "cullface": "up"}
			}
		},
		{
			"from": [5, -0.5, 10],
			"to": [7, 0, 12],
			"rotation": {"angle": 0, "axis": "x", "origin": [8, 8, 8]},
			"faces": {
				"north": {"uv": [7, 5, 5, 5.5], "texture": "#all", "cullface": "down"},
				"east": {"uv": [6, 4, 6.5, 6], "rotation": 270, "texture": "#all", "cullface": "down"},
				"south": {"uv": [7, 4, 5, 4.5], "rotation": 180, "texture": "#all", "cullface": "down"},
				"west": {"uv": [5, 4, 5.5, 6], "rotation": 90, "texture": "#all", "cullface": "down"},
				"down": {"uv": [5, 4, 7, 6], "texture": "#all", "cullface": "down"}
			}
		},
		{
			"from": [10, -1, 6],
			"to": [11, 0, 7],
			"rotation": {"angle": 0, "axis": "x", "origin": [8, 8, 8]},
			"faces": {
				"north": {"uv": [11, 9, 10, 10], "texture": "#all", "cullface": "down"},
				"east": {"uv": [10, 9, 11, 10], "rotation": 270, "texture": "#all", "cullface": "down"},
				"south": {"uv": [11, 9, 10, 10], "rotation": 180, "texture": "#all", "cullface": "down"},
				"west": {"uv": [10, 9, 11, 10], "rotation": 90, "texture": "#all", "cullface": "down"},
				"down": {"uv": [10, 9, 11, 10], "texture": "#all", "cullface": "down"}
			}
		},
		{
			"from": [4, -0.5, 10],
			"to": [5, 0, 11],
			"rotation": {"angle": 0, "axis": "x", "origin": [8, 8, 8]},
			"faces": {
				"north": {"uv": [5, 5, 4, 5.5], "texture": "#all", "cullface": "down"},
				"south": {"uv": [5, 5, 4, 5.5], "rotation": 180, "texture": "#all", "cullface": "down"},
				"west": {"uv": [4, 5, 4.5, 6], "rotation": 90, "texture": "#all", "cullface": "down"},
				"down": {"uv": [4, 5, 5, 6], "texture": "#all", "cullface": "down"}
			}
		},
		{
			"from": [9, -0.5, 6],
			"to": [12, 0, 7],
			"rotation": {"angle": 0, "axis": "x", "origin": [8, 8, 8]},
			"faces": {
				"north": {"uv": [12, 9, 9, 9.5], "texture": "#all", "cullface": "down"},
				"east": {"uv": [11, 9, 11.5, 10], "rotation": 270, "texture": "#all", "cullface": "down"},
				"south": {"uv": [12, 9, 9, 9.5], "rotation": 180, "texture": "#all", "cullface": "down"},
				"west": {"uv": [9, 9, 9.5, 10], "rotation": 90, "texture": "#all", "cullface": "down"},
				"down": {"uv": [9, 9, 12, 10], "texture": "#all", "cullface": "down"}
			}
		},
		{
			"from": [9, -0.5, 2],
			"to": [10, 0, 3],
			"rotation": {"angle": 0, "axis": "x", "origin": [8, 8, 8]},
			"faces": {
				"north": {"uv": [10, 13, 9, 13.5], "texture": "#all", "cullface": "down"},
				"east": {"uv": [9, 13, 9.5, 14], "rotation": 270, "texture": "#all", "cullface": "down"},
				"south": {"uv": [10, 13, 9, 13.5], "rotation": 180, "texture": "#all", "cullface": "down"},
				"west": {"uv": [9, 13, 9.5, 14], "rotation": 90, "texture": "#all", "cullface": "down"},
				"down": {"uv": [9, 13, 10, 14], "texture": "#all", "cullface": "down"}
			}
		},
		{
			"from": [12, -0.5, 10],
			"to": [13, 0, 11],
			"rotation": {"angle": 0, "axis": "x", "origin": [8, 8, 8]},
			"faces": {
				"north": {"uv": [13, 5, 12, 5.5], "texture": "#all", "cullface": "down"},
				"east": {"uv": [12, 5, 12.5, 6], "rotation": 270, "texture": "#all", "cullface": "down"},
				"south": {"uv": [13, 5, 12, 5.5], "rotation": 180, "texture": "#all", "cullface": "down"},
				"down": {"uv": [12, 5, 13, 6], "texture": "#all", "cullface": "down"}
			}
		},
		{
			"from": [10, -0.5, 5],
			"to": [13, 0, 6],
			"rotation": {"angle": 0, "axis": "x", "origin": [8, 8, 8]},
			"faces": {
				"north": {"uv": [13, 10, 10, 10.5], "texture": "#all", "cullface": "down"},
				"east": {"uv": [12, 10, 12.5, 11], "rotation": 270, "texture": "#all", "cullface": "down"},
				"south": {"uv": [13, 10, 10, 10.5], "rotation": 180, "texture": "#all", "cullface": "down"},
				"west": {"uv": [10, 10, 10.5, 11], "rotation": 90, "texture": "#all", "cullface": "down"},
				"down": {"uv": [10, 10, 13, 11], "texture": "#all", "cullface": "down"}
			}
		},
		{
			"from": [10, -0.5, 9],
			"to": [12, 0, 11],
			"rotation": {"angle": 0, "axis": "x", "origin": [8, 8, 8]},
			"faces": {
				"north": {"uv": [12, 6, 10, 6.5], "texture": "#all", "cullface": "down"},
				"east": {"uv": [11, 5, 11.5, 7], "rotation": 270, "texture": "#all", "cullface": "down"},
				"south": {"uv": [12, 5, 10, 5.5], "rotation": 180, "texture": "#all", "cullface": "down"},
				"west": {"uv": [10, 5, 10.5, 7], "rotation": 90, "texture": "#all", "cullface": "down"},
				"down": {"uv": [10, 5, 12, 7], "texture": "#all", "cullface": "down"}
			}
		},
		{
			"from": [4, -0.5, 4],
			"to": [6, 0, 6],
			"rotation": {"angle": 0, "axis": "x", "origin": [8, 8, 8]},
			"faces": {
				"north": {"uv": [6, 11, 4, 11.5], "texture": "#all", "cullface": "down"},
				"east": {"uv": [5, 10, 5.5, 12], "rotation": 270, "texture": "#all", "cullface": "down"},
				"south": {"uv": [6, 10, 4, 10.5], "rotation": 180, "texture": "#all", "cullface": "down"},
				"west": {"uv": [4, 10, 4.5, 12], "rotation": 90, "texture": "#all", "cullface": "down"},
				"down": {"uv": [4, 10, 6, 12], "texture": "#all", "cullface": "down"}
			}
		}
	]
}