{
	"credit": "Created by GrandMagus",
	"textures": {
		"particle": "block/jungle_door_top",
		"top": "block/jungle_door_top",
		"top_flipped": "block/jungle_door_top_flipped",
		"side": "block/jungle_door_top_sides"
	},
	"elements": [
		{
			"from": [0, 12, 4],
			"to": [3, 13, 6],
			"faces": {
				"east": {"uv": [6, 3, 4, 4], "texture": "#top_flipped"},
				"south": {"uv": [10, 3, 11, 4], "texture": "#top"},
				"west": {"uv": [10, 3, 12, 4], "texture": "#top", "cullface": "west"},
				"down": {"uv": [10, 3, 12, 4], "rotation": 90, "texture": "#top"}
			}
		},
		{
			"from": [0, 12, 10],
			"to": [3, 13, 12],
			"faces": {
				"north": {"uv": [5, 3, 6, 4], "texture": "#top"},
				"east": {"uv": [12, 3, 10, 4], "texture": "#top_flipped"},
				"west": {"uv": [4, 3, 6, 4], "texture": "#top", "cullface": "west"},
				"down": {"uv": [4, 3, 6, 4], "rotation": 90, "texture": "#top"}
			}
		},
		{
			"from": [0, 11, 4],
			"to": [3, 12, 5],
			"faces": {
				"east": {"uv": [4, 4, 5, 5], "texture": "#top_flipped"},
				"south": {"uv": [4, 4, 5, 5], "texture": "#top"},
				"west": {"uv": [12, 4, 11, 5], "texture": "#top", "cullface": "west"},
				"down": {"uv": [4, 4, 5, 5], "texture": "#top"}
			}
		},
		{
			"from": [1, 8, 6],
			"to": [2, 13, 7],
			"faces": {
				"north": {"uv": [6, 3, 7, 8], "texture": "#top"},
				"east": {"uv": [6, 3, 7, 8], "texture": "#top_flipped"},
				"south": {"uv": [6, 3, 7, 8], "texture": "#top"},
				"west": {"uv": [7, 3, 6, 8], "texture": "#top", "cullface": "west"}
			}
		},
		{
			"from": [1, 8, 9],
			"to": [2, 13, 10],
			"faces": {
				"north": {"uv": [6, 3, 7, 8], "texture": "#top"},
				"east": {"uv": [9, 3, 10, 8], "texture": "#top_flipped"},
				"south": {"uv": [6, 3, 7, 8], "texture": "#top"},
				"west": {"uv": [10, 3, 9, 8], "texture": "#top", "cullface": "west"}
			}
		},
		{
			"from": [0, 11, 11],
			"to": [3, 12, 12],
			"faces": {
				"north": {"uv": [4, 4, 5, 5], "texture": "#top"},
				"east": {"uv": [11, 4, 12, 5], "texture": "#top_flipped"},
				"west": {"uv": [5, 4, 4, 5], "texture": "#top", "cullface": "west"},
				"down": {"uv": [4, 4, 5, 5], "texture": "#top"}
			}
		},
		{
			"from": [0, 4, 9],
			"to": [3, 5, 10],
			"faces": {
				"north": {"uv": [6, 11, 7, 12], "texture": "#top"},
				"east": {"uv": [9, 11, 10, 12], "texture": "#top_flipped"},
				"west": {"uv": [7, 11, 6, 12], "texture": "#top", "cullface": "west"},
				"up": {"uv": [6, 11, 7, 12], "texture": "#top"}
			}
		},
		{
			"from": [0, 4, 6],
			"to": [3, 5, 7],
			"faces": {
				"east": {"uv": [6, 11, 7, 12], "texture": "#top_flipped"},
				"south": {"uv": [9, 11, 10, 12], "texture": "#top"},
				"west": {"uv": [10, 11, 9, 12], "texture": "#top", "cullface": "west"},
				"up": {"uv": [9, 11, 10, 12], "texture": "#top"}
			}
		},
		{
			"from": [0, 13, 4],
			"to": [3, 16, 12],
			"faces": {
				"east": {"uv": [12, 0, 4, 3], "texture": "#top_flipped"},
				"west": {"uv": [4, 0, 12, 3], "texture": "#top", "cullface": "west"},
				"up": {"uv": [9, 4, 6, 12], "texture": "#side", "cullface": "up"},
				"down": {"uv": [4, 2, 12, 3], "rotation": 90, "texture": "#top"}
			}
		},
		{
			"from": [0, 0, 0],
			"to": [3, 4, 16],
			"faces": {
				"north": {"uv": [0, 12, 3, 16], "texture": "#side", "cullface": "north"},
				"east": {"uv": [16, 12, 0, 16], "texture": "#top_flipped"},
				"south": {"uv": [3, 12, 6, 16], "texture": "#side", "cullface": "south"},
				"west": {"uv": [0, 12, 16, 16], "texture": "#top", "cullface": "west"},
				"up": {"uv": [0, 12, 16, 13], "rotation": 90, "texture": "#top"}
			}
		},
		{
			"from": [0, 4, 12],
			"to": [3, 16, 16],
			"faces": {
				"north": {"uv": [12, 0, 13, 12], "texture": "#top"},
				"east": {"uv": [16, 0, 12, 12], "texture": "#top_flipped"},
				"south": {"uv": [3, 0, 6, 12], "texture": "#side", "cullface": "south"},
				"west": {"uv": [12, 0, 16, 12], "texture": "#top", "cullface": "west"},
				"up": {"uv": [6, 16, 9, 12], "rotation": 180, "texture": "#side", "cullface": "up"}
			}
		},
		{
			"from": [0, 4, 0],
			"to": [3, 16, 4],
			"faces": {
				"north": {"uv": [0, 0, 3, 12], "texture": "#side", "cullface": "north"},
				"east": {"uv": [4, 0, 0, 12], "texture": "#top_flipped"},
				"south": {"uv": [3, 0, 4, 12], "texture": "#top"},
				"west": {"uv": [0, 0, 4, 12], "texture": "#top", "cullface": "west"},
				"up": {"uv": [9, 0, 6, 4], "texture": "#side", "cullface": "up"}
			}
		},
		{
			"from": [0, 4, 10],
			"to": [3, 6, 12],
			"faces": {
				"north": {"uv": [5, 10, 6, 12], "texture": "#top"},
				"east": {"uv": [12, 10, 10, 12], "texture": "#top_flipped"},
				"west": {"uv": [10, 9, 12, 11], "texture": "#top", "cullface": "west"}
			}
		},
		{
			"from": [0, 4, 4],
			"to": [3, 6, 6],
			"faces": {
				"east": {"uv": [6, 10, 4, 12], "texture": "#top_flipped"},
				"south": {"uv": [10, 10, 11, 12], "texture": "#top"},
				"west": {"uv": [4, 10, 6, 12], "texture": "#top", "cullface": "west"}
			}
		},
		{
			"from": [0, 6, 4],
			"to": [3, 8, 12],
			"faces": {
				"east": {"uv": [12, 8, 4, 10], "texture": "#top_flipped"},
				"west": {"uv": [12, 8, 4, 10], "texture": "#top", "cullface": "west"},
				"up": {"uv": [4, 8, 12, 9], "rotation": 90, "texture": "#top"},
				"down": {"uv": [4, 9, 12, 10], "rotation": 90, "texture": "#top"}
			}
		}
	]
}