{
	"credit": "Created by GrandMagus",
	"textures": {
		"particle": "block/ladder",
		"block": "block/ladder"
	},
	"elements": [
		{
			"from": [2, 0, 14],
			"to": [4.02, 16, 16.02],
			"faces": {
				"north": {"uv": [12, 0, 13.98, 15.98], "texture": "#block"},
				"east": {"uv": [13, 0, 12.01, 15.99], "texture": "#block"},
				"south": {"uv": [12, 16, 13.99, 0.01], "rotation": 180, "texture": "#block", "cullface": "south"},
				"west": {"uv": [14, 0, 13.01, 15.99], "texture": "#block"},
				"up": {"uv": [14.02, 3, 12, 5.02], "rotation": 270, "texture": "#block", "cullface": "up"},
				"down": {"uv": [12, 10.98, 14.02, 13], "rotation": 180, "texture": "#block", "cullface": "down"}
			}
		},
		{
			"from": [1, 1, 13],
			"to": [15, 3, 15],
			"faces": {
				"north": {"uv": [1, 13, 14.99, 14.99], "texture": "#block"},
				"east": {"uv": [1, 13, 3, 15], "texture": "#block"},
				"south": {"uv": [15, 13, 1, 15], "rotation": 180, "texture": "#block"},
				"west": {"uv": [13, 13, 15, 15], "texture": "#block"},
				"up": {"uv": [15.01, 13, 1.01, 15], "texture": "#block"},
				"down": {"uv": [1, 15, 14.99, 14.01], "texture": "#block"}
			}
		},
		{
			"from": [1, 13, 13],
			"to": [15, 15, 15],
			"faces": {
				"north": {"uv": [1, 1.01, 14.99, 3], "texture": "#block"},
				"east": {"uv": [1, 1, 3, 3], "texture": "#block"},
				"south": {"uv": [15, 1, 1, 3], "rotation": 180, "texture": "#block"},
				"west": {"uv": [13, 1.01, 15, 3.01], "texture": "#block"},
				"up": {"uv": [15.01, 1.01, 1.01, 3.01], "texture": "#block"},
				"down": {"uv": [1.01, 2.99, 15, 2], "texture": "#block"}
			}
		},
		{
			"from": [1, 9, 13],
			"to": [15, 11, 15],
			"faces": {
				"north": {"uv": [1, 5, 14.99, 6.99], "texture": "#block"},
				"east": {"uv": [1, 5, 3, 7], "texture": "#block"},
				"south": {"uv": [15, 5, 1, 7], "rotation": 180, "texture": "#block"},
				"west": {"uv": [13, 5, 15, 7], "texture": "#block"},
				"up": {"uv": [15.01, 5, 1.01, 7], "texture": "#block"},
				"down": {"uv": [1, 7, 14.99, 6.01], "texture": "#block"}
			}
		},
		{
			"from": [1, 5, 13],
			"to": [15, 7, 15],
			"faces": {
				"north": {"uv": [1, 9, 14.99, 10.99], "texture": "#block"},
				"east": {"uv": [1, 9, 3, 11], "texture": "#block"},
				"south": {"uv": [15, 9, 1, 11], "rotation": 180, "texture": "#block"},
				"west": {"uv": [13, 9, 15, 11], "texture": "#block"},
				"up": {"uv": [15.01, 9, 1.01, 11], "texture": "#block"},
				"down": {"uv": [1, 11, 14.99, 10.01], "texture": "#block"}
			}
		},
		{
			"from": [12, 0, 13.98],
			"to": [14.02, 16, 16],
			"faces": {
				"north": {"uv": [2.01, 0.01, 3.99, 15.99], "texture": "#block"},
				"east": {"uv": [3, 0, 2.01, 15.99], "texture": "#block"},
				"south": {"uv": [2, 15.99, 3.99, 0], "rotation": 180, "texture": "#block", "cullface": "south"},
				"west": {"uv": [3.99, 0.01, 3, 16], "texture": "#block"},
				"up": {"uv": [4.02, 3, 2, 5.02], "rotation": 270, "texture": "#block", "cullface": "up"},
				"down": {"uv": [2, 10.98, 4.02, 13], "rotation": 180, "texture": "#block", "cullface": "down"}
			}
		}
	]
}