{
	"credit": "Created by GrandMagus",
	"parent": "minecraft:block/cube_all",
	"textures": {
		"all": "block/lapis_ore"
	},
	"elements": [
		{
			"from": [0, 0, 0],
			"to": [16, 16, 16],
			"faces": {
				"north": {"uv": [0, 0, 16, 16], "texture": "#all", "cullface": "north"},
				"east": {"uv": [0, 0, 16, 16], "texture": "#all", "cullface": "east"},
				"south": {"uv": [0, 0, 16, 16], "texture": "#all", "cullface": "south"},
				"west": {"uv": [0, 0, 16, 16], "texture": "#all", "cullface": "west"},
				"up": {"uv": [0, 0, 16, 16], "texture": "#all", "cullface": "up"},
				"down": {"uv": [0, 0, 16, 16], "texture": "#all", "cullface": "down"}
			}
		},
		{
			"from": [9, 9, -1],
			"to": [11, 11, 0],
			"rotation": {"angle": 0, "axis": "y", "origin": [8, 8, 8]},
			"faces": {
				"north": {"uv": [5, 5, 7, 7], "texture": "#all", "cullface": "north"},
				"east": {"uv": [5, 5, 6, 7], "texture": "#all", "cullface": "north"},
				"west": {"uv": [6, 5, 7, 7], "texture": "#all", "cullface": "north"},
				"up": {"uv": [7, 5, 5, 6], "texture": "#all", "cullface": "north"},
				"down": {"uv": [7, 6, 5, 7], "texture": "#all", "cullface": "north"}
			}
		},
		{
			"from": [5, 5, -1],
			"to": [7, 7, 0],
			"rotation": {"angle": 0, "axis": "y", "origin": [8, 8, 8]},
			"faces": {
				"north": {"uv": [9, 9, 11, 11], "texture": "#all", "cullface": "north"},
				"east": {"uv": [9, 9, 10, 11], "texture": "#all", "cullface": "north"},
				"west": {"uv": [10, 9, 11, 11], "texture": "#all", "cullface": "north"},
				"up": {"uv": [11, 9, 9, 10], "texture": "#all", "cullface": "north"},
				"down": {"uv": [11, 10, 9, 11], "texture": "#all", "cullface": "north"}
			}
		},
		{
			"from": [10, 1, -0.5],
			"to": [12, 3, 0],
			"rotation": {"angle": 0, "axis": "y", "origin": [8, 8, 8]},
			"faces": {
				"north": {"uv": [4, 13, 6, 15], "texture": "#all", "cullface": "north"},
				"east": {"uv": [4, 13, 4.5, 15], "texture": "#all", "cullface": "north"},
				"west": {"uv": [5, 13, 5.5, 15], "texture": "#all", "cullface": "north"},
				"up": {"uv": [6, 13, 4, 13.5], "texture": "#all", "cullface": "north"},
				"down": {"uv": [6, 14, 4, 14.5], "texture": "#all", "cullface": "north"}
			}
		},
		{
			"from": [13, 7, -0.5],
			"to": [14, 9, 0],
			"rotation": {"angle": 0, "axis": "y", "origin": [8, 8, 8]},
			"faces": {
				"north": {"uv": [2, 7, 3, 9], "texture": "#all", "cullface": "north"},
				"east": {"uv": [2, 7, 2.5, 9], "texture": "#all", "cullface": "north"},
				"west": {"uv": [2, 7, 2.5, 9], "texture": "#all", "cullface": "north"},
				"up": {"uv": [3, 7, 2, 7.5], "texture": "#all", "cullface": "north"},
				"down": {"uv": [3, 8, 2, 8.5], "texture": "#all", "cullface": "north"}
			}
		},
		{
			"from": [11, 9, -0.5],
			"to": [12, 10, 0],
			"rotation": {"angle": 0, "axis": "y", "origin": [8, 8, 8]},
			"faces": {
				"north": {"uv": [4, 6, 5, 7], "texture": "#all", "cullface": "north"},
				"east": {"uv": [4, 6, 4.5, 7], "texture": "#all", "cullface": "north"},
				"west": {"uv": [4, 6, 4.5, 7], "texture": "#all", "cullface": "north"},
				"up": {"uv": [5, 6, 4, 6.5], "texture": "#all", "cullface": "north"},
				"down": {"uv": [5, 6, 4, 6.5], "texture": "#all", "cullface": "north"}
			}
		},
		{
			"from": [4, 9, -0.5],
			"to": [5, 10, 0],
			"rotation": {"angle": 0, "axis": "y", "origin": [8, 8, 8]},
			"faces": {
				"north": {"uv": [11, 6, 12, 7], "texture": "#all", "cullface": "north"},
				"east": {"uv": [11, 6, 11.5, 7], "texture": "#all", "cullface": "north"},
				"west": {"uv": [11, 6, 11.5, 7], "texture": "#all", "cullface": "north"},
				"up": {"uv": [12, 6, 11, 6.5], "texture": "#all", "cullface": "north"},
				"down": {"uv": [12, 6, 11, 6.5], "texture": "#all", "cullface": "north"}
			}
		},
		{
			"from": [11, 13, -0.5],
			"to": [13, 14, 0],
			"rotation": {"angle": 0, "axis": "y", "origin": [8, 8, 8]},
			"faces": {
				"north": {"uv": [3, 2, 5, 3], "texture": "#all", "cullface": "north"},
				"east": {"uv": [3, 2, 3.5, 3], "texture": "#all", "cullface": "north"},
				"west": {"uv": [4, 2, 4.5, 3], "texture": "#all", "cullface": "north"},
				"up": {"uv": [5, 2, 3, 2.5], "texture": "#all", "cullface": "north"},
				"down": {"uv": [5, 2, 3, 2.5], "texture": "#all", "cullface": "north"}
			}
		},
		{
			"from": [6, 2, -0.5],
			"to": [7, 3, 0],
			"rotation": {"angle": 0, "axis": "y", "origin": [8, 8, 8]},
			"faces": {
				"north": {"uv": [9, 13, 10, 14], "texture": "#all", "cullface": "north"},
				"east": {"uv": [9, 13, 9.5, 14], "texture": "#all", "cullface": "north"},
				"west": {"uv": [9, 13, 9.5, 14], "texture": "#all", "cullface": "north"},
				"up": {"uv": [10, 13, 9, 13.5], "texture": "#all", "cullface": "north"},
				"down": {"uv": [10, 13, 9, 13.5], "texture": "#all", "cullface": "north"}
			}
		},
		{
			"from": [7, 6, -0.5],
			"to": [8, 7, 0],
			"rotation": {"angle": 0, "axis": "y", "origin": [8, 8, 8]},
			"faces": {
				"north": {"uv": [8, 9, 9, 10], "texture": "#all", "cullface": "north"},
				"east": {"uv": [8, 9, 8.5, 10], "texture": "#all", "cullface": "north"},
				"west": {"uv": [8, 9, 8.5, 10], "texture": "#all", "cullface": "north"},
				"up": {"uv": [9, 9, 8, 9.5], "texture": "#all", "cullface": "north"},
				"down": {"uv": [9, 9, 8, 9.5], "texture": "#all", "cullface": "north"}
			}
		},
		{
			"from": [2, 4, -0.5],
			"to": [3, 6, 0],
			"rotation": {"angle": 0, "axis": "y", "origin": [8, 8, 8]},
			"faces": {
				"north": {"uv": [13, 10, 14, 12], "texture": "#all", "cullface": "north"},
				"east": {"uv": [13, 10, 13.5, 12], "texture": "#all", "cullface": "north"},
				"west": {"uv": [13, 10, 13.5, 12], "texture": "#all", "cullface": "north"},
				"up": {"uv": [14, 10, 13, 10.5], "texture": "#all", "cullface": "north"},
				"down": {"uv": [14, 11, 13, 11.5], "texture": "#all", "cullface": "north"}
			}
		},
		{
			"from": [16, 9, 9],
			"to": [17, 11, 11],
			"rotation": {"angle": 0, "axis": "y", "origin": [8, 8, 8]},
			"faces": {
				"north": {"uv": [6, 5, 7, 7], "texture": "#all", "cullface": "east"},
				"east": {"uv": [5, 5, 7, 7], "texture": "#all", "cullface": "east"},
				"south": {"uv": [5, 5, 6, 7], "texture": "#all", "cullface": "east"},
				"up": {"uv": [7, 5, 5, 6], "rotation": 90, "texture": "#all", "cullface": "east"},
				"down": {"uv": [7, 6, 5, 7], "rotation": 270, "texture": "#all", "cullface": "east"}
			}
		},
		{
			"from": [16, 5, 5],
			"to": [17, 7, 7],
			"rotation": {"angle": 0, "axis": "y", "origin": [8, 8, 8]},
			"faces": {
				"north": {"uv": [10, 9, 11, 11], "texture": "#all", "cullface": "east"},
				"east": {"uv": [9, 9, 11, 11], "texture": "#all", "cullface": "east"},
				"south": {"uv": [9, 9, 10, 11], "texture": "#all", "cullface": "east"},
				"up": {"uv": [11, 9, 9, 10], "rotation": 90, "texture": "#all", "cullface": "east"},
				"down": {"uv": [11, 10, 9, 11], "rotation": 270, "texture": "#all", "cullface": "east"}
			}
		},
		{
			"from": [16, 1, 10],
			"to": [16.5, 3, 12],
			"rotation": {"angle": 0, "axis": "y", "origin": [8, 8, 8]},
			"faces": {
				"north": {"uv": [5, 13, 5.5, 15], "texture": "#all", "cullface": "east"},
				"east": {"uv": [4, 13, 6, 15], "texture": "#all", "cullface": "east"},
				"south": {"uv": [4, 13, 4.5, 15], "texture": "#all", "cullface": "east"},
				"up": {"uv": [6, 13, 4, 13.5], "rotation": 90, "texture": "#all", "cullface": "east"},
				"down": {"uv": [6, 14, 4, 14.5], "rotation": 270, "texture": "#all", "cullface": "east"}
			}
		},
		{
			"from": [16, 7, 13],
			"to": [16.5, 9, 14],
			"rotation": {"angle": 0, "axis": "y", "origin": [8, 8, 8]},
			"faces": {
				"north": {"uv": [2, 7, 2.5, 9], "texture": "#all", "cullface": "east"},
				"east": {"uv": [2, 7, 3, 9], "texture": "#all", "cullface": "east"},
				"south": {"uv": [2, 7, 2.5, 9], "texture": "#all", "cullface": "east"},
				"up": {"uv": [3, 7, 2, 7.5], "rotation": 90, "texture": "#all", "cullface": "east"},
				"down": {"uv": [3, 8, 2, 8.5], "rotation": 270, "texture": "#all", "cullface": "east"}
			}
		},
		{
			"from": [16, 9, 11],
			"to": [16.5, 10, 12],
			"rotation": {"angle": 0, "axis": "y", "origin": [8, 8, 8]},
			"faces": {
				"north": {"uv": [4, 6, 4.5, 7], "texture": "#all", "cullface": "east"},
				"east": {"uv": [4, 6, 5, 7], "texture": "#all", "cullface": "east"},
				"south": {"uv": [4, 6, 4.5, 7], "texture": "#all", "cullface": "east"},
				"up": {"uv": [5, 6, 4, 6.5], "rotation": 90, "texture": "#all", "cullface": "east"},
				"down": {"uv": [5, 6, 4, 6.5], "rotation": 270, "texture": "#all", "cullface": "east"}
			}
		},
		{
			"from": [16, 9, 4],
			"to": [16.5, 10, 5],
			"rotation": {"angle": 0, "axis": "y", "origin": [8, 8, 8]},
			"faces": {
				"north": {"uv": [11, 6, 11.5, 7], "texture": "#all", "cullface": "east"},
				"east": {"uv": [11, 6, 12, 7], "texture": "#all", "cullface": "east"},
				"south": {"uv": [11, 6, 11.5, 7], "texture": "#all", "cullface": "east"},
				"up": {"uv": [12, 6, 11, 6.5], "rotation": 90, "texture": "#all", "cullface": "east"},
				"down": {"uv": [12, 6, 11, 6.5], "rotation": 270, "texture": "#all", "cullface": "east"}
			}
		},
		{
			"from": [16, 13, 11],
			"to": [16.5, 14, 13],
			"rotation": {"angle": 0, "axis": "y", "origin": [8, 8, 8]},
			"faces": {
				"north": {"uv": [4, 2, 4.5, 3], "texture": "#all", "cullface": "east"},
				"east": {"uv": [3, 2, 5, 3], "texture": "#all", "cullface": "east"},
				"south": {"uv": [3, 2, 3.5, 3], "texture": "#all", "cullface": "east"},
				"up": {"uv": [5, 2, 3, 2.5], "rotation": 90, "texture": "#all", "cullface": "east"},
				"down": {"uv": [5, 2, 3, 2.5], "rotation": 270, "texture": "#all", "cullface": "east"}
			}
		},
		{
			"from": [16, 2, 6],
			"to": [16.5, 3, 7],
			"rotation": {"angle": 0, "axis": "y", "origin": [8, 8, 8]},
			"faces": {
				"north": {"uv": [9, 13, 9.5, 14], "texture": "#all", "cullface": "east"},
				"east": {"uv": [9, 13, 10, 14], "texture": "#all", "cullface": "east"},
				"south": {"uv": [9, 13, 9.5, 14], "texture": "#all", "cullface": "east"},
				"up": {"uv": [10, 13, 9, 13.5], "rotation": 90, "texture": "#all", "cullface": "east"},
				"down": {"uv": [10, 13, 9, 13.5], "rotation": 270, "texture": "#all", "cullface": "east"}
			}
		},
		{
			"from": [16, 6, 7],
			"to": [16.5, 7, 8],
			"rotation": {"angle": 0, "axis": "y", "origin": [8, 8, 8]},
			"faces": {
				"north": {"uv": [8, 9, 8.5, 10], "texture": "#all", "cullface": "east"},
				"east": {"uv": [8, 9, 9, 10], "texture": "#all", "cullface": "east"},
				"south": {"uv": [8, 9, 8.5, 10], "texture": "#all", "cullface": "east"},
				"up": {"uv": [9, 9, 8, 9.5], "rotation": 90, "texture": "#all", "cullface": "east"},
				"down": {"uv": [9, 9, 8, 9.5], "rotation": 270, "texture": "#all", "cullface": "east"}
			}
		},
		{
			"from": [16, 4, 2],
			"to": [16.5, 6, 3],
			"rotation": {"angle": 0, "axis": "y", "origin": [8, 8, 8]},
			"faces": {
				"north": {"uv": [13, 10, 13.5, 12], "texture": "#all", "cullface": "east"},
				"east": {"uv": [13, 10, 14, 12], "texture": "#all", "cullface": "east"},
				"south": {"uv": [13, 10, 13.5, 12], "texture": "#all", "cullface": "east"},
				"up": {"uv": [14, 10, 13, 10.5], "rotation": 90, "texture": "#all", "cullface": "east"},
				"down": {"uv": [14, 11, 13, 11.5], "rotation": 270, "texture": "#all", "cullface": "east"}
			}
		},
		{
			"from": [5, 9, 16],
			"to": [7, 11, 17],
			"rotation": {"angle": 0, "axis": "y", "origin": [8, 8, 8]},
			"faces": {
				"east": {"uv": [6, 5, 7, 7], "texture": "#all", "cullface": "south"},
				"south": {"uv": [5, 5, 7, 7], "texture": "#all", "cullface": "south"},
				"west": {"uv": [5, 5, 6, 7], "texture": "#all", "cullface": "south"},
				"up": {"uv": [7, 5, 5, 6], "rotation": 180, "texture": "#all", "cullface": "south"},
				"down": {"uv": [7, 6, 5, 7], "rotation": 180, "texture": "#all", "cullface": "south"}
			}
		},
		{
			"from": [9, 5, 16],
			"to": [11, 7, 17],
			"rotation": {"angle": 0, "axis": "y", "origin": [8, 8, 8]},
			"faces": {
				"east": {"uv": [10, 9, 11, 11], "texture": "#all", "cullface": "south"},
				"south": {"uv": [9, 9, 11, 11], "texture": "#all", "cullface": "south"},
				"west": {"uv": [9, 9, 10, 11], "texture": "#all", "cullface": "south"},
				"up": {"uv": [11, 9, 9, 10], "rotation": 180, "texture": "#all", "cullface": "south"},
				"down": {"uv": [11, 10, 9, 11], "rotation": 180, "texture": "#all", "cullface": "south"}
			}
		},
		{
			"from": [4, 1, 16],
			"to": [6, 3, 16.5],
			"rotation": {"angle": 0, "axis": "y", "origin": [8, 8, 8]},
			"faces": {
				"east": {"uv": [5, 13, 5.5, 15], "texture": "#all", "cullface": "south"},
				"south": {"uv": [4, 13, 6, 15], "texture": "#all", "cullface": "south"},
				"west": {"uv": [4, 13, 4.5, 15], "texture": "#all", "cullface": "south"},
				"up": {"uv": [6, 13, 4, 13.5], "rotation": 180, "texture": "#all", "cullface": "south"},
				"down": {"uv": [6, 14, 4, 14.5], "rotation": 180, "texture": "#all", "cullface": "south"}
			}
		},
		{
			"from": [2, 7, 16],
			"to": [3, 9, 16.5],
			"rotation": {"angle": 0, "axis": "y", "origin": [8, 8, 8]},
			"faces": {
				"east": {"uv": [2, 7, 2.5, 9], "texture": "#all", "cullface": "south"},
				"south": {"uv": [2, 7, 3, 9], "texture": "#all", "cullface": "south"},
				"west": {"uv": [2, 7, 2.5, 9], "texture": "#all", "cullface": "south"},
				"up": {"uv": [3, 7, 2, 7.5], "rotation": 180, "texture": "#all", "cullface": "south"},
				"down": {"uv": [3, 8, 2, 8.5], "rotation": 180, "texture": "#all", "cullface": "south"}
			}
		},
		{
			"from": [4, 9, 16],
			"to": [5, 10, 16.5],
			"rotation": {"angle": 0, "axis": "y", "origin": [8, 8, 8]},
			"faces": {
				"east": {"uv": [4, 6, 4.5, 7], "texture": "#all", "cullface": "south"},
				"south": {"uv": [4, 6, 5, 7], "texture": "#all", "cullface": "south"},
				"west": {"uv": [4, 6, 4.5, 7], "texture": "#all", "cullface": "south"},
				"up": {"uv": [5, 6, 4, 6.5], "rotation": 180, "texture": "#all", "cullface": "south"},
				"down": {"uv": [5, 6, 4, 6.5], "rotation": 180, "texture": "#all", "cullface": "south"}
			}
		},
		{
			"from": [11, 9, 16],
			"to": [12, 10, 16.5],
			"rotation": {"angle": 0, "axis": "y", "origin": [8, 8, 8]},
			"faces": {
				"east": {"uv": [11, 6, 11.5, 7], "texture": "#all", "cullface": "south"},
				"south": {"uv": [11, 6, 12, 7], "texture": "#all", "cullface": "south"},
				"west": {"uv": [11, 6, 11.5, 7], "texture": "#all", "cullface": "south"},
				"up": {"uv": [12, 6, 11, 6.5], "rotation": 180, "texture": "#all", "cullface": "south"},
				"down": {"uv": [12, 6, 11, 6.5], "rotation": 180, "texture": "#all", "cullface": "south"}
			}
		},
		{
			"from": [3, 13, 16],
			"to": [5, 14, 16.5],
			"rotation": {"angle": 0, "axis": "y", "origin": [8, 8, 8]},
			"faces": {
				"east": {"uv": [4, 2, 4.5, 3], "texture": "#all", "cullface": "south"},
				"south": {"uv": [3, 2, 5, 3], "texture": "#all", "cullface": "south"},
				"west": {"uv": [3, 2, 3.5, 3], "texture": "#all", "cullface": "south"},
				"up": {"uv": [5, 2, 3, 2.5], "rotation": 180, "texture": "#all", "cullface": "south"},
				"down": {"uv": [5, 2, 3, 2.5], "rotation": 180, "texture": "#all", "cullface": "south"}
			}
		},
		{
			"from": [9, 2, 16],
			"to": [10, 3, 16.5],
			"rotation": {"angle": 0, "axis": "y", "origin": [8, 8, 8]},
			"faces": {
				"east": {"uv": [9, 13, 9.5, 14], "texture": "#all", "cullface": "south"},
				"south": {"uv": [9, 13, 10, 14], "texture": "#all", "cullface": "south"},
				"west": {"uv": [9, 13, 9.5, 14], "texture": "#all", "cullface": "south"},
				"up": {"uv": [10, 13, 9, 13.5], "rotation": 180, "texture": "#all", "cullface": "south"},
				"down": {"uv": [10, 13, 9, 13.5], "rotation": 180, "texture": "#all", "cullface": "south"}
			}
		},
		{
			"from": [8, 6, 16],
			"to": [9, 7, 16.5],
			"rotation": {"angle": 0, "axis": "y", "origin": [8, 8, 8]},
			"faces": {
				"east": {"uv": [8, 9, 8.5, 10], "texture": "#all", "cullface": "south"},
				"south": {"uv": [8, 9, 9, 10], "texture": "#all", "cullface": "south"},
				"west": {"uv": [8, 9, 8.5, 10], "texture": "#all", "cullface": "south"},
				"up": {"uv": [9, 9, 8, 9.5], "rotation": 180, "texture": "#all", "cullface": "south"},
				"down": {"uv": [9, 9, 8, 9.5], "rotation": 180, "texture": "#all", "cullface": "south"}
			}
		},
		{
			"from": [13, 4, 16],
			"to": [14, 6, 16.5],
			"rotation": {"angle": 0, "axis": "y", "origin": [8, 8, 8]},
			"faces": {
				"east": {"uv": [13, 10, 13.5, 12], "texture": "#all", "cullface": "south"},
				"south": {"uv": [13, 10, 14, 12], "texture": "#all", "cullface": "south"},
				"west": {"uv": [13, 10, 13.5, 12], "texture": "#all", "cullface": "south"},
				"up": {"uv": [14, 10, 13, 10.5], "rotation": 180, "texture": "#all", "cullface": "south"},
				"down": {"uv": [14, 11, 13, 11.5], "rotation": 180, "texture": "#all", "cullface": "south"}
			}
		},
		{
			"from": [-1, 9, 5],
			"to": [0, 11, 7],
			"rotation": {"angle": 0, "axis": "y", "origin": [8, 8, 8]},
			"faces": {
				"north": {"uv": [5, 5, 6, 7], "texture": "#all", "cullface": "west"},
				"south": {"uv": [6, 5, 7, 7], "texture": "#all", "cullface": "west"},
				"west": {"uv": [5, 5, 7, 7], "texture": "#all", "cullface": "west"},
				"up": {"uv": [7, 5, 5, 6], "rotation": 270, "texture": "#all", "cullface": "west"},
				"down": {"uv": [7, 6, 5, 7], "rotation": 90, "texture": "#all", "cullface": "west"}
			}
		},
		{
			"from": [-1, 5, 9],
			"to": [0, 7, 11],
			"rotation": {"angle": 0, "axis": "y", "origin": [8, 8, 8]},
			"faces": {
				"north": {"uv": [9, 9, 10, 11], "texture": "#all", "cullface": "west"},
				"south": {"uv": [10, 9, 11, 11], "texture": "#all", "cullface": "west"},
				"west": {"uv": [9, 9, 11, 11], "texture": "#all", "cullface": "west"},
				"up": {"uv": [11, 9, 9, 10], "rotation": 270, "texture": "#all", "cullface": "west"},
				"down": {"uv": [11, 10, 9, 11], "rotation": 90, "texture": "#all", "cullface": "west"}
			}
		},
		{
			"from": [-0.5, 1, 4],
			"to": [0, 3, 6],
			"rotation": {"angle": 0, "axis": "y", "origin": [8, 8, 8]},
			"faces": {
				"north": {"uv": [4, 13, 4.5, 15], "texture": "#all", "cullface": "west"},
				"south": {"uv": [5, 13, 5.5, 15], "texture": "#all", "cullface": "west"},
				"west": {"uv": [4, 13, 6, 15], "texture": "#all", "cullface": "west"},
				"up": {"uv": [6, 13, 4, 13.5], "rotation": 270, "texture": "#all", "cullface": "west"},
				"down": {"uv": [6, 14, 4, 14.5], "rotation": 90, "texture": "#all", "cullface": "west"}
			}
		},
		{
			"from": [-0.5, 7, 2],
			"to": [0, 9, 3],
			"rotation": {"angle": 0, "axis": "y", "origin": [8, 8, 8]},
			"faces": {
				"north": {"uv": [2, 7, 2.5, 9], "texture": "#all", "cullface": "west"},
				"south": {"uv": [2, 7, 2.5, 9], "texture": "#all", "cullface": "west"},
				"west": {"uv": [2, 7, 3, 9], "texture": "#all", "cullface": "west"},
				"up": {"uv": [3, 7, 2, 7.5], "rotation": 270, "texture": "#all", "cullface": "west"},
				"down": {"uv": [3, 8, 2, 8.5], "rotation": 90, "texture": "#all", "cullface": "west"}
			}
		},
		{
			"from": [-0.5, 9, 4],
			"to": [0, 10, 5],
			"rotation": {"angle": 0, "axis": "y", "origin": [8, 8, 8]},
			"faces": {
				"north": {"uv": [4, 6, 4.5, 7], "texture": "#all", "cullface": "west"},
				"south": {"uv": [4, 6, 4.5, 7], "texture": "#all", "cullface": "west"},
				"west": {"uv": [4, 6, 5, 7], "texture": "#all", "cullface": "west"},
				"up": {"uv": [5, 6, 4, 6.5], "rotation": 270, "texture": "#all", "cullface": "west"},
				"down": {"uv": [5, 6, 4, 6.5], "rotation": 90, "texture": "#all", "cullface": "west"}
			}
		},
		{
			"from": [-0.5, 9, 11],
			"to": [0, 10, 12],
			"rotation": {"angle": 0, "axis": "y", "origin": [8, 8, 8]},
			"faces": {
				"north": {"uv": [11, 6, 11.5, 7], "texture": "#all", "cullface": "west"},
				"south": {"uv": [11, 6, 11.5, 7], "texture": "#all", "cullface": "west"},
				"west": {"uv": [11, 6, 12, 7], "texture": "#all", "cullface": "west"},
				"up": {"uv": [12, 6, 11, 6.5], "rotation": 270, "texture": "#all", "cullface": "west"},
				"down": {"uv": [12, 6, 11, 6.5], "rotation": 90, "texture": "#all", "cullface": "west"}
			}
		},
		{
			"from": [-0.5, 13, 3],
			"to": [0, 14, 5],
			"rotation": {"angle": 0, "axis": "y", "origin": [8, 8, 8]},
			"faces": {
				"north": {"uv": [3, 2, 3.5, 3], "texture": "#all", "cullface": "west"},
				"south": {"uv": [4, 2, 4.5, 3], "texture": "#all", "cullface": "west"},
				"west": {"uv": [3, 2, 5, 3], "texture": "#all", "cullface": "west"},
				"up": {"uv": [5, 2, 3, 2.5], "rotation": 270, "texture": "#all", "cullface": "west"},
				"down": {"uv": [5, 2, 3, 2.5], "rotation": 90, "texture": "#all", "cullface": "west"}
			}
		},
		{
			"from": [-0.5, 2, 9],
			"to": [0, 3, 10],
			"rotation": {"angle": 0, "axis": "y", "origin": [8, 8, 8]},
			"faces": {
				"north": {"uv": [9, 13, 9.5, 14], "texture": "#all", "cullface": "west"},
				"south": {"uv": [9, 13, 9.5, 14], "texture": "#all", "cullface": "west"},
				"west": {"uv": [9, 13, 10, 14], "texture": "#all", "cullface": "west"},
				"up": {"uv": [10, 13, 9, 13.5], "rotation": 270, "texture": "#all", "cullface": "west"},
				"down": {"uv": [10, 13, 9, 13.5], "rotation": 90, "texture": "#all", "cullface": "west"}
			}
		},
		{
			"from": [-0.5, 6, 8],
			"to": [0, 7, 9],
			"rotation": {"angle": 0, "axis": "y", "origin": [8, 8, 8]},
			"faces": {
				"north": {"uv": [8, 9, 8.5, 10], "texture": "#all", "cullface": "west"},
				"south": {"uv": [8, 9, 8.5, 10], "texture": "#all", "cullface": "west"},
				"west": {"uv": [8, 9, 9, 10], "texture": "#all", "cullface": "west"},
				"up": {"uv": [9, 9, 8, 9.5], "rotation": 270, "texture": "#all", "cullface": "west"},
				"down": {"uv": [9, 9, 8, 9.5], "rotation": 90, "texture": "#all", "cullface": "west"}
			}
		},
		{
			"from": [-0.5, 4, 13],
			"to": [0, 6, 14],
			"rotation": {"angle": 0, "axis": "y", "origin": [8, 8, 8]},
			"faces": {
				"north": {"uv": [13, 10, 13.5, 12], "texture": "#all", "cullface": "west"},
				"south": {"uv": [13, 10, 13.5, 12], "texture": "#all", "cullface": "west"},
				"west": {"uv": [13, 10, 14, 12], "texture": "#all", "cullface": "west"},
				"up": {"uv": [14, 10, 13, 10.5], "rotation": 270, "texture": "#all", "cullface": "west"},
				"down": {"uv": [14, 11, 13, 11.5], "rotation": 90, "texture": "#all", "cullface": "west"}
			}
		},
		{
			"from": [5, 16, 5],
			"to": [7, 17, 7],
			"rotation": {"angle": 0, "axis": "y", "origin": [8, 8, 8]},
			"faces": {
				"north": {"uv": [7, 5, 5, 6], "texture": "#all", "cullface": "up"},
				"east": {"uv": [6, 5, 7, 7], "rotation": 90, "texture": "#all", "cullface": "up"},
				"south": {"uv": [7, 6, 5, 7], "rotation": 180, "texture": "#all", "cullface": "up"},
				"west": {"uv": [5, 5, 6, 7], "rotation": 270, "texture": "#all", "cullface": "up"},
				"up": {"uv": [5, 5, 7, 7], "texture": "#all", "cullface": "up"}
			}
		},
		{
			"from": [9, 16, 9],
			"to": [11, 17, 11],
			"rotation": {"angle": 0, "axis": "y", "origin": [8, 8, 8]},
			"faces": {
				"north": {"uv": [11, 9, 9, 10], "texture": "#all", "cullface": "up"},
				"east": {"uv": [10, 9, 11, 11], "rotation": 90, "texture": "#all", "cullface": "up"},
				"south": {"uv": [11, 10, 9, 11], "rotation": 180, "texture": "#all", "cullface": "up"},
				"west": {"uv": [9, 9, 10, 11], "rotation": 270, "texture": "#all", "cullface": "up"},
				"up": {"uv": [9, 9, 11, 11], "texture": "#all", "cullface": "up"}
			}
		},
		{
			"from": [4, 16, 13],
			"to": [6, 16.5, 15],
			"rotation": {"angle": 0, "axis": "y", "origin": [8, 8, 8]},
			"faces": {
				"north": {"uv": [6, 13, 4, 13.5], "texture": "#all", "cullface": "up"},
				"east": {"uv": [5, 13, 5.5, 15], "rotation": 90, "texture": "#all", "cullface": "up"},
				"south": {"uv": [6, 14, 4, 14.5], "rotation": 180, "texture": "#all", "cullface": "up"},
				"west": {"uv": [4, 13, 4.5, 15], "rotation": 270, "texture": "#all", "cullface": "up"},
				"up": {"uv": [4, 13, 6, 15], "texture": "#all", "cullface": "up"}
			}
		},
		{
			"from": [2, 16, 7],
			"to": [3, 16.5, 9],
			"rotation": {"angle": 0, "axis": "y", "origin": [8, 8, 8]},
			"faces": {
				"north": {"uv": [3, 7, 2, 7.5], "texture": "#all", "cullface": "up"},
				"east": {"uv": [2, 7, 2.5, 9], "rotation": 90, "texture": "#all", "cullface": "up"},
				"south": {"uv": [3, 8, 2, 8.5], "rotation": 180, "texture": "#all", "cullface": "up"},
				"west": {"uv": [2, 7, 2.5, 9], "rotation": 270, "texture": "#all", "cullface": "up"},
				"up": {"uv": [2, 7, 3, 9], "texture": "#all", "cullface": "up"}
			}
		},
		{
			"from": [4, 16, 6],
			"to": [5, 16.5, 7],
			"rotation": {"angle": 0, "axis": "y", "origin": [8, 8, 8]},
			"faces": {
				"north": {"uv": [5, 6, 4, 6.5], "texture": "#all", "cullface": "up"},
				"east": {"uv": [4, 6, 4.5, 7], "rotation": 90, "texture": "#all", "cullface": "up"},
				"south": {"uv": [5, 6, 4, 6.5], "rotation": 180, "texture": "#all", "cullface": "up"},
				"west": {"uv": [4, 6, 4.5, 7], "rotation": 270, "texture": "#all", "cullface": "up"},
				"up": {"uv": [4, 6, 5, 7], "texture": "#all", "cullface": "up"}
			}
		},
		{
			"from": [11, 16, 6],
			"to": [12, 16.5, 7],
			"rotation": {"angle": 0, "axis": "y", "origin": [8, 8, 8]},
			"faces": {
				"north": {"uv": [12, 6, 11, 6.5], "texture": "#all", "cullface": "up"},
				"east": {"uv": [11, 6, 11.5, 7], "rotation": 90, "texture": "#all", "cullface": "up"},
				"south": {"uv": [12, 6, 11, 6.5], "rotation": 180, "texture": "#all", "cullface": "up"},
				"west": {"uv": [11, 6, 11.5, 7], "rotation": 270, "texture": "#all", "cullface": "up"},
				"up": {"uv": [11, 6, 12, 7], "texture": "#all", "cullface": "up"}
			}
		},
		{
			"from": [3, 16, 2],
			"to": [5, 16.5, 3],
			"rotation": {"angle": 0, "axis": "y", "origin": [8, 8, 8]},
			"faces": {
				"north": {"uv": [5, 2, 3, 2.5], "texture": "#all", "cullface": "up"},
				"east": {"uv": [4, 2, 4.5, 3], "rotation": 90, "texture": "#all", "cullface": "up"},
				"south": {"uv": [5, 2, 3, 2.5], "rotation": 180, "texture": "#all", "cullface": "up"},
				"west": {"uv": [3, 2, 3.5, 3], "rotation": 270, "texture": "#all", "cullface": "up"},
				"up": {"uv": [3, 2, 5, 3], "texture": "#all", "cullface": "up"}
			}
		},
		{
			"from": [9, 16, 13],
			"to": [10, 16.5, 14],
			"rotation": {"angle": 0, "axis": "y", "origin": [8, 8, 8]},
			"faces": {
				"north": {"uv": [10, 13, 9, 13.5], "texture": "#all", "cullface": "up"},
				"east": {"uv": [9, 13, 9.5, 14], "rotation": 90, "texture": "#all", "cullface": "up"},
				"south": {"uv": [10, 13, 9, 13.5], "rotation": 180, "texture": "#all", "cullface": "up"},
				"west": {"uv": [9, 13, 9.5, 14], "rotation": 270, "texture": "#all", "cullface": "up"},
				"up": {"uv": [9, 13, 10, 14], "texture": "#all", "cullface": "up"}
			}
		},
		{
			"from": [8, 16, 9],
			"to": [9, 16.5, 10],
			"rotation": {"angle": 0, "axis": "y", "origin": [8, 8, 8]},
			"faces": {
				"north": {"uv": [9, 9, 8, 9.5], "texture": "#all", "cullface": "up"},
				"east": {"uv": [8, 9, 8.5, 10], "rotation": 90, "texture": "#all", "cullface": "up"},
				"south": {"uv": [9, 9, 8, 9.5], "rotation": 180, "texture": "#all", "cullface": "up"},
				"west": {"uv": [8, 9, 8.5, 10], "rotation": 270, "texture": "#all", "cullface": "up"},
				"up": {"uv": [8, 9, 9, 10], "texture": "#all", "cullface": "up"}
			}
		},
		{
			"from": [13, 16, 10],
			"to": [14, 16.5, 12],
			"rotation": {"angle": 0, "axis": "y", "origin": [8, 8, 8]},
			"faces": {
				"north": {"uv": [14, 10, 13, 10.5], "texture": "#all", "cullface": "up"},
				"east": {"uv": [13, 10, 13.5, 12], "rotation": 90, "texture": "#all", "cullface": "up"},
				"south": {"uv": [14, 11, 13, 11.5], "rotation": 180, "texture": "#all", "cullface": "up"},
				"west": {"uv": [13, 10, 13.5, 12], "rotation": 270, "texture": "#all", "cullface": "up"},
				"up": {"uv": [13, 10, 14, 12], "texture": "#all", "cullface": "up"}
			}
		},
		{
			"from": [5, -1, 9],
			"to": [7, 0, 11],
			"rotation": {"angle": 0, "axis": "x", "origin": [8, 8, 8]},
			"faces": {
				"north": {"uv": [7, 6, 5, 7], "texture": "#all", "cullface": "down"},
				"east": {"uv": [6, 5, 7, 7], "rotation": 270, "texture": "#all", "cullface": "down"},
				"south": {"uv": [7, 5, 5, 6], "rotation": 180, "texture": "#all", "cullface": "down"},
				"west": {"uv": [5, 5, 6, 7], "rotation": 90, "texture": "#all", "cullface": "down"},
				"down": {"uv": [5, 5, 7, 7], "texture": "#all", "cullface": "down"}
			}
		},
		{
			"from": [9, -1, 5],
			"to": [11, 0, 7],
			"rotation": {"angle": 0, "axis": "x", "origin": [8, 8, 8]},
			"faces": {
				"north": {"uv": [11, 10, 9, 11], "texture": "#all", "cullface": "down"},
				"east": {"uv": [10, 9, 11, 11], "rotation": 270, "texture": "#all", "cullface": "down"},
				"south": {"uv": [11, 9, 9, 10], "rotation": 180, "texture": "#all", "cullface": "down"},
				"west": {"uv": [9, 9, 10, 11], "rotation": 90, "texture": "#all", "cullface": "down"},
				"down": {"uv": [9, 9, 11, 11], "texture": "#all", "cullface": "down"}
			}
		},
		{
			"from": [4, -0.5, 1],
			"to": [6, 0, 3],
			"rotation": {"angle": 0, "axis": "x", "origin": [8, 8, 8]},
			"faces": {
				"north": {"uv": [6, 14, 4, 14.5], "texture": "#all", "cullface": "down"},
				"east": {"uv": [5, 13, 5.5, 15], "rotation": 270, "texture": "#all", "cullface": "down"},
				"south": {"uv": [6, 13, 4, 13.5], "rotation": 180, "texture": "#all", "cullface": "down"},
				"west": {"uv": [4, 13, 4.5, 15], "rotation": 90, "texture": "#all", "cullface": "down"},
				"down": {"uv": [4, 13, 6, 15], "texture": "#all", "cullface": "down"}
			}
		},
		{
			"from": [2, -0.5, 7],
			"to": [3, 0, 9],
			"rotation": {"angle": 0, "axis": "x", "origin": [8, 8, 8]},
			"faces": {
				"north": {"uv": [3, 8, 2, 8.5], "texture": "#all", "cullface": "down"},
				"east": {"uv": [2, 7, 2.5, 9], "rotation": 270, "texture": "#all", "cullface": "down"},
				"south": {"uv": [3, 7, 2, 7.5], "rotation": 180, "texture": "#all", "cullface": "down"},
				"west": {"uv": [2, 7, 2.5, 9], "rotation": 90, "texture": "#all", "cullface": "down"},
				"down": {"uv": [2, 7, 3, 9], "texture": "#all", "cullface": "down"}
			}
		},
		{
			"from": [4, -0.5, 9],
			"to": [5, 0, 10],
			"rotation": {"angle": 0, "axis": "x", "origin": [8, 8, 8]},
			"faces": {
				"north": {"uv": [5, 6, 4, 6.5], "texture": "#all", "cullface": "down"},
				"east": {"uv": [4, 6, 4.5, 7], "rotation": 270, "texture": "#all", "cullface": "down"},
				"south": {"uv": [5, 6, 4, 6.5], "rotation": 180, "texture": "#all", "cullface": "down"},
				"west": {"uv": [4, 6, 4.5, 7], "rotation": 90, "texture": "#all", "cullface": "down"},
				"down": {"uv": [4, 6, 5, 7], "texture": "#all", "cullface": "down"}
			}
		},
		{
			"from": [11, -0.5, 9],
			"to": [12, 0, 10],
			"rotation": {"angle": 0, "axis": "x", "origin": [8, 8, 8]},
			"faces": {
				"north": {"uv": [12, 6, 11, 6.5], "texture": "#all", "cullface": "down"},
				"east": {"uv": [11, 6, 11.5, 7], "rotation": 270, "texture": "#all", "cullface": "down"},
				"south": {"uv": [12, 6, 11, 6.5], "rotation": 180, "texture": "#all", "cullface": "down"},
				"west": {"uv": [11, 6, 11.5, 7], "rotation": 90, "texture": "#all", "cullface": "down"},
				"down": {"uv": [11, 6, 12, 7], "texture": "#all", "cullface": "down"}
			}
		},
		{
			"from": [3, -0.5, 13],
			"to": [5, 0, 14],
			"rotation": {"angle": 0, "axis": "x", "origin": [8, 8, 8]},
			"faces": {
				"north": {"uv": [5, 2, 3, 2.5], "texture": "#all", "cullface": "down"},
				"east": {"uv": [4, 2, 4.5, 3], "rotation": 270, "texture": "#all", "cullface": "down"},
				"south": {"uv": [5, 2, 3, 2.5], "rotation": 180, "texture": "#all", "cullface": "down"},
				"west": {"uv": [3, 2, 3.5, 3], "rotation": 90, "texture": "#all", "cullface": "down"},
				"down": {"uv": [3, 2, 5, 3], "texture": "#all", "cullface": "down"}
			}
		},
		{
			"from": [9, -0.5, 2],
			"to": [10, 0, 3],
			"rotation": {"angle": 0, "axis": "x", "origin": [8, 8, 8]},
			"faces": {
				"north": {"uv": [10, 13, 9, 13.5], "texture": "#all", "cullface": "down"},
				"east": {"uv": [9, 13, 9.5, 14], "rotation": 270, "texture": "#all", "cullface": "down"},
				"south": {"uv": [10, 13, 9, 13.5], "rotation": 180, "texture": "#all", "cullface": "down"},
				"west": {"uv": [9, 13, 9.5, 14], "rotation": 90, "texture": "#all", "cullface": "down"},
				"down": {"uv": [9, 13, 10, 14], "texture": "#all", "cullface": "down"}
			}
		},
		{
			"from": [8, -0.5, 6],
			"to": [9, 0, 7],
			"rotation": {"angle": 0, "axis": "x", "origin": [8, 8, 8]},
			"faces": {
				"north": {"uv": [9, 9, 8, 9.5], "texture": "#all", "cullface": "down"},
				"east": {"uv": [8, 9, 8.5, 10], "rotation": 270, "texture": "#all", "cullface": "down"},
				"south": {"uv": [9, 9, 8, 9.5], "rotation": 180, "texture": "#all", "cullface": "down"},
				"west": {"uv": [8, 9, 8.5, 10], "rotation": 90, "texture": "#all", "cullface": "down"},
				"down": {"uv": [8, 9, 9, 10], "texture": "#all", "cullface": "down"}
			}
		},
		{
			"from": [13, -0.5, 4],
			"to": [14, 0, 6],
			"rotation": {"angle": 0, "axis": "x", "origin": [8, 8, 8]},
			"faces": {
				"north": {"uv": [14, 11, 13, 11.5], "texture": "#all", "cullface": "down"},
				"east": {"uv": [13, 10, 13.5, 12], "rotation": 270, "texture": "#all", "cullface": "down"},
				"south": {"uv": [14, 10, 13, 10.5], "rotation": 180, "texture": "#all", "cullface": "down"},
				"west": {"uv": [13, 10, 13.5, 12], "rotation": 90, "texture": "#all", "cullface": "down"},
				"down": {"uv": [13, 10, 14, 12], "texture": "#all", "cullface": "down"}
			}
		}
	]
}