{
	"credit": "Created by GrandMagus",
	"parent": "block/orientable",
	"textures": {
		"top": "block/models/loom_top",
		"front": "block/models/loom_front",
		"bottom": "block/loom_bottom",
		"side": "block/loom_side"
	},
	"elements": [
		{
			"from": [1, 15, 7],
			"to": [15, 16, 8],
			"rotation": {"angle": 0, "axis": "y", "origin": [0, 2, 0]},
			"faces": {
				"north": {"uv": [1, 12, 15, 13], "texture": "#top", "cullface": "up"},
				"south": {"uv": [1, 12, 15, 13], "texture": "#top", "cullface": "up"},
				"up": {"uv": [1, 7, 15, 8], "texture": "#top", "cullface": "up"}
			}
		},
		{
			"from": [14, 16, 1],
			"to": [15, 16, 7],
			"rotation": {"angle": 0, "axis": "y", "origin": [0, 2, 0]},
			"faces": {
				"up": {"uv": [14, 1, 15, 7], "texture": "#top", "cullface": "up"}
			}
		},
		{
			"from": [12, 16, 1],
			"to": [13, 16, 7],
			"rotation": {"angle": 0, "axis": "y", "origin": [-2, 2, 0]},
			"faces": {
				"up": {"uv": [12, 1, 13, 7], "texture": "#top", "cullface": "up"}
			}
		},
		{
			"from": [10, 16, 1],
			"to": [11, 16, 7],
			"rotation": {"angle": 0, "axis": "y", "origin": [-4, 2, 0]},
			"faces": {
				"up": {"uv": [10, 1, 11, 7], "texture": "#top", "cullface": "up"}
			}
		},
		{
			"from": [8, 16, 1],
			"to": [9, 16, 7],
			"rotation": {"angle": 0, "axis": "y", "origin": [-6, 2, 0]},
			"faces": {
				"up": {"uv": [8, 1, 9, 7], "texture": "#top", "cullface": "up"}
			}
		},
		{
			"from": [6, 16, 1],
			"to": [7, 16, 7],
			"rotation": {"angle": 0, "axis": "y", "origin": [-8, 2, 0]},
			"faces": {
				"up": {"uv": [6, 1, 7, 7], "texture": "#top", "cullface": "up"}
			}
		},
		{
			"from": [4, 16, 1],
			"to": [5, 16, 7],
			"rotation": {"angle": 0, "axis": "y", "origin": [-10, 2, 0]},
			"faces": {
				"up": {"uv": [4, 1, 5, 7], "texture": "#top", "cullface": "up"}
			}
		},
		{
			"from": [2, 16, 1],
			"to": [3, 16, 7],
			"rotation": {"angle": 0, "axis": "y", "origin": [-12, 2, 0]},
			"faces": {
				"up": {"uv": [2, 1, 3, 7], "texture": "#top", "cullface": "up"}
			}
		},
		{
			"from": [2, 14, 13],
			"to": [3, 14, 15],
			"rotation": {"angle": 0, "axis": "y", "origin": [-12, 0, 8]},
			"faces": {
				"up": {"uv": [2, 13, 3, 15], "texture": "#top", "cullface": "up"}
			}
		},
		{
			"from": [4, 14, 13],
			"to": [5, 14, 15],
			"rotation": {"angle": 0, "axis": "y", "origin": [-10, 0, 8]},
			"faces": {
				"up": {"uv": [4, 13, 5, 15], "texture": "#top", "cullface": "up"}
			}
		},
		{
			"from": [6, 14, 13],
			"to": [7, 14, 15],
			"rotation": {"angle": 0, "axis": "y", "origin": [-8, 0, 8]},
			"faces": {
				"up": {"uv": [6, 13, 7, 15], "texture": "#top", "cullface": "up"}
			}
		},
		{
			"from": [8, 14, 13],
			"to": [9, 14, 15],
			"rotation": {"angle": 0, "axis": "y", "origin": [-6, 0, 8]},
			"faces": {
				"up": {"uv": [8, 13, 9, 15], "texture": "#top", "cullface": "up"}
			}
		},
		{
			"from": [10, 14, 13],
			"to": [11, 14, 15],
			"rotation": {"angle": 0, "axis": "y", "origin": [-4, 0, 8]},
			"faces": {
				"up": {"uv": [10, 13, 11, 15], "texture": "#top", "cullface": "up"}
			}
		},
		{
			"from": [12, 14, 13],
			"to": [13, 14, 15],
			"rotation": {"angle": 0, "axis": "y", "origin": [-2, 0, 8]},
			"faces": {
				"up": {"uv": [12, 13, 13, 15], "texture": "#top", "cullface": "up"}
			}
		},
		{
			"from": [14, 14, 13],
			"to": [15, 14, 15],
			"rotation": {"angle": 0, "axis": "y", "origin": [0, 0, 8]},
			"faces": {
				"up": {"uv": [14, 13, 15, 15], "texture": "#top", "cullface": "up"}
			}
		},
		{
			"from": [4, 15.25, 7.82],
			"to": [5, 15.25, 12.22],
			"rotation": {"angle": 22.5, "axis": "x", "origin": [4.5, 15.2, 9.8]},
			"faces": {
				"up": {"uv": [4, 8, 5, 12], "texture": "#top", "cullface": "up"}
			}
		},
		{
			"from": [2, 15.25, 7.82],
			"to": [3, 15.25, 12.22],
			"rotation": {"angle": 22.5, "axis": "x", "origin": [2.5, 15.2, 9.8]},
			"faces": {
				"up": {"uv": [2, 8, 3, 12], "texture": "#top", "cullface": "up"}
			}
		},
		{
			"from": [6, 15.25, 7.82],
			"to": [7, 15.25, 12.22],
			"rotation": {"angle": 22.5, "axis": "x", "origin": [6.5, 15.2, 9.8]},
			"faces": {
				"up": {"uv": [6, 8, 7, 12], "texture": "#top", "cullface": "up"}
			}
		},
		{
			"from": [8, 15.25, 7.82],
			"to": [9, 15.25, 12.22],
			"rotation": {"angle": 22.5, "axis": "x", "origin": [8.5, 15.2, 9.8]},
			"faces": {
				"up": {"uv": [8, 8, 9, 12], "texture": "#top", "cullface": "up"}
			}
		},
		{
			"from": [10, 15.25, 7.82],
			"to": [11, 15.25, 12.22],
			"rotation": {"angle": 22.5, "axis": "x", "origin": [10.5, 15.2, 9.8]},
			"faces": {
				"up": {"uv": [10, 8, 11, 12], "texture": "#top", "cullface": "up"}
			}
		},
		{
			"from": [12, 15.25, 7.82],
			"to": [13, 15.25, 12.22],
			"rotation": {"angle": 22.5, "axis": "x", "origin": [12.5, 15.2, 9.8]},
			"faces": {
				"up": {"uv": [12, 8, 13, 12], "texture": "#top", "cullface": "up"}
			}
		},
		{
			"from": [14, 15.25, 7.82],
			"to": [15, 15.25, 12.22],
			"rotation": {"angle": 22.5, "axis": "x", "origin": [14.5, 15.2, 9.8]},
			"faces": {
				"up": {"uv": [14, 8, 15, 12], "texture": "#top", "cullface": "up"}
			}
		},
		{
			"from": [1, 14, 12],
			"to": [15, 15, 13],
			"rotation": {"angle": 0, "axis": "y", "origin": [0, -1.3, 0]},
			"faces": {
				"north": {"uv": [15, 12, 1, 13], "texture": "#top", "cullface": "up"},
				"south": {"uv": [15, 12, 1, 13], "texture": "#top", "cullface": "up"},
				"up": {"uv": [1, 12, 15, 13], "texture": "#top", "cullface": "up"}
			}
		},
		{
			"from": [1, 10, 0],
			"to": [15, 16, 1],
			"faces": {
				"north": {"uv": [1, 6, 15, 0], "texture": "#front", "cullface": "north"},
				"up": {"uv": [1, 0, 15, 1], "texture": "#top", "cullface": "up"},
				"down": {"uv": [15, 14, 1, 15], "texture": "#front", "cullface": "north"}
			}
		},
		{
			"from": [1, 8, 1],
			"to": [15, 10, 1],
			"faces": {
				"north": {"uv": [1, 11, 15, 13], "texture": "#front", "cullface": "north"}
			}
		},
		{
			"from": [14, 7.8, 0.455],
			"to": [15, 10.1, 0.455],
			"rotation": {"angle": -22.5, "axis": "x", "origin": [14.5, 8.9, 0.45]},
			"faces": {
				"north": {"uv": [1, 6, 2, 8], "texture": "#front", "cullface": "north"}
			}
		},
		{
			"from": [12, 7.8, 0.455],
			"to": [13, 10.1, 0.455],
			"rotation": {"angle": -22.5, "axis": "x", "origin": [12.5, 8.9, 0.45]},
			"faces": {
				"north": {"uv": [1, 6, 2, 8], "texture": "#front", "cullface": "north"}
			}
		},
		{
			"from": [10, 7.8, 0.455],
			"to": [11, 10.1, 0.455],
			"rotation": {"angle": -22.5, "axis": "x", "origin": [10.5, 8.9, 0.45]},
			"faces": {
				"north": {"uv": [1, 6, 2, 8], "texture": "#front", "cullface": "north"}
			}
		},
		{
			"from": [8, 7.8, 0.455],
			"to": [9, 10.1, 0.455],
			"rotation": {"angle": -22.5, "axis": "x", "origin": [8.5, 8.9, 0.45]},
			"faces": {
				"north": {"uv": [1, 6, 2, 8], "texture": "#front", "cullface": "north"}
			}
		},
		{
			"from": [6, 7.8, 0.455],
			"to": [7, 10.1, 0.455],
			"rotation": {"angle": -22.5, "axis": "x", "origin": [6.5, 8.9, 0.45]},
			"faces": {
				"north": {"uv": [1, 6, 2, 8], "texture": "#front", "cullface": "north"}
			}
		},
		{
			"from": [4, 7.8, 0.455],
			"to": [5, 10.1, 0.455],
			"rotation": {"angle": -22.5, "axis": "x", "origin": [4.5, 8.9, 0.45]},
			"faces": {
				"north": {"uv": [1, 6, 2, 8], "texture": "#front", "cullface": "north"}
			}
		},
		{
			"from": [2, 7.8, 0.455],
			"to": [3, 10.1, 0.455],
			"rotation": {"angle": -22.5, "axis": "x", "origin": [2.5, 8.9, 0.45]},
			"faces": {
				"north": {"uv": [1, 6, 2, 8], "texture": "#front", "cullface": "north"}
			}
		},
		{
			"from": [1, 0, 0],
			"to": [15, 2, 1],
			"faces": {
				"north": {"uv": [1, 14, 15, 16], "texture": "#front", "cullface": "north"},
				"up": {"uv": [15, 14, 1, 15], "texture": "#front", "cullface": "north"}
			}
		},
		{
			"from": [0, 0, 0],
			"to": [16, 1, 16],
			"faces": {
				"north": {"uv": [0, 15, 16, 16], "texture": "#front", "cullface": "north"},
				"east": {"uv": [0, 15, 16, 16], "texture": "#side", "cullface": "east"},
				"south": {"uv": [0, 15, 16, 16], "texture": "#side", "cullface": "south"},
				"west": {"uv": [0, 15, 16, 16], "texture": "#side", "cullface": "west"},
				"down": {"uv": [0, 0, 16, 16], "texture": "#bottom", "cullface": "down"}
			}
		},
		{
			"from": [15, 0, 0],
			"to": [16, 16, 16],
			"rotation": {"angle": 0, "axis": "y", "origin": [1, 0, 0]},
			"faces": {
				"north": {"uv": [0, 0, 1, 16], "texture": "#front", "cullface": "north"},
				"east": {"uv": [0, 0, 16, 16], "texture": "#side", "cullface": "east"},
				"south": {"uv": [15, 0, 16, 16], "texture": "#side", "cullface": "south"},
				"up": {"uv": [16, 0, 15, 16], "texture": "#top", "cullface": "up"}
			}
		},
		{
			"from": [0, 0, 0],
			"to": [1, 16, 16],
			"rotation": {"angle": 0, "axis": "y", "origin": [-14, 0, 0]},
			"faces": {
				"north": {"uv": [15, 0, 16, 16], "texture": "#front", "cullface": "north"},
				"south": {"uv": [0, 0, 1, 16], "texture": "#side", "cullface": "south"},
				"west": {"uv": [0, 0, 16, 16], "texture": "#side", "cullface": "west"},
				"up": {"uv": [1, 0, 0, 16], "texture": "#top", "cullface": "up"}
			}
		},
		{
			"from": [0, 0, 0],
			"to": [1, 16, 1],
			"rotation": {"angle": 0, "axis": "y", "origin": [-14, 0, 0]},
			"faces": {
				"north": {"uv": [15, 0, 16, 16], "texture": "#front", "cullface": "north"},
				"east": {"uv": [15, 0, 16, 16], "texture": "#front", "cullface": "north"},
				"west": {"uv": [0, 0, 1, 16], "texture": "#side", "cullface": "north"}
			}
		},
		{
			"from": [15, 0, 0],
			"to": [16, 16, 1],
			"rotation": {"angle": 0, "axis": "y", "origin": [1, 0, 0]},
			"faces": {
				"north": {"uv": [15, 0, 16, 16], "texture": "#front", "cullface": "north"},
				"east": {"uv": [15, 0, 16, 16], "texture": "#side", "cullface": "east"},
				"west": {"uv": [0, 0, 1, 16], "texture": "#front", "cullface": "north"}
			}
		},
		{
			"from": [0, 0, 15],
			"to": [16, 16, 16],
			"rotation": {"angle": 0, "axis": "y", "origin": [-14, 0, 0]},
			"faces": {
				"east": {"uv": [0, 0, 1, 16], "texture": "#side", "cullface": "east"},
				"south": {"uv": [0, 0, 16, 16], "texture": "#side", "cullface": "south"},
				"west": {"uv": [15, 0, 16, 16], "texture": "#side", "cullface": "west"},
				"up": {"uv": [16, 15, 0, 16], "texture": "#top", "cullface": "up"}
			}
		},
		{
			"from": [1, 2, 1],
			"to": [15, 5, 1.001],
			"faces": {
				"north": {"uv": [1, 11, 15, 14], "texture": "#front", "cullface": "north"}
			}
		},
		{
			"from": [1, 16, 1],
			"to": [15, 13, 15],
			"rotation": {"angle": 0, "axis": "y", "origin": [0, 3, 0]},
			"faces": {
				"north": {"uv": [1, 13, 15, 10], "texture": "#front", "cullface": "up"},
				"east": {"uv": [1, 13, 15, 10], "texture": "#front", "cullface": "up"},
				"south": {"uv": [1, 13, 15, 10], "texture": "#front", "cullface": "up"},
				"west": {"uv": [1, 13, 15, 10], "texture": "#front", "cullface": "up"},
				"up": {"uv": [1, 14, 15, 0], "rotation": 180, "texture": "#bottom", "cullface": "up"}
			}
		},
		{
			"from": [1, 5, 0],
			"to": [15, 8, 1],
			"faces": {
				"north": {"uv": [1, 8, 15, 11], "texture": "#front", "cullface": "north"},
				"up": {"uv": [1, 8, 15, 9], "texture": "#front", "cullface": "north"},
				"down": {"uv": [1, 10, 15, 11], "texture": "#front", "cullface": "north"}
			}
		}
	]
}