{
	"credit": "Created by GrandMagus",
	"parent": "block/door_bottom_left_open",
	"textures": {
		"bottom": "block/mangrove_door_bottom",
		"bottom_flipped": "block/mangrove_door_bottom_flipped",
		"side": "block/mangrove_door_bottom_sides"
	},
	"elements": [
		{
			"from": [0, 0, 0],
			"to": [3, 16, 16],
			"faces": {
				"north": {"uv": [3, 16, 6, 0], "texture": "#side", "cullface": "north"},
				"east": {"uv": [0, 0, 16, 16], "texture": "#bottom"},
				"south": {"uv": [0, 0, 3, 16], "texture": "#side", "cullface": "south"},
				"west": {"uv": [16, 0, 0, 16], "texture": "#bottom_flipped", "cullface": "west"},
				"down": {"uv": [6, 16, 9, 0], "texture": "#side", "cullface": "down"}
			}
		},
		{
			"from": [-1, 13, 2],
			"to": [0, 16, 3],
			"rotation": {"angle": 0, "axis": "y", "origin": [-2, 14, 2]},
			"faces": {
				"north": {"uv": [13, 0, 14, 3], "texture": "#bottom", "cullface": "west"},
				"south": {"uv": [13, 0, 14, 3], "texture": "#bottom", "cullface": "west"},
				"west": {"uv": [13, 0, 14, 3], "texture": "#bottom", "cullface": "west"},
				"down": {"uv": [13, 2, 14, 3], "texture": "#bottom", "cullface": "west"}
			}
		},
		{
			"from": [-1, 13, 3],
			"to": [0, 14, 4],
			"rotation": {"angle": 0, "axis": "y", "origin": [-2, 14, 3]},
			"faces": {
				"south": {"uv": [12, 2, 13, 3], "texture": "#bottom", "cullface": "west"},
				"west": {"uv": [12, 2, 13, 3], "texture": "#bottom", "cullface": "west"},
				"up": {"uv": [12, 2, 13, 3], "texture": "#bottom", "cullface": "west"},
				"down": {"uv": [12, 2, 13, 3], "texture": "#bottom", "cullface": "west"}
			}
		},
		{
			"from": [3, 13, 3],
			"to": [4, 14, 4],
			"rotation": {"angle": 0, "axis": "y", "origin": [2, 14, 3]},
			"faces": {
				"east": {"uv": [12, 2, 13, 3], "texture": "#bottom_flipped"},
				"south": {"uv": [12, 2, 13, 3], "texture": "#bottom_flipped"},
				"up": {"uv": [12, 2, 13, 3], "texture": "#bottom_flipped"},
				"down": {"uv": [12, 2, 13, 3], "texture": "#bottom_flipped"}
			}
		},
		{
			"from": [3, 13, 2],
			"to": [4, 16, 3],
			"rotation": {"angle": 0, "axis": "y", "origin": [2, 14, 2]},
			"faces": {
				"north": {"uv": [13, 0, 14, 3], "texture": "#bottom"},
				"east": {"uv": [13, 0, 14, 3], "texture": "#bottom_flipped"},
				"south": {"uv": [13, 0, 14, 3], "texture": "#bottom"},
				"down": {"uv": [13, 2, 14, 3], "texture": "#bottom"}
			}
		}
	]
}