{
	"credit": "Created by GrandMagus",
	"parent": "block/door_top_right_open",
	"textures": {
		"top": "block/mangrove_door_top",
		"top_flipped": "block/mangrove_door_top_flipped",
		"side": "block/mangrove_door_top_sides"
	},
	"elements": [
		{
			"from": [0, 0, 0],
			"to": [3, 16, 16],
			"faces": {
				"north": {"uv": [0, 0, 3, 16], "texture": "#side", "cullface": "north"},
				"east": {"uv": [16, 0, 0, 16], "texture": "#top_flipped"},
				"south": {"uv": [3, 0, 6, 16], "texture": "#side", "cullface": "south"},
				"west": {"uv": [0, 0, 16, 16], "texture": "#top", "cullface": "west"},
				"up": {"uv": [6, 16, 9, 0], "texture": "#side"}
			}
		},
		{
			"from": [3, 0, 13],
			"to": [4, 3, 14],
			"rotation": {"angle": 0, "axis": "y", "origin": [3, 0, 13]},
			"faces": {
				"north": {"uv": [13, 13, 14, 16], "texture": "#top_flipped"},
				"east": {"uv": [13, 13, 14, 16], "texture": "#top_flipped"},
				"south": {"uv": [13, 13, 14, 16], "texture": "#top_flipped"},
				"up": {"uv": [13, 13, 14, 14], "texture": "#top_flipped"}
			}
		},
		{
			"from": [-1, 0, 13],
			"to": [0, 3, 14],
			"rotation": {"angle": 0, "axis": "y", "origin": [-1, 0, 13]},
			"faces": {
				"north": {"uv": [13, 13, 14, 16], "texture": "#top", "cullface": "west"},
				"south": {"uv": [13, 13, 14, 16], "texture": "#top", "cullface": "west"},
				"west": {"uv": [13, 13, 14, 16], "texture": "#top", "cullface": "west"},
				"up": {"uv": [13, 13, 14, 14], "texture": "#top", "cullface": "west"}
			}
		},
		{
			"from": [-1, 2, 12],
			"to": [0, 3, 13],
			"rotation": {"angle": 0, "axis": "y", "origin": [-1, 0, 12]},
			"faces": {
				"north": {"uv": [12, 13, 13, 14], "texture": "#top", "cullface": "west"},
				"west": {"uv": [12, 13, 13, 14], "texture": "#top", "cullface": "west"},
				"up": {"uv": [12, 13, 13, 14], "texture": "#top", "cullface": "west"},
				"down": {"uv": [12, 13, 13, 14], "texture": "#top", "cullface": "west"}
			}
		},
		{
			"from": [3, 2, 12],
			"to": [4, 3, 13],
			"rotation": {"angle": 0, "axis": "y", "origin": [3, 0, 12]},
			"faces": {
				"north": {"uv": [12, 13, 13, 14], "texture": "#top_flipped"},
				"east": {"uv": [12, 13, 13, 14], "texture": "#top_flipped"},
				"up": {"uv": [12, 13, 13, 14], "texture": "#top_flipped"},
				"down": {"uv": [12, 13, 13, 14], "texture": "#top_flipped"}
			}
		}
	]
}