{
	"credit": "Created by GrandMagus",
	"parent": "block/block",
	"textures": {
		"particle": "block/nether_quartz_ore",
		"ore": "block/nether_quartz_ore"
	},
	"elements": [
		{
			"from": [0, 0, 0],
			"to": [16, 16, 16],
			"faces": {
				"north": {"uv": [0, 0, 16, 16], "texture": "#ore", "cullface": "north"},
				"east": {"uv": [0, 0, 16, 16], "texture": "#ore", "cullface": "east"},
				"south": {"uv": [0, 0, 16, 16], "texture": "#ore", "cullface": "south"},
				"west": {"uv": [0, 0, 16, 16], "texture": "#ore", "cullface": "west"},
				"up": {"uv": [0, 0, 16, 16], "texture": "#ore", "cullface": "up"},
				"down": {"uv": [0, 0, 16, 16], "texture": "#ore", "cullface": "down"}
			}
		},
		{
			"from": [10, 10, -1],
			"to": [12, 12, 0],
			"faces": {
				"north": {"uv": [4, 4, 6, 6], "texture": "#ore", "cullface": "north"},
				"east": {"uv": [4, 4, 5, 6], "texture": "#ore", "cullface": "north"},
				"west": {"uv": [5, 4, 6, 6], "texture": "#ore", "cullface": "north"},
				"up": {"uv": [6, 4, 4, 5], "texture": "#ore", "cullface": "north"},
				"down": {"uv": [6, 5, 4, 6], "texture": "#ore", "cullface": "north"}
			}
		},
		{
			"from": [-1, 10, 4],
			"to": [0, 12, 6],
			"faces": {
				"north": {"uv": [4, 4, 5, 6], "texture": "#ore", "cullface": "west"},
				"south": {"uv": [5, 4, 6, 6], "texture": "#ore", "cullface": "west"},
				"west": {"uv": [4, 4, 6, 6], "texture": "#ore", "cullface": "west"},
				"up": {"uv": [6, 4, 4, 5], "rotation": 270, "texture": "#ore", "cullface": "west"},
				"down": {"uv": [6, 5, 4, 6], "rotation": 90, "texture": "#ore", "cullface": "west"}
			}
		},
		{
			"from": [4, 10, 16],
			"to": [6, 12, 17],
			"faces": {
				"east": {"uv": [5, 4, 6, 6], "texture": "#ore", "cullface": "south"},
				"south": {"uv": [4, 4, 6, 6], "texture": "#ore", "cullface": "south"},
				"west": {"uv": [4, 4, 5, 6], "texture": "#ore", "cullface": "south"},
				"up": {"uv": [6, 4, 4, 5], "rotation": 180, "texture": "#ore", "cullface": "south"},
				"down": {"uv": [6, 5, 4, 6], "rotation": 180, "texture": "#ore", "cullface": "south"}
			}
		},
		{
			"from": [16, 10, 10],
			"to": [17, 12, 12],
			"faces": {
				"north": {"uv": [5, 4, 6, 6], "texture": "#ore", "cullface": "east"},
				"east": {"uv": [4, 4, 6, 6], "texture": "#ore", "cullface": "east"},
				"south": {"uv": [4, 4, 5, 6], "texture": "#ore", "cullface": "east"},
				"up": {"uv": [6, 4, 4, 5], "rotation": 90, "texture": "#ore", "cullface": "east"},
				"down": {"uv": [6, 5, 4, 6], "rotation": 270, "texture": "#ore", "cullface": "east"}
			}
		},
		{
			"from": [4, 16, 4],
			"to": [6, 17, 6],
			"faces": {
				"north": {"uv": [6, 4, 4, 5], "texture": "#ore", "cullface": "up"},
				"east": {"uv": [5, 4, 6, 6], "rotation": 90, "texture": "#ore", "cullface": "up"},
				"south": {"uv": [6, 5, 4, 6], "rotation": 180, "texture": "#ore", "cullface": "up"},
				"west": {"uv": [4, 4, 5, 6], "rotation": 270, "texture": "#ore", "cullface": "up"},
				"up": {"uv": [4, 4, 6, 6], "texture": "#ore", "cullface": "up"}
			}
		},
		{
			"from": [4, -1, 10],
			"to": [6, 0, 12],
			"faces": {
				"north": {"uv": [6, 5, 4, 6], "texture": "#ore", "cullface": "down"},
				"east": {"uv": [5, 4, 6, 6], "rotation": 270, "texture": "#ore", "cullface": "down"},
				"south": {"uv": [6, 4, 4, 5], "rotation": 180, "texture": "#ore", "cullface": "down"},
				"west": {"uv": [4, 4, 5, 6], "rotation": 90, "texture": "#ore", "cullface": "down"},
				"down": {"uv": [4, 4, 6, 6], "texture": "#ore", "cullface": "down"}
			}
		},
		{
			"from": [10, 6, -1],
			"to": [12, 8, 0],
			"faces": {
				"north": {"uv": [4, 8, 6, 10], "texture": "#ore", "cullface": "north"},
				"east": {"uv": [4, 8, 5, 10], "texture": "#ore", "cullface": "north"},
				"west": {"uv": [5, 8, 6, 10], "texture": "#ore", "cullface": "north"},
				"up": {"uv": [6, 8, 4, 9], "texture": "#ore", "cullface": "north"},
				"down": {"uv": [6, 9, 4, 10], "texture": "#ore", "cullface": "north"}
			}
		},
		{
			"from": [-1, 6, 4],
			"to": [0, 8, 6],
			"faces": {
				"north": {"uv": [4, 8, 5, 10], "texture": "#ore", "cullface": "west"},
				"south": {"uv": [5, 8, 6, 10], "texture": "#ore", "cullface": "west"},
				"west": {"uv": [4, 8, 6, 10], "texture": "#ore", "cullface": "west"},
				"up": {"uv": [6, 8, 4, 9], "rotation": 270, "texture": "#ore", "cullface": "west"},
				"down": {"uv": [6, 9, 4, 10], "rotation": 90, "texture": "#ore", "cullface": "west"}
			}
		},
		{
			"from": [4, 6, 16],
			"to": [6, 8, 17],
			"faces": {
				"east": {"uv": [5, 8, 6, 10], "texture": "#ore", "cullface": "south"},
				"south": {"uv": [4, 8, 6, 10], "texture": "#ore", "cullface": "south"},
				"west": {"uv": [4, 8, 5, 10], "texture": "#ore", "cullface": "south"},
				"up": {"uv": [6, 8, 4, 9], "rotation": 180, "texture": "#ore", "cullface": "south"},
				"down": {"uv": [6, 9, 4, 10], "rotation": 180, "texture": "#ore", "cullface": "south"}
			}
		},
		{
			"from": [16, 6, 10],
			"to": [17, 8, 12],
			"faces": {
				"north": {"uv": [5, 8, 6, 10], "texture": "#ore", "cullface": "east"},
				"east": {"uv": [4, 8, 6, 10], "texture": "#ore", "cullface": "east"},
				"south": {"uv": [4, 8, 5, 10], "texture": "#ore", "cullface": "east"},
				"up": {"uv": [6, 8, 4, 9], "rotation": 90, "texture": "#ore", "cullface": "east"},
				"down": {"uv": [6, 9, 4, 10], "rotation": 270, "texture": "#ore", "cullface": "east"}
			}
		},
		{
			"from": [4, 16, 8],
			"to": [6, 17, 10],
			"faces": {
				"north": {"uv": [6, 8, 4, 9], "texture": "#ore", "cullface": "up"},
				"east": {"uv": [5, 8, 6, 10], "rotation": 90, "texture": "#ore", "cullface": "up"},
				"south": {"uv": [6, 9, 4, 10], "rotation": 180, "texture": "#ore", "cullface": "up"},
				"west": {"uv": [4, 8, 5, 10], "rotation": 270, "texture": "#ore", "cullface": "up"},
				"up": {"uv": [4, 8, 6, 10], "texture": "#ore", "cullface": "up"}
			}
		},
		{
			"from": [4, -1, 6],
			"to": [6, 0, 8],
			"faces": {
				"north": {"uv": [6, 9, 4, 10], "texture": "#ore", "cullface": "down"},
				"east": {"uv": [5, 8, 6, 10], "rotation": 270, "texture": "#ore", "cullface": "down"},
				"south": {"uv": [6, 8, 4, 9], "rotation": 180, "texture": "#ore", "cullface": "down"},
				"west": {"uv": [4, 8, 5, 10], "rotation": 90, "texture": "#ore", "cullface": "down"},
				"down": {"uv": [4, 8, 6, 10], "texture": "#ore", "cullface": "down"}
			}
		},
		{
			"from": [11, 5, -0.5],
			"to": [12, 6, 0],
			"faces": {
				"north": {"uv": [4, 10, 5, 11], "texture": "#ore", "cullface": "north"},
				"east": {"uv": [4, 10, 4.5, 11], "texture": "#ore", "cullface": "north"},
				"west": {"uv": [4, 10, 4.5, 11], "texture": "#ore", "cullface": "north"},
				"up": {"uv": [5, 10, 4, 10.5], "texture": "#ore", "cullface": "north"},
				"down": {"uv": [5, 10, 4, 10.5], "texture": "#ore", "cullface": "north"}
			}
		},
		{
			"from": [-0.5, 5, 4],
			"to": [0, 6, 5],
			"faces": {
				"north": {"uv": [4, 10, 4.5, 11], "texture": "#ore", "cullface": "west"},
				"south": {"uv": [4, 10, 4.5, 11], "texture": "#ore", "cullface": "west"},
				"west": {"uv": [4, 10, 5, 11], "texture": "#ore", "cullface": "west"},
				"up": {"uv": [5, 10, 4, 10.5], "rotation": 270, "texture": "#ore", "cullface": "west"},
				"down": {"uv": [5, 10, 4, 10.5], "rotation": 90, "texture": "#ore", "cullface": "west"}
			}
		},
		{
			"from": [4, 5, 16],
			"to": [5, 6, 16.5],
			"faces": {
				"east": {"uv": [4, 10, 4.5, 11], "texture": "#ore", "cullface": "south"},
				"south": {"uv": [4, 10, 5, 11], "texture": "#ore", "cullface": "south"},
				"west": {"uv": [4, 10, 4.5, 11], "texture": "#ore", "cullface": "south"},
				"up": {"uv": [5, 10, 4, 10.5], "rotation": 180, "texture": "#ore", "cullface": "south"},
				"down": {"uv": [5, 10, 4, 10.5], "rotation": 180, "texture": "#ore", "cullface": "south"}
			}
		},
		{
			"from": [16, 5, 11],
			"to": [16.5, 6, 12],
			"faces": {
				"north": {"uv": [4, 10, 4.5, 11], "texture": "#ore", "cullface": "east"},
				"east": {"uv": [4, 10, 5, 11], "texture": "#ore", "cullface": "east"},
				"south": {"uv": [4, 10, 4.5, 11], "texture": "#ore", "cullface": "east"},
				"up": {"uv": [5, 10, 4, 10.5], "rotation": 90, "texture": "#ore", "cullface": "east"},
				"down": {"uv": [5, 10, 4, 10.5], "rotation": 270, "texture": "#ore", "cullface": "east"}
			}
		},
		{
			"from": [4, 16, 10],
			"to": [5, 16.5, 11],
			"faces": {
				"north": {"uv": [5, 10, 4, 10.5], "texture": "#ore", "cullface": "up"},
				"east": {"uv": [4, 10, 4.5, 11], "rotation": 90, "texture": "#ore", "cullface": "up"},
				"south": {"uv": [5, 10, 4, 10.5], "rotation": 180, "texture": "#ore", "cullface": "up"},
				"west": {"uv": [4, 10, 4.5, 11], "rotation": 270, "texture": "#ore", "cullface": "up"},
				"up": {"uv": [4, 10, 5, 11], "texture": "#ore", "cullface": "up"}
			}
		},
		{
			"from": [4, -0.5, 5],
			"to": [5, 0, 6],
			"faces": {
				"north": {"uv": [5, 10, 4, 10.5], "texture": "#ore", "cullface": "down"},
				"east": {"uv": [4, 10, 4.5, 11], "rotation": 270, "texture": "#ore", "cullface": "down"},
				"south": {"uv": [5, 10, 4, 10.5], "rotation": 180, "texture": "#ore", "cullface": "down"},
				"west": {"uv": [4, 10, 4.5, 11], "rotation": 90, "texture": "#ore", "cullface": "down"},
				"down": {"uv": [4, 10, 5, 11], "texture": "#ore", "cullface": "down"}
			}
		},
		{
			"from": [7, 3, -0.5],
			"to": [8, 4, 0],
			"faces": {
				"north": {"uv": [8, 12, 9, 13], "texture": "#ore", "cullface": "north"},
				"east": {"uv": [8, 12, 8.5, 13], "texture": "#ore", "cullface": "north"},
				"west": {"uv": [8, 12, 8.5, 13], "texture": "#ore", "cullface": "north"},
				"up": {"uv": [9, 12, 8, 12.5], "texture": "#ore", "cullface": "north"},
				"down": {"uv": [9, 12, 8, 12.5], "texture": "#ore", "cullface": "north"}
			}
		},
		{
			"from": [-0.5, 3, 8],
			"to": [0, 4, 9],
			"faces": {
				"north": {"uv": [8, 12, 8.5, 13], "texture": "#ore", "cullface": "west"},
				"south": {"uv": [8, 12, 8.5, 13], "texture": "#ore", "cullface": "west"},
				"west": {"uv": [8, 12, 9, 13], "texture": "#ore", "cullface": "west"},
				"up": {"uv": [9, 12, 8, 12.5], "rotation": 270, "texture": "#ore", "cullface": "west"},
				"down": {"uv": [9, 12, 8, 12.5], "rotation": 90, "texture": "#ore", "cullface": "west"}
			}
		},
		{
			"from": [8, 3, 16],
			"to": [9, 4, 16.5],
			"faces": {
				"east": {"uv": [8, 12, 8.5, 13], "texture": "#ore", "cullface": "south"},
				"south": {"uv": [8, 12, 9, 13], "texture": "#ore", "cullface": "south"},
				"west": {"uv": [8, 12, 8.5, 13], "texture": "#ore", "cullface": "south"},
				"up": {"uv": [9, 12, 8, 12.5], "rotation": 180, "texture": "#ore", "cullface": "south"},
				"down": {"uv": [9, 12, 8, 12.5], "rotation": 180, "texture": "#ore", "cullface": "south"}
			}
		},
		{
			"from": [16, 3, 7],
			"to": [16.5, 4, 8],
			"faces": {
				"north": {"uv": [8, 12, 8.5, 13], "texture": "#ore", "cullface": "east"},
				"east": {"uv": [8, 12, 9, 13], "texture": "#ore", "cullface": "east"},
				"south": {"uv": [8, 12, 8.5, 13], "texture": "#ore", "cullface": "east"},
				"up": {"uv": [9, 12, 8, 12.5], "rotation": 90, "texture": "#ore", "cullface": "east"},
				"down": {"uv": [9, 12, 8, 12.5], "rotation": 270, "texture": "#ore", "cullface": "east"}
			}
		},
		{
			"from": [8, 16, 12],
			"to": [9, 16.5, 13],
			"faces": {
				"north": {"uv": [9, 12, 8, 12.5], "texture": "#ore", "cullface": "up"},
				"east": {"uv": [8, 12, 8.5, 13], "rotation": 90, "texture": "#ore", "cullface": "up"},
				"south": {"uv": [9, 12, 8, 12.5], "rotation": 180, "texture": "#ore", "cullface": "up"},
				"west": {"uv": [8, 12, 8.5, 13], "rotation": 270, "texture": "#ore", "cullface": "up"},
				"up": {"uv": [8, 12, 9, 13], "texture": "#ore", "cullface": "up"}
			}
		},
		{
			"from": [8, -0.5, 3],
			"to": [9, 0, 4],
			"faces": {
				"north": {"uv": [9, 12, 8, 12.5], "texture": "#ore", "cullface": "down"},
				"east": {"uv": [8, 12, 8.5, 13], "rotation": 270, "texture": "#ore", "cullface": "down"},
				"south": {"uv": [9, 12, 8, 12.5], "rotation": 180, "texture": "#ore", "cullface": "down"},
				"west": {"uv": [8, 12, 8.5, 13], "rotation": 90, "texture": "#ore", "cullface": "down"},
				"down": {"uv": [8, 12, 9, 13], "texture": "#ore", "cullface": "down"}
			}
		},
		{
			"from": [9, 8, -0.5],
			"to": [10, 9, 0],
			"faces": {
				"north": {"uv": [6, 7, 7, 8], "texture": "#ore", "cullface": "north"},
				"east": {"uv": [6, 7, 6.5, 8], "texture": "#ore", "cullface": "north"},
				"west": {"uv": [6, 7, 6.5, 8], "texture": "#ore", "cullface": "north"},
				"up": {"uv": [7, 7, 6, 7.5], "texture": "#ore", "cullface": "north"},
				"down": {"uv": [7, 7, 6, 7.5], "texture": "#ore", "cullface": "north"}
			}
		},
		{
			"from": [-0.5, 8, 6],
			"to": [0, 9, 7],
			"faces": {
				"north": {"uv": [6, 7, 6.5, 8], "texture": "#ore", "cullface": "west"},
				"south": {"uv": [6, 7, 6.5, 8], "texture": "#ore", "cullface": "west"},
				"west": {"uv": [6, 7, 7, 8], "texture": "#ore", "cullface": "west"},
				"up": {"uv": [7, 7, 6, 7.5], "rotation": 270, "texture": "#ore", "cullface": "west"},
				"down": {"uv": [7, 7, 6, 7.5], "rotation": 90, "texture": "#ore", "cullface": "west"}
			}
		},
		{
			"from": [6, 8, 16],
			"to": [7, 9, 16.5],
			"faces": {
				"east": {"uv": [6, 7, 6.5, 8], "texture": "#ore", "cullface": "south"},
				"south": {"uv": [6, 7, 7, 8], "texture": "#ore", "cullface": "south"},
				"west": {"uv": [6, 7, 6.5, 8], "texture": "#ore", "cullface": "south"},
				"up": {"uv": [7, 7, 6, 7.5], "rotation": 180, "texture": "#ore", "cullface": "south"},
				"down": {"uv": [7, 7, 6, 7.5], "rotation": 180, "texture": "#ore", "cullface": "south"}
			}
		},
		{
			"from": [16, 8, 9],
			"to": [16.5, 9, 10],
			"faces": {
				"north": {"uv": [6, 7, 6.5, 8], "texture": "#ore", "cullface": "east"},
				"east": {"uv": [6, 7, 7, 8], "texture": "#ore", "cullface": "east"},
				"south": {"uv": [6, 7, 6.5, 8], "texture": "#ore", "cullface": "east"},
				"up": {"uv": [7, 7, 6, 7.5], "rotation": 90, "texture": "#ore", "cullface": "east"},
				"down": {"uv": [7, 7, 6, 7.5], "rotation": 270, "texture": "#ore", "cullface": "east"}
			}
		},
		{
			"from": [6, 16, 7],
			"to": [7, 16.5, 8],
			"faces": {
				"north": {"uv": [7, 7, 6, 7.5], "texture": "#ore", "cullface": "up"},
				"east": {"uv": [6, 7, 6.5, 8], "rotation": 90, "texture": "#ore", "cullface": "up"},
				"south": {"uv": [7, 7, 6, 7.5], "rotation": 180, "texture": "#ore", "cullface": "up"},
				"west": {"uv": [6, 7, 6.5, 8], "rotation": 270, "texture": "#ore", "cullface": "up"},
				"up": {"uv": [6, 7, 7, 8], "texture": "#ore", "cullface": "up"}
			}
		},
		{
			"from": [6, -0.5, 8],
			"to": [7, 0, 9],
			"faces": {
				"north": {"uv": [7, 7, 6, 7.5], "texture": "#ore", "cullface": "down"},
				"east": {"uv": [6, 7, 6.5, 8], "rotation": 270, "texture": "#ore", "cullface": "down"},
				"south": {"uv": [7, 7, 6, 7.5], "rotation": 180, "texture": "#ore", "cullface": "down"},
				"west": {"uv": [6, 7, 6.5, 8], "rotation": 90, "texture": "#ore", "cullface": "down"},
				"down": {"uv": [6, 7, 7, 8], "texture": "#ore", "cullface": "down"}
			}
		},
		{
			"from": [7, 9, -0.5],
			"to": [9, 10, 0],
			"faces": {
				"north": {"uv": [7, 6, 9, 7], "texture": "#ore", "cullface": "north"},
				"east": {"uv": [7, 6, 7.5, 7], "texture": "#ore", "cullface": "north"},
				"west": {"uv": [8, 6, 8.5, 7], "texture": "#ore", "cullface": "north"},
				"up": {"uv": [9, 6, 7, 6.5], "texture": "#ore", "cullface": "north"},
				"down": {"uv": [9, 6, 7, 6.5], "texture": "#ore", "cullface": "north"}
			}
		},
		{
			"from": [-0.5, 9, 7],
			"to": [0, 10, 9],
			"faces": {
				"north": {"uv": [7, 6, 7.5, 7], "texture": "#ore", "cullface": "west"},
				"south": {"uv": [8, 6, 8.5, 7], "texture": "#ore", "cullface": "west"},
				"west": {"uv": [7, 6, 9, 7], "texture": "#ore", "cullface": "west"},
				"up": {"uv": [9, 6, 7, 6.5], "rotation": 270, "texture": "#ore", "cullface": "west"},
				"down": {"uv": [9, 6, 7, 6.5], "rotation": 90, "texture": "#ore", "cullface": "west"}
			}
		},
		{
			"from": [7, 9, 16],
			"to": [9, 10, 16.5],
			"faces": {
				"east": {"uv": [8, 6, 8.5, 7], "texture": "#ore", "cullface": "south"},
				"south": {"uv": [7, 6, 9, 7], "texture": "#ore", "cullface": "south"},
				"west": {"uv": [7, 6, 7.5, 7], "texture": "#ore", "cullface": "south"},
				"up": {"uv": [9, 6, 7, 6.5], "rotation": 180, "texture": "#ore", "cullface": "south"},
				"down": {"uv": [9, 6, 7, 6.5], "rotation": 180, "texture": "#ore", "cullface": "south"}
			}
		},
		{
			"from": [16, 9, 7],
			"to": [16.5, 10, 9],
			"faces": {
				"north": {"uv": [8, 6, 8.5, 7], "texture": "#ore", "cullface": "east"},
				"east": {"uv": [7, 6, 9, 7], "texture": "#ore", "cullface": "east"},
				"south": {"uv": [7, 6, 7.5, 7], "texture": "#ore", "cullface": "east"},
				"up": {"uv": [9, 6, 7, 6.5], "rotation": 90, "texture": "#ore", "cullface": "east"},
				"down": {"uv": [9, 6, 7, 6.5], "rotation": 270, "texture": "#ore", "cullface": "east"}
			}
		},
		{
			"from": [7, 16, 6],
			"to": [9, 16.5, 7],
			"faces": {
				"north": {"uv": [9, 6, 7, 6.5], "texture": "#ore", "cullface": "up"},
				"east": {"uv": [8, 6, 8.5, 7], "rotation": 90, "texture": "#ore", "cullface": "up"},
				"south": {"uv": [9, 6, 7, 6.5], "rotation": 180, "texture": "#ore", "cullface": "up"},
				"west": {"uv": [7, 6, 7.5, 7], "rotation": 270, "texture": "#ore", "cullface": "up"},
				"up": {"uv": [7, 6, 9, 7], "texture": "#ore", "cullface": "up"}
			}
		},
		{
			"from": [7, -0.5, 9],
			"to": [9, 0, 10],
			"faces": {
				"north": {"uv": [9, 6, 7, 6.5], "texture": "#ore", "cullface": "down"},
				"east": {"uv": [8, 6, 8.5, 7], "rotation": 270, "texture": "#ore", "cullface": "down"},
				"south": {"uv": [9, 6, 7, 6.5], "rotation": 180, "texture": "#ore", "cullface": "down"},
				"west": {"uv": [7, 6, 7.5, 7], "rotation": 90, "texture": "#ore", "cullface": "down"},
				"down": {"uv": [7, 6, 9, 7], "texture": "#ore", "cullface": "down"}
			}
		},
		{
			"from": [8, 12, -0.5],
			"to": [10, 13, 0],
			"faces": {
				"north": {"uv": [6, 3, 8, 4], "texture": "#ore", "cullface": "north"},
				"east": {"uv": [6, 3, 6.5, 4], "texture": "#ore", "cullface": "north"},
				"west": {"uv": [7, 3, 7.5, 4], "texture": "#ore", "cullface": "north"},
				"up": {"uv": [8, 3, 6, 3.5], "texture": "#ore", "cullface": "north"},
				"down": {"uv": [8, 3, 6, 3.5], "texture": "#ore", "cullface": "north"}
			}
		},
		{
			"from": [-0.5, 12, 6],
			"to": [0, 13, 8],
			"faces": {
				"north": {"uv": [6, 3, 6.5, 4], "texture": "#ore", "cullface": "west"},
				"south": {"uv": [7, 3, 7.5, 4], "texture": "#ore", "cullface": "west"},
				"west": {"uv": [6, 3, 8, 4], "texture": "#ore", "cullface": "west"},
				"up": {"uv": [8, 3, 6, 3.5], "rotation": 270, "texture": "#ore", "cullface": "west"},
				"down": {"uv": [8, 3, 6, 3.5], "rotation": 90, "texture": "#ore", "cullface": "west"}
			}
		},
		{
			"from": [6, 12, 16],
			"to": [8, 13, 16.5],
			"faces": {
				"east": {"uv": [7, 3, 7.5, 4], "texture": "#ore", "cullface": "south"},
				"south": {"uv": [6, 3, 8, 4], "texture": "#ore", "cullface": "south"},
				"west": {"uv": [6, 3, 6.5, 4], "texture": "#ore", "cullface": "south"},
				"up": {"uv": [8, 3, 6, 3.5], "rotation": 180, "texture": "#ore", "cullface": "south"},
				"down": {"uv": [8, 3, 6, 3.5], "rotation": 180, "texture": "#ore", "cullface": "south"}
			}
		},
		{
			"from": [16, 12, 8],
			"to": [16.5, 13, 10],
			"faces": {
				"north": {"uv": [7, 3, 7.5, 4], "texture": "#ore", "cullface": "east"},
				"east": {"uv": [6, 3, 8, 4], "texture": "#ore", "cullface": "east"},
				"south": {"uv": [6, 3, 6.5, 4], "texture": "#ore", "cullface": "east"},
				"up": {"uv": [8, 3, 6, 3.5], "rotation": 90, "texture": "#ore", "cullface": "east"},
				"down": {"uv": [8, 3, 6, 3.5], "rotation": 270, "texture": "#ore", "cullface": "east"}
			}
		},
		{
			"from": [6, 16, 3],
			"to": [8, 16.5, 4],
			"faces": {
				"north": {"uv": [8, 3, 6, 3.5], "texture": "#ore", "cullface": "up"},
				"east": {"uv": [7, 3, 7.5, 4], "rotation": 90, "texture": "#ore", "cullface": "up"},
				"south": {"uv": [8, 3, 6, 3.5], "rotation": 180, "texture": "#ore", "cullface": "up"},
				"west": {"uv": [6, 3, 6.5, 4], "rotation": 270, "texture": "#ore", "cullface": "up"},
				"up": {"uv": [6, 3, 8, 4], "texture": "#ore", "cullface": "up"}
			}
		},
		{
			"from": [6, -0.5, 12],
			"to": [8, 0, 13],
			"faces": {
				"north": {"uv": [8, 3, 6, 3.5], "texture": "#ore", "cullface": "down"},
				"east": {"uv": [7, 3, 7.5, 4], "rotation": 270, "texture": "#ore", "cullface": "down"},
				"south": {"uv": [8, 3, 6, 3.5], "rotation": 180, "texture": "#ore", "cullface": "down"},
				"west": {"uv": [6, 3, 6.5, 4], "rotation": 90, "texture": "#ore", "cullface": "down"},
				"down": {"uv": [6, 3, 8, 4], "texture": "#ore", "cullface": "down"}
			}
		},
		{
			"from": [2, 6, -1],
			"to": [4, 8, 0],
			"faces": {
				"north": {"uv": [12, 8, 14, 10], "texture": "#ore", "cullface": "north"},
				"east": {"uv": [12, 8, 13, 10], "texture": "#ore", "cullface": "north"},
				"west": {"uv": [13, 8, 14, 10], "texture": "#ore", "cullface": "north"},
				"up": {"uv": [14, 8, 12, 9], "texture": "#ore", "cullface": "north"},
				"down": {"uv": [14, 9, 12, 10], "texture": "#ore", "cullface": "north"}
			}
		},
		{
			"from": [-1, 6, 12],
			"to": [0, 8, 14],
			"faces": {
				"north": {"uv": [12, 8, 13, 10], "texture": "#ore", "cullface": "west"},
				"south": {"uv": [13, 8, 14, 10], "texture": "#ore", "cullface": "west"},
				"west": {"uv": [12, 8, 14, 10], "texture": "#ore", "cullface": "west"},
				"up": {"uv": [14, 8, 12, 9], "rotation": 270, "texture": "#ore", "cullface": "west"},
				"down": {"uv": [14, 9, 12, 10], "rotation": 90, "texture": "#ore", "cullface": "west"}
			}
		},
		{
			"from": [12, 6, 16],
			"to": [14, 8, 17],
			"faces": {
				"east": {"uv": [13, 8, 14, 10], "texture": "#ore", "cullface": "south"},
				"south": {"uv": [12, 8, 14, 10], "texture": "#ore", "cullface": "south"},
				"west": {"uv": [12, 8, 13, 10], "texture": "#ore", "cullface": "south"},
				"up": {"uv": [14, 8, 12, 9], "rotation": 180, "texture": "#ore", "cullface": "south"},
				"down": {"uv": [14, 9, 12, 10], "rotation": 180, "texture": "#ore", "cullface": "south"}
			}
		},
		{
			"from": [16, 6, 2],
			"to": [17, 8, 4],
			"faces": {
				"north": {"uv": [13, 8, 14, 10], "texture": "#ore", "cullface": "east"},
				"east": {"uv": [12, 8, 14, 10], "texture": "#ore", "cullface": "east"},
				"south": {"uv": [12, 8, 13, 10], "texture": "#ore", "cullface": "east"},
				"up": {"uv": [14, 8, 12, 9], "rotation": 90, "texture": "#ore", "cullface": "east"},
				"down": {"uv": [14, 9, 12, 10], "rotation": 270, "texture": "#ore", "cullface": "east"}
			}
		},
		{
			"from": [12, 16, 8],
			"to": [14, 17, 10],
			"faces": {
				"north": {"uv": [14, 8, 12, 9], "texture": "#ore", "cullface": "up"},
				"east": {"uv": [13, 8, 14, 10], "rotation": 90, "texture": "#ore", "cullface": "up"},
				"south": {"uv": [14, 9, 12, 10], "rotation": 180, "texture": "#ore", "cullface": "up"},
				"west": {"uv": [12, 8, 13, 10], "rotation": 270, "texture": "#ore", "cullface": "up"},
				"up": {"uv": [12, 8, 14, 10], "texture": "#ore", "cullface": "up"}
			}
		},
		{
			"from": [12, -1, 6],
			"to": [14, 0, 8],
			"faces": {
				"north": {"uv": [14, 9, 12, 10], "texture": "#ore", "cullface": "down"},
				"east": {"uv": [13, 8, 14, 10], "rotation": 270, "texture": "#ore", "cullface": "down"},
				"south": {"uv": [14, 8, 12, 9], "rotation": 180, "texture": "#ore", "cullface": "down"},
				"west": {"uv": [12, 8, 13, 10], "rotation": 90, "texture": "#ore", "cullface": "down"},
				"down": {"uv": [12, 8, 14, 10], "texture": "#ore", "cullface": "down"}
			}
		}
	]
}