{
	"credit": "Created by GrandMagus",
	"parent": "block/template_orientable_trapdoor_bottom",
	"textures": {
		"texture": "block/oak_trapdoor",
		"side": "block/oak_trapdoor_side"
	},
	"elements": [
		{
			"from": [ 13, 13, 0 ],
			"to": [ 16, 16, 16 ],
			"faces": {
				"down": { "uv": [ 0, 16, 3, 0 ], "texture": "#texture", "rotation": 180 },
				"up": { "uv": [ 0, 0, 3, 16 ], "texture": "#texture", "rotation": 180 },
				"north": { "uv": [ 0, 0, 3, 3 ], "texture": "#side" },
				"south": { "uv": [ 13, 0, 16, 3 ], "texture": "#side" },
				"west": { "uv": [ 0, 3, 16, 6 ], "texture": "#side" },
				"east": { "uv": [ 0, 0, 16, 3 ], "texture": "#side" }
			}
		},
		{
			"from": [ 6, 13, 3 ],
			"to": [ 10, 16, 13 ],
			"faces": {
				"down": { "uv": [ 6, 13, 10, 3 ], "texture": "#texture", "rotation": 180 },
				"up": { "uv": [ 6, 3, 10, 13 ], "texture": "#texture", "rotation": 180 },
				"west": { "uv": [ 0, 3, 16, 6 ], "texture": "#side" },
				"east": { "uv": [ 0, 6, 16, 9 ], "texture": "#side" }
			}
		},
		{
			"from": [ 3, 13, 13 ],
			"to": [ 13, 16, 16 ],
			"faces": {
				"down": { "uv": [ 3, 3, 13, 0 ], "texture": "#texture", "rotation": 180 },
				"up": { "uv": [ 3, 0, 13, 3 ], "texture": "#texture", "rotation": 180 },
				"north": { "uv": [ 3, 3, 13, 6 ], "texture": "#side" },
				"south": { "uv": [ 3, 0, 13, 3 ], "texture": "#side" }
			}
		},
		{
			"from": [ 3, 13, 6 ],
			"to": [ 13, 16, 10 ],
			"faces": {
				"down": { "uv": [ 3, 10, 13, 6 ], "texture": "#texture", "rotation": 180 },
				"up": { "uv": [ 3, 6, 13, 10 ], "texture": "#texture", "rotation": 180 },
				"north": { "uv": [ 3, 6, 13, 3 ], "texture": "#side" },
				"south": { "uv": [ 3, 6, 13, 9 ], "texture": "#side" }
			}
		},
		{
			"from": [ 3, 13, 0 ],
			"to": [ 13, 16, 3 ],
			"faces": {
				"down": { "uv": [ 3, 16, 13, 13 ], "texture": "#texture", "rotation": 180 },
				"up": { "uv": [ 3, 13, 13, 16 ], "texture": "#texture", "rotation": 180 },
				"north": { "uv": [ 3, 0, 13, 3 ], "texture": "#side" },
				"south": { "uv": [ 6, 6, 16, 9 ], "texture": "#side" }
			}
		},
		{
			"from": [ 0, 13, 0 ],
			"to": [ 3, 16, 16 ],
			"faces": {
				"down": { "uv": [ 13, 16, 16, 0 ], "texture": "#texture", "rotation": 180 },
				"up": { "uv": [ 13, 0, 16, 16 ], "texture": "#texture", "rotation": 180 },
				"north": { "uv": [ 13, 0, 16, 3 ], "texture": "#side" },
				"south": { "uv": [ 0, 0, 3, 3 ], "texture": "#side" },
				"west": { "uv": [ 0, 0, 16, 3 ], "texture": "#side" },
				"east": { "uv": [ 0, 6, 16, 9 ], "texture": "#side" }
			}
		}
	]
}