{
	"credit": "Created by GrandMagus",
	"parent": "block/cube_bottom_top",
	"textures": {
		"bottom": "block/dirt",
		"top": "block/podzol_top",
		"side": "block/podzol_side",
		"cobble": "block/cobblestone"
	},
	"elements": [
		{
			"from": [ 0, 0, 0 ],
			"to": [ 16, 16, 16 ],
			"faces": {
				"down": { "uv": [ 0, 0, 16, 16 ], "texture": "#bottom", "cullface": "down" },
				"up": { "uv": [ 0, 0, 16, 16 ], "texture": "#top", "cullface": "up" },
				"north": { "uv": [ 0, 0, 16, 16 ], "texture": "#side", "cullface": "north" },
				"south": { "uv": [ 0, 0, 16, 16 ], "texture": "#side", "cullface": "south" },
				"west": { "uv": [ 0, 0, 16, 16 ], "texture": "#side", "cullface": "west" },
				"east": { "uv": [ 0, 0, 16, 16 ], "texture": "#side", "cullface": "east" }
			}
		},
		{
			"from": [ 5, 16, 9 ],
			"to": [ 6, 17, 10 ],
			"rotation": { "origin": [ 5, 16, 9 ], "axis": "y", "angle": 45 },
			"faces": {
				"up": { "uv": [ 8, 5, 9, 6 ], "texture": "#cobble", "cullface": "up" },
				"north": { "uv": [ 8, 5, 9, 6 ], "texture": "#cobble", "cullface": "up" },
				"south": { "uv": [ 8, 5, 9, 6 ], "texture": "#cobble", "cullface": "up" },
				"west": { "uv": [ 8, 5, 9, 6 ], "texture": "#cobble", "cullface": "up" },
				"east": { "uv": [ 8, 5, 9, 6 ], "texture": "#cobble", "cullface": "up" }
			}
		},
		{
			"from": [ 7, 16, 5 ],
			"to": [ 10, 17, 8 ],
			"faces": {
				"up": { "uv": [ 7, 5, 10, 8 ], "texture": "#cobble", "cullface": "up" },
				"north": { "uv": [ 6, 5, 9, 6 ], "texture": "#cobble", "cullface": "up" },
				"south": { "uv": [ 7, 5, 10, 6 ], "texture": "#cobble", "cullface": "up" },
				"west": { "uv": [ 5, 5, 8, 6 ], "texture": "#cobble", "cullface": "up" },
				"east": { "uv": [ 8, 5, 11, 6 ], "texture": "#cobble", "cullface": "up" }
			}
		},
		{
			"from": [ 8, 16, 6 ],
			"to": [ 10, 18, 8 ],
			"rotation": { "origin": [ 8, 16, 6 ], "axis": "y", "angle": 22.5 },
			"faces": {
				"up": { "uv": [ 8, 6, 10, 8 ], "texture": "#cobble", "cullface": "up" },
				"north": { "uv": [ 6, 4, 8, 5 ], "texture": "#cobble", "cullface": "up" },
				"south": { "uv": [ 8, 4, 10, 5 ], "texture": "#cobble", "cullface": "up" },
				"west": { "uv": [ 6, 4, 8, 5 ], "texture": "#cobble", "cullface": "up" },
				"east": { "uv": [ 8, 4, 10, 5 ], "texture": "#cobble", "cullface": "up" }
			}
		}
	]
}