{
	"credit": "Created by GrandMagus",
	"textures": {
		"particle": "block/pointed_dripstone_down_middle",
		"pointed_dripstone": "block/pointed_dripstone_down_middle",
		"dripstone": "block/dripstone_block"
	},
	"elements": [
		{
			"from": [4, 0, 4],
			"to": [12, 16, 12],
			"faces": {
				"north": {"uv": [4, 0, 12, 16], "texture": "#pointed_dripstone"},
				"east": {"uv": [4, 0, 12, 16], "texture": "#pointed_dripstone"},
				"south": {"uv": [4, 0, 12, 16], "texture": "#pointed_dripstone"},
				"west": {"uv": [4, 0, 12, 16], "texture": "#pointed_dripstone"},
				"up": {"uv": [4, 4, 12, 12], "texture": "#dripstone"},
				"down": {"uv": [4, 4, 12, 12], "texture": "#dripstone", "cullface": "down"}
			}
		}
	]
}