{
	"credit": "Created by GrandMagus",
	"textures": {
		"particle": "block/pointed_dripstone_up_tip",
		"pointed_dripstone": "block/pointed_dripstone_up_tip",
		"dripstone": "block/dripstone_block"
	},
	"elements": [
		{
			"from": [6, 0, 6],
			"to": [10, 5, 10],
			"faces": {
				"north": {"uv": [6, 11, 10, 16], "texture": "#pointed_dripstone"},
				"east": {"uv": [6, 11, 10, 16], "texture": "#pointed_dripstone"},
				"south": {"uv": [6, 11, 10, 16], "texture": "#pointed_dripstone"},
				"west": {"uv": [6, 11, 10, 16], "texture": "#pointed_dripstone"},
				"up": {"uv": [6, 6, 10, 10], "texture": "#dripstone"},
				"down": {"uv": [6, 6, 10, 10], "texture": "#dripstone", "cullface": "down"}
			}
		},
		{
			"from": [7, 5, 7],
			"to": [9, 11, 9],
			"faces": {
				"north": {"uv": [7, 5, 9, 11], "texture": "#pointed_dripstone"},
				"east": {"uv": [7, 5, 9, 11], "texture": "#pointed_dripstone"},
				"south": {"uv": [7, 5, 9, 11], "texture": "#pointed_dripstone"},
				"west": {"uv": [7, 5, 9, 11], "texture": "#pointed_dripstone"},
				"up": {"uv": [7, 7, 9, 9], "texture": "#dripstone"},
				"down": {"uv": [7, 7, 9, 9], "texture": "#dripstone", "cullface": "down"}
			}
		}
	]
}