{
	"credit": "Created by GrandMagus",
	"parent": "block/slab",
	"textures": {
		"particle": "block/polished_andesite",
		"texture": "block/polished_andesite"
	},
	"elements": [
		{
			"from": [ 0, 8, 0 ],
			"to": [ 16, 9, 16 ],
			"faces": {
				"down": { "uv": [ 0, 0, 16, 16 ], "texture": "#texture" },
				"north": { "uv": [ 0, 15, 16, 16 ], "texture": "#texture", "cullface": "north" },
				"south": { "uv": [ 0, 15, 16, 16 ], "texture": "#texture", "cullface": "south" },
				"west": { "uv": [ 0, 15, 16, 16 ], "texture": "#texture", "cullface": "west" },
				"east": { "uv": [ 0, 15, 16, 16 ], "texture": "#texture", "cullface": "east" }
			}
		},
		{
			"from": [ 0, 9, 0 ],
			"to": [ 16, 16, 16 ],
			"faces": {
				"up": { "uv": [ 0, 0, 16, 16 ], "texture": "#texture", "cullface": "up" },
				"north": { "uv": [ 0, 0, 16, 7 ], "texture": "#texture", "cullface": "north" },
				"south": { "uv": [ 0, 0, 16, 7 ], "texture": "#texture", "cullface": "south" },
				"west": { "uv": [ 0, 0, 16, 7 ], "texture": "#texture", "cullface": "west" },
				"east": { "uv": [ 0, 0, 16, 7 ], "texture": "#texture", "cullface": "east" }
			}
		}
	]
}