{
	"credit": "Created by GrandMagus",
	"parent": "block/slab",
	"textures": {
		"particle": "block/polished_andesite",
		"texture": "block/polished_andesite"
	},
	"elements": [
		{
			"from": [0, 0, 0],
			"to": [16, 7, 16],
			"faces": {
				"north": {"uv": [0, 9, 16, 16], "texture": "#texture", "cullface": "north"},
				"east": {"uv": [0, 9, 16, 16], "texture": "#texture", "cullface": "east"},
				"south": {"uv": [0, 9, 16, 16], "texture": "#texture", "cullface": "south"},
				"west": {"uv": [0, 9, 16, 16], "texture": "#texture", "cullface": "west"},
				"down": {"uv": [0, 0, 16, 16], "texture": "#texture", "cullface": "down"}
			}
		},
		{
			"from": [0, 7, 0],
			"to": [16, 8, 16],
			"faces": {
				"north": {"uv": [0, 0, 16, 1], "texture": "#texture", "cullface": "north"},
				"east": {"uv": [0, 0, 16, 1], "texture": "#texture", "cullface": "east"},
				"south": {"uv": [0, 0, 16, 1], "texture": "#texture", "cullface": "south"},
				"west": {"uv": [0, 0, 16, 1], "texture": "#texture", "cullface": "west"},
				"up": {"uv": [0, 0, 16, 16], "texture": "#texture"}
			}
		}
	]
}