{
    "credit": "Created by GrandMagus",
    "ambientocclusion": false,
    "textures": {
        "sleepers": "block/activator_rail_sleepers",
        "particle": "block/powered_rail",
        "rail": "block/powered_rail"
    },
    "elements": [
        {
            "from": [1, 0, 1],
            "to": [15, 1, 3],
            "rotation": {"angle": -45, "axis": "x", "origin": [0, 1, 0], "rescale": true},
            "faces": {
                "north": {"uv": [1, 1, 15, 2], "rotation": 180, "texture": "#sleepers"},
                "east": {"uv": [14, 1, 15, 3], "rotation": 90, "texture": "#sleepers"},
                "south": {"uv": [1, 2, 15, 3], "texture": "#sleepers"},
                "west": {"uv": [1, 1, 2, 3], "rotation": 270, "texture": "#sleepers"},
                "up": {"uv": [1, 1, 15, 3], "texture": "#sleepers"},
                "down": {"uv": [15, 1, 1, 3], "rotation": 180, "texture": "#sleepers"}
            }
        },
        {
            "from": [1, 0, 5],
            "to": [15, 1, 7],
            "rotation": {"angle": -45, "axis": "x", "origin": [0, 1, 0], "rescale": true},
            "faces": {
                "north": {"uv": [1, 5, 15, 6], "rotation": 180, "texture": "#sleepers"},
                "east": {"uv": [14, 5, 15, 7], "rotation": 90, "texture": "#sleepers"},
                "south": {"uv": [1, 6, 15, 7], "texture": "#sleepers"},
                "west": {"uv": [1, 5, 2, 7], "rotation": 270, "texture": "#sleepers"},
                "up": {"uv": [1, 5, 15, 7], "texture": "#sleepers"},
                "down": {"uv": [15, 5, 1, 7], "rotation": 180, "texture": "#sleepers"}
            }
        },
        {
            "from": [1, 0, 9],
            "to": [15, 1, 11],
            "rotation": {"angle": -45, "axis": "x", "origin": [0, 1, 0], "rescale": true},
            "faces": {
                "north": {"uv": [1, 9, 15, 10], "rotation": 180, "texture": "#sleepers"},
                "east": {"uv": [14, 9, 15, 11], "rotation": 90, "texture": "#sleepers"},
                "south": {"uv": [1, 10, 15, 11], "texture": "#sleepers"},
                "west": {"uv": [1, 9, 2, 11], "rotation": 270, "texture": "#sleepers"},
                "up": {"uv": [1, 9, 15, 11], "texture": "#sleepers"},
                "down": {"uv": [15, 9, 1, 11], "rotation": 180, "texture": "#sleepers"}
            }
        },
        {
            "from": [1, 0, 13],
            "to": [15, 1, 15],
            "rotation": {"angle": -45, "axis": "x", "origin": [0, 1, 0], "rescale": true},
            "faces": {
                "north": {"uv": [1, 13, 15, 14], "rotation": 180, "texture": "#sleepers"},
                "east": {"uv": [14, 13, 15, 15], "rotation": 90, "texture": "#sleepers"},
                "south": {"uv": [1, 14, 15, 15], "texture": "#sleepers"},
                "west": {"uv": [1, 13, 2, 15], "rotation": 270, "texture": "#sleepers"},
                "up": {"uv": [1, 13, 15, 15], "texture": "#sleepers"},
                "down": {"uv": [15, 13, 1, 15], "rotation": 180, "texture": "#sleepers"}
            }
        },
        {
            "from": [2, 1, 0],
            "to": [5, 2, 16],
            "rotation": {"angle": -45, "axis": "x", "origin": [0, 1, 0], "rescale": true},
            "faces": {
                "north": {"uv": [5, 0, 2, 1], "texture": "#rail"},
                "east": {"uv": [4, 0, 5, 16], "rotation": 90, "texture": "#rail"},
                "south": {"uv": [2, 15, 5, 16], "texture": "#rail"},
                "west": {"uv": [2, 0, 3, 16], "rotation": 90, "texture": "#rail"},
                "up": {"uv": [2, 0, 5, 16], "texture": "#rail"},
                "down": {"uv": [2, 0, 5, 16], "texture": "#rail"}
            }
        },
        {
            "from": [11, 1, 0],
            "to": [14, 2, 16],
            "rotation": {"angle": -45, "axis": "x", "origin": [0, 1, 0], "rescale": true},
            "faces": {
                "north": {"uv": [14, 0, 11, 1], "texture": "#rail"},
                "east": {"uv": [13, 0, 14, 16], "rotation": 270, "texture": "#rail"},
                "south": {"uv": [11, 15, 14, 16], "texture": "#rail"},
                "west": {"uv": [11, 0, 12, 16], "rotation": 270, "texture": "#rail"},
                "up": {"uv": [11, 0, 14, 16], "texture": "#rail"},
                "down": {"uv": [11, 0, 14, 16], "texture": "#rail"}
            }
        },
        {
            "from": [7, 0, 3],
            "to": [9, 1, 13],
            "rotation": {"angle": -45, "axis": "x", "origin": [0, 1, 0], "rescale": true},
            "faces": {
                "north": {"uv": [0, 0, 0, 0], "texture": "#sleepers"},
                "east": {"uv": [8, 3, 9, 13], "rotation": 90, "texture": "#sleepers"},
                "south": {"uv": [0, 0, 0, 0], "texture": "#sleepers"},
                "west": {"uv": [7, 3, 8, 13], "rotation": 270, "texture": "#sleepers"},
                "up": {"uv": [7, 3, 9, 13], "texture": "#sleepers"},
                "down": {"uv": [9, 3, 7, 13], "rotation": 180, "texture": "#sleepers"}
            }
        }
    ]
}