{
	"credit": "Created by GrandMagus",
	"parent": "minecraft:block/cube_all",
	"textures": {
		"all": "block/models/redstone_ore"
	},
	"elements": [
		{
			"from": [0, 0, 0],
			"to": [16, 16, 16],
			"faces": {
				"north": {"uv": [0, 0, 16, 16], "texture": "#all", "cullface": "north"},
				"east": {"uv": [0, 0, 16, 16], "texture": "#all", "cullface": "east"},
				"south": {"uv": [0, 0, 16, 16], "texture": "#all", "cullface": "south"},
				"west": {"uv": [0, 0, 16, 16], "texture": "#all", "cullface": "west"},
				"up": {"uv": [0, 0, 16, 16], "texture": "#all", "cullface": "up"},
				"down": {"uv": [0, 0, 16, 16], "texture": "#all", "cullface": "down"}
			}
		},
		{
			"from": [8, 11, -1],
			"to": [11, 12, 0],
			"rotation": {"angle": 0, "axis": "y", "origin": [8, 8, 8]},
			"faces": {
				"north": {"uv": [5, 4, 8, 5], "texture": "#all", "cullface": "north"},
				"east": {"uv": [5, 4, 6, 5], "texture": "#all", "cullface": "north"},
				"west": {"uv": [7, 4, 8, 5], "texture": "#all", "cullface": "north"},
				"up": {"uv": [8, 4, 5, 5], "texture": "#all", "cullface": "north"},
				"down": {"uv": [8, 4, 5, 5], "texture": "#all", "cullface": "north"}
			}
		},
		{
			"from": [2, 7, -1],
			"to": [4, 8, 0],
			"rotation": {"angle": 0, "axis": "y", "origin": [8, 8, 8]},
			"faces": {
				"north": {"uv": [12, 8, 14, 9], "texture": "#all", "cullface": "north"},
				"east": {"uv": [12, 8, 13, 9], "texture": "#all", "cullface": "north"},
				"west": {"uv": [13, 8, 14, 9], "texture": "#all", "cullface": "north"},
				"up": {"uv": [14, 8, 12, 9], "texture": "#all", "cullface": "north"},
				"down": {"uv": [14, 8, 12, 9], "texture": "#all", "cullface": "north"}
			}
		},
		{
			"from": [4, 7, -0.5],
			"to": [6, 8, 0],
			"rotation": {"angle": 0, "axis": "y", "origin": [8, 8, 8]},
			"faces": {
				"north": {"uv": [10, 8, 12, 9], "texture": "#all", "cullface": "north"},
				"east": {"uv": [10, 8, 10.5, 9], "texture": "#all", "cullface": "north"},
				"up": {"uv": [12, 8, 10, 8.5], "texture": "#all", "cullface": "north"},
				"down": {"uv": [12, 8, 10, 8.5], "texture": "#all", "cullface": "north"}
			}
		},
		{
			"from": [2, 6, -0.5],
			"to": [4, 7, 0],
			"rotation": {"angle": 0, "axis": "y", "origin": [8, 8, 8]},
			"faces": {
				"north": {"uv": [12, 9, 14, 10], "texture": "#all", "cullface": "north"},
				"east": {"uv": [12, 9, 12.5, 10], "texture": "#all", "cullface": "north"},
				"west": {"uv": [13, 9, 13.5, 10], "texture": "#all", "cullface": "north"},
				"down": {"uv": [14, 9, 12, 9.5], "texture": "#all", "cullface": "north"}
			}
		},
		{
			"from": [8, 10, -0.5],
			"to": [10, 11, 0],
			"rotation": {"angle": 0, "axis": "y", "origin": [8, 8, 8]},
			"faces": {
				"north": {"uv": [6, 5, 8, 6], "texture": "#all", "cullface": "north"},
				"east": {"uv": [7, 5, 8, 6], "texture": "#all", "cullface": "north"},
				"west": {"uv": [6, 5, 7, 6], "texture": "#all", "cullface": "north"},
				"down": {"uv": [8, 5, 6, 6], "texture": "#all", "cullface": "north"}
			}
		},
		{
			"from": [7, 11, -0.5],
			"to": [8, 12, 0],
			"rotation": {"angle": 0, "axis": "y", "origin": [8, 8, 8]},
			"faces": {
				"north": {"uv": [8, 4, 9, 5], "texture": "#all", "cullface": "north"},
				"west": {"uv": [8, 4, 8.5, 5], "texture": "#all", "cullface": "north"},
				"up": {"uv": [9, 4, 8, 4.5], "texture": "#all", "cullface": "north"},
				"down": {"uv": [9, 4, 8, 4.5], "texture": "#all", "cullface": "north"}
			}
		},
		{
			"from": [2, 10, -0.5],
			"to": [3, 11, 0],
			"rotation": {"angle": 0, "axis": "y", "origin": [8, 8, 8]},
			"faces": {
				"north": {"uv": [13, 5, 14, 6], "texture": "#all", "cullface": "north"},
				"east": {"uv": [13, 5, 13.5, 6], "texture": "#all", "cullface": "north"},
				"west": {"uv": [13, 5, 13.5, 6], "texture": "#all", "cullface": "north"},
				"up": {"uv": [14, 5, 13, 5.5], "texture": "#all", "cullface": "north"},
				"down": {"uv": [14, 5, 13, 5.5], "texture": "#all", "cullface": "north"}
			}
		},
		{
			"from": [13, 7, -0.5],
			"to": [14, 8, 0],
			"rotation": {"angle": 0, "axis": "y", "origin": [8, 8, 8]},
			"faces": {
				"north": {"uv": [2, 8, 3, 9], "texture": "#all", "cullface": "north"},
				"east": {"uv": [2, 8, 2.5, 9], "texture": "#all", "cullface": "north"},
				"west": {"uv": [2, 8, 2.5, 9], "texture": "#all", "cullface": "north"},
				"up": {"uv": [3, 8, 2, 8.5], "texture": "#all", "cullface": "north"},
				"down": {"uv": [3, 8, 2, 8.5], "texture": "#all", "cullface": "north"}
			}
		},
		{
			"from": [9, 3, -0.5],
			"to": [10, 4, 0],
			"rotation": {"angle": 0, "axis": "y", "origin": [8, 8, 8]},
			"faces": {
				"north": {"uv": [6, 12, 7, 13], "texture": "#all", "cullface": "north"},
				"west": {"uv": [6, 12, 6.5, 13], "texture": "#all", "cullface": "north"},
				"up": {"uv": [7, 12, 6, 12.5], "texture": "#all", "cullface": "north"},
				"down": {"uv": [7, 12, 6, 12.5], "texture": "#all", "cullface": "north"}
			}
		},
		{
			"from": [11, 11, -0.5],
			"to": [12, 12, 0],
			"rotation": {"angle": 0, "axis": "y", "origin": [8, 8, 8]},
			"faces": {
				"north": {"uv": [4, 4, 5, 5], "texture": "#all", "cullface": "north"},
				"east": {"uv": [4, 4, 4.5, 5], "texture": "#all", "cullface": "north"},
				"up": {"uv": [5, 4, 4, 4.5], "texture": "#all", "cullface": "north"},
				"down": {"uv": [5, 4, 4, 4.5], "texture": "#all", "cullface": "north"}
			}
		},
		{
			"from": [10, 2, -1],
			"to": [11, 3, 0],
			"rotation": {"angle": 0, "axis": "y", "origin": [8, 8, 8]},
			"faces": {
				"north": {"uv": [5, 13, 6, 14], "texture": "#all", "cullface": "north"},
				"east": {"uv": [5, 13, 5.5, 14], "texture": "#all", "cullface": "north"},
				"west": {"uv": [5, 13, 5.5, 14], "texture": "#all", "cullface": "north"},
				"up": {"uv": [6, 13, 5, 13.5], "texture": "#all", "cullface": "north"},
				"down": {"uv": [6, 13, 5, 13.5], "texture": "#all", "cullface": "north"}
			}
		},
		{
			"from": [10, 2, -0.5],
			"to": [12, 4, 0],
			"rotation": {"angle": 0, "axis": "y", "origin": [8, 8, 8]},
			"faces": {
				"north": {"uv": [4, 12, 6, 14], "texture": "#all", "cullface": "north"},
				"east": {"uv": [4, 12, 4.5, 14], "texture": "#all", "cullface": "north"},
				"west": {"uv": [5, 12, 5.5, 14], "texture": "#all", "cullface": "north"},
				"up": {"uv": [6, 12, 4, 12.5], "texture": "#all", "cullface": "north"},
				"down": {"uv": [6, 13, 4, 13.5], "texture": "#all", "cullface": "north"}
			}
		},
		{
			"from": [16, 2, 10],
			"to": [16.5, 4, 12],
			"rotation": {"angle": 0, "axis": "y", "origin": [8, 8, 8]},
			"faces": {
				"north": {"uv": [5, 12, 5.5, 14], "texture": "#all", "cullface": "east"},
				"east": {"uv": [4, 12, 6, 14], "texture": "#all", "cullface": "east"},
				"south": {"uv": [4, 12, 4.5, 14], "texture": "#all", "cullface": "east"},
				"up": {"uv": [6, 12, 4, 12.5], "rotation": 90, "texture": "#all", "cullface": "east"},
				"down": {"uv": [6, 13, 4, 13.5], "rotation": 270, "texture": "#all", "cullface": "east"}
			}
		},
		{
			"from": [16, 11, 8],
			"to": [17, 12, 11],
			"rotation": {"angle": 0, "axis": "y", "origin": [8, 8, 8]},
			"faces": {
				"north": {"uv": [7, 4, 8, 5], "texture": "#all", "cullface": "east"},
				"east": {"uv": [5, 4, 8, 5], "texture": "#all", "cullface": "east"},
				"south": {"uv": [5, 4, 6, 5], "texture": "#all", "cullface": "east"},
				"up": {"uv": [8, 4, 5, 5], "rotation": 90, "texture": "#all", "cullface": "east"},
				"down": {"uv": [8, 4, 5, 5], "rotation": 270, "texture": "#all", "cullface": "east"}
			}
		},
		{
			"from": [16, 7, 2],
			"to": [17, 8, 4],
			"rotation": {"angle": 0, "axis": "y", "origin": [8, 8, 8]},
			"faces": {
				"north": {"uv": [13, 8, 14, 9], "texture": "#all", "cullface": "east"},
				"east": {"uv": [12, 8, 14, 9], "texture": "#all", "cullface": "east"},
				"south": {"uv": [12, 8, 13, 9], "texture": "#all", "cullface": "east"},
				"up": {"uv": [14, 8, 12, 9], "rotation": 90, "texture": "#all", "cullface": "east"},
				"down": {"uv": [14, 8, 12, 9], "rotation": 270, "texture": "#all", "cullface": "east"}
			}
		},
		{
			"from": [16, 7, 4],
			"to": [16.5, 8, 6],
			"rotation": {"angle": 0, "axis": "y", "origin": [8, 8, 8]},
			"faces": {
				"east": {"uv": [10, 8, 12, 9], "texture": "#all", "cullface": "east"},
				"south": {"uv": [10, 8, 10.5, 9], "texture": "#all", "cullface": "east"},
				"up": {"uv": [12, 8, 10, 8.5], "rotation": 90, "texture": "#all", "cullface": "east"},
				"down": {"uv": [12, 8, 10, 8.5], "rotation": 270, "texture": "#all", "cullface": "east"}
			}
		},
		{
			"from": [16, 6, 2],
			"to": [16.5, 7, 4],
			"rotation": {"angle": 0, "axis": "y", "origin": [8, 8, 8]},
			"faces": {
				"north": {"uv": [13, 9, 13.5, 10], "texture": "#all", "cullface": "east"},
				"east": {"uv": [12, 9, 14, 10], "texture": "#all", "cullface": "east"},
				"south": {"uv": [12, 9, 12.5, 10], "texture": "#all", "cullface": "east"},
				"down": {"uv": [14, 9, 12, 9.5], "rotation": 270, "texture": "#all", "cullface": "east"}
			}
		},
		{
			"from": [16, 10, 8],
			"to": [16.5, 11, 10],
			"rotation": {"angle": 0, "axis": "y", "origin": [8, 8, 8]},
			"faces": {
				"north": {"uv": [6, 5, 7, 6], "texture": "#all", "cullface": "east"},
				"east": {"uv": [6, 5, 8, 6], "texture": "#all", "cullface": "east"},
				"south": {"uv": [7, 5, 8, 6], "texture": "#all", "cullface": "east"},
				"down": {"uv": [8, 5, 6, 6], "rotation": 270, "texture": "#all", "cullface": "east"}
			}
		},
		{
			"from": [16, 11, 7],
			"to": [16.5, 12, 8],
			"rotation": {"angle": 0, "axis": "y", "origin": [8, 8, 8]},
			"faces": {
				"north": {"uv": [8, 4, 8.5, 5], "texture": "#all", "cullface": "east"},
				"east": {"uv": [8, 4, 9, 5], "texture": "#all", "cullface": "east"},
				"up": {"uv": [9, 4, 8, 4.5], "rotation": 90, "texture": "#all", "cullface": "east"},
				"down": {"uv": [9, 4, 8, 4.5], "rotation": 270, "texture": "#all", "cullface": "east"}
			}
		},
		{
			"from": [16, 10, 2],
			"to": [16.5, 11, 3],
			"rotation": {"angle": 0, "axis": "y", "origin": [8, 8, 8]},
			"faces": {
				"north": {"uv": [13, 5, 13.5, 6], "texture": "#all", "cullface": "east"},
				"east": {"uv": [13, 5, 14, 6], "texture": "#all", "cullface": "east"},
				"south": {"uv": [13, 5, 13.5, 6], "texture": "#all", "cullface": "east"},
				"up": {"uv": [14, 5, 13, 5.5], "rotation": 90, "texture": "#all", "cullface": "east"},
				"down": {"uv": [14, 5, 13, 5.5], "rotation": 270, "texture": "#all", "cullface": "east"}
			}
		},
		{
			"from": [16, 7, 13],
			"to": [16.5, 8, 14],
			"rotation": {"angle": 0, "axis": "y", "origin": [8, 8, 8]},
			"faces": {
				"north": {"uv": [2, 8, 2.5, 9], "texture": "#all", "cullface": "east"},
				"east": {"uv": [2, 8, 3, 9], "texture": "#all", "cullface": "east"},
				"south": {"uv": [2, 8, 2.5, 9], "texture": "#all", "cullface": "east"},
				"up": {"uv": [3, 8, 2, 8.5], "rotation": 90, "texture": "#all", "cullface": "east"},
				"down": {"uv": [3, 8, 2, 8.5], "rotation": 270, "texture": "#all", "cullface": "east"}
			}
		},
		{
			"from": [16, 3, 9],
			"to": [16.5, 4, 10],
			"rotation": {"angle": 0, "axis": "y", "origin": [8, 8, 8]},
			"faces": {
				"north": {"uv": [6, 12, 6.5, 13], "texture": "#all", "cullface": "east"},
				"east": {"uv": [6, 12, 7, 13], "texture": "#all", "cullface": "east"},
				"up": {"uv": [7, 12, 6, 12.5], "rotation": 90, "texture": "#all", "cullface": "east"},
				"down": {"uv": [7, 12, 6, 12.5], "rotation": 270, "texture": "#all", "cullface": "east"}
			}
		},
		{
			"from": [16, 11, 11],
			"to": [16.5, 12, 12],
			"rotation": {"angle": 0, "axis": "y", "origin": [8, 8, 8]},
			"faces": {
				"east": {"uv": [4, 4, 5, 5], "texture": "#all", "cullface": "east"},
				"south": {"uv": [4, 4, 4.5, 5], "texture": "#all", "cullface": "east"},
				"up": {"uv": [5, 4, 4, 4.5], "rotation": 90, "texture": "#all", "cullface": "east"},
				"down": {"uv": [5, 4, 4, 4.5], "rotation": 270, "texture": "#all", "cullface": "east"}
			}
		},
		{
			"from": [16, 2, 10],
			"to": [17, 3, 11],
			"rotation": {"angle": 0, "axis": "y", "origin": [8, 8, 8]},
			"faces": {
				"north": {"uv": [5, 13, 5.5, 14], "texture": "#all", "cullface": "east"},
				"east": {"uv": [5, 13, 6, 14], "texture": "#all", "cullface": "east"},
				"south": {"uv": [5, 13, 5.5, 14], "texture": "#all", "cullface": "east"},
				"up": {"uv": [6, 13, 5, 13.5], "rotation": 90, "texture": "#all", "cullface": "east"},
				"down": {"uv": [6, 13, 5, 13.5], "rotation": 270, "texture": "#all", "cullface": "east"}
			}
		},
		{
			"from": [4, 2, 16],
			"to": [6, 4, 16.5],
			"rotation": {"angle": 0, "axis": "y", "origin": [8, 8, 8]},
			"faces": {
				"east": {"uv": [5, 12, 5.5, 14], "texture": "#all", "cullface": "south"},
				"south": {"uv": [4, 12, 6, 14], "texture": "#all", "cullface": "south"},
				"west": {"uv": [4, 12, 4.5, 14], "texture": "#all", "cullface": "south"},
				"up": {"uv": [6, 12, 4, 12.5], "rotation": 180, "texture": "#all", "cullface": "south"},
				"down": {"uv": [6, 13, 4, 13.5], "rotation": 180, "texture": "#all", "cullface": "south"}
			}
		},
		{
			"from": [5, 11, 16],
			"to": [8, 12, 17],
			"rotation": {"angle": 0, "axis": "y", "origin": [8, 8, 8]},
			"faces": {
				"east": {"uv": [7, 4, 8, 5], "texture": "#all", "cullface": "south"},
				"south": {"uv": [5, 4, 8, 5], "texture": "#all", "cullface": "south"},
				"west": {"uv": [5, 4, 6, 5], "texture": "#all", "cullface": "south"},
				"up": {"uv": [8, 4, 5, 5], "rotation": 180, "texture": "#all", "cullface": "south"},
				"down": {"uv": [8, 4, 5, 5], "rotation": 180, "texture": "#all", "cullface": "south"}
			}
		},
		{
			"from": [12, 7, 16],
			"to": [14, 8, 17],
			"rotation": {"angle": 0, "axis": "y", "origin": [8, 8, 8]},
			"faces": {
				"east": {"uv": [13, 8, 14, 9], "texture": "#all", "cullface": "south"},
				"south": {"uv": [12, 8, 14, 9], "texture": "#all", "cullface": "south"},
				"west": {"uv": [12, 8, 13, 9], "texture": "#all", "cullface": "south"},
				"up": {"uv": [14, 8, 12, 9], "rotation": 180, "texture": "#all", "cullface": "south"},
				"down": {"uv": [14, 8, 12, 9], "rotation": 180, "texture": "#all", "cullface": "south"}
			}
		},
		{
			"from": [10, 7, 16],
			"to": [12, 8, 16.5],
			"rotation": {"angle": 0, "axis": "y", "origin": [8, 8, 8]},
			"faces": {
				"south": {"uv": [10, 8, 12, 9], "texture": "#all", "cullface": "south"},
				"west": {"uv": [10, 8, 10.5, 9], "texture": "#all", "cullface": "south"},
				"up": {"uv": [12, 8, 10, 8.5], "rotation": 180, "texture": "#all", "cullface": "south"},
				"down": {"uv": [12, 8, 10, 8.5], "rotation": 180, "texture": "#all", "cullface": "south"}
			}
		},
		{
			"from": [12, 6, 16],
			"to": [14, 7, 16.5],
			"rotation": {"angle": 0, "axis": "y", "origin": [8, 8, 8]},
			"faces": {
				"east": {"uv": [13, 9, 13.5, 10], "texture": "#all", "cullface": "south"},
				"south": {"uv": [12, 9, 14, 10], "texture": "#all", "cullface": "south"},
				"west": {"uv": [12, 9, 12.5, 10], "texture": "#all", "cullface": "south"},
				"down": {"uv": [14, 9, 12, 9.5], "rotation": 180, "texture": "#all", "cullface": "south"}
			}
		},
		{
			"from": [6, 10, 16],
			"to": [8, 11, 16.5],
			"rotation": {"angle": 0, "axis": "y", "origin": [8, 8, 8]},
			"faces": {
				"east": {"uv": [6, 5, 7, 6], "texture": "#all", "cullface": "south"},
				"south": {"uv": [6, 5, 8, 6], "texture": "#all", "cullface": "south"},
				"west": {"uv": [7, 5, 8, 6], "texture": "#all", "cullface": "south"},
				"down": {"uv": [8, 5, 6, 6], "rotation": 180, "texture": "#all", "cullface": "south"}
			}
		},
		{
			"from": [8, 11, 16],
			"to": [9, 12, 16.5],
			"rotation": {"angle": 0, "axis": "y", "origin": [8, 8, 8]},
			"faces": {
				"east": {"uv": [8, 4, 8.5, 5], "texture": "#all", "cullface": "south"},
				"south": {"uv": [8, 4, 9, 5], "texture": "#all", "cullface": "south"},
				"up": {"uv": [9, 4, 8, 4.5], "rotation": 180, "texture": "#all", "cullface": "south"},
				"down": {"uv": [9, 4, 8, 4.5], "rotation": 180, "texture": "#all", "cullface": "south"}
			}
		},
		{
			"from": [13, 10, 16],
			"to": [14, 11, 16.5],
			"rotation": {"angle": 0, "axis": "y", "origin": [8, 8, 8]},
			"faces": {
				"east": {"uv": [13, 5, 13.5, 6], "texture": "#all", "cullface": "south"},
				"south": {"uv": [13, 5, 14, 6], "texture": "#all", "cullface": "south"},
				"west": {"uv": [13, 5, 13.5, 6], "texture": "#all", "cullface": "south"},
				"up": {"uv": [14, 5, 13, 5.5], "rotation": 180, "texture": "#all", "cullface": "south"},
				"down": {"uv": [14, 5, 13, 5.5], "rotation": 180, "texture": "#all", "cullface": "south"}
			}
		},
		{
			"from": [2, 7, 16],
			"to": [3, 8, 16.5],
			"rotation": {"angle": 0, "axis": "y", "origin": [8, 8, 8]},
			"faces": {
				"east": {"uv": [2, 8, 2.5, 9], "texture": "#all", "cullface": "south"},
				"south": {"uv": [2, 8, 3, 9], "texture": "#all", "cullface": "south"},
				"west": {"uv": [2, 8, 2.5, 9], "texture": "#all", "cullface": "south"},
				"up": {"uv": [3, 8, 2, 8.5], "rotation": 180, "texture": "#all", "cullface": "south"},
				"down": {"uv": [3, 8, 2, 8.5], "rotation": 180, "texture": "#all", "cullface": "south"}
			}
		},
		{
			"from": [6, 3, 16],
			"to": [7, 4, 16.5],
			"rotation": {"angle": 0, "axis": "y", "origin": [8, 8, 8]},
			"faces": {
				"east": {"uv": [6, 12, 6.5, 13], "texture": "#all", "cullface": "south"},
				"south": {"uv": [6, 12, 7, 13], "texture": "#all", "cullface": "south"},
				"up": {"uv": [7, 12, 6, 12.5], "rotation": 180, "texture": "#all", "cullface": "south"},
				"down": {"uv": [7, 12, 6, 12.5], "rotation": 180, "texture": "#all", "cullface": "south"}
			}
		},
		{
			"from": [4, 11, 16],
			"to": [5, 12, 16.5],
			"rotation": {"angle": 0, "axis": "y", "origin": [8, 8, 8]},
			"faces": {
				"south": {"uv": [4, 4, 5, 5], "texture": "#all", "cullface": "south"},
				"west": {"uv": [4, 4, 4.5, 5], "texture": "#all", "cullface": "south"},
				"up": {"uv": [5, 4, 4, 4.5], "rotation": 180, "texture": "#all", "cullface": "south"},
				"down": {"uv": [5, 4, 4, 4.5], "rotation": 180, "texture": "#all", "cullface": "south"}
			}
		},
		{
			"from": [5, 2, 16],
			"to": [6, 3, 17],
			"rotation": {"angle": 0, "axis": "y", "origin": [8, 8, 8]},
			"faces": {
				"east": {"uv": [5, 13, 5.5, 14], "texture": "#all", "cullface": "south"},
				"south": {"uv": [5, 13, 6, 14], "texture": "#all", "cullface": "south"},
				"west": {"uv": [5, 13, 5.5, 14], "texture": "#all", "cullface": "south"},
				"up": {"uv": [6, 13, 5, 13.5], "rotation": 180, "texture": "#all", "cullface": "south"},
				"down": {"uv": [6, 13, 5, 13.5], "rotation": 180, "texture": "#all", "cullface": "south"}
			}
		},
		{
			"from": [-0.5, 2, 4],
			"to": [0, 4, 6],
			"rotation": {"angle": 0, "axis": "y", "origin": [8, 8, 8]},
			"faces": {
				"north": {"uv": [4, 12, 4.5, 14], "texture": "#all", "cullface": "west"},
				"south": {"uv": [5, 12, 5.5, 14], "texture": "#all", "cullface": "west"},
				"west": {"uv": [4, 12, 6, 14], "texture": "#all", "cullface": "west"},
				"up": {"uv": [6, 12, 4, 12.5], "rotation": 270, "texture": "#all", "cullface": "west"},
				"down": {"uv": [6, 13, 4, 13.5], "rotation": 90, "texture": "#all", "cullface": "west"}
			}
		},
		{
			"from": [-1, 11, 5],
			"to": [0, 12, 8],
			"rotation": {"angle": 0, "axis": "y", "origin": [8, 8, 8]},
			"faces": {
				"north": {"uv": [5, 4, 6, 5], "texture": "#all", "cullface": "west"},
				"south": {"uv": [7, 4, 8, 5], "texture": "#all", "cullface": "west"},
				"west": {"uv": [5, 4, 8, 5], "texture": "#all", "cullface": "west"},
				"up": {"uv": [8, 4, 5, 5], "rotation": 270, "texture": "#all", "cullface": "west"},
				"down": {"uv": [8, 4, 5, 5], "rotation": 90, "texture": "#all", "cullface": "west"}
			}
		},
		{
			"from": [-1, 7, 12],
			"to": [0, 8, 14],
			"rotation": {"angle": 0, "axis": "y", "origin": [8, 8, 8]},
			"faces": {
				"north": {"uv": [12, 8, 13, 9], "texture": "#all", "cullface": "west"},
				"south": {"uv": [13, 8, 14, 9], "texture": "#all", "cullface": "west"},
				"west": {"uv": [12, 8, 14, 9], "texture": "#all", "cullface": "west"},
				"up": {"uv": [14, 8, 12, 9], "rotation": 270, "texture": "#all", "cullface": "west"},
				"down": {"uv": [14, 8, 12, 9], "rotation": 90, "texture": "#all", "cullface": "west"}
			}
		},
		{
			"from": [-0.5, 7, 10],
			"to": [0, 8, 12],
			"rotation": {"angle": 0, "axis": "y", "origin": [8, 8, 8]},
			"faces": {
				"north": {"uv": [10, 8, 10.5, 9], "texture": "#all", "cullface": "west"},
				"west": {"uv": [10, 8, 12, 9], "texture": "#all", "cullface": "west"},
				"up": {"uv": [12, 8, 10, 8.5], "rotation": 270, "texture": "#all", "cullface": "west"},
				"down": {"uv": [12, 8, 10, 8.5], "rotation": 90, "texture": "#all", "cullface": "west"}
			}
		},
		{
			"from": [-0.5, 6, 12],
			"to": [0, 7, 14],
			"rotation": {"angle": 0, "axis": "y", "origin": [8, 8, 8]},
			"faces": {
				"north": {"uv": [12, 9, 12.5, 10], "texture": "#all", "cullface": "west"},
				"south": {"uv": [13, 9, 13.5, 10], "texture": "#all", "cullface": "west"},
				"west": {"uv": [12, 9, 14, 10], "texture": "#all", "cullface": "west"},
				"down": {"uv": [14, 9, 12, 9.5], "rotation": 90, "texture": "#all", "cullface": "west"}
			}
		},
		{
			"from": [-0.5, 10, 6],
			"to": [0, 11, 8],
			"rotation": {"angle": 0, "axis": "y", "origin": [8, 8, 8]},
			"faces": {
				"north": {"uv": [7, 5, 8, 6], "texture": "#all", "cullface": "west"},
				"south": {"uv": [6, 5, 7, 6], "texture": "#all", "cullface": "west"},
				"west": {"uv": [6, 5, 8, 6], "texture": "#all", "cullface": "west"},
				"down": {"uv": [8, 5, 6, 6], "rotation": 90, "texture": "#all", "cullface": "west"}
			}
		},
		{
			"from": [-0.5, 11, 8],
			"to": [0, 12, 9],
			"rotation": {"angle": 0, "axis": "y", "origin": [8, 8, 8]},
			"faces": {
				"south": {"uv": [8, 4, 8.5, 5], "texture": "#all", "cullface": "west"},
				"west": {"uv": [8, 4, 9, 5], "texture": "#all", "cullface": "west"},
				"up": {"uv": [9, 4, 8, 4.5], "rotation": 270, "texture": "#all", "cullface": "west"},
				"down": {"uv": [9, 4, 8, 4.5], "rotation": 90, "texture": "#all", "cullface": "west"}
			}
		},
		{
			"from": [-0.5, 10, 13],
			"to": [0, 11, 14],
			"rotation": {"angle": 0, "axis": "y", "origin": [8, 8, 8]},
			"faces": {
				"north": {"uv": [13, 5, 13.5, 6], "texture": "#all", "cullface": "west"},
				"south": {"uv": [13, 5, 13.5, 6], "texture": "#all", "cullface": "west"},
				"west": {"uv": [13, 5, 14, 6], "texture": "#all", "cullface": "west"},
				"up": {"uv": [14, 5, 13, 5.5], "rotation": 270, "texture": "#all", "cullface": "west"},
				"down": {"uv": [14, 5, 13, 5.5], "rotation": 90, "texture": "#all", "cullface": "west"}
			}
		},
		{
			"from": [-0.5, 7, 2],
			"to": [0, 8, 3],
			"rotation": {"angle": 0, "axis": "y", "origin": [8, 8, 8]},
			"faces": {
				"north": {"uv": [2, 8, 2.5, 9], "texture": "#all", "cullface": "west"},
				"south": {"uv": [2, 8, 2.5, 9], "texture": "#all", "cullface": "west"},
				"west": {"uv": [2, 8, 3, 9], "texture": "#all", "cullface": "west"},
				"up": {"uv": [3, 8, 2, 8.5], "rotation": 270, "texture": "#all", "cullface": "west"},
				"down": {"uv": [3, 8, 2, 8.5], "rotation": 90, "texture": "#all", "cullface": "west"}
			}
		},
		{
			"from": [-0.5, 3, 6],
			"to": [0, 4, 7],
			"rotation": {"angle": 0, "axis": "y", "origin": [8, 8, 8]},
			"faces": {
				"south": {"uv": [6, 12, 6.5, 13], "texture": "#all", "cullface": "west"},
				"west": {"uv": [6, 12, 7, 13], "texture": "#all", "cullface": "west"},
				"up": {"uv": [7, 12, 6, 12.5], "rotation": 270, "texture": "#all", "cullface": "west"},
				"down": {"uv": [7, 12, 6, 12.5], "rotation": 90, "texture": "#all", "cullface": "west"}
			}
		},
		{
			"from": [-0.5, 11, 4],
			"to": [0, 12, 5],
			"rotation": {"angle": 0, "axis": "y", "origin": [8, 8, 8]},
			"faces": {
				"north": {"uv": [4, 4, 4.5, 5], "texture": "#all", "cullface": "west"},
				"west": {"uv": [4, 4, 5, 5], "texture": "#all", "cullface": "west"},
				"up": {"uv": [5, 4, 4, 4.5], "rotation": 270, "texture": "#all", "cullface": "west"},
				"down": {"uv": [5, 4, 4, 4.5], "rotation": 90, "texture": "#all", "cullface": "west"}
			}
		},
		{
			"from": [-1, 2, 5],
			"to": [0, 3, 6],
			"rotation": {"angle": 0, "axis": "y", "origin": [8, 8, 8]},
			"faces": {
				"north": {"uv": [5, 13, 5.5, 14], "texture": "#all", "cullface": "west"},
				"south": {"uv": [5, 13, 5.5, 14], "texture": "#all", "cullface": "west"},
				"west": {"uv": [5, 13, 6, 14], "texture": "#all", "cullface": "west"},
				"up": {"uv": [6, 13, 5, 13.5], "rotation": 270, "texture": "#all", "cullface": "west"},
				"down": {"uv": [6, 13, 5, 13.5], "rotation": 90, "texture": "#all", "cullface": "west"}
			}
		},
		{
			"from": [4, 16, 12],
			"to": [6, 16.5, 14],
			"rotation": {"angle": 0, "axis": "x", "origin": [8, 8, 8]},
			"faces": {
				"north": {"uv": [6, 12, 4, 12.5], "texture": "#all", "cullface": "up"},
				"east": {"uv": [5, 12, 5.5, 14], "rotation": 90, "texture": "#all", "cullface": "up"},
				"south": {"uv": [6, 13, 4, 13.5], "rotation": 180, "texture": "#all", "cullface": "up"},
				"west": {"uv": [4, 12, 4.5, 14], "rotation": 270, "texture": "#all", "cullface": "up"},
				"up": {"uv": [4, 12, 6, 14], "texture": "#all", "cullface": "up"}
			}
		},
		{
			"from": [5, 16, 4],
			"to": [8, 17, 5],
			"rotation": {"angle": 0, "axis": "x", "origin": [8, 8, 8]},
			"faces": {
				"north": {"uv": [8, 4, 5, 5], "texture": "#all", "cullface": "up"},
				"east": {"uv": [7, 4, 8, 5], "rotation": 90, "texture": "#all", "cullface": "up"},
				"south": {"uv": [8, 4, 5, 5], "rotation": 180, "texture": "#all", "cullface": "up"},
				"west": {"uv": [5, 4, 6, 5], "rotation": 270, "texture": "#all", "cullface": "up"},
				"up": {"uv": [5, 4, 8, 5], "texture": "#all", "cullface": "up"}
			}
		},
		{
			"from": [12, 16, 8],
			"to": [14, 17, 9],
			"rotation": {"angle": 0, "axis": "x", "origin": [8, 8, 8]},
			"faces": {
				"north": {"uv": [14, 8, 12, 9], "texture": "#all", "cullface": "up"},
				"east": {"uv": [13, 8, 14, 9], "rotation": 90, "texture": "#all", "cullface": "up"},
				"south": {"uv": [14, 8, 12, 9], "rotation": 180, "texture": "#all", "cullface": "up"},
				"west": {"uv": [12, 8, 13, 9], "rotation": 270, "texture": "#all", "cullface": "up"},
				"up": {"uv": [12, 8, 14, 9], "texture": "#all", "cullface": "up"}
			}
		},
		{
			"from": [10, 16, 8],
			"to": [12, 16.5, 9],
			"rotation": {"angle": 0, "axis": "x", "origin": [8, 8, 8]},
			"faces": {
				"north": {"uv": [12, 8, 10, 8.5], "texture": "#all", "cullface": "up"},
				"south": {"uv": [12, 8, 10, 8.5], "rotation": 180, "texture": "#all", "cullface": "up"},
				"west": {"uv": [10, 8, 10.5, 9], "rotation": 270, "texture": "#all", "cullface": "up"},
				"up": {"uv": [10, 8, 12, 9], "texture": "#all", "cullface": "up"}
			}
		},
		{
			"from": [12, 16, 9],
			"to": [14, 16.5, 10],
			"rotation": {"angle": 0, "axis": "x", "origin": [8, 8, 8]},
			"faces": {
				"east": {"uv": [13, 9, 13.5, 10], "rotation": 90, "texture": "#all", "cullface": "up"},
				"south": {"uv": [14, 9, 12, 9.5], "rotation": 180, "texture": "#all", "cullface": "up"},
				"west": {"uv": [12, 9, 12.5, 10], "rotation": 270, "texture": "#all", "cullface": "up"},
				"up": {"uv": [12, 9, 14, 10], "texture": "#all", "cullface": "up"}
			}
		},
		{
			"from": [6, 16, 5],
			"to": [8, 16.5, 6],
			"rotation": {"angle": 0, "axis": "x", "origin": [8, 8, 8]},
			"faces": {
				"east": {"uv": [6, 5, 7, 6], "rotation": 90, "texture": "#all", "cullface": "up"},
				"south": {"uv": [8, 5, 6, 6], "rotation": 180, "texture": "#all", "cullface": "up"},
				"west": {"uv": [7, 5, 8, 6], "rotation": 270, "texture": "#all", "cullface": "up"},
				"up": {"uv": [6, 5, 8, 6], "texture": "#all", "cullface": "up"}
			}
		},
		{
			"from": [8, 16, 4],
			"to": [9, 16.5, 5],
			"rotation": {"angle": 0, "axis": "x", "origin": [8, 8, 8]},
			"faces": {
				"north": {"uv": [9, 4, 8, 4.5], "texture": "#all", "cullface": "up"},
				"east": {"uv": [8, 4, 8.5, 5], "rotation": 90, "texture": "#all", "cullface": "up"},
				"south": {"uv": [9, 4, 8, 4.5], "rotation": 180, "texture": "#all", "cullface": "up"},
				"up": {"uv": [8, 4, 9, 5], "texture": "#all", "cullface": "up"}
			}
		},
		{
			"from": [13, 16, 5],
			"to": [14, 16.5, 6],
			"rotation": {"angle": 0, "axis": "x", "origin": [8, 8, 8]},
			"faces": {
				"north": {"uv": [14, 5, 13, 5.5], "texture": "#all", "cullface": "up"},
				"east": {"uv": [13, 5, 13.5, 6], "rotation": 90, "texture": "#all", "cullface": "up"},
				"south": {"uv": [14, 5, 13, 5.5], "rotation": 180, "texture": "#all", "cullface": "up"},
				"west": {"uv": [13, 5, 13.5, 6], "rotation": 270, "texture": "#all", "cullface": "up"},
				"up": {"uv": [13, 5, 14, 6], "texture": "#all", "cullface": "up"}
			}
		},
		{
			"from": [2, 16, 8],
			"to": [3, 16.5, 9],
			"rotation": {"angle": 0, "axis": "x", "origin": [8, 8, 8]},
			"faces": {
				"north": {"uv": [3, 8, 2, 8.5], "texture": "#all", "cullface": "up"},
				"east": {"uv": [2, 8, 2.5, 9], "rotation": 90, "texture": "#all", "cullface": "up"},
				"south": {"uv": [3, 8, 2, 8.5], "rotation": 180, "texture": "#all", "cullface": "up"},
				"west": {"uv": [2, 8, 2.5, 9], "rotation": 270, "texture": "#all", "cullface": "up"},
				"up": {"uv": [2, 8, 3, 9], "texture": "#all", "cullface": "up"}
			}
		},
		{
			"from": [6, 16, 12],
			"to": [7, 16.5, 13],
			"rotation": {"angle": 0, "axis": "x", "origin": [8, 8, 8]},
			"faces": {
				"north": {"uv": [7, 12, 6, 12.5], "texture": "#all", "cullface": "up"},
				"east": {"uv": [6, 12, 6.5, 13], "rotation": 90, "texture": "#all", "cullface": "up"},
				"south": {"uv": [7, 12, 6, 12.5], "rotation": 180, "texture": "#all", "cullface": "up"},
				"up": {"uv": [6, 12, 7, 13], "texture": "#all", "cullface": "up"}
			}
		},
		{
			"from": [4, 16, 4],
			"to": [5, 16.5, 5],
			"rotation": {"angle": 0, "axis": "x", "origin": [8, 8, 8]},
			"faces": {
				"north": {"uv": [5, 4, 4, 4.5], "texture": "#all", "cullface": "up"},
				"south": {"uv": [5, 4, 4, 4.5], "rotation": 180, "texture": "#all", "cullface": "up"},
				"west": {"uv": [4, 4, 4.5, 5], "rotation": 270, "texture": "#all", "cullface": "up"},
				"up": {"uv": [4, 4, 5, 5], "texture": "#all", "cullface": "up"}
			}
		},
		{
			"from": [5, 16, 13],
			"to": [6, 17, 14],
			"rotation": {"angle": 0, "axis": "x", "origin": [8, 8, 8]},
			"faces": {
				"north": {"uv": [6, 13, 5, 13.5], "texture": "#all", "cullface": "up"},
				"east": {"uv": [5, 13, 5.5, 14], "rotation": 90, "texture": "#all", "cullface": "up"},
				"south": {"uv": [6, 13, 5, 13.5], "rotation": 180, "texture": "#all", "cullface": "up"},
				"west": {"uv": [5, 13, 5.5, 14], "rotation": 270, "texture": "#all", "cullface": "up"},
				"up": {"uv": [5, 13, 6, 14], "texture": "#all", "cullface": "up"}
			}
		},
		{
			"from": [4, -0.5, 2],
			"to": [6, 0, 4],
			"rotation": {"angle": 0, "axis": "x", "origin": [8, 8, 8]},
			"faces": {
				"north": {"uv": [6, 13, 4, 13.5], "texture": "#all", "cullface": "down"},
				"east": {"uv": [5, 12, 5.5, 14], "rotation": 270, "texture": "#all", "cullface": "down"},
				"south": {"uv": [6, 12, 4, 12.5], "rotation": 180, "texture": "#all", "cullface": "down"},
				"west": {"uv": [4, 12, 4.5, 14], "rotation": 90, "texture": "#all", "cullface": "down"},
				"down": {"uv": [4, 12, 6, 14], "texture": "#all", "cullface": "down"}
			}
		},
		{
			"from": [5, -1, 11],
			"to": [8, 0, 12],
			"rotation": {"angle": 0, "axis": "x", "origin": [8, 8, 8]},
			"faces": {
				"north": {"uv": [8, 4, 5, 5], "texture": "#all", "cullface": "down"},
				"east": {"uv": [7, 4, 8, 5], "rotation": 270, "texture": "#all", "cullface": "down"},
				"south": {"uv": [8, 4, 5, 5], "rotation": 180, "texture": "#all", "cullface": "down"},
				"west": {"uv": [5, 4, 6, 5], "rotation": 90, "texture": "#all", "cullface": "down"},
				"down": {"uv": [5, 4, 8, 5], "texture": "#all", "cullface": "down"}
			}
		},
		{
			"from": [12, -1, 7],
			"to": [14, 0, 8],
			"rotation": {"angle": 0, "axis": "x", "origin": [8, 8, 8]},
			"faces": {
				"north": {"uv": [14, 8, 12, 9], "texture": "#all", "cullface": "down"},
				"east": {"uv": [13, 8, 14, 9], "rotation": 270, "texture": "#all", "cullface": "down"},
				"south": {"uv": [14, 8, 12, 9], "rotation": 180, "texture": "#all", "cullface": "down"},
				"west": {"uv": [12, 8, 13, 9], "rotation": 90, "texture": "#all", "cullface": "down"},
				"down": {"uv": [12, 8, 14, 9], "texture": "#all", "cullface": "down"}
			}
		},
		{
			"from": [10, -0.5, 7],
			"to": [12, 0, 8],
			"rotation": {"angle": 0, "axis": "x", "origin": [8, 8, 8]},
			"faces": {
				"north": {"uv": [12, 8, 10, 8.5], "texture": "#all", "cullface": "down"},
				"south": {"uv": [12, 8, 10, 8.5], "rotation": 180, "texture": "#all", "cullface": "down"},
				"west": {"uv": [10, 8, 10.5, 9], "rotation": 90, "texture": "#all", "cullface": "down"},
				"down": {"uv": [10, 8, 12, 9], "texture": "#all", "cullface": "down"}
			}
		},
		{
			"from": [12, -0.5, 6],
			"to": [14, 0, 7],
			"rotation": {"angle": 0, "axis": "x", "origin": [8, 8, 8]},
			"faces": {
				"north": {"uv": [14, 9, 12, 9.5], "texture": "#all", "cullface": "down"},
				"east": {"uv": [13, 9, 13.5, 10], "rotation": 270, "texture": "#all", "cullface": "down"},
				"west": {"uv": [12, 9, 12.5, 10], "rotation": 90, "texture": "#all", "cullface": "down"},
				"down": {"uv": [12, 9, 14, 10], "texture": "#all", "cullface": "down"}
			}
		},
		{
			"from": [6, -0.5, 10],
			"to": [8, 0, 11],
			"rotation": {"angle": 0, "axis": "x", "origin": [8, 8, 8]},
			"faces": {
				"north": {"uv": [8, 5, 6, 6], "texture": "#all", "cullface": "down"},
				"east": {"uv": [6, 5, 7, 6], "rotation": 270, "texture": "#all", "cullface": "down"},
				"west": {"uv": [7, 5, 8, 6], "rotation": 90, "texture": "#all", "cullface": "down"},
				"down": {"uv": [6, 5, 8, 6], "texture": "#all", "cullface": "down"}
			}
		},
		{
			"from": [8, -0.5, 11],
			"to": [9, 0, 12],
			"rotation": {"angle": 0, "axis": "x", "origin": [8, 8, 8]},
			"faces": {
				"north": {"uv": [9, 4, 8, 4.5], "texture": "#all", "cullface": "down"},
				"east": {"uv": [8, 4, 8.5, 5], "rotation": 270, "texture": "#all", "cullface": "down"},
				"south": {"uv": [9, 4, 8, 4.5], "rotation": 180, "texture": "#all", "cullface": "down"},
				"down": {"uv": [8, 4, 9, 5], "texture": "#all", "cullface": "down"}
			}
		},
		{
			"from": [13, -0.5, 10],
			"to": [14, 0, 11],
			"rotation": {"angle": 0, "axis": "x", "origin": [8, 8, 8]},
			"faces": {
				"north": {"uv": [14, 5, 13, 5.5], "texture": "#all", "cullface": "down"},
				"east": {"uv": [13, 5, 13.5, 6], "rotation": 270, "texture": "#all", "cullface": "down"},
				"south": {"uv": [14, 5, 13, 5.5], "rotation": 180, "texture": "#all", "cullface": "down"},
				"west": {"uv": [13, 5, 13.5, 6], "rotation": 90, "texture": "#all", "cullface": "down"},
				"down": {"uv": [13, 5, 14, 6], "texture": "#all", "cullface": "down"}
			}
		},
		{
			"from": [2, -0.5, 7],
			"to": [3, 0, 8],
			"rotation": {"angle": 0, "axis": "x", "origin": [8, 8, 8]},
			"faces": {
				"north": {"uv": [3, 8, 2, 8.5], "texture": "#all", "cullface": "down"},
				"east": {"uv": [2, 8, 2.5, 9], "rotation": 270, "texture": "#all", "cullface": "down"},
				"south": {"uv": [3, 8, 2, 8.5], "rotation": 180, "texture": "#all", "cullface": "down"},
				"west": {"uv": [2, 8, 2.5, 9], "rotation": 90, "texture": "#all", "cullface": "down"},
				"down": {"uv": [2, 8, 3, 9], "texture": "#all", "cullface": "down"}
			}
		},
		{
			"from": [6, -0.5, 3],
			"to": [7, 0, 4],
			"rotation": {"angle": 0, "axis": "x", "origin": [8, 8, 8]},
			"faces": {
				"north": {"uv": [7, 12, 6, 12.5], "texture": "#all", "cullface": "down"},
				"east": {"uv": [6, 12, 6.5, 13], "rotation": 270, "texture": "#all", "cullface": "down"},
				"south": {"uv": [7, 12, 6, 12.5], "rotation": 180, "texture": "#all", "cullface": "down"},
				"down": {"uv": [6, 12, 7, 13], "texture": "#all", "cullface": "down"}
			}
		},
		{
			"from": [4, -0.5, 11],
			"to": [5, 0, 12],
			"rotation": {"angle": 0, "axis": "x", "origin": [8, 8, 8]},
			"faces": {
				"north": {"uv": [5, 4, 4, 4.5], "texture": "#all", "cullface": "down"},
				"south": {"uv": [5, 4, 4, 4.5], "rotation": 180, "texture": "#all", "cullface": "down"},
				"west": {"uv": [4, 4, 4.5, 5], "rotation": 90, "texture": "#all", "cullface": "down"},
				"down": {"uv": [4, 4, 5, 5], "texture": "#all", "cullface": "down"}
			}
		},
		{
			"from": [5, -1, 2],
			"to": [6, 0, 3],
			"rotation": {"angle": 0, "axis": "x", "origin": [8, 8, 8]},
			"faces": {
				"north": {"uv": [6, 13, 5, 13.5], "texture": "#all", "cullface": "down"},
				"east": {"uv": [5, 13, 5.5, 14], "rotation": 270, "texture": "#all", "cullface": "down"},
				"south": {"uv": [6, 13, 5, 13.5], "rotation": 180, "texture": "#all", "cullface": "down"},
				"west": {"uv": [5, 13, 5.5, 14], "rotation": 90, "texture": "#all", "cullface": "down"},
				"down": {"uv": [5, 13, 6, 14], "texture": "#all", "cullface": "down"}
			}
		}
	]
}