{
	"credit": "Created by GrandMagus",
	"parent": "minecraft:block/cube_all",
	"textures": {
		"all": "block/models/redstone_ore_2"
	},
	"elements": [
		{
			"from": [0, 0, 0],
			"to": [16, 16, 16],
			"faces": {
				"north": {"uv": [0, 0, 16, 16], "texture": "#all", "cullface": "north"},
				"east": {"uv": [0, 0, 16, 16], "texture": "#all", "cullface": "east"},
				"south": {"uv": [0, 0, 16, 16], "texture": "#all", "cullface": "south"},
				"west": {"uv": [0, 0, 16, 16], "texture": "#all", "cullface": "west"},
				"up": {"uv": [0, 0, 16, 16], "texture": "#all", "cullface": "up"},
				"down": {"uv": [0, 0, 16, 16], "texture": "#all", "cullface": "down"}
			}
		},
		{
			"from": [7, 12, -1],
			"to": [9, 13, 0],
			"rotation": {"angle": 0, "axis": "y", "origin": [8, 8, 8]},
			"faces": {
				"north": {"uv": [7, 3, 9, 4], "texture": "#all", "cullface": "north"},
				"east": {"uv": [7, 3, 8, 4], "texture": "#all", "cullface": "north"},
				"west": {"uv": [8, 3, 9, 4], "texture": "#all", "cullface": "north"},
				"up": {"uv": [9, 3, 7, 4], "texture": "#all", "cullface": "north"},
				"down": {"uv": [9, 3, 7, 4], "texture": "#all", "cullface": "north"}
			}
		},
		{
			"from": [6, 4, -1],
			"to": [8, 5, 0],
			"rotation": {"angle": 0, "axis": "y", "origin": [8, 8, 8]},
			"faces": {
				"north": {"uv": [8, 11, 10, 12], "texture": "#all", "cullface": "north"},
				"east": {"uv": [8, 11, 9, 12], "texture": "#all", "cullface": "north"},
				"west": {"uv": [9, 11, 10, 12], "texture": "#all", "cullface": "north"},
				"up": {"uv": [10, 11, 8, 12], "texture": "#all", "cullface": "north"},
				"down": {"uv": [10, 11, 8, 12], "texture": "#all", "cullface": "north"}
			}
		},
		{
			"from": [7, 3, -1],
			"to": [9, 4, 0],
			"rotation": {"angle": 0, "axis": "y", "origin": [8, 8, 8]},
			"faces": {
				"north": {"uv": [7, 12, 9, 13], "texture": "#all", "cullface": "north"},
				"east": {"uv": [7, 12, 8, 13], "texture": "#all", "cullface": "north"},
				"west": {"uv": [8, 12, 9, 13], "texture": "#all", "cullface": "north"},
				"up": {"uv": [9, 12, 7, 13], "texture": "#all", "cullface": "north"},
				"down": {"uv": [9, 12, 7, 13], "texture": "#all", "cullface": "north"}
			}
		},
		{
			"from": [5, 12, -0.5],
			"to": [7, 13, 0],
			"rotation": {"angle": 0, "axis": "y", "origin": [8, 8, 8]},
			"faces": {
				"north": {"uv": [9, 3, 11, 4], "texture": "#all", "cullface": "north"},
				"west": {"uv": [10, 3, 10.5, 4], "texture": "#all", "cullface": "north"},
				"up": {"uv": [11, 3, 9, 3.5], "texture": "#all", "cullface": "north"},
				"down": {"uv": [11, 3, 9, 3.5], "texture": "#all", "cullface": "north"}
			}
		},
		{
			"from": [7, 11, -0.5],
			"to": [9, 12, 0],
			"rotation": {"angle": 0, "axis": "y", "origin": [8, 8, 8]},
			"faces": {
				"north": {"uv": [7, 4, 9, 5], "texture": "#all", "cullface": "north"},
				"east": {"uv": [7, 4, 7.5, 5], "texture": "#all", "cullface": "north"},
				"west": {"uv": [8, 4, 8.5, 5], "texture": "#all", "cullface": "north"},
				"down": {"uv": [9, 4, 7, 4.5], "texture": "#all", "cullface": "north"}
			}
		},
		{
			"from": [4, 4, -0.5],
			"to": [6, 5, 0],
			"rotation": {"angle": 0, "axis": "y", "origin": [8, 8, 8]},
			"faces": {
				"north": {"uv": [10, 11, 12, 12], "texture": "#all", "cullface": "north"},
				"west": {"uv": [11, 11, 11.5, 12], "texture": "#all", "cullface": "north"},
				"up": {"uv": [12, 11, 10, 11.5], "texture": "#all", "cullface": "north"},
				"down": {"uv": [12, 11, 10, 11.5], "texture": "#all", "cullface": "north"}
			}
		},
		{
			"from": [8, 4, -0.5],
			"to": [10, 5, 0],
			"rotation": {"angle": 0, "axis": "y", "origin": [8, 8, 8]},
			"faces": {
				"north": {"uv": [6, 11, 8, 12], "texture": "#all", "cullface": "north"},
				"east": {"uv": [6, 11, 6.5, 12], "texture": "#all", "cullface": "north"},
				"up": {"uv": [8, 11, 6, 11.5], "texture": "#all", "cullface": "north"},
				"down": {"uv": [8, 11, 6, 11.5], "texture": "#all", "cullface": "north"}
			}
		},
		{
			"from": [1, 9, -0.5],
			"to": [5, 10, 0],
			"rotation": {"angle": 0, "axis": "y", "origin": [8, 8, 8]},
			"faces": {
				"north": {"uv": [11, 6, 15, 7], "texture": "#all", "cullface": "north"},
				"east": {"uv": [11, 6, 11.5, 7], "texture": "#all", "cullface": "north"},
				"west": {"uv": [14, 6, 14.5, 7], "texture": "#all", "cullface": "north"},
				"up": {"uv": [15, 6, 11, 6.5], "texture": "#all", "cullface": "north"},
				"down": {"uv": [15, 6, 11, 6.5], "texture": "#all", "cullface": "north"}
			}
		},
		{
			"from": [10, 7, -0.5],
			"to": [12, 8, 0],
			"rotation": {"angle": 0, "axis": "y", "origin": [8, 8, 8]},
			"faces": {
				"north": {"uv": [4, 8, 6, 9], "texture": "#all", "cullface": "north"},
				"east": {"uv": [4, 8, 4.5, 9], "texture": "#all", "cullface": "north"},
				"west": {"uv": [5, 8, 5.5, 9], "texture": "#all", "cullface": "north"},
				"up": {"uv": [6, 8, 4, 8.5], "texture": "#all", "cullface": "north"},
				"down": {"uv": [6, 8, 4, 8.5], "texture": "#all", "cullface": "north"}
			}
		},
		{
			"from": [11, 8, -1],
			"to": [13, 9, 0],
			"rotation": {"angle": 0, "axis": "y", "origin": [8, 8, 8]},
			"faces": {
				"north": {"uv": [3, 7, 5, 8], "texture": "#all", "cullface": "north"},
				"east": {"uv": [3, 7, 3.5, 8], "texture": "#all", "cullface": "north"},
				"west": {"uv": [4, 7, 4.5, 8], "texture": "#all", "cullface": "north"},
				"up": {"uv": [5, 7, 3, 7.5], "texture": "#all", "cullface": "north"},
				"down": {"uv": [5, 7, 3, 7.5], "texture": "#all", "cullface": "north"}
			}
		},
		{
			"from": [2, 8, -1],
			"to": [4, 9, 0],
			"rotation": {"angle": 0, "axis": "y", "origin": [8, 8, 8]},
			"faces": {
				"north": {"uv": [12, 7, 14, 8], "texture": "#all", "cullface": "north"},
				"east": {"uv": [12, 7, 12.5, 8], "texture": "#all", "cullface": "north"},
				"west": {"uv": [13, 7, 13.5, 8], "texture": "#all", "cullface": "north"},
				"up": {"uv": [14, 7, 12, 7.5], "texture": "#all", "cullface": "north"},
				"down": {"uv": [14, 7, 12, 7.5], "texture": "#all", "cullface": "north"}
			}
		},
		{
			"from": [13, 2, -0.5],
			"to": [14, 3, 0],
			"rotation": {"angle": 0, "axis": "y", "origin": [8, 8, 8]},
			"faces": {
				"north": {"uv": [2, 13, 3, 14], "texture": "#all", "cullface": "north"},
				"east": {"uv": [2, 13, 2.5, 14], "texture": "#all", "cullface": "north"},
				"west": {"uv": [2, 13, 2.5, 14], "texture": "#all", "cullface": "north"},
				"up": {"uv": [3, 13, 2, 13.5], "texture": "#all", "cullface": "north"},
				"down": {"uv": [3, 13, 2, 13.5], "texture": "#all", "cullface": "north"}
			}
		},
		{
			"from": [16, 12, 7],
			"to": [17, 13, 9],
			"rotation": {"angle": 0, "axis": "y", "origin": [8, 8, 8]},
			"faces": {
				"north": {"uv": [8, 3, 9, 4], "texture": "#all", "cullface": "east"},
				"east": {"uv": [7, 3, 9, 4], "texture": "#all", "cullface": "east"},
				"south": {"uv": [7, 3, 8, 4], "texture": "#all", "cullface": "east"},
				"up": {"uv": [9, 3, 7, 4], "rotation": 90, "texture": "#all", "cullface": "east"},
				"down": {"uv": [9, 3, 7, 4], "rotation": 270, "texture": "#all", "cullface": "east"}
			}
		},
		{
			"from": [16, 4, 6],
			"to": [17, 5, 8],
			"rotation": {"angle": 0, "axis": "y", "origin": [8, 8, 8]},
			"faces": {
				"north": {"uv": [9, 11, 10, 12], "texture": "#all", "cullface": "east"},
				"east": {"uv": [8, 11, 10, 12], "texture": "#all", "cullface": "east"},
				"south": {"uv": [8, 11, 9, 12], "texture": "#all", "cullface": "east"},
				"up": {"uv": [10, 11, 8, 12], "rotation": 90, "texture": "#all", "cullface": "east"},
				"down": {"uv": [10, 11, 8, 12], "rotation": 270, "texture": "#all", "cullface": "east"}
			}
		},
		{
			"from": [16, 3, 7],
			"to": [17, 4, 9],
			"rotation": {"angle": 0, "axis": "y", "origin": [8, 8, 8]},
			"faces": {
				"north": {"uv": [8, 12, 9, 13], "texture": "#all", "cullface": "east"},
				"east": {"uv": [7, 12, 9, 13], "texture": "#all", "cullface": "east"},
				"south": {"uv": [7, 12, 8, 13], "texture": "#all", "cullface": "east"},
				"up": {"uv": [9, 12, 7, 13], "rotation": 90, "texture": "#all", "cullface": "east"},
				"down": {"uv": [9, 12, 7, 13], "rotation": 270, "texture": "#all", "cullface": "east"}
			}
		},
		{
			"from": [16, 12, 5],
			"to": [16.5, 13, 7],
			"rotation": {"angle": 0, "axis": "y", "origin": [8, 8, 8]},
			"faces": {
				"north": {"uv": [10, 3, 10.5, 4], "texture": "#all", "cullface": "east"},
				"east": {"uv": [9, 3, 11, 4], "texture": "#all", "cullface": "east"},
				"up": {"uv": [11, 3, 9, 3.5], "rotation": 90, "texture": "#all", "cullface": "east"},
				"down": {"uv": [11, 3, 9, 3.5], "rotation": 270, "texture": "#all", "cullface": "east"}
			}
		},
		{
			"from": [16, 11, 7],
			"to": [16.5, 12, 9],
			"rotation": {"angle": 0, "axis": "y", "origin": [8, 8, 8]},
			"faces": {
				"north": {"uv": [8, 4, 8.5, 5], "texture": "#all", "cullface": "east"},
				"east": {"uv": [7, 4, 9, 5], "texture": "#all", "cullface": "east"},
				"south": {"uv": [7, 4, 7.5, 5], "texture": "#all", "cullface": "east"},
				"down": {"uv": [9, 4, 7, 4.5], "rotation": 270, "texture": "#all", "cullface": "east"}
			}
		},
		{
			"from": [16, 4, 4],
			"to": [16.5, 5, 6],
			"rotation": {"angle": 0, "axis": "y", "origin": [8, 8, 8]},
			"faces": {
				"north": {"uv": [11, 11, 11.5, 12], "texture": "#all", "cullface": "east"},
				"east": {"uv": [10, 11, 12, 12], "texture": "#all", "cullface": "east"},
				"up": {"uv": [12, 11, 10, 11.5], "rotation": 90, "texture": "#all", "cullface": "east"},
				"down": {"uv": [12, 11, 10, 11.5], "rotation": 270, "texture": "#all", "cullface": "east"}
			}
		},
		{
			"from": [16, 4, 8],
			"to": [16.5, 5, 10],
			"rotation": {"angle": 0, "axis": "y", "origin": [8, 8, 8]},
			"faces": {
				"east": {"uv": [6, 11, 8, 12], "texture": "#all", "cullface": "east"},
				"south": {"uv": [6, 11, 6.5, 12], "texture": "#all", "cullface": "east"},
				"up": {"uv": [8, 11, 6, 11.5], "rotation": 90, "texture": "#all", "cullface": "east"},
				"down": {"uv": [8, 11, 6, 11.5], "rotation": 270, "texture": "#all", "cullface": "east"}
			}
		},
		{
			"from": [16, 9, 1],
			"to": [16.5, 10, 5],
			"rotation": {"angle": 0, "axis": "y", "origin": [8, 8, 8]},
			"faces": {
				"north": {"uv": [14, 6, 14.5, 7], "texture": "#all", "cullface": "east"},
				"east": {"uv": [11, 6, 15, 7], "texture": "#all", "cullface": "east"},
				"south": {"uv": [11, 6, 11.5, 7], "texture": "#all", "cullface": "east"},
				"up": {"uv": [15, 6, 11, 6.5], "rotation": 90, "texture": "#all", "cullface": "east"},
				"down": {"uv": [15, 6, 11, 6.5], "rotation": 270, "texture": "#all", "cullface": "east"}
			}
		},
		{
			"from": [16, 7, 10],
			"to": [16.5, 8, 12],
			"rotation": {"angle": 0, "axis": "y", "origin": [8, 8, 8]},
			"faces": {
				"north": {"uv": [5, 8, 5.5, 9], "texture": "#all", "cullface": "east"},
				"east": {"uv": [4, 8, 6, 9], "texture": "#all", "cullface": "east"},
				"south": {"uv": [4, 8, 4.5, 9], "texture": "#all", "cullface": "east"},
				"up": {"uv": [6, 8, 4, 8.5], "rotation": 90, "texture": "#all", "cullface": "east"},
				"down": {"uv": [6, 8, 4, 8.5], "rotation": 270, "texture": "#all", "cullface": "east"}
			}
		},
		{
			"from": [16, 8, 11],
			"to": [17, 9, 13],
			"rotation": {"angle": 0, "axis": "y", "origin": [8, 8, 8]},
			"faces": {
				"north": {"uv": [4, 7, 4.5, 8], "texture": "#all", "cullface": "east"},
				"east": {"uv": [3, 7, 5, 8], "texture": "#all", "cullface": "east"},
				"south": {"uv": [3, 7, 3.5, 8], "texture": "#all", "cullface": "east"},
				"up": {"uv": [5, 7, 3, 7.5], "rotation": 90, "texture": "#all", "cullface": "east"},
				"down": {"uv": [5, 7, 3, 7.5], "rotation": 270, "texture": "#all", "cullface": "east"}
			}
		},
		{
			"from": [16, 8, 2],
			"to": [17, 9, 4],
			"rotation": {"angle": 0, "axis": "y", "origin": [8, 8, 8]},
			"faces": {
				"north": {"uv": [13, 7, 13.5, 8], "texture": "#all", "cullface": "east"},
				"east": {"uv": [12, 7, 14, 8], "texture": "#all", "cullface": "east"},
				"south": {"uv": [12, 7, 12.5, 8], "texture": "#all", "cullface": "east"},
				"up": {"uv": [14, 7, 12, 7.5], "rotation": 90, "texture": "#all", "cullface": "east"},
				"down": {"uv": [14, 7, 12, 7.5], "rotation": 270, "texture": "#all", "cullface": "east"}
			}
		},
		{
			"from": [16, 2, 13],
			"to": [16.5, 3, 14],
			"rotation": {"angle": 0, "axis": "y", "origin": [8, 8, 8]},
			"faces": {
				"north": {"uv": [2, 13, 2.5, 14], "texture": "#all", "cullface": "east"},
				"east": {"uv": [2, 13, 3, 14], "texture": "#all", "cullface": "east"},
				"south": {"uv": [2, 13, 2.5, 14], "texture": "#all", "cullface": "east"},
				"up": {"uv": [3, 13, 2, 13.5], "rotation": 90, "texture": "#all", "cullface": "east"},
				"down": {"uv": [3, 13, 2, 13.5], "rotation": 270, "texture": "#all", "cullface": "east"}
			}
		},
		{
			"from": [7, 12, 16],
			"to": [9, 13, 17],
			"rotation": {"angle": 0, "axis": "y", "origin": [8, 8, 8]},
			"faces": {
				"east": {"uv": [8, 3, 9, 4], "texture": "#all", "cullface": "south"},
				"south": {"uv": [7, 3, 9, 4], "texture": "#all", "cullface": "south"},
				"west": {"uv": [7, 3, 8, 4], "texture": "#all", "cullface": "south"},
				"up": {"uv": [9, 3, 7, 4], "rotation": 180, "texture": "#all", "cullface": "south"},
				"down": {"uv": [9, 3, 7, 4], "rotation": 180, "texture": "#all", "cullface": "south"}
			}
		},
		{
			"from": [8, 4, 16],
			"to": [10, 5, 17],
			"rotation": {"angle": 0, "axis": "y", "origin": [8, 8, 8]},
			"faces": {
				"east": {"uv": [9, 11, 10, 12], "texture": "#all", "cullface": "south"},
				"south": {"uv": [8, 11, 10, 12], "texture": "#all", "cullface": "south"},
				"west": {"uv": [8, 11, 9, 12], "texture": "#all", "cullface": "south"},
				"up": {"uv": [10, 11, 8, 12], "rotation": 180, "texture": "#all", "cullface": "south"},
				"down": {"uv": [10, 11, 8, 12], "rotation": 180, "texture": "#all", "cullface": "south"}
			}
		},
		{
			"from": [7, 3, 16],
			"to": [9, 4, 17],
			"rotation": {"angle": 0, "axis": "y", "origin": [8, 8, 8]},
			"faces": {
				"east": {"uv": [8, 12, 9, 13], "texture": "#all", "cullface": "south"},
				"south": {"uv": [7, 12, 9, 13], "texture": "#all", "cullface": "south"},
				"west": {"uv": [7, 12, 8, 13], "texture": "#all", "cullface": "south"},
				"up": {"uv": [9, 12, 7, 13], "rotation": 180, "texture": "#all", "cullface": "south"},
				"down": {"uv": [9, 12, 7, 13], "rotation": 180, "texture": "#all", "cullface": "south"}
			}
		},
		{
			"from": [9, 12, 16],
			"to": [11, 13, 16.5],
			"rotation": {"angle": 0, "axis": "y", "origin": [8, 8, 8]},
			"faces": {
				"east": {"uv": [10, 3, 10.5, 4], "texture": "#all", "cullface": "south"},
				"south": {"uv": [9, 3, 11, 4], "texture": "#all", "cullface": "south"},
				"up": {"uv": [11, 3, 9, 3.5], "rotation": 180, "texture": "#all", "cullface": "south"},
				"down": {"uv": [11, 3, 9, 3.5], "rotation": 180, "texture": "#all", "cullface": "south"}
			}
		},
		{
			"from": [7, 11, 16],
			"to": [9, 12, 16.5],
			"rotation": {"angle": 0, "axis": "y", "origin": [8, 8, 8]},
			"faces": {
				"east": {"uv": [8, 4, 8.5, 5], "texture": "#all", "cullface": "south"},
				"south": {"uv": [7, 4, 9, 5], "texture": "#all", "cullface": "south"},
				"west": {"uv": [7, 4, 7.5, 5], "texture": "#all", "cullface": "south"},
				"down": {"uv": [9, 4, 7, 4.5], "rotation": 180, "texture": "#all", "cullface": "south"}
			}
		},
		{
			"from": [10, 4, 16],
			"to": [12, 5, 16.5],
			"rotation": {"angle": 0, "axis": "y", "origin": [8, 8, 8]},
			"faces": {
				"east": {"uv": [11, 11, 11.5, 12], "texture": "#all", "cullface": "south"},
				"south": {"uv": [10, 11, 12, 12], "texture": "#all", "cullface": "south"},
				"up": {"uv": [12, 11, 10, 11.5], "rotation": 180, "texture": "#all", "cullface": "south"},
				"down": {"uv": [12, 11, 10, 11.5], "rotation": 180, "texture": "#all", "cullface": "south"}
			}
		},
		{
			"from": [6, 4, 16],
			"to": [8, 5, 16.5],
			"rotation": {"angle": 0, "axis": "y", "origin": [8, 8, 8]},
			"faces": {
				"south": {"uv": [6, 11, 8, 12], "texture": "#all", "cullface": "south"},
				"west": {"uv": [6, 11, 6.5, 12], "texture": "#all", "cullface": "south"},
				"up": {"uv": [8, 11, 6, 11.5], "rotation": 180, "texture": "#all", "cullface": "south"},
				"down": {"uv": [8, 11, 6, 11.5], "rotation": 180, "texture": "#all", "cullface": "south"}
			}
		},
		{
			"from": [11, 9, 16],
			"to": [15, 10, 16.5],
			"rotation": {"angle": 0, "axis": "y", "origin": [8, 8, 8]},
			"faces": {
				"east": {"uv": [14, 6, 14.5, 7], "texture": "#all", "cullface": "south"},
				"south": {"uv": [11, 6, 15, 7], "texture": "#all", "cullface": "south"},
				"west": {"uv": [11, 6, 11.5, 7], "texture": "#all", "cullface": "south"},
				"up": {"uv": [15, 6, 11, 6.5], "rotation": 180, "texture": "#all", "cullface": "south"},
				"down": {"uv": [15, 6, 11, 6.5], "rotation": 180, "texture": "#all", "cullface": "south"}
			}
		},
		{
			"from": [4, 7, 16],
			"to": [6, 8, 16.5],
			"rotation": {"angle": 0, "axis": "y", "origin": [8, 8, 8]},
			"faces": {
				"east": {"uv": [5, 8, 5.5, 9], "texture": "#all", "cullface": "south"},
				"south": {"uv": [4, 8, 6, 9], "texture": "#all", "cullface": "south"},
				"west": {"uv": [4, 8, 4.5, 9], "texture": "#all", "cullface": "south"},
				"up": {"uv": [6, 8, 4, 8.5], "rotation": 180, "texture": "#all", "cullface": "south"},
				"down": {"uv": [6, 8, 4, 8.5], "rotation": 180, "texture": "#all", "cullface": "south"}
			}
		},
		{
			"from": [3, 8, 16],
			"to": [5, 9, 17],
			"rotation": {"angle": 0, "axis": "y", "origin": [8, 8, 8]},
			"faces": {
				"east": {"uv": [4, 7, 4.5, 8], "texture": "#all", "cullface": "south"},
				"south": {"uv": [3, 7, 5, 8], "texture": "#all", "cullface": "south"},
				"west": {"uv": [3, 7, 3.5, 8], "texture": "#all", "cullface": "south"},
				"up": {"uv": [5, 7, 3, 7.5], "rotation": 180, "texture": "#all", "cullface": "south"},
				"down": {"uv": [5, 7, 3, 7.5], "rotation": 180, "texture": "#all", "cullface": "south"}
			}
		},
		{
			"from": [12, 8, 16],
			"to": [14, 9, 17],
			"rotation": {"angle": 0, "axis": "y", "origin": [8, 8, 8]},
			"faces": {
				"east": {"uv": [13, 7, 13.5, 8], "texture": "#all", "cullface": "south"},
				"south": {"uv": [12, 7, 14, 8], "texture": "#all", "cullface": "south"},
				"west": {"uv": [12, 7, 12.5, 8], "texture": "#all", "cullface": "south"},
				"up": {"uv": [14, 7, 12, 7.5], "rotation": 180, "texture": "#all", "cullface": "south"},
				"down": {"uv": [14, 7, 12, 7.5], "rotation": 180, "texture": "#all", "cullface": "south"}
			}
		},
		{
			"from": [2, 2, 16],
			"to": [3, 3, 16.5],
			"rotation": {"angle": 0, "axis": "y", "origin": [8, 8, 8]},
			"faces": {
				"east": {"uv": [2, 13, 2.5, 14], "texture": "#all", "cullface": "south"},
				"south": {"uv": [2, 13, 3, 14], "texture": "#all", "cullface": "south"},
				"west": {"uv": [2, 13, 2.5, 14], "texture": "#all", "cullface": "south"},
				"up": {"uv": [3, 13, 2, 13.5], "rotation": 180, "texture": "#all", "cullface": "south"},
				"down": {"uv": [3, 13, 2, 13.5], "rotation": 180, "texture": "#all", "cullface": "south"}
			}
		},
		{
			"from": [-1, 12, 7],
			"to": [0, 13, 9],
			"rotation": {"angle": 0, "axis": "y", "origin": [8, 8, 8]},
			"faces": {
				"north": {"uv": [7, 3, 8, 4], "texture": "#all", "cullface": "west"},
				"south": {"uv": [8, 3, 9, 4], "texture": "#all", "cullface": "west"},
				"west": {"uv": [7, 3, 9, 4], "texture": "#all", "cullface": "west"},
				"up": {"uv": [9, 3, 7, 4], "rotation": 270, "texture": "#all", "cullface": "west"},
				"down": {"uv": [9, 3, 7, 4], "rotation": 90, "texture": "#all", "cullface": "west"}
			}
		},
		{
			"from": [-1, 4, 8],
			"to": [0, 5, 10],
			"rotation": {"angle": 0, "axis": "y", "origin": [8, 8, 8]},
			"faces": {
				"north": {"uv": [8, 11, 9, 12], "texture": "#all", "cullface": "west"},
				"south": {"uv": [9, 11, 10, 12], "texture": "#all", "cullface": "west"},
				"west": {"uv": [8, 11, 10, 12], "texture": "#all", "cullface": "west"},
				"up": {"uv": [10, 11, 8, 12], "rotation": 270, "texture": "#all", "cullface": "west"},
				"down": {"uv": [10, 11, 8, 12], "rotation": 90, "texture": "#all", "cullface": "west"}
			}
		},
		{
			"from": [-1, 3, 7],
			"to": [0, 4, 9],
			"rotation": {"angle": 0, "axis": "y", "origin": [8, 8, 8]},
			"faces": {
				"north": {"uv": [7, 12, 8, 13], "texture": "#all", "cullface": "west"},
				"south": {"uv": [8, 12, 9, 13], "texture": "#all", "cullface": "west"},
				"west": {"uv": [7, 12, 9, 13], "texture": "#all", "cullface": "west"},
				"up": {"uv": [9, 12, 7, 13], "rotation": 270, "texture": "#all", "cullface": "west"},
				"down": {"uv": [9, 12, 7, 13], "rotation": 90, "texture": "#all", "cullface": "west"}
			}
		},
		{
			"from": [-0.5, 12, 9],
			"to": [0, 13, 11],
			"rotation": {"angle": 0, "axis": "y", "origin": [8, 8, 8]},
			"faces": {
				"south": {"uv": [10, 3, 10.5, 4], "texture": "#all", "cullface": "west"},
				"west": {"uv": [9, 3, 11, 4], "texture": "#all", "cullface": "west"},
				"up": {"uv": [11, 3, 9, 3.5], "rotation": 270, "texture": "#all", "cullface": "west"},
				"down": {"uv": [11, 3, 9, 3.5], "rotation": 90, "texture": "#all", "cullface": "west"}
			}
		},
		{
			"from": [-0.5, 11, 7],
			"to": [0, 12, 9],
			"rotation": {"angle": 0, "axis": "y", "origin": [8, 8, 8]},
			"faces": {
				"north": {"uv": [7, 4, 7.5, 5], "texture": "#all", "cullface": "west"},
				"south": {"uv": [8, 4, 8.5, 5], "texture": "#all", "cullface": "west"},
				"west": {"uv": [7, 4, 9, 5], "texture": "#all", "cullface": "west"},
				"down": {"uv": [9, 4, 7, 4.5], "rotation": 90, "texture": "#all", "cullface": "west"}
			}
		},
		{
			"from": [-0.5, 4, 10],
			"to": [0, 5, 12],
			"rotation": {"angle": 0, "axis": "y", "origin": [8, 8, 8]},
			"faces": {
				"south": {"uv": [11, 11, 11.5, 12], "texture": "#all", "cullface": "west"},
				"west": {"uv": [10, 11, 12, 12], "texture": "#all", "cullface": "west"},
				"up": {"uv": [12, 11, 10, 11.5], "rotation": 270, "texture": "#all", "cullface": "west"},
				"down": {"uv": [12, 11, 10, 11.5], "rotation": 90, "texture": "#all", "cullface": "west"}
			}
		},
		{
			"from": [-0.5, 4, 6],
			"to": [0, 5, 8],
			"rotation": {"angle": 0, "axis": "y", "origin": [8, 8, 8]},
			"faces": {
				"north": {"uv": [6, 11, 6.5, 12], "texture": "#all", "cullface": "west"},
				"west": {"uv": [6, 11, 8, 12], "texture": "#all", "cullface": "west"},
				"up": {"uv": [8, 11, 6, 11.5], "rotation": 270, "texture": "#all", "cullface": "west"},
				"down": {"uv": [8, 11, 6, 11.5], "rotation": 90, "texture": "#all", "cullface": "west"}
			}
		},
		{
			"from": [-0.5, 9, 11],
			"to": [0, 10, 15],
			"rotation": {"angle": 0, "axis": "y", "origin": [8, 8, 8]},
			"faces": {
				"north": {"uv": [11, 6, 11.5, 7], "texture": "#all", "cullface": "west"},
				"south": {"uv": [14, 6, 14.5, 7], "texture": "#all", "cullface": "west"},
				"west": {"uv": [11, 6, 15, 7], "texture": "#all", "cullface": "west"},
				"up": {"uv": [15, 6, 11, 6.5], "rotation": 270, "texture": "#all", "cullface": "west"},
				"down": {"uv": [15, 6, 11, 6.5], "rotation": 90, "texture": "#all", "cullface": "west"}
			}
		},
		{
			"from": [-0.5, 7, 4],
			"to": [0, 8, 6],
			"rotation": {"angle": 0, "axis": "y", "origin": [8, 8, 8]},
			"faces": {
				"north": {"uv": [4, 8, 4.5, 9], "texture": "#all", "cullface": "west"},
				"south": {"uv": [5, 8, 5.5, 9], "texture": "#all", "cullface": "west"},
				"west": {"uv": [4, 8, 6, 9], "texture": "#all", "cullface": "west"},
				"up": {"uv": [6, 8, 4, 8.5], "rotation": 270, "texture": "#all", "cullface": "west"},
				"down": {"uv": [6, 8, 4, 8.5], "rotation": 90, "texture": "#all", "cullface": "west"}
			}
		},
		{
			"from": [-1, 8, 3],
			"to": [0, 9, 5],
			"rotation": {"angle": 0, "axis": "y", "origin": [8, 8, 8]},
			"faces": {
				"north": {"uv": [3, 7, 3.5, 8], "texture": "#all", "cullface": "west"},
				"south": {"uv": [4, 7, 4.5, 8], "texture": "#all", "cullface": "west"},
				"west": {"uv": [3, 7, 5, 8], "texture": "#all", "cullface": "west"},
				"up": {"uv": [5, 7, 3, 7.5], "rotation": 270, "texture": "#all", "cullface": "west"},
				"down": {"uv": [5, 7, 3, 7.5], "rotation": 90, "texture": "#all", "cullface": "west"}
			}
		},
		{
			"from": [-1, 8, 12],
			"to": [0, 9, 14],
			"rotation": {"angle": 0, "axis": "y", "origin": [8, 8, 8]},
			"faces": {
				"north": {"uv": [12, 7, 12.5, 8], "texture": "#all", "cullface": "west"},
				"south": {"uv": [13, 7, 13.5, 8], "texture": "#all", "cullface": "west"},
				"west": {"uv": [12, 7, 14, 8], "texture": "#all", "cullface": "west"},
				"up": {"uv": [14, 7, 12, 7.5], "rotation": 270, "texture": "#all", "cullface": "west"},
				"down": {"uv": [14, 7, 12, 7.5], "rotation": 90, "texture": "#all", "cullface": "west"}
			}
		},
		{
			"from": [-0.5, 2, 2],
			"to": [0, 3, 3],
			"rotation": {"angle": 0, "axis": "y", "origin": [8, 8, 8]},
			"faces": {
				"north": {"uv": [2, 13, 2.5, 14], "texture": "#all", "cullface": "west"},
				"south": {"uv": [2, 13, 2.5, 14], "texture": "#all", "cullface": "west"},
				"west": {"uv": [2, 13, 3, 14], "texture": "#all", "cullface": "west"},
				"up": {"uv": [3, 13, 2, 13.5], "rotation": 270, "texture": "#all", "cullface": "west"},
				"down": {"uv": [3, 13, 2, 13.5], "rotation": 90, "texture": "#all", "cullface": "west"}
			}
		},
		{
			"from": [7, 16, 3],
			"to": [9, 17, 4],
			"rotation": {"angle": 0, "axis": "x", "origin": [8, 8, 8]},
			"faces": {
				"north": {"uv": [9, 3, 7, 4], "texture": "#all", "cullface": "up"},
				"east": {"uv": [8, 3, 9, 4], "rotation": 90, "texture": "#all", "cullface": "up"},
				"south": {"uv": [9, 3, 7, 4], "rotation": 180, "texture": "#all", "cullface": "up"},
				"west": {"uv": [7, 3, 8, 4], "rotation": 270, "texture": "#all", "cullface": "up"},
				"up": {"uv": [7, 3, 9, 4], "texture": "#all", "cullface": "up"}
			}
		},
		{
			"from": [8, 16, 11],
			"to": [10, 17, 12],
			"rotation": {"angle": 0, "axis": "x", "origin": [8, 8, 8]},
			"faces": {
				"north": {"uv": [10, 11, 8, 12], "texture": "#all", "cullface": "up"},
				"east": {"uv": [9, 11, 10, 12], "rotation": 90, "texture": "#all", "cullface": "up"},
				"south": {"uv": [10, 11, 8, 12], "rotation": 180, "texture": "#all", "cullface": "up"},
				"west": {"uv": [8, 11, 9, 12], "rotation": 270, "texture": "#all", "cullface": "up"},
				"up": {"uv": [8, 11, 10, 12], "texture": "#all", "cullface": "up"}
			}
		},
		{
			"from": [7, 16, 12],
			"to": [9, 17, 13],
			"rotation": {"angle": 0, "axis": "x", "origin": [8, 8, 8]},
			"faces": {
				"north": {"uv": [9, 12, 7, 13], "texture": "#all", "cullface": "up"},
				"east": {"uv": [8, 12, 9, 13], "rotation": 90, "texture": "#all", "cullface": "up"},
				"south": {"uv": [9, 12, 7, 13], "rotation": 180, "texture": "#all", "cullface": "up"},
				"west": {"uv": [7, 12, 8, 13], "rotation": 270, "texture": "#all", "cullface": "up"},
				"up": {"uv": [7, 12, 9, 13], "texture": "#all", "cullface": "up"}
			}
		},
		{
			"from": [9, 16, 3],
			"to": [11, 16.5, 4],
			"rotation": {"angle": 0, "axis": "x", "origin": [8, 8, 8]},
			"faces": {
				"north": {"uv": [11, 3, 9, 3.5], "texture": "#all", "cullface": "up"},
				"east": {"uv": [10, 3, 10.5, 4], "rotation": 90, "texture": "#all", "cullface": "up"},
				"south": {"uv": [11, 3, 9, 3.5], "rotation": 180, "texture": "#all", "cullface": "up"},
				"up": {"uv": [9, 3, 11, 4], "texture": "#all", "cullface": "up"}
			}
		},
		{
			"from": [7, 16, 4],
			"to": [9, 16.5, 5],
			"rotation": {"angle": 0, "axis": "x", "origin": [8, 8, 8]},
			"faces": {
				"east": {"uv": [8, 4, 8.5, 5], "rotation": 90, "texture": "#all", "cullface": "up"},
				"south": {"uv": [9, 4, 7, 4.5], "rotation": 180, "texture": "#all", "cullface": "up"},
				"west": {"uv": [7, 4, 7.5, 5], "rotation": 270, "texture": "#all", "cullface": "up"},
				"up": {"uv": [7, 4, 9, 5], "texture": "#all", "cullface": "up"}
			}
		},
		{
			"from": [10, 16, 11],
			"to": [12, 16.5, 12],
			"rotation": {"angle": 0, "axis": "x", "origin": [8, 8, 8]},
			"faces": {
				"north": {"uv": [12, 11, 10, 11.5], "texture": "#all", "cullface": "up"},
				"east": {"uv": [11, 11, 11.5, 12], "rotation": 90, "texture": "#all", "cullface": "up"},
				"south": {"uv": [12, 11, 10, 11.5], "rotation": 180, "texture": "#all", "cullface": "up"},
				"up": {"uv": [10, 11, 12, 12], "texture": "#all", "cullface": "up"}
			}
		},
		{
			"from": [6, 16, 11],
			"to": [8, 16.5, 12],
			"rotation": {"angle": 0, "axis": "x", "origin": [8, 8, 8]},
			"faces": {
				"north": {"uv": [8, 11, 6, 11.5], "texture": "#all", "cullface": "up"},
				"south": {"uv": [8, 11, 6, 11.5], "rotation": 180, "texture": "#all", "cullface": "up"},
				"west": {"uv": [6, 11, 6.5, 12], "rotation": 270, "texture": "#all", "cullface": "up"},
				"up": {"uv": [6, 11, 8, 12], "texture": "#all", "cullface": "up"}
			}
		},
		{
			"from": [11, 16, 6],
			"to": [15, 16.5, 7],
			"rotation": {"angle": 0, "axis": "x", "origin": [8, 8, 8]},
			"faces": {
				"north": {"uv": [15, 6, 11, 6.5], "texture": "#all", "cullface": "up"},
				"east": {"uv": [14, 6, 14.5, 7], "rotation": 90, "texture": "#all", "cullface": "up"},
				"south": {"uv": [15, 6, 11, 6.5], "rotation": 180, "texture": "#all", "cullface": "up"},
				"west": {"uv": [11, 6, 11.5, 7], "rotation": 270, "texture": "#all", "cullface": "up"},
				"up": {"uv": [11, 6, 15, 7], "texture": "#all", "cullface": "up"}
			}
		},
		{
			"from": [4, 16, 8],
			"to": [6, 16.5, 9],
			"rotation": {"angle": 0, "axis": "x", "origin": [8, 8, 8]},
			"faces": {
				"north": {"uv": [6, 8, 4, 8.5], "texture": "#all", "cullface": "up"},
				"east": {"uv": [5, 8, 5.5, 9], "rotation": 90, "texture": "#all", "cullface": "up"},
				"south": {"uv": [6, 8, 4, 8.5], "rotation": 180, "texture": "#all", "cullface": "up"},
				"west": {"uv": [4, 8, 4.5, 9], "rotation": 270, "texture": "#all", "cullface": "up"},
				"up": {"uv": [4, 8, 6, 9], "texture": "#all", "cullface": "up"}
			}
		},
		{
			"from": [3, 16, 7],
			"to": [5, 17, 8],
			"rotation": {"angle": 0, "axis": "x", "origin": [8, 8, 8]},
			"faces": {
				"north": {"uv": [5, 7, 3, 7.5], "texture": "#all", "cullface": "up"},
				"east": {"uv": [4, 7, 4.5, 8], "rotation": 90, "texture": "#all", "cullface": "up"},
				"south": {"uv": [5, 7, 3, 7.5], "rotation": 180, "texture": "#all", "cullface": "up"},
				"west": {"uv": [3, 7, 3.5, 8], "rotation": 270, "texture": "#all", "cullface": "up"},
				"up": {"uv": [3, 7, 5, 8], "texture": "#all", "cullface": "up"}
			}
		},
		{
			"from": [12, 16, 7],
			"to": [14, 17, 8],
			"rotation": {"angle": 0, "axis": "x", "origin": [8, 8, 8]},
			"faces": {
				"north": {"uv": [14, 7, 12, 7.5], "texture": "#all", "cullface": "up"},
				"east": {"uv": [13, 7, 13.5, 8], "rotation": 90, "texture": "#all", "cullface": "up"},
				"south": {"uv": [14, 7, 12, 7.5], "rotation": 180, "texture": "#all", "cullface": "up"},
				"west": {"uv": [12, 7, 12.5, 8], "rotation": 270, "texture": "#all", "cullface": "up"},
				"up": {"uv": [12, 7, 14, 8], "texture": "#all", "cullface": "up"}
			}
		},
		{
			"from": [2, 16, 13],
			"to": [3, 16.5, 14],
			"rotation": {"angle": 0, "axis": "x", "origin": [8, 8, 8]},
			"faces": {
				"north": {"uv": [3, 13, 2, 13.5], "texture": "#all", "cullface": "up"},
				"east": {"uv": [2, 13, 2.5, 14], "rotation": 90, "texture": "#all", "cullface": "up"},
				"south": {"uv": [3, 13, 2, 13.5], "rotation": 180, "texture": "#all", "cullface": "up"},
				"west": {"uv": [2, 13, 2.5, 14], "rotation": 270, "texture": "#all", "cullface": "up"},
				"up": {"uv": [2, 13, 3, 14], "texture": "#all", "cullface": "up"}
			}
		},
		{
			"from": [7, -1, 12],
			"to": [9, 0, 13],
			"rotation": {"angle": 0, "axis": "x", "origin": [8, 8, 8]},
			"faces": {
				"north": {"uv": [9, 3, 7, 4], "texture": "#all", "cullface": "down"},
				"east": {"uv": [8, 3, 9, 4], "rotation": 270, "texture": "#all", "cullface": "down"},
				"south": {"uv": [9, 3, 7, 4], "rotation": 180, "texture": "#all", "cullface": "down"},
				"west": {"uv": [7, 3, 8, 4], "rotation": 90, "texture": "#all", "cullface": "down"},
				"down": {"uv": [7, 3, 9, 4], "texture": "#all", "cullface": "down"}
			}
		},
		{
			"from": [8, -1, 4],
			"to": [10, 0, 5],
			"rotation": {"angle": 0, "axis": "x", "origin": [8, 8, 8]},
			"faces": {
				"north": {"uv": [10, 11, 8, 12], "texture": "#all", "cullface": "down"},
				"east": {"uv": [9, 11, 10, 12], "rotation": 270, "texture": "#all", "cullface": "down"},
				"south": {"uv": [10, 11, 8, 12], "rotation": 180, "texture": "#all", "cullface": "down"},
				"west": {"uv": [8, 11, 9, 12], "rotation": 90, "texture": "#all", "cullface": "down"},
				"down": {"uv": [8, 11, 10, 12], "texture": "#all", "cullface": "down"}
			}
		},
		{
			"from": [7, -1, 3],
			"to": [9, 0, 4],
			"rotation": {"angle": 0, "axis": "x", "origin": [8, 8, 8]},
			"faces": {
				"north": {"uv": [9, 12, 7, 13], "texture": "#all", "cullface": "down"},
				"east": {"uv": [8, 12, 9, 13], "rotation": 270, "texture": "#all", "cullface": "down"},
				"south": {"uv": [9, 12, 7, 13], "rotation": 180, "texture": "#all", "cullface": "down"},
				"west": {"uv": [7, 12, 8, 13], "rotation": 90, "texture": "#all", "cullface": "down"},
				"down": {"uv": [7, 12, 9, 13], "texture": "#all", "cullface": "down"}
			}
		},
		{
			"from": [9, -0.5, 12],
			"to": [11, 0, 13],
			"rotation": {"angle": 0, "axis": "x", "origin": [8, 8, 8]},
			"faces": {
				"north": {"uv": [11, 3, 9, 3.5], "texture": "#all", "cullface": "down"},
				"east": {"uv": [10, 3, 10.5, 4], "rotation": 270, "texture": "#all", "cullface": "down"},
				"south": {"uv": [11, 3, 9, 3.5], "rotation": 180, "texture": "#all", "cullface": "down"},
				"down": {"uv": [9, 3, 11, 4], "texture": "#all", "cullface": "down"}
			}
		},
		{
			"from": [7, -0.5, 11],
			"to": [9, 0, 12],
			"rotation": {"angle": 0, "axis": "x", "origin": [8, 8, 8]},
			"faces": {
				"north": {"uv": [9, 4, 7, 4.5], "texture": "#all", "cullface": "down"},
				"east": {"uv": [8, 4, 8.5, 5], "rotation": 270, "texture": "#all", "cullface": "down"},
				"west": {"uv": [7, 4, 7.5, 5], "rotation": 90, "texture": "#all", "cullface": "down"},
				"down": {"uv": [7, 4, 9, 5], "texture": "#all", "cullface": "down"}
			}
		},
		{
			"from": [10, -0.5, 4],
			"to": [12, 0, 5],
			"rotation": {"angle": 0, "axis": "x", "origin": [8, 8, 8]},
			"faces": {
				"north": {"uv": [12, 11, 10, 11.5], "texture": "#all", "cullface": "down"},
				"east": {"uv": [11, 11, 11.5, 12], "rotation": 270, "texture": "#all", "cullface": "down"},
				"south": {"uv": [12, 11, 10, 11.5], "rotation": 180, "texture": "#all", "cullface": "down"},
				"down": {"uv": [10, 11, 12, 12], "texture": "#all", "cullface": "down"}
			}
		},
		{
			"from": [6, -0.5, 4],
			"to": [8, 0, 5],
			"rotation": {"angle": 0, "axis": "x", "origin": [8, 8, 8]},
			"faces": {
				"north": {"uv": [8, 11, 6, 11.5], "texture": "#all", "cullface": "down"},
				"south": {"uv": [8, 11, 6, 11.5], "rotation": 180, "texture": "#all", "cullface": "down"},
				"west": {"uv": [6, 11, 6.5, 12], "rotation": 90, "texture": "#all", "cullface": "down"},
				"down": {"uv": [6, 11, 8, 12], "texture": "#all", "cullface": "down"}
			}
		},
		{
			"from": [11, -0.5, 9],
			"to": [15, 0, 10],
			"rotation": {"angle": 0, "axis": "x", "origin": [8, 8, 8]},
			"faces": {
				"north": {"uv": [15, 6, 11, 6.5], "texture": "#all", "cullface": "down"},
				"east": {"uv": [14, 6, 14.5, 7], "rotation": 270, "texture": "#all", "cullface": "down"},
				"south": {"uv": [15, 6, 11, 6.5], "rotation": 180, "texture": "#all", "cullface": "down"},
				"west": {"uv": [11, 6, 11.5, 7], "rotation": 90, "texture": "#all", "cullface": "down"},
				"down": {"uv": [11, 6, 15, 7], "texture": "#all", "cullface": "down"}
			}
		},
		{
			"from": [4, -0.5, 7],
			"to": [6, 0, 8],
			"rotation": {"angle": 0, "axis": "x", "origin": [8, 8, 8]},
			"faces": {
				"north": {"uv": [6, 8, 4, 8.5], "texture": "#all", "cullface": "down"},
				"east": {"uv": [5, 8, 5.5, 9], "rotation": 270, "texture": "#all", "cullface": "down"},
				"south": {"uv": [6, 8, 4, 8.5], "rotation": 180, "texture": "#all", "cullface": "down"},
				"west": {"uv": [4, 8, 4.5, 9], "rotation": 90, "texture": "#all", "cullface": "down"},
				"down": {"uv": [4, 8, 6, 9], "texture": "#all", "cullface": "down"}
			}
		},
		{
			"from": [3, -1, 8],
			"to": [5, 0, 9],
			"rotation": {"angle": 0, "axis": "x", "origin": [8, 8, 8]},
			"faces": {
				"north": {"uv": [5, 7, 3, 7.5], "texture": "#all", "cullface": "down"},
				"east": {"uv": [4, 7, 4.5, 8], "rotation": 270, "texture": "#all", "cullface": "down"},
				"south": {"uv": [5, 7, 3, 7.5], "rotation": 180, "texture": "#all", "cullface": "down"},
				"west": {"uv": [3, 7, 3.5, 8], "rotation": 90, "texture": "#all", "cullface": "down"},
				"down": {"uv": [3, 7, 5, 8], "texture": "#all", "cullface": "down"}
			}
		},
		{
			"from": [12, -1, 8],
			"to": [14, 0, 9],
			"rotation": {"angle": 0, "axis": "x", "origin": [8, 8, 8]},
			"faces": {
				"north": {"uv": [14, 7, 12, 7.5], "texture": "#all", "cullface": "down"},
				"east": {"uv": [13, 7, 13.5, 8], "rotation": 270, "texture": "#all", "cullface": "down"},
				"south": {"uv": [14, 7, 12, 7.5], "rotation": 180, "texture": "#all", "cullface": "down"},
				"west": {"uv": [12, 7, 12.5, 8], "rotation": 90, "texture": "#all", "cullface": "down"},
				"down": {"uv": [12, 7, 14, 8], "texture": "#all", "cullface": "down"}
			}
		},
		{
			"from": [2, -0.5, 2],
			"to": [3, 0, 3],
			"rotation": {"angle": 0, "axis": "x", "origin": [8, 8, 8]},
			"faces": {
				"north": {"uv": [3, 13, 2, 13.5], "texture": "#all", "cullface": "down"},
				"east": {"uv": [2, 13, 2.5, 14], "rotation": 270, "texture": "#all", "cullface": "down"},
				"south": {"uv": [3, 13, 2, 13.5], "rotation": 180, "texture": "#all", "cullface": "down"},
				"west": {"uv": [2, 13, 2.5, 14], "rotation": 90, "texture": "#all", "cullface": "down"},
				"down": {"uv": [2, 13, 3, 14], "texture": "#all", "cullface": "down"}
			}
		}
	]
}