{
  "credit": "Made with Blockbench by Minecraft_hyr",
  "parent": "block/block",
  "textures": {
    "particle": "block/stonecutter_bottom",
    "bottom": "block/stonecutter_bottom",
    "saw": "block/stonecutter_saw",
    "side": "block/stonecutter_side",
    "top": "block/stonecutter_top"
  },
  "elements": [
    {
      "from": [0, 0, 0],
      "to": [16, 9, 16],
      "faces": {
        "north": {"uv": [0, 7, 16, 16], "texture": "#side", "cullface": "north"},
        "east": {"uv": [0, 7, 16, 16], "texture": "#side", "cullface": "east"},
        "south": {"uv": [0, 7, 16, 16], "texture": "#side", "cullface": "south"},
        "west": {"uv": [0, 7, 16, 16], "texture": "#side", "cullface": "west"},
        "up": {"uv": [0, 0, 16, 16], "texture": "#top"},
        "down": {"uv": [0, 0, 16, 16], "texture": "#bottom", "cullface": "down"}
      }
    },
    {
      "from": [1, 9, 8],
      "to": [15, 16, 8],
      "shade": false,
      "faces": {
        "north": {"uv": [1, 9, 15, 16], "texture": "#saw"},
        "south": {"uv": [15, 9, 1, 16], "texture": "#saw"}
      }
    }
  ]
}