{
  "credit": "Made with Blockbench by Minecraft_hyr",
  "parent": "res_fixes:block/iron_bars/parent",
  "elements": [
    {
      "from": [7, 0, 2],
      "to": [9, 16, 4],
      "faces": {
        "north": {"uv": [2, 0, 4, 16], "texture": "#texture"},
        "east": {"uv": [4, 0, 2, 16], "texture": "#texture"},
        "south": {"uv": [2, 0, 4, 16], "texture": "#texture"},
        "west": {"uv": [2, 0, 4, 16], "texture": "#texture"},
        "up": {"uv": [2, 0, 4, 2], "rotation": 90, "texture": "#texture"},
        "down": {"uv": [2, 14, 4, 16], "rotation": 270, "texture": "#texture"}
      }
    },
    {
      "from": [7, 7, 0],
      "to": [9, 9, 2],
      "faces": {
        "north": {"uv": [0, 7, 2, 9], "texture": "#texture", "cullface": "north"},
        "east": {"uv": [2, 7, 0, 9], "texture": "#texture"},
        "west": {"uv": [0, 7, 2, 9], "texture": "#texture"},
        "up": {"uv": [0, 7, 2, 9], "rotation": 90, "texture": "#texture"},
        "down": {"uv": [0, 7, 2, 9], "rotation": 270, "texture": "#texture"}
      }
    },
    {
      "from": [7, 12, 4],
      "to": [9, 14, 7],
      "faces": {
        "east": {"uv": [4, 2, 7, 4], "texture": "#texture"},
        "west": {"uv": [4, 2, 7, 4], "texture": "#texture"},
        "up": {"uv": [4, 2, 7, 4], "rotation": 90, "texture": "#texture"},
        "down": {"uv": [4, 2, 7, 4], "rotation": 270, "texture": "#texture"}
      }
    },
    {
      "from": [7, 0, 0],
      "to": [9, 1, 7],
      "faces": {
        "north": {"uv": [0, 15, 2, 16], "texture": "#texture", "cullface": "down"},
        "east": {"uv": [7, 15, 0, 16], "texture": "#texture", "cullface": "down"},
        "west": {"uv": [0, 15, 7, 16], "texture": "#texture", "cullface": "down"},
        "up": {"uv": [0, 14, 7, 16], "rotation": 90, "texture": "#texture", "cullface": "down"},
        "down": {"uv": [0, 14, 7, 16], "rotation": 270, "texture": "#texture", "cullface": "down"}
      }
    },
    {
      "from": [7, 0, 0],
      "to": [9, 16, 1],
      "faces": {
        "north": {"uv": [0, 0, 2, 16], "texture": "#texture", "cullface": "north"},
        "east": {"uv": [0, 0, 1, 16], "texture": "#texture", "cullface": "north"},
        "south": {"uv": [0, 0, 2, 16], "texture": "#texture", "cullface": "north"},
        "west": {"uv": [0, 0, 1, 16], "texture": "#texture", "cullface": "north"},
        "up": {"uv": [0, 0, 1, 2], "rotation": 90, "texture": "#texture", "cullface": "north"},
        "down": {"uv": [0, 14, 1, 16], "rotation": 270, "texture": "#texture", "cullface": "north"}
      }
    },
    {
      "from": [7, 15, 0],
      "to": [9, 16, 7],
      "faces": {
        "north": {"uv": [0, 0, 2, 1], "texture": "#texture", "cullface": "up"},
        "east": {"uv": [7, 0, 0, 1], "texture": "#texture", "cullface": "up"},
        "west": {"uv": [0, 0, 7, 1], "texture": "#texture", "cullface": "up"},
        "up": {"uv": [0, 0, 7, 2], "rotation": 90, "texture": "#texture", "cullface": "up"},
        "down": {"uv": [0, 0, 7, 2], "rotation": 270, "texture": "#texture", "cullface": "up"}
      }
    }
  ],
  "groups": [
    {
      "name": "group",
      "origin": [0, 0, 0],
      "color": 0,
      "children": [0, 1, 2]
    },
    {
      "name": "group",
      "origin": [0, 7, 0],
      "color": 0,
      "children": [3, 4, 5]
    }
  ]
}