{
	"__comment":"Designed by GeForceLegend",
	"parent":"block/lever",
	"display":{
		"gui":{
			"rotation":[30,225,0],
			"translation":[0,2,0],
			"scale":[1,1,1]
		},
		"ground":{
			"rotation":[0,0,0],
			"translation":[0,4,0],
			"scale":[0.5,0.5,0.5]
		},
		"fixed":{
			"rotation":[-90,180,0],
			"translation":[0,0,-7],
			"scale":[1,1,1]
		},
		"thirdperson_righthand":{
			"rotation":[75,0,90],
			"translation":[-3.5,1,0.5],
			"scale":[0.55,0.55,0.55]
		},
		"firstperson_righthand":{
			"rotation":[75,0,90],
			"translation":[-2.87,3.2,1.13],
			"scale":[0.5,0.5,0.5]
		},
		"firstperson_lefthand":{
			"rotation":[75,0,90],
			"translation":[-2.87,3.2,1.13],
			"scale":[0.5,0.5,0.5]
		}
	}
}