{
  "format_version": "1.21.6",
  "credit": "Made with Blockbench by Minecraft_hyr",
  "ambientocclusion": false,
  "textures": {
    "particle": "#edge"
  },
  "elements": [
    {
      "from": [7, 15.99, 7],
      "to": [9, 16, 9],
      "faces": {
        "up": {"uv": [7, 7, 9, 9], "texture": "#edge", "cullface": "up"},
        "down": {"uv": [7, 9, 9, 7], "texture": "#edge", "cullface": "up"}
      }
    },
    {
      "from": [7, 0, 7],
      "to": [9, 0.01, 9],
      "faces": {
        "up": {"uv": [7, 7, 9, 9], "texture": "#edge", "cullface": "down"},
        "down": {"uv": [7, 9, 9, 7], "texture": "#edge", "cullface": "down"}
      }
    }
  ]
}