{
  "format_version": "1.21.6",
  "credit": "Made with Blockbench by Minecraft_hyr",
  "ambientocclusion": false,
  "textures": {
    "particle": "#pane"
  },
  "elements": [
    {
      "from": [7, 0, 0],
      "to": [9, 0.01, 7],
      "faces": {
        "up": {"uv": [7, 0, 9, 7], "texture": "#edge", "cullface": "down"},
        "down": {"uv": [7, 0, 9, 7], "texture": "#edge", "cullface": "down"}
      }
    },
    {
      "from": [7, 15.99, 0],
      "to": [9, 16, 7],
      "faces": {
        "up": {"uv": [7, 0, 9, 7], "texture": "#edge", "cullface": "up"},
        "down": {"uv": [7, 0, 9, 7], "texture": "#edge", "cullface": "up"}
      }
    },
    {
      "from": [7, 0, 0],
      "to": [9, 16, 0.01],
      "faces": {
        "north": {"uv": [7, 0, 9, 16], "texture": "#pane", "cullface": "north"},
        "south": {"uv": [9, 0, 7, 16], "texture": "#pane", "cullface": "north"}
      }
    },
    {
      "from": [7, 0, 0],
      "to": [7, 16, 7],
      "faces": {
        "east": {"uv": [7, 0, 0, 16], "texture": "#pane"},
        "west": {"uv": [0, 0, 7, 16], "texture": "#pane"}
      }
    },
    {
      "from": [9, 0, 0],
      "to": [9, 16, 7],
      "faces": {
        "east": {"uv": [9, 0, 16, 16], "texture": "#pane"},
        "west": {"uv": [16, 0, 9, 16], "texture": "#pane"}
      }
    }
  ]
}