{
	"credit": "Made with Blockbench by Minecraft_hyr",
	"ambientocclusion": false,
	"textures": {
		"particle": "block/redstone_torch",
		"torch": "block/redstone_torch"
	},
	"elements": [
		{
			"from": [-1, 3.5, 7],
			"to": [1, 13.5, 9],
			"shade": false,
			"rotation": {"angle": -22.5, "axis": "z", "origin": [0, 3.5, 8]},
			"faces": {
				"up": {"uv": [7, 6, 9, 8], "texture": "#torch"},
				"down": {"uv": [7, 13, 9, 15], "texture": "#torch"}
			}
		},
		{
			"from": [1, 12, 6],
			"to": [1, 15, 10],
			"shade": false,
			"rotation": {"angle": -22.5, "axis": "z", "origin": [0, 3.5, 8]},
			"faces": {
				"east": {"uv": [6, 5, 10, 8], "texture": "#torch"},
				"west": {"uv": [6, 5, 10, 8], "texture": "#torch"}
			}
		},
		{
			"from": [-2, 12, 7],
			"to": [2, 15, 7],
			"shade": false,
			"rotation": {"angle": -22.5, "axis": "z", "origin": [0, 3.5, 8]},
			"faces": {
				"north": {"uv": [6, 5, 10, 8], "texture": "#torch"},
				"south": {"uv": [6, 5, 10, 8], "texture": "#torch"}
			}
		},
		{
			"from": [-1, 12, 6],
			"to": [-1, 15, 10],
			"shade": false,
			"rotation": {"angle": -22.5, "axis": "z", "origin": [0, 3.5, 8]},
			"faces": {
				"east": {"uv": [6, 5, 10, 8], "texture": "#torch"},
				"west": {"uv": [6, 5, 10, 8], "texture": "#torch"}
			}
		},
		{
			"from": [-2, 12, 9],
			"to": [2, 15, 9],
			"shade": false,
			"rotation": {"angle": -22.5, "axis": "z", "origin": [0, 3.5, 8]},
			"faces": {
				"north": {"uv": [6, 5, 10, 8], "texture": "#torch"},
				"south": {"uv": [6, 5, 10, 8], "texture": "#torch"}
			}
		},
		{
			"from": [-1, 4, 7],
			"to": [1, 14, 9],
			"shade": false,
			"rotation": {"angle": -22.5, "axis": "z", "origin": [0, 3.5, 8]},
			"faces": {
				"north": {"uv": [7, 6, 9, 16], "texture": "#torch"},
				"east": {"uv": [7, 6, 9, 16], "texture": "#torch"},
				"south": {"uv": [7, 6, 9, 16], "texture": "#torch"},
				"west": {"uv": [7, 6, 9, 16], "texture": "#torch"},
				"up": {"uv": [7, 6, 9, 8], "texture": "#torch"},
				"down": {"uv": [7, 13, 9, 15], "texture": "#torch", "cullface": "down"}
			}
		}
	]
}