{
	"credit": "Made with Blockbench by Minecraft_hyr",
	"parent": "block/block",
	"textures": {
		"0": "block/chorus_plant",
		"particle": "block/chorus_plant"
	},
	"elements": [
		{
			"from": [4, 4, 4],
			"to": [12, 12, 12],
			"faces": {
				"north": {"uv": [4, 4, 12, 12], "texture": "#0"},
				"east": {"uv": [4, 4, 12, 12], "texture": "#0"},
				"south": {"uv": [4, 4, 12, 12], "texture": "#0"},
				"west": {"uv": [4, 4, 12, 12], "texture": "#0"},
				"up": {"uv": [4, 4, 12, 12], "texture": "#0"},
				"down": {"uv": [4, 4, 12, 12], "texture": "#0"}
			}
		}
	],
	"display": {
		"head": {
      "rotation": [0, 180, 0],
			"translation": [0, 10.5, 0]
		},
    "ground": {
      "rotation": [0, 0, 0],
      "translation": [0, 3, 0],
      "scale":[0.4, 0.4, 0.4]
    },
		"gui": {
      "rotation": [30, 45, 0],
      "translation": [0, 0, 0],
      "scale":[0.9, 0.9, 0.9]
    },
    "fixed": {
      "rotation": [0, 180, 0]
    }
	}
}