{
  "credit": "Made with Blockbench by Minecraft_hyr",
  "parent": "block/block",
  "textures": {
    "particle": "#texture"
  },
  "elements": [
    {
      "name": "Post",
      "from": [6, 0, 6],
      "to": [10, 16, 10],
      "faces": {
        "north": {"uv": [6, 0, 10, 16], "texture": "#texture"},
        "east": {"uv": [6, 0, 10, 16], "texture": "#texture"},
        "south": {"uv": [6, 0, 10, 16], "texture": "#texture"},
        "west": {"uv": [6, 0, 10, 16], "texture": "#texture"},
        "up": {"uv": [6, 6, 10, 10], "rotation": 270, "texture": "#texture"},
        "down": {"uv": [6, 6, 10, 10], "rotation": 90, "texture": "#texture", "cullface": "down"}
      }
    },
    {
      "name": "top bar",
      "from": [0, 12, 7],
      "to": [6, 15, 9],
      "faces": {
        "north": {"uv": [0, 1, 6, 4], "texture": "#texture"},
        "south": {"uv": [0, 1, 6, 4], "texture": "#texture"},
        "west": {"uv": [7, 1, 9, 4], "texture": "#texture", "cullface": "north"},
        "up": {"uv": [7, 0, 9, 6], "rotation": 270, "texture": "#texture"},
        "down": {"uv": [7, 0, 9, 6], "rotation": 90, "texture": "#texture"}
      }
    },
    {
      "name": "lower bar",
      "from": [0, 6, 7],
      "to": [6, 9, 9],
      "faces": {
        "north": {"uv": [0, 7, 6, 10], "texture": "#texture"},
        "south": {"uv": [0, 7, 6, 10], "texture": "#texture"},
        "west": {"uv": [7, 7, 9, 10], "texture": "#texture", "cullface": "north"},
        "up": {"uv": [7, 0, 9, 6], "rotation": 270, "texture": "#texture"},
        "down": {"uv": [7, 0, 9, 6], "rotation": 90, "texture": "#texture"}
      }
    },
    {
      "name": "top bar",
      "from": [10, 12, 7],
      "to": [16, 15, 9],
      "faces": {
        "north": {"uv": [0, 1, 6, 4], "texture": "#texture"},
        "east": {"uv": [7, 1, 9, 4], "texture": "#texture", "cullface": "north"},
        "south": {"uv": [0, 1, 6, 4], "texture": "#texture"},
        "up": {"uv": [7, 10, 9, 16], "rotation": 270, "texture": "#texture"},
        "down": {"uv": [7, 10, 9, 16], "rotation": 90, "texture": "#texture"}
      }
    },
    {
      "name": "lower bar",
      "from": [10, 6, 7],
      "to": [16, 9, 9],
      "faces": {
        "north": {"uv": [0, 7, 6, 10], "texture": "#texture"},
        "east": {"uv": [7, 7, 9, 10], "texture": "#texture", "cullface": "north"},
        "south": {"uv": [0, 7, 6, 10], "texture": "#texture"},
        "up": {"uv": [7, 10, 9, 16], "rotation": 270, "texture": "#texture"},
        "down": {"uv": [7, 10, 9, 16], "rotation": 90, "texture": "#texture"}
      }
    }
  ]
}