{
	"credit": "Made with Blockbench",
	"ambientocclusion": false,
	"textures": {
		"sapling": "block/mangrove_propagule",
		"particle": "block/flower_pot",
		"flowerpot": "block/flower_pot",
		"dirt": "block/dirt"
	},
	"elements": [
		{
			"name": "leaves",
			"from": [4.5, 9, 8],
			"to": [11.5, 15, 8],
			"shade": false,
			"rotation": {"angle": 45, "axis": "y", "origin": [8, 0, 8], "rescale": true},
			"faces": {
				"north": {"uv": [4, 1, 11, 7], "texture": "#sapling"},
				"south": {"uv": [4, 1, 11, 7], "texture": "#sapling"}
			}
		},
		{
			"name": "leaves",
			"from": [8, 9, 4.5],
			"to": [8, 15, 11.5],
			"shade": false,
			"rotation": {"angle": 45, "axis": "y", "origin": [8, 0, 8], "rescale": true},
			"faces": {
				"east": {"uv": [4, 1, 11, 7], "texture": "#sapling"},
				"west": {"uv": [4, 1, 11, 7], "texture": "#sapling"}
			}
		},
		{
			"name": "hypocotyl",
			"from": [8, 0, 7],
			"to": [8, 9, 9],
			"shade": false,
			"rotation": {"angle": 45, "axis": "y", "origin": [8, 0, 8], "rescale": true},
			"faces": {
				"east": {"uv": [7, 7, 9, 16], "texture": "#sapling"},
				"west": {"uv": [7, 7, 9, 16], "texture": "#sapling"}
			}
		},
		{
			"name": "hypocotyl",
			"from": [7, 0, 8],
			"to": [9, 9, 8],
			"shade": false,
			"rotation": {"angle": 45, "axis": "y", "origin": [8, 0, 8], "rescale": true},
			"faces": {
				"north": {"uv": [7, 7, 9, 16], "texture": "#sapling"},
				"south": {"uv": [7, 7, 9, 16], "texture": "#sapling"}
			}
		},
		{
			"from": [5, 0, 5],
			"to": [11, 6, 11],
			"faces": {
				"north": {"uv": [0, 5, 6, 11], "texture": "#flowerpot"},
				"east": {"uv": [0, 5, 6, 11], "texture": "#flowerpot"},
				"south": {"uv": [0, 5, 6, 11], "texture": "#flowerpot"},
				"west": {"uv": [0, 5, 6, 11], "texture": "#flowerpot"},
				"up": {"uv": [0, 0, 6, 6], "texture": "#flowerpot"},
				"down": {"uv": [6, 5, 12, 11], "texture": "#flowerpot", "cullface": "down"}
			}
		},
		{
			"from": [10, 6, 10],
			"to": [6, 4, 6],
			"faces": {
				"north": {"uv": [6, 7, 0, 5], "texture": "#flowerpot"},
				"east": {"uv": [6, 7, 0, 5], "texture": "#flowerpot"},
				"south": {"uv": [6, 7, 0, 5], "texture": "#flowerpot"},
				"west": {"uv": [6, 7, 0, 5], "texture": "#flowerpot"},
				"up": {"uv": [10, 10, 6, 6], "texture": "#dirt"}
			}
		}
	],
	"groups": [
		0,
		1,
		2,
		3,
		{
			"name": "group",
			"origin": [8, 8, 8],
			"color": 0,
			"children": [4, 5]
		}
	]
}