{
  "credit": "Made with Blockbench by Minecraft_hyr",
  "ambientocclusion": false,
  "parent": "block/block",
  "textures": {
    "top": "block/small_dripleaf_top",
    "side": "block/small_dripleaf_side",
    "stem": "block/small_dripleaf_stem_top",
    "particle": "block/small_dripleaf_top"
  },
  "elements": [
    {
      "from": [4.5, 0, 8],
      "to": [11.5, 14, 8],
      "shade": false,
      "rotation": {"angle": 45, "axis": "y", "origin": [8, 8, 8]},
      "faces": {
        "north": {"uv": [4, 0, 12, 14], "texture": "#stem"},
        "south": {"uv": [12, 0, 4, 14], "texture": "#stem"}
      }
    },
    {
      "from": [4.5, 0, 8],
      "to": [11.5, 14, 8],
      "shade": false,
      "rotation": {"angle": -45, "axis": "y", "origin": [8, 8, 8]},
      "faces": {
        "north": {"uv": [4, 0, 12, 14], "texture": "#stem"},
        "south": {"uv": [12, 0, 4, 14], "texture": "#stem"}
      }
    },
    {
      "from": [8, 2, 15],
      "to": [15, 3, 15],
      "shade": false,
      "faces": {
        "north": {"uv": [8, 0, 0, 1], "texture": "#side"},
        "south": {"uv": [0, 0, 8, 1], "texture": "#side"}
      }
    },
    {
      "from": [15, 2, 8],
      "to": [15, 3, 15],
      "shade": false,
      "faces": {
        "east": {"uv": [0, 0, 8, 1], "texture": "#side"},
        "west": {"uv": [8, 0, 0, 1], "texture": "#side"}
      }
    },
    {
      "from": [8, 2, 8],
      "to": [8, 3, 15],
      "shade": false,
      "faces": {
        "east": {"uv": [8, 0, 0, 1], "texture": "#side"},
        "west": {"uv": [0, 0, 8, 1], "texture": "#side"}
      }
    },
    {
      "from": [8, 2, 8],
      "to": [15, 3, 8],
      "shade": false,
      "faces": {
        "north": {"uv": [0, 0, 8, 1], "texture": "#side"},
        "south": {"uv": [8, 0, 0, 1], "texture": "#side"}
      }
    },
    {
      "from": [8, 3, 8],
      "to": [15, 3, 15],
      "shade": false,
      "faces": {
        "up": {"uv": [0, 0, 8, 8], "rotation": 180, "texture": "#top"},
        "down": {"uv": [8, 0, 0, 8], "texture": "#top"}
      }
    },
    {
      "from": [1, 7.02, 1],
      "to": [8, 8.02, 1],
      "shade": false,
      "faces": {
        "north": {"uv": [0, 0, 8, 1], "texture": "#side"},
        "south": {"uv": [8, 0, 0, 1], "texture": "#side"}
      }
    },
    {
      "from": [1, 7.02, 1],
      "to": [1, 8.02, 8],
      "shade": false,
      "faces": {
        "east": {"uv": [8, 0, 0, 1], "texture": "#side"},
        "west": {"uv": [0, 0, 8, 1], "texture": "#side"}
      }
    },
    {
      "from": [8, 7.02, 1],
      "to": [8, 8.02, 8],
      "shade": false,
      "faces": {
        "east": {"uv": [0, 0, 8, 1], "texture": "#side"},
        "west": {"uv": [8, 0, 0, 1], "texture": "#side"}
      }
    },
    {
      "from": [1, 7.02, 8],
      "to": [8, 8.02, 8],
      "shade": false,
      "faces": {
        "north": {"uv": [8, 0, 0, 1], "texture": "#side"},
        "south": {"uv": [0, 0, 8, 1], "texture": "#side"}
      }
    },
    {
      "from": [1, 8.02, 1],
      "to": [8, 8.02, 8],
      "shade": false,
      "faces": {
        "up": {"uv": [0, 0, 8, 8], "texture": "#top"},
        "down": {"uv": [8, 0, 0, 8], "rotation": 180, "texture": "#top"}
      }
    },
    {
      "from": [1, 11.02, 8],
      "to": [1, 12.02, 15],
      "shade": false,
      "faces": {
        "east": {"uv": [8, 0, 0, 1], "texture": "#side"},
        "west": {"uv": [0, 0, 8, 1], "texture": "#side"}
      }
    },
    {
      "from": [1, 11.02, 15],
      "to": [8, 12.02, 15],
      "shade": false,
      "faces": {
        "north": {"uv": [8, 0, 0, 1], "texture": "#side"},
        "south": {"uv": [0, 0, 8, 1], "texture": "#side"}
      }
    },
    {
      "from": [1, 11.02, 8],
      "to": [8, 12.02, 8],
      "shade": false,
      "faces": {
        "north": {"uv": [0, 0, 8, 1], "texture": "#side"},
        "south": {"uv": [8, 0, 0, 1], "texture": "#side"}
      }
    },
    {
      "from": [8, 11.02, 8],
      "to": [8, 12.02, 15],
      "shade": false,
      "faces": {
        "east": {"uv": [0, 0, 8, 1], "texture": "#side"},
        "west": {"uv": [8, 0, 0, 1], "texture": "#side"}
      }
    },
    {
      "from": [1, 12.02, 8],
      "to": [8, 12.02, 15],
      "shade": false,
      "faces": {
        "up": {"uv": [0, 0, 8, 8], "rotation": 270, "texture": "#top"},
        "down": {"uv": [8, 0, 0, 8], "rotation": 270, "texture": "#top"}
      }
    }
  ],
  "groups": [
    {
      "name": "group",
      "origin": [0, 0, 0],
      "color": 0,
      "children": [
        0,
        1,
        {
          "name": "group",
          "origin": [0, 0, 0],
          "color": 0,
          "shade": false,
          "children": [2, 3, 4, 5, 6]
        },
        {
          "name": "group",
          "origin": [0, 0, 0],
          "color": 0,
          "shade": false,
          "children": [7, 8, 9, 10, 11]
        },
        {
          "name": "group",
          "origin": [0, 0, 0],
          "color": 0,
          "shade": false,
          "children": [12, 13, 14, 15, 16]
        }
      ]
    }
  ]
}