{
	"credit": "Made with Blockbench",
	"ambientocclusion": false,
	"elements": [
		{
			"from": [0, 3, 0],
			"to": [16, 16, 2],
			"faces": {
				"up": {"uv": [0, 0, 16, 2], "texture": "#top", "cullface": "up"}
			}
		},
		{
			"from": [0, 3, 14],
			"to": [16, 16, 16],
			"faces": {
				"up": {"uv": [0, 14, 16, 16], "texture": "#top", "cullface": "up"}
			}
		},
		{
			"from": [0, 3, 0],
			"to": [2, 16, 16],
			"faces": {
				"up": {"uv": [0, 0, 2, 16], "texture": "#top", "cullface": "up"}
			}
		},
		{
			"from": [14, 3, 0],
			"to": [16, 16, 16],
			"faces": {
				"up": {"uv": [14, 0, 16, 16], "texture": "#top", "cullface": "up"}
			}
		},
		{
			"from": [0, 0, 0],
			"to": [2, 3, 4],
			"faces": {
				"east": {"uv": [12, 13, 16, 16], "texture": "#side"},
				"south": {"uv": [0, 13, 2, 16], "texture": "#side"},
				"west": {"uv": [0, 13, 4, 16], "texture": "#side", "cullface": "west"},
				"down": {"uv": [0, 12, 2, 16], "texture": "#bottom", "cullface": "down"}
			}
		},
		{
			"from": [0, 0, 12],
			"to": [2, 3, 16],
			"faces": {
				"north": {"uv": [14, 13, 16, 16], "texture": "#side"},
				"east": {"uv": [0, 13, 4, 16], "texture": "#side"},
				"west": {"uv": [12, 13, 16, 16], "texture": "#side", "cullface": "west"},
				"down": {"uv": [0, 0, 2, 4], "texture": "#bottom", "cullface": "down"}
			}
		},
		{
			"from": [0, 0, 14],
			"to": [4, 3, 16],
			"faces": {
				"north": {"uv": [12, 13, 16, 16], "texture": "#side"},
				"east": {"uv": [0, 13, 2, 16], "texture": "#side"},
				"south": {"uv": [0, 13, 4, 16], "texture": "#side", "cullface": "south"},
				"down": {"uv": [0, 0, 4, 2], "texture": "#bottom", "cullface": "down"}
			}
		},
		{
			"from": [12, 0, 14],
			"to": [16, 3, 16],
			"faces": {
				"north": {"uv": [0, 13, 4, 16], "texture": "#side"},
				"south": {"uv": [12, 13, 16, 16], "texture": "#side", "cullface": "south"},
				"west": {"uv": [14, 13, 16, 16], "texture": "#side"},
				"down": {"uv": [12, 0, 16, 2], "texture": "#bottom", "cullface": "down"}
			}
		},
		{
			"from": [14, 0, 12],
			"to": [16, 3, 16],
			"faces": {
				"north": {"uv": [0, 13, 2, 16], "texture": "#side"},
				"east": {"uv": [0, 13, 4, 16], "texture": "#side", "cullface": "east"},
				"west": {"uv": [12, 13, 16, 16], "texture": "#side"},
				"down": {"uv": [14, 0, 16, 4], "texture": "#bottom", "cullface": "down"}
			}
		},
		{
			"from": [14, 0, 0],
			"to": [16, 3, 4],
			"faces": {
				"east": {"uv": [12, 13, 16, 16], "texture": "#side", "cullface": "east"},
				"south": {"uv": [14, 13, 16, 16], "texture": "#side"},
				"west": {"uv": [0, 13, 4, 16], "texture": "#side"},
				"down": {"uv": [14, 12, 16, 16], "texture": "#bottom", "cullface": "down"}
			}
		},
		{
			"from": [12, 0, 0],
			"to": [16, 3, 2],
			"faces": {
				"north": {"uv": [0, 13, 4, 16], "texture": "#side", "cullface": "north"},
				"south": {"uv": [12, 13, 16, 16], "texture": "#side"},
				"west": {"uv": [0, 13, 2, 16], "texture": "#side"},
				"down": {"uv": [12, 14, 16, 16], "texture": "#bottom", "cullface": "down"}
			}
		},
		{
			"from": [0, 0, 0],
			"to": [4, 3, 2],
			"faces": {
				"north": {"uv": [12, 13, 16, 16], "texture": "#side", "cullface": "north"},
				"east": {"uv": [14, 13, 16, 16], "texture": "#side"},
				"south": {"uv": [0, 13, 4, 16], "texture": "#side"},
				"down": {"uv": [0, 14, 4, 16], "texture": "#bottom", "cullface": "down"}
			}
		},
		{
			"from": [14, 16, 14],
			"to": [2, 4, 2],
			"faces": {
				"north": {"uv": [14, 12, 2, 0], "texture": "#side"},
				"east": {"uv": [14, 12, 2, 0], "texture": "#side"},
				"south": {"uv": [14, 12, 2, 0], "texture": "#side"},
				"west": {"uv": [14, 12, 2, 0], "texture": "#side"},
				"up": {"uv": [15, 15, 0, 0], "texture": "#inside"}
			}
		},
		{
			"from": [0, 3, 0],
			"to": [16, 16, 16],
			"faces": {
				"north": {"uv": [0, 0, 16, 13], "texture": "#side", "cullface": "north"},
				"east": {"uv": [0, 0, 16, 13], "texture": "#side", "cullface": "east"},
				"south": {"uv": [0, 0, 16, 13], "texture": "#side", "cullface": "south"},
				"west": {"uv": [0, 0, 16, 13], "texture": "#side", "cullface": "west"},
				"down": {"uv": [0, 0, 16, 16], "texture": "#inside"}
			}
		},
		{
			"from": [2, 12, 2],
			"to": [14, 12, 14],
			"faces": {
				"up": {"uv": [2, 2, 14, 14], "texture": "#content", "tintindex": 0},
				"down": {"uv": [2, 14, 14, 2], "texture": "#content", "tintindex": 0}
			}
		}
	]
}