{
	"credit": "Made with Blockbench",
	"elements": [
		{
			"from": [3, 3, 15.4],
			"to": [13, 13, 15.99],
			"faces": {
				"north": {"uv": [3, 3, 13, 13], "texture": "#texture"}
			}
		},
		{
			"from": [2, 2, 15.99],
			"to": [14, 14, 15.99],
			"faces": {
				"south": {"uv": [14, 2, 2, 14], "texture": "#texture", "cullface": "south"}
			}
		},
		{
			"from": [2, 2, 14.99],
			"to": [14, 3, 15.99],
			"faces": {
				"north": {"uv": [2, 13, 14, 14], "texture": "#texture"},
				"up": {"uv": [2, 13, 14, 14], "texture": "#texture"},
				"down": {"uv": [14, 13, 2, 14], "texture": "#texture"}
			}
		},
		{
			"from": [2, 2, 14.99],
			"to": [3, 14, 15.99],
			"faces": {
				"north": {"uv": [13, 2, 14, 14], "texture": "#texture"},
				"east": {"uv": [13, 2, 14, 14], "texture": "#texture"},
				"west": {"uv": [13, 2, 14, 14], "texture": "#texture"}
			}
		},
		{
			"from": [2, 13, 14.99],
			"to": [14, 14, 15.99],
			"faces": {
				"north": {"uv": [2, 2, 14, 3], "texture": "#texture"},
				"up": {"uv": [14, 2, 2, 3], "texture": "#texture"},
				"down": {"uv": [2, 2, 14, 3], "texture": "#texture"}
			}
		},
		{
			"from": [13, 2, 14.99],
			"to": [14, 14, 15.99],
			"faces": {
				"north": {"uv": [2, 2, 3, 14], "texture": "#texture"},
				"east": {"uv": [2, 2, 3, 14], "texture": "#texture"},
				"west": {"uv": [2, 2, 3, 14], "texture": "#texture"}
			}
		}
	],
	"particle": "block/birch_planks"
}