{
	"credit": "Made with Blockbench",
	"textures": {
		"particle": "block/birch_planks"
	},
	"elements": [
		{
			"from": [3, 3, 15.5],
			"to": [13, 13, 16],
			"faces": {
				"north": {"uv": [3, 3, 13, 13], "texture": "#texture"}
			}
		},
		{
			"from": [2, 2, 16],
			"to": [14, 14, 16],
			"faces": {
				"south": {"uv": [14, 2, 2, 14], "texture": "#texture", "cullface": "south"}
			}
		},
		{
			"from": [2, 2, 15],
			"to": [14, 3, 16],
			"faces": {
				"north": {"uv": [2, 13, 14, 14], "texture": "#texture"},
				"up": {"uv": [2, 13, 14, 14], "texture": "#texture"},
				"down": {"uv": [14, 13, 2, 14], "texture": "#texture"}
			}
		},
		{
			"from": [2, 2, 15],
			"to": [3, 14, 16],
			"faces": {
				"north": {"uv": [13, 2, 14, 14], "texture": "#texture"},
				"east": {"uv": [13, 2, 14, 14], "texture": "#texture"},
				"west": {"uv": [13, 2, 14, 14], "texture": "#texture"}
			}
		},
		{
			"from": [2, 13, 15],
			"to": [14, 14, 16],
			"faces": {
				"north": {"uv": [2, 2, 14, 3], "texture": "#texture"},
				"up": {"uv": [14, 2, 2, 3], "texture": "#texture"},
				"down": {"uv": [2, 2, 14, 3], "texture": "#texture"}
			}
		},
		{
			"from": [13, 2, 15],
			"to": [14, 14, 16],
			"faces": {
				"north": {"uv": [2, 2, 3, 14], "texture": "#texture"},
				"east": {"uv": [2, 2, 3, 14], "texture": "#texture"},
				"west": {"uv": [2, 2, 3, 14], "texture": "#texture"}
			}
		}
	]
}