{"__comment":"Designed by GeForceLegend","ambientocclusion":false,"textures":{"layer1":"block/acacia_trapdoor1","layer2":"block/acacia_trapdoor2","layer3":"block/acacia_trapdoor3","particle":"block/acacia_trapdoor"},"elements":[{"from":[9,3,13],"to":[12,13,16],"faces":{"north":{"uv":[12,13,9,3],"texture":"#particle"},"east":{"uv":[9,13,12,3],"texture":"#layer2"},"south":{"uv":[9,13,12,3],"texture":"#particle","cullface":"south"},"west":{"uv":[8,13,11,3],"texture":"#layer1"}}},{"from":[4,3,13],"to":[7,13,16],"faces":{"north":{"uv":[7,13,4,3],"texture":"#particle"},"east":{"uv":[5,13,8,3],"texture":"#layer1"},"south":{"uv":[4,13,7,3],"texture":"#particle","cullface":"south"},"west":{"uv":[4,13,7,3],"texture":"#layer2"}}},{"from":[5.01,14.01,12.01],"to":[10.99,15.99,16.99],"faces":{"north":{"uv":[11,16,5,14],"texture":"#particle"},"east":{"uv":[5,16,6,14],"texture":"#particle"},"south":{"uv":[5,16,11,14],"texture":"#particle","cullface":"south"},"west":{"uv":[10,16,11,14],"texture":"#particle"},"up":{"uv":[11,15,5,16],"texture":"#particle"},"down":{"uv":[5,14,11,15],"texture":"#particle"}}},{"from":[0,13,13],"to":[16,16,16],"faces":{"north":{"uv":[16,16,0,13],"texture":"#particle"},"east":{"uv":[13,0,16,3],"texture":"#layer2","cullface":"east"},"south":{"uv":[0,16,16,13],"texture":"#particle","cullface":"south"},"west":{"uv":[0,0,3,3],"texture":"#layer2","cullface":"west"},"up":{"uv":[0,13,16,16],"texture":"#layer1","cullface":"up"},"down":{"uv":[0,11,16,14],"texture":"#layer3"}}},{"from":[0,0,13],"to":[16,3,16],"faces":{"north":{"uv":[16,3,0,0],"texture":"#particle"},"east":{"uv":[13,13,16,16],"texture":"#layer2","cullface":"east"},"south":{"uv":[0,3,16,0],"texture":"#particle","cullface":"south"},"west":{"uv":[0,13,3,16],"texture":"#layer2","cullface":"west"},"up":{"uv":[0,2,16,5],"texture":"#layer3"},"down":{"uv":[0,0,16,3],"texture":"#layer1","cullface":"down"}}},{"from":[0,3,13],"to":[2,13,16],"faces":{"north":{"uv":[2,13,0,3],"texture":"#particle"},"east":{"uv":[0,13,3,3],"texture":"#layer1"},"south":{"uv":[0,13,2,3],"texture":"#particle","cullface":"south"},"west":{"uv":[0,13,3,3],"texture":"#layer2","cullface":"west"}}},{"from":[14,3,13],"to":[16,13,16],"faces":{"north":{"uv":[16,13,14,3],"texture":"#particle"},"east":{"uv":[13,13,16,3],"texture":"#layer2","cullface":"east"},"south":{"uv":[14,13,16,3],"texture":"#particle","cullface":"south"},"west":{"uv":[13,13,16,3],"texture":"#layer1"}}}]}