{"__comment":"Designed by GeForceLegend","textures":{"particle":"block/bamboo_trapdoor","layer0":"block/bamboo_trapdoor","layer1":"block/bamboo_trapdoor1"},"elements":[{"from":[14,0,13],"to":[16,16,16],"faces":{"north":{"uv":[2,0,0,16],"rotation":180,"texture":"#layer0"},"east":{"uv":[0,13,16,10],"rotation":90,"texture":"#layer1","cullface":"east"},"south":{"uv":[2,16,0,0],"texture":"#layer0","cullface":"south"},"west":{"uv":[2,16,1,0],"texture":"#layer0"},"up":{"uv":[16,13,14,16],"rotation":180,"texture":"#layer1","cullface":"up"},"down":{"uv":[2,0,0,3],"texture":"#layer1","cullface":"down"}}},{"from":[0,0,13],"to":[2,16,16],"faces":{"north":{"uv":[16,0,14,16],"rotation":180,"texture":"#layer0"},"east":{"uv":[15,0,14,16],"rotation":180,"texture":"#layer0"},"south":{"uv":[16,16,14,0],"texture":"#layer0","cullface":"south"},"west":{"uv":[16,6,0,3],"rotation":270,"texture":"#layer1","cullface":"west"},"up":{"uv":[2,13,0,16],"rotation":180,"texture":"#layer1","cullface":"up"},"down":{"uv":[16,0,14,3],"texture":"#layer1","cullface":"down"}}},{"from":[2,0,13],"to":[14,2,16],"faces":{"north":{"uv":[14,0,2,2],"rotation":180,"texture":"#layer0"},"south":{"uv":[14,2,2,0],"texture":"#layer0","cullface":"south"},"up":{"uv":[2,1,14,2],"rotation":180,"texture":"#layer0"},"down":{"uv":[14,0,2,3],"texture":"#layer1","cullface":"down"}}},{"from":[2,14,13],"to":[14,16,16],"faces":{"north":{"uv":[14,14,2,16],"rotation":180,"texture":"#layer0"},"south":{"uv":[14,16,2,14],"texture":"#layer0","cullface":"south"},"up":{"uv":[14,13,2,16],"rotation":180,"texture":"#layer1","cullface":"up"},"down":{"uv":[14,14,2,15],"texture":"#layer0"}}},{"from":[13,2,14],"to":[14,14,15],"faces":{"north":{"uv":[3,2,2,14],"rotation":180,"texture":"#layer0"},"south":{"uv":[3,14,2,2],"texture":"#layer0"},"west":{"uv":[3,14,2,2],"texture":"#layer0"}}},{"from":[2,2,14],"to":[3,14,15],"faces":{"north":{"uv":[14,2,13,14],"rotation":180,"texture":"#layer0"},"east":{"uv":[14,2,13,14],"rotation":180,"texture":"#layer0"},"south":{"uv":[14,14,13,2],"texture":"#layer0"}}},{"from":[3,2,14],"to":[13,3,15],"faces":{"north":{"uv":[13,2,3,3],"rotation":180,"texture":"#layer0"},"south":{"uv":[13,2,3,3],"texture":"#layer0"},"up":{"uv":[3,2,13,3],"rotation":180,"texture":"#layer0"}}},{"from":[3,13,14],"to":[13,14,15],"faces":{"north":{"uv":[13,13,3,14],"rotation":180,"texture":"#layer0"},"south":{"uv":[13,13,3,14],"texture":"#layer0"},"down":{"uv":[13,13,3,14],"texture":"#layer0"}}},{"from":[4,3,14],"to":[5,13,15],"faces":{"north":{"uv":[12,3,11,13],"rotation":180,"texture":"#layer0"},"east":{"uv":[12,3,11,13],"rotation":180,"texture":"#layer0"},"south":{"uv":[12,13,11,3],"texture":"#layer0"},"west":{"uv":[12,13,11,3],"texture":"#layer0"}}},{"from":[11,3,14],"to":[12,13,15],"faces":{"north":{"uv":[5,3,4,13],"rotation":180,"texture":"#layer0"},"east":{"uv":[5,3,4,13],"rotation":180,"texture":"#layer0"},"south":{"uv":[5,13,4,3],"texture":"#layer0"},"west":{"uv":[5,13,4,3],"texture":"#layer0"}}},{"from":[9,3,14],"to":[10,7,15],"faces":{"north":{"uv":[7,3,6,7],"rotation":180,"texture":"#layer0"},"east":{"uv":[7,3,6,7],"rotation":180,"texture":"#layer0"},"south":{"uv":[7,7,6,3],"texture":"#layer0"},"west":{"uv":[7,7,6,3],"texture":"#layer0"},"up":{"uv":[7,6,6,7],"rotation":180,"texture":"#layer0"}}},{"from":[9,9,14],"to":[10,13,15],"faces":{"north":{"uv":[7,9,6,13],"rotation":180,"texture":"#layer0"},"east":{"uv":[7,9,6,13],"rotation":180,"texture":"#layer0"},"south":{"uv":[7,13,6,9],"texture":"#layer0"},"west":{"uv":[7,13,6,9],"texture":"#layer0"},"down":{"uv":[7,9,6,10],"texture":"#layer0"}}},{"from":[6,9,14],"to":[7,13,15],"faces":{"north":{"uv":[10,9,9,13],"rotation":180,"texture":"#layer0"},"east":{"uv":[10,9,9,13],"rotation":180,"texture":"#layer0"},"south":{"uv":[10,13,9,9],"texture":"#layer0"},"west":{"uv":[10,13,9,9],"texture":"#layer0"},"down":{"uv":[10,9,9,10],"texture":"#layer0"}}},{"from":[6,3,14],"to":[7,7,15],"faces":{"north":{"uv":[10,3,9,7],"rotation":180,"texture":"#layer0"},"east":{"uv":[10,3,9,7],"rotation":180,"texture":"#layer0"},"south":{"uv":[10,7,9,3],"texture":"#layer0"},"west":{"uv":[10,7,9,3],"texture":"#layer0"},"up":{"uv":[10,6,9,7],"rotation":180,"texture":"#layer0"}}},{"from":[3,4,14],"to":[4,5,15],"faces":{"north":{"uv":[13,4,12,5],"rotation":180,"texture":"#layer0"},"south":{"uv":[13,4,12,5],"texture":"#layer0"},"up":{"uv":[13,4,12,5],"rotation":180,"texture":"#layer0"},"down":{"uv":[13,4,12,5],"texture":"#layer0"}}},{"from":[3,6,14],"to":[4,7,15],"faces":{"north":{"uv":[13,6,12,7],"rotation":180,"texture":"#layer0"},"south":{"uv":[13,6,12,7],"texture":"#layer0"},"up":{"uv":[13,6,12,7],"rotation":180,"texture":"#layer0"},"down":{"uv":[13,6,12,7],"texture":"#layer0"}}},{"from":[3,9,14],"to":[4,10,15],"faces":{"north":{"uv":[13,9,12,10],"rotation":180,"texture":"#layer0"},"south":{"uv":[13,9,12,10],"texture":"#layer0"},"up":{"uv":[13,9,12,10],"rotation":180,"texture":"#layer0"},"down":{"uv":[13,9,12,10],"texture":"#layer0"}}},{"from":[3,11,14],"to":[4,12,15],"faces":{"north":{"uv":[13,11,12,12],"rotation":180,"texture":"#layer0"},"south":{"uv":[13,11,12,12],"texture":"#layer0"},"up":{"uv":[13,11,12,12],"rotation":180,"texture":"#layer0"},"down":{"uv":[13,11,12,12],"texture":"#layer0"}}},{"from":[5,4,14],"to":[6,5,15],"faces":{"north":{"uv":[11,4,10,5],"rotation":180,"texture":"#layer0"},"south":{"uv":[11,4,10,5],"texture":"#layer0"},"up":{"uv":[11,4,10,5],"rotation":180,"texture":"#layer0"},"down":{"uv":[11,4,10,5],"texture":"#layer0"}}},{"from":[5,6,14],"to":[6,7,15],"faces":{"north":{"uv":[11,6,10,7],"rotation":180,"texture":"#layer0"},"south":{"uv":[11,6,10,7],"texture":"#layer0"},"up":{"uv":[11,6,10,7],"rotation":180,"texture":"#layer0"},"down":{"uv":[11,6,10,7],"texture":"#layer0"}}},{"from":[5,9,14],"to":[6,10,15],"faces":{"north":{"uv":[11,9,10,10],"rotation":180,"texture":"#layer0"},"south":{"uv":[11,9,10,10],"texture":"#layer0"},"up":{"uv":[11,9,10,10],"rotation":180,"texture":"#layer0"},"down":{"uv":[11,9,10,10],"texture":"#layer0"}}},{"from":[5,11,14],"to":[6,12,15],"faces":{"north":{"uv":[11,11,10,12],"rotation":180,"texture":"#layer0"},"south":{"uv":[11,11,10,12],"texture":"#layer0"},"up":{"uv":[11,11,10,12],"rotation":180,"texture":"#layer0"},"down":{"uv":[11,11,10,12],"texture":"#layer0"}}},{"from":[10,4,14],"to":[11,5,15],"faces":{"north":{"uv":[6,4,5,5],"rotation":180,"texture":"#layer0"},"south":{"uv":[6,4,5,5],"texture":"#layer0"},"up":{"uv":[6,4,5,5],"rotation":180,"texture":"#layer0"},"down":{"uv":[6,4,5,5],"texture":"#layer0"}}},{"from":[10,6,14],"to":[11,7,15],"faces":{"north":{"uv":[6,6,5,7],"rotation":180,"texture":"#layer0"},"south":{"uv":[6,6,5,7],"texture":"#layer0"},"up":{"uv":[6,6,5,7],"rotation":180,"texture":"#layer0"},"down":{"uv":[6,6,5,7],"texture":"#layer0"}}},{"from":[10,9,14],"to":[11,10,15],"faces":{"north":{"uv":[6,9,5,10],"rotation":180,"texture":"#layer0"},"south":{"uv":[6,9,5,10],"texture":"#layer0"},"up":{"uv":[6,9,5,10],"rotation":180,"texture":"#layer0"},"down":{"uv":[6,9,5,10],"texture":"#layer0"}}},{"from":[10,11,14],"to":[11,12,15],"faces":{"north":{"uv":[6,11,5,12],"rotation":180,"texture":"#layer0"},"south":{"uv":[6,11,5,12],"texture":"#layer0"},"up":{"uv":[6,11,5,12],"rotation":180,"texture":"#layer0"},"down":{"uv":[6,11,5,12],"texture":"#layer0"}}},{"from":[12,4,14],"to":[13,5,15],"faces":{"north":{"uv":[4,4,3,5],"rotation":180,"texture":"#layer0"},"south":{"uv":[4,4,3,5],"texture":"#layer0"},"up":{"uv":[4,4,3,5],"rotation":180,"texture":"#layer0"},"down":{"uv":[4,4,3,5],"texture":"#layer0"}}},{"from":[12,6,14],"to":[13,7,15],"faces":{"north":{"uv":[4,6,3,7],"rotation":180,"texture":"#layer0"},"south":{"uv":[4,6,3,7],"texture":"#layer0"},"up":{"uv":[4,6,3,7],"rotation":180,"texture":"#layer0"},"down":{"uv":[4,6,3,7],"texture":"#layer0"}}},{"from":[12,9,14],"to":[13,10,15],"faces":{"north":{"uv":[4,9,3,10],"rotation":180,"texture":"#layer0"},"south":{"uv":[4,9,3,10],"texture":"#layer0"},"up":{"uv":[4,9,3,10],"rotation":180,"texture":"#layer0"},"down":{"uv":[4,9,3,10],"texture":"#layer0"}}},{"from":[12,11,14],"to":[13,12,15],"faces":{"north":{"uv":[4,11,3,12],"rotation":180,"texture":"#layer0"},"south":{"uv":[4,11,3,12],"texture":"#layer0"},"up":{"uv":[4,11,3,12],"rotation":180,"texture":"#layer0"},"down":{"uv":[4,11,3,12],"texture":"#layer0"}}},{"from":[7,11,14],"to":[9,12,15],"faces":{"north":{"uv":[9,11,7,12],"rotation":180,"texture":"#layer0"},"south":{"uv":[9,11,7,12],"texture":"#layer0"},"up":{"uv":[7,11,9,12],"rotation":180,"texture":"#layer0"},"down":{"uv":[9,11,7,12],"texture":"#layer0"}}},{"from":[7,4,14],"to":[9,5,15],"faces":{"north":{"uv":[9,4,7,5],"rotation":180,"texture":"#layer0"},"south":{"uv":[9,4,7,5],"texture":"#layer0"},"up":{"uv":[7,4,9,5],"rotation":180,"texture":"#layer0"},"down":{"uv":[9,4,7,5],"texture":"#layer0"}}}]}