{"__comment":"Designed by GeForceLegend","textures":{"particle":"block/bamboo_door_bottom","layer0":"block/bamboo_door_bottom","layer1":"block/bamboo_door_bottom1"},"elements":[{"from":[0,0,3],"to":[3,3,13],"faces":{"east":{"uv":[3,13,13,16],"texture":"#layer0"},"west":{"uv":[13,13,3,16],"texture":"#layer0","cullface":"west"},"up":{"uv":[13,13,3,14],"rotation":90,"texture":"#layer0"},"down":{"uv":[6,3,9,13],"texture":"#layer1","cullface":"down"}}},{"from":[0,0,13],"to":[3,16,16],"faces":{"north":{"uv":[3,0,2,16],"texture":"#layer0"},"east":{"uv":[0,0,3,16],"texture":"#layer0"},"south":{"uv":[3,0,0,16],"texture":"#layer1","cullface":"south"},"west":{"uv":[3,0,0,16],"texture":"#layer0","cullface":"west"},"down":{"uv":[6,0,9,3],"texture":"#layer1","cullface":"down"}}},{"from":[0,0,0],"to":[3,16,3],"faces":{"north":{"uv":[16,0,13,16],"texture":"#layer1","cullface":"north"},"east":{"uv":[13,0,16,16],"texture":"#layer0"},"south":{"uv":[14,0,13,16],"texture":"#layer0"},"west":{"uv":[16,0,13,16],"texture":"#layer0","cullface":"west"},"down":{"uv":[6,13,9,16],"texture":"#layer1","cullface":"down"}}},{"from":[0,14,3],"to":[3,16,13],"faces":{"east":{"uv":[3,0,13,2],"texture":"#layer0"},"west":{"uv":[13,0,3,2],"texture":"#layer0","cullface":"west"},"up":{"uv":[10,16,13,6],"texture":"#layer1"},"down":{"uv":[3,1,13,2],"rotation":90,"texture":"#layer0"}}},{"from":[1,3,3],"to":[2,14,13],"faces":{"east":{"uv":[3,2,13,13],"texture":"#layer0"},"west":{"uv":[13,2,3,13],"texture":"#layer0","cullface":"west"}}},{"from":[-0.99,12.01,3.01],"to":[0,13.01,4.99],"faces":{"north":{"uv":[12,3,11,4],"texture":"#layer1"},"east":{"uv":[10,3,12,4],"texture":"#layer1"},"south":{"uv":[11,3,10,4],"texture":"#layer1"},"west":{"uv":[12,3,10,4],"texture":"#layer1","cullface":"west"},"up":{"uv":[12,3,10,4],"rotation":90,"texture":"#layer1"},"down":{"uv":[10,3,12,4],"rotation":90,"texture":"#layer1"}}},{"from":[-0.99,13.01,4.99],"to":[0,14.99,5.99],"faces":{"north":{"uv":[13,1,12,3],"texture":"#layer1"},"east":{"uv":[13,1,12,3],"texture":"#layer1"},"south":{"uv":[13,1,12,3],"texture":"#layer1"},"west":{"uv":[13,1,12,3],"texture":"#layer1","cullface":"west"},"up":{"uv":[12,2,13,1],"texture":"#layer1"},"down":{"uv":[12,3,13,2],"texture":"#layer1"}}},{"from":[-0.99,13.01,2.01],"to":[0,14.99,3.01],"faces":{"north":{"uv":[10,1,9,3],"texture":"#layer1"},"east":{"uv":[10,1,9,3],"texture":"#layer1"},"south":{"uv":[10,1,9,3],"texture":"#layer1"},"west":{"uv":[10,1,9,3],"texture":"#layer1","cullface":"west"},"up":{"uv":[9,2,10,1],"texture":"#layer1"},"down":{"uv":[9,3,10,2],"texture":"#layer1"}}},{"from":[-0.99,14.99,3.01],"to":[0,15.99,4.99],"faces":{"north":{"uv":[12,0,11,1],"texture":"#layer1"},"east":{"uv":[10,0,12,1],"texture":"#layer1"},"south":{"uv":[11,0,10,1],"texture":"#layer1"},"west":{"uv":[12,0,10,1],"texture":"#layer1","cullface":"west"},"up":{"uv":[12,0,10,1],"rotation":90,"texture":"#layer1"},"down":{"uv":[10,0,12,1],"rotation":90,"texture":"#layer1"}}},{"from":[3,12.01,3.01],"to":[3.99,13.01,4.99],"faces":{"north":{"uv":[12,3,11,4],"texture":"#layer1"},"east":{"uv":[10,3,12,4],"texture":"#layer1"},"south":{"uv":[11,3,10,4],"texture":"#layer1"},"west":{"uv":[12,3,10,4],"texture":"#layer1","cullface":"west"},"up":{"uv":[12,3,10,4],"rotation":90,"texture":"#layer1"},"down":{"uv":[10,3,12,4],"rotation":90,"texture":"#layer1"}}},{"from":[3,13.01,4.99],"to":[3.99,14.99,5.99],"faces":{"north":{"uv":[13,1,12,3],"texture":"#layer1"},"east":{"uv":[13,1,12,3],"texture":"#layer1"},"south":{"uv":[13,1,12,3],"texture":"#layer1"},"west":{"uv":[13,1,12,3],"texture":"#layer1","cullface":"west"},"up":{"uv":[12,2,13,1],"texture":"#layer1"},"down":{"uv":[12,3,13,2],"texture":"#layer1"}}},{"from":[3,13.01,2.01],"to":[3.99,14.99,3.01],"faces":{"north":{"uv":[10,1,9,3],"texture":"#layer1"},"east":{"uv":[10,1,9,3],"texture":"#layer1"},"south":{"uv":[10,1,9,3],"texture":"#layer1"},"west":{"uv":[10,1,9,3],"texture":"#layer1","cullface":"west"},"up":{"uv":[9,2,10,1],"texture":"#layer1"},"down":{"uv":[9,3,10,2],"texture":"#layer1"}}},{"from":[3,14.99,3.01],"to":[3.99,15.99,4.99],"faces":{"north":{"uv":[12,0,11,1],"texture":"#layer1"},"east":{"uv":[10,0,12,1],"texture":"#layer1"},"south":{"uv":[11,0,10,1],"texture":"#layer1"},"west":{"uv":[12,0,10,1],"texture":"#layer1","cullface":"west"},"up":{"uv":[12,0,10,1],"rotation":90,"texture":"#layer1"},"down":{"uv":[10,0,12,1],"rotation":90,"texture":"#layer1"}}}]}