{"__comment":"Designed by GeForceLegend","ambientocclusion":false,"textures":{"texture":"block/birch_trapdoor1","particle":"block/birch_trapdoor"},"elements":[{"from":[3,0,13],"to":[13,3,16],"faces":{"north":{"uv":[13,3,3,0],"texture":"#particle"},"south":{"uv":[3,3,13,0],"texture":"#particle","cullface":"south"},"up":{"uv":[3,2,13,3],"texture":"#particle"},"down":{"uv":[3,3,13,6],"texture":"#texture","cullface":"down"}}},{"from":[13,0,13],"to":[16,16,16],"faces":{"north":{"uv":[16,16,13,0],"texture":"#particle"},"east":{"uv":[0,13,16,16],"rotation":270,"texture":"#texture","cullface":"east"},"south":{"uv":[13,16,16,0],"texture":"#particle","cullface":"south"},"west":{"uv":[13,2,14,14],"texture":"#particle"},"up":{"uv":[13,10,16,13],"texture":"#texture","cullface":"up"},"down":{"uv":[13,3,16,6],"texture":"#texture","cullface":"down"}}},{"from":[3,13,13],"to":[13,16,16],"faces":{"north":{"uv":[13,16,3,13],"texture":"#particle"},"south":{"uv":[3,16,13,13],"texture":"#particle","cullface":"south"},"up":{"uv":[3,10,13,13],"texture":"#texture","cullface":"up"},"down":{"uv":[3,13,13,14],"texture":"#particle"}}},{"from":[3,3,14],"to":[13,13,15],"faces":{"north":{"uv":[13,13,3,3],"texture":"#particle"},"south":{"uv":[3,13,13,3],"texture":"#particle","cullface":"south"}}},{"from":[5,12,13],"to":[11,13,16],"faces":{"north":{"uv":[11,13,5,12],"texture":"#particle"},"east":{"uv":[10,12,11,13],"texture":"#particle"},"south":{"uv":[5,12,11,13],"texture":"#particle","cullface":"south"},"west":{"uv":[5,12,6,13],"texture":"#particle"},"down":{"uv":[5,12,11,13],"texture":"#particle"}}},{"from":[6.01,14.01,12.01],"to":[9.99,14.99,16.99],"faces":{"north":{"uv":[10,15,6,14],"texture":"#particle"},"east":{"uv":[6,14,7,15],"texture":"#particle"},"south":{"uv":[6,14,10,15],"texture":"#particle","cullface":"south"},"west":{"uv":[9,14,10,15],"texture":"#particle"},"up":{"uv":[6,14,10,15],"texture":"#particle"},"down":{"uv":[6,14,10,15],"texture":"#particle"}}},{"from":[0,0,13],"to":[3,16,16],"faces":{"north":{"uv":[3,16,0,0],"texture":"#particle"},"east":{"uv":[2,16,3,0],"texture":"#particle"},"south":{"uv":[0,16,3,0],"texture":"#particle","cullface":"south"},"west":{"uv":[0,0,16,3],"rotation":90,"texture":"#texture","cullface":"west"},"up":{"uv":[0,10,3,13],"texture":"#texture","cullface":"up"},"down":{"uv":[0,3,3,6],"texture":"#texture","cullface":"down"}}}]}