{"__comment":"Designed by GeForceLegend","ambientocclusion":false,"textures":{"layer0":"block/cherry_door_bottom","layer1":"block/cherry_door_bottom1","particle":"block/cherry_door_bottom"},"elements":[{"from":[0,0,0],"to":[3,16,3],"faces":{"north":{"uv":[0,0,3,16],"texture":"#layer1","cullface":"north"},"east":{"uv":[3,0,0,16],"texture":"#layer0"},"south":{"uv":[2,0,3,16],"texture":"#layer0"},"west":{"uv":[0,0,3,16],"texture":"#layer0","cullface":"west"},"down":{"uv":[13,10,16,7],"texture":"#layer1","cullface":"down"}}},{"from":[0,0,13],"to":[3,16,16],"faces":{"north":{"uv":[13,0,14,16],"texture":"#layer0"},"east":{"uv":[16,0,13,16],"texture":"#layer0"},"south":{"uv":[13,0,16,16],"texture":"#layer1","cullface":"south"},"west":{"uv":[13,0,16,16],"texture":"#layer0","cullface":"west"},"down":{"uv":[13,16,16,13],"texture":"#layer1","cullface":"down"}}},{"from":[0,11,3],"to":[3,15,13],"faces":{"east":{"uv":[13,1,3,5],"texture":"#layer0"},"west":{"uv":[3,1,13,5],"texture":"#layer0","cullface":"west"},"up":{"uv":[3,1,13,2],"rotation":90,"texture":"#layer0"},"down":{"uv":[13,4,3,5],"rotation":90,"texture":"#layer1"}}},{"from":[0.7,0,3],"to":[2.3,11,13],"faces":{"east":{"uv":[13,5,3,16],"texture":"#layer1"},"west":{"uv":[3,5,13,16],"texture":"#layer1"},"down":{"uv":[13,15,3,16],"rotation":90,"texture":"#layer1","cullface":"down"}}},{"from":[-0.99,12.01,7.01],"to":[3.99,12.99,8.99],"faces":{"north":{"uv":[7,3,8,4],"texture":"#layer0"},"east":{"uv":[9,3,7,4],"texture":"#layer0"},"south":{"uv":[8,3,9,4],"texture":"#layer0"},"west":{"uv":[7,3,9,4],"texture":"#layer0","cullface":"west"},"up":{"uv":[7,3,9,4],"rotation":90,"texture":"#layer0"},"down":{"uv":[9,3,7,4],"rotation":90,"texture":"#layer0"}}},{"from":[-0.99,10.01,9.01],"to":[-0.01,11.99,9.99],"faces":{"north":{"uv":[9,4,10,6],"texture":"#layer0","cullface":"west"},"east":{"uv":[9,4,10,6],"texture":"#layer0","cullface":"west"},"south":{"uv":[9,4,10,6],"texture":"#layer0","cullface":"west"},"west":{"uv":[9,4,10,6],"texture":"#layer0","cullface":"west"},"up":{"uv":[9,4,10,5],"texture":"#layer0","cullface":"west"},"down":{"uv":[9,5,10,6],"texture":"#layer0","cullface":"west"}}},{"from":[-0.99,10.01,6.01],"to":[-0.01,11.99,6.99],"faces":{"north":{"uv":[6,4,7,6],"texture":"#layer0","cullface":"west"},"east":{"uv":[6,4,7,6],"texture":"#layer0","cullface":"west"},"south":{"uv":[6,4,7,6],"texture":"#layer0","cullface":"west"},"west":{"uv":[6,4,7,6],"texture":"#layer0","cullface":"west"},"up":{"uv":[6,4,7,5],"texture":"#layer0","cullface":"west"},"down":{"uv":[6,5,7,6],"texture":"#layer0","cullface":"west"}}},{"from":[-0.99,9.01,7.01],"to":[-0.01,9.99,8.99],"faces":{"north":{"uv":[7,6,8,7],"texture":"#layer0","cullface":"west"},"east":{"uv":[9,6,7,7],"texture":"#layer0","cullface":"west"},"south":{"uv":[8,6,9,7],"texture":"#layer0","cullface":"west"},"west":{"uv":[7,6,9,7],"texture":"#layer0","cullface":"west"},"up":{"uv":[7,6,9,7],"rotation":90,"texture":"#layer0","cullface":"west"},"down":{"uv":[9,6,7,7],"rotation":90,"texture":"#layer0","cullface":"west"}}},{"from":[3.01,9.01,7.01],"to":[3.99,9.99,8.99],"faces":{"north":{"uv":[7,6,8,7],"texture":"#layer0"},"east":{"uv":[9,6,7,7],"texture":"#layer0"},"south":{"uv":[8,6,9,7],"texture":"#layer0"},"west":{"uv":[7,6,9,7],"texture":"#layer0"},"up":{"uv":[7,6,9,7],"rotation":90,"texture":"#layer0"},"down":{"uv":[9,6,7,7],"rotation":90,"texture":"#layer0"}}},{"from":[3.01,10.01,9.01],"to":[3.99,11.99,9.99],"faces":{"north":{"uv":[9,4,10,6],"texture":"#layer0"},"east":{"uv":[9,4,10,6],"texture":"#layer0"},"south":{"uv":[9,4,10,6],"texture":"#layer0"},"west":{"uv":[9,4,10,6],"texture":"#layer0"},"up":{"uv":[9,4,10,5],"texture":"#layer0"},"down":{"uv":[9,5,10,6],"texture":"#layer0"}}},{"from":[3.01,10.01,6.01],"to":[3.99,11.99,6.99],"faces":{"north":{"uv":[6,4,7,6],"texture":"#layer0"},"east":{"uv":[6,4,7,6],"texture":"#layer0"},"south":{"uv":[6,4,7,6],"texture":"#layer0"},"west":{"uv":[6,4,7,6],"texture":"#layer0"},"up":{"uv":[6,4,7,5],"texture":"#layer0"},"down":{"uv":[6,5,7,6],"texture":"#layer0"}}},{"from":[1,15,3],"to":[2,16,5],"faces":{"east":{"uv":[5,0,3,1],"texture":"#layer0"},"south":{"uv":[4,0,5,1],"texture":"#layer0"},"west":{"uv":[3,0,5,1],"texture":"#layer0"},"up":{"uv":[3,0,5,1],"rotation":90,"texture":"#layer0"}}},{"from":[1,15,11],"to":[2,16,13],"faces":{"north":{"uv":[11,0,12,1],"texture":"#layer0"},"east":{"uv":[13,0,11,1],"texture":"#layer0"},"west":{"uv":[11,0,13,1],"texture":"#layer0"},"up":{"uv":[11,0,13,1],"rotation":90,"texture":"#layer0"}}},{"from":[1,15,6],"to":[2,16,10],"faces":{"north":{"uv":[6,0,7,1],"texture":"#layer0"},"east":{"uv":[10,0,6,1],"texture":"#layer0"},"south":{"uv":[9,0,10,1],"texture":"#layer0"},"west":{"uv":[6,0,10,1],"texture":"#layer0"},"up":{"uv":[6,0,10,1],"rotation":90,"texture":"#layer0"}}}]}