{"__comment":"Designed by GeForceLegend","ambientocclusion":false,"textures":{"layer0":"block/cherry_door_bottom","layer1":"block/cherry_door_bottom1","particle":"block/cherry_door_bottom"},"elements":[{"from":[0,0,13],"to":[3,16,16],"faces":{"north":{"uv":[3,0,2,16],"texture":"#layer0"},"east":{"uv":[0,0,3,16],"texture":"#layer0"},"south":{"uv":[3,0,0,16],"texture":"#layer1","cullface":"south"},"west":{"uv":[3,0,0,16],"texture":"#layer0","cullface":"west"},"down":{"uv":[13,7,16,10],"texture":"#layer1","cullface":"down"}}},{"from":[0,0,0],"to":[3,16,3],"faces":{"north":{"uv":[16,0,13,16],"texture":"#layer1","cullface":"north"},"east":{"uv":[13,0,16,16],"texture":"#layer0"},"south":{"uv":[14,0,13,16],"texture":"#layer0"},"west":{"uv":[16,0,13,16],"texture":"#layer0","cullface":"west"},"down":{"uv":[13,13,16,16],"texture":"#layer1","cullface":"down"}}},{"from":[0,11,3],"to":[3,15,13],"faces":{"east":{"uv":[3,1,13,5],"texture":"#layer0"},"west":{"uv":[13,1,3,5],"texture":"#layer0","cullface":"west"},"up":{"uv":[13,1,3,2],"rotation":90,"texture":"#layer0"},"down":{"uv":[3,4,13,5],"rotation":90,"texture":"#layer1"}}},{"from":[0.7,0,3],"to":[2.3,11,13],"faces":{"east":{"uv":[3,5,13,16],"texture":"#layer1"},"west":{"uv":[13,5,3,16],"texture":"#layer1"},"down":{"uv":[3,15,13,16],"rotation":90,"texture":"#layer1","cullface":"down"}}},{"from":[-0.99,12.01,7.01],"to":[3.99,12.99,8.99],"faces":{"north":{"uv":[9,3,8,4],"texture":"#layer0"},"east":{"uv":[7,3,9,4],"texture":"#layer0"},"south":{"uv":[8,3,7,4],"texture":"#layer0"},"west":{"uv":[9,3,7,4],"texture":"#layer0","cullface":"west"},"up":{"uv":[9,3,7,4],"rotation":90,"texture":"#layer0"},"down":{"uv":[7,3,9,4],"rotation":90,"texture":"#layer0"}}},{"from":[-0.99,10.01,6.01],"to":[-0.01,11.99,6.99],"faces":{"north":{"uv":[10,4,9,6],"texture":"#layer0","cullface":"west"},"east":{"uv":[10,4,9,6],"texture":"#layer0","cullface":"west"},"south":{"uv":[10,4,9,6],"texture":"#layer0","cullface":"west"},"west":{"uv":[10,4,9,6],"texture":"#layer0","cullface":"west"},"up":{"uv":[9,5,10,4],"texture":"#layer0","cullface":"west"},"down":{"uv":[9,6,10,5],"texture":"#layer0","cullface":"west"}}},{"from":[-0.99,10.01,9.01],"to":[-0.01,11.99,9.99],"faces":{"north":{"uv":[7,4,6,6],"texture":"#layer0","cullface":"west"},"east":{"uv":[7,4,6,6],"texture":"#layer0","cullface":"west"},"south":{"uv":[7,4,6,6],"texture":"#layer0","cullface":"west"},"west":{"uv":[7,4,6,6],"texture":"#layer0","cullface":"west"},"up":{"uv":[6,5,7,4],"texture":"#layer0","cullface":"west"},"down":{"uv":[6,6,7,5],"texture":"#layer0","cullface":"west"}}},{"from":[-0.99,9.01,7.01],"to":[-0.01,9.99,8.99],"faces":{"north":{"uv":[9,6,8,7],"texture":"#layer0","cullface":"west"},"east":{"uv":[7,6,9,7],"texture":"#layer0","cullface":"west"},"south":{"uv":[8,6,7,7],"texture":"#layer0","cullface":"west"},"west":{"uv":[9,6,7,7],"texture":"#layer0","cullface":"west"},"up":{"uv":[9,6,7,7],"rotation":90,"texture":"#layer0","cullface":"west"},"down":{"uv":[7,6,9,7],"rotation":90,"texture":"#layer0","cullface":"west"}}},{"from":[3.01,9.01,7.01],"to":[3.99,9.99,8.99],"faces":{"north":{"uv":[9,6,8,7],"texture":"#layer0"},"east":{"uv":[7,6,9,7],"texture":"#layer0"},"south":{"uv":[8,6,7,7],"texture":"#layer0"},"west":{"uv":[9,6,7,7],"texture":"#layer0"},"up":{"uv":[9,6,7,7],"rotation":90,"texture":"#layer0"},"down":{"uv":[7,6,9,7],"rotation":90,"texture":"#layer0"}}},{"from":[3.01,10.01,6.01],"to":[3.99,11.99,6.99],"faces":{"north":{"uv":[10,4,9,6],"texture":"#layer0"},"east":{"uv":[10,4,9,6],"texture":"#layer0"},"south":{"uv":[10,4,9,6],"texture":"#layer0"},"west":{"uv":[10,4,9,6],"texture":"#layer0"},"up":{"uv":[9,5,10,4],"texture":"#layer0"},"down":{"uv":[9,6,10,5],"texture":"#layer0"}}},{"from":[3.01,10.01,9.01],"to":[3.99,11.99,9.99],"faces":{"north":{"uv":[7,4,6,6],"texture":"#layer0"},"east":{"uv":[7,4,6,6],"texture":"#layer0"},"south":{"uv":[7,4,6,6],"texture":"#layer0"},"west":{"uv":[7,4,6,6],"texture":"#layer0"},"up":{"uv":[6,5,7,4],"texture":"#layer0"},"down":{"uv":[6,6,7,5],"texture":"#layer0"}}},{"from":[1,15,11],"to":[2,16,13],"faces":{"north":{"uv":[5,0,4,1],"texture":"#layer0"},"east":{"uv":[3,0,5,1],"texture":"#layer0"},"west":{"uv":[5,0,3,1],"texture":"#layer0"},"up":{"uv":[5,0,3,1],"rotation":90,"texture":"#layer0"}}},{"from":[1,15,3],"to":[2,16,5],"faces":{"east":{"uv":[11,0,13,1],"texture":"#layer0"},"south":{"uv":[12,0,11,1],"texture":"#layer0"},"west":{"uv":[13,0,11,1],"texture":"#layer0"},"up":{"uv":[13,0,11,1],"rotation":90,"texture":"#layer0"}}},{"from":[1,15,6],"to":[2,16,10],"faces":{"north":{"uv":[10,0,9,1],"texture":"#layer0"},"east":{"uv":[6,0,10,1],"texture":"#layer0"},"south":{"uv":[7,0,6,1],"texture":"#layer0"},"west":{"uv":[10,0,6,1],"texture":"#layer0"},"up":{"uv":[10,0,6,1],"rotation":90,"texture":"#layer0"}}}]}