{"__comment":"Designed by GeForceLegend","ambientocclusion":false,"textures":{"layer1":"block/cherry_trapdoor1","layer2":"block/cherry_trapdoor2","particle":"block/cherry_trapdoor","layer0":"block/cherry_trapdoor"},"elements":[{"from":[0,13,12],"to":[16,16,16],"faces":{"north":{"uv":[16,2,0,5],"texture":"#layer2"},"east":{"uv":[16,3,12,6],"texture":"#layer1","cullface":"east"},"south":{"uv":[0,0,16,3],"texture":"#layer1","cullface":"south"},"west":{"uv":[12,10,16,13],"texture":"#layer1","cullface":"west"},"up":{"uv":[0,4,16,0],"texture":"#layer0","cullface":"up"},"down":{"uv":[0,0,16,4],"texture":"#layer0"}}},{"from":[0,13,0],"to":[16,16,4],"faces":{"north":{"uv":[16,13,0,16],"texture":"#layer1","cullface":"north"},"east":{"uv":[4,3,0,6],"texture":"#layer1","cullface":"east"},"south":{"uv":[0,11,16,14],"texture":"#layer2"},"west":{"uv":[0,10,4,13],"texture":"#layer1","cullface":"west"},"up":{"uv":[0,16,16,12],"texture":"#layer0","cullface":"up"},"down":{"uv":[0,16,16,12],"texture":"#layer0"}}},{"from":[0,13,4],"to":[4,16,12],"faces":{"east":{"uv":[12,8,4,11],"texture":"#layer2"},"west":{"uv":[4,10,12,13],"texture":"#layer1","cullface":"west"},"up":{"uv":[0,12,4,4],"texture":"#layer0","cullface":"up"},"down":{"uv":[0,4,4,12],"texture":"#layer0"}}},{"from":[12,13,4],"to":[16,16,12],"faces":{"east":{"uv":[12,3,4,6],"texture":"#layer1","cullface":"east"},"west":{"uv":[4,5,12,8],"texture":"#layer2"},"up":{"uv":[12,12,16,4],"texture":"#layer0","cullface":"up"},"down":{"uv":[12,4,16,12],"texture":"#layer0"}}},{"from":[6,14,4],"to":[7,15,12],"faces":{"east":{"uv":[6,12,7,4],"rotation":90,"texture":"#layer0"},"west":{"uv":[6,12,7,4],"rotation":90,"texture":"#layer0"},"up":{"uv":[6,12,7,4],"texture":"#layer0"},"down":{"uv":[6,4,7,12],"texture":"#layer0"}}},{"from":[9,14,4],"to":[10,15,12],"faces":{"east":{"uv":[9,12,10,4],"rotation":90,"texture":"#layer0"},"west":{"uv":[9,12,10,4],"rotation":90,"texture":"#layer0"},"up":{"uv":[9,12,10,4],"texture":"#layer0"},"down":{"uv":[9,4,10,12],"texture":"#layer0"}}},{"from":[4,14,9],"to":[6,15,10],"faces":{"north":{"uv":[6,6,4,7],"texture":"#layer0"},"south":{"uv":[4,6,6,7],"texture":"#layer0"},"up":{"uv":[4,7,6,6],"texture":"#layer0"},"down":{"uv":[4,7,6,6],"texture":"#layer0"}}},{"from":[4,14,6],"to":[6,15,7],"faces":{"north":{"uv":[6,9,4,10],"texture":"#layer0"},"south":{"uv":[4,9,6,10],"texture":"#layer0"},"up":{"uv":[4,10,6,9],"texture":"#layer0"},"down":{"uv":[4,10,6,9],"texture":"#layer0"}}},{"from":[7,14,9],"to":[9,15,10],"faces":{"north":{"uv":[9,6,7,7],"texture":"#layer0"},"south":{"uv":[7,6,9,7],"texture":"#layer0"},"up":{"uv":[7,7,9,6],"texture":"#layer0"},"down":{"uv":[7,7,9,6],"texture":"#layer0"}}},{"from":[7,14,6],"to":[9,15,7],"faces":{"north":{"uv":[9,9,7,10],"texture":"#layer0"},"south":{"uv":[7,9,9,10],"texture":"#layer0"},"up":{"uv":[7,10,9,9],"texture":"#layer0"},"down":{"uv":[7,10,9,9],"texture":"#layer0"}}},{"from":[10,14,9],"to":[12,15,10],"faces":{"north":{"uv":[12,6,10,7],"texture":"#layer0"},"south":{"uv":[10,6,12,7],"texture":"#layer0"},"up":{"uv":[10,7,12,6],"texture":"#layer0"},"down":{"uv":[10,7,12,6],"texture":"#layer0"}}},{"from":[10,14,6],"to":[12,15,7],"faces":{"north":{"uv":[12,9,10,10],"texture":"#layer0"},"south":{"uv":[10,9,12,10],"texture":"#layer0"},"up":{"uv":[10,10,12,9],"texture":"#layer0"},"down":{"uv":[10,10,12,9],"texture":"#layer0"}}}]}