{"__comment":"Designed by GeForceLegend","textures":{"particle":"block/chorus_flower_dead","texture":"block/chorus_flower_dead","bottom":"block/chorus_plant"},"elements":[{"from":[2,2,0],"to":[14,14,16],"faces":{"north":{"uv":[2,2,14,14],"texture":"#texture","cullface":"north"},"east":{"uv":[0,2,16,14],"texture":"#bottom"},"south":{"uv":[2,2,14,14],"texture":"#texture","cullface":"south"},"west":{"uv":[0,2,16,14],"texture":"#bottom"},"up":{"uv":[2,0,14,16],"texture":"#bottom"},"down":{"uv":[2,0,14,16],"texture":"#bottom"}}},{"from":[0,2,2],"to":[16,14,14],"faces":{"north":{"uv":[0,2,16,14],"texture":"#bottom"},"east":{"uv":[2,2,14,14],"texture":"#texture","cullface":"east"},"south":{"uv":[0,2,16,14],"texture":"#bottom"},"west":{"uv":[2,2,14,14],"texture":"#texture","cullface":"west"},"up":{"uv":[0,2,16,14],"texture":"#bottom"},"down":{"uv":[0,2,16,14],"texture":"#bottom"}}},{"from":[2,0,2],"to":[14,16,14],"faces":{"north":{"uv":[2,0,14,16],"texture":"#bottom"},"east":{"uv":[2,0,14,16],"texture":"#bottom"},"south":{"uv":[2,0,14,16],"texture":"#bottom"},"west":{"uv":[2,0,14,16],"texture":"#bottom"},"up":{"uv":[2,2,14,14],"texture":"#texture","cullface":"up"},"down":{"uv":[14,14,2,2],"texture":"#bottom","cullface":"down"}}},{"from":[-0.9,6.01,7.01],"to":[16.9,9.99,8.99],"faces":{"north":{"uv":[9,6,7,10],"texture":"#texture"},"east":{"uv":[7,6,9,10],"texture":"#texture","cullface":"east"},"south":{"uv":[9,6,7,10],"texture":"#texture"},"west":{"uv":[7,6,9,10],"texture":"#texture","cullface":"west"},"up":{"uv":[9,6,7,7],"rotation":90,"texture":"#texture"},"down":{"uv":[7,9,9,10],"rotation":90,"texture":"#texture"}}},{"from":[6.01,16,7.01],"to":[9.99,16.9,8.99],"faces":{"north":{"uv":[10,7,6,8],"texture":"#texture","cullface":"up"},"east":{"uv":[9,6,7,7],"texture":"#texture","cullface":"up"},"south":{"uv":[6,8,10,9],"texture":"#texture","cullface":"up"},"west":{"uv":[7,9,9,10],"texture":"#texture","cullface":"up"},"up":{"uv":[6,7,10,9],"texture":"#texture","cullface":"up"}}},{"from":[7.01,6.01,-0.9],"to":[8.99,9.99,16.9],"faces":{"north":{"uv":[7,6,9,10],"texture":"#texture","cullface":"north"},"east":{"uv":[9,6,7,10],"texture":"#texture"},"south":{"uv":[7,6,9,10],"texture":"#texture","cullface":"south"},"west":{"uv":[9,6,7,10],"texture":"#texture"},"up":{"uv":[9,6,7,7],"texture":"#texture"},"down":{"uv":[7,9,9,10],"texture":"#texture"}}},{"from":[-0.9,7.01,8.99],"to":[16.9,8.99,9.99],"faces":{"east":{"uv":[6,7,7,9],"texture":"#texture","cullface":"east"},"south":{"uv":[10,7,6,9],"texture":"#texture"},"west":{"uv":[9,7,10,9],"texture":"#texture","cullface":"east"},"up":{"uv":[6,7,7,8],"texture":"#texture"},"down":{"uv":[6,8,7,9],"texture":"#texture"}}},{"from":[7.01,16,8.99],"to":[8.99,16.9,9.99],"faces":{"east":{"uv":[6,8,7,9],"texture":"#texture","cullface":"up"},"south":{"uv":[9,9,7,10],"rotation":180,"texture":"#texture","cullface":"up"},"west":{"uv":[6,7,7,8],"texture":"#texture","cullface":"up"},"up":{"uv":[7,9,9,10],"texture":"#texture","cullface":"up"}}},{"from":[6.01,7.01,-0.9],"to":[7.01,8.99,16.9],"faces":{"north":{"uv":[9,7,10,9],"texture":"#texture","cullface":"north"},"south":{"uv":[6,7,7,9],"texture":"#texture","cullface":"south"},"west":{"uv":[10,7,6,9],"texture":"#texture"},"up":{"uv":[6,7,7,8],"texture":"#texture"},"down":{"uv":[6,8,7,9],"texture":"#texture"}}},{"from":[-0.9,7.01,6.01],"to":[16.9,8.99,7.01],"faces":{"north":{"uv":[6,7,10,9],"texture":"#texture"},"east":{"uv":[10,7,9,9],"texture":"#texture","cullface":"east"},"west":{"uv":[7,7,6,9],"texture":"#texture","cullface":"east"},"up":{"uv":[9,8,10,7],"texture":"#texture"},"down":{"uv":[9,9,10,8],"texture":"#texture"}}},{"from":[7.01,16,6.01],"to":[8.99,16.9,7.01],"faces":{"north":{"uv":[7,6,9,7],"rotation":180,"texture":"#texture","cullface":"up"},"east":{"uv":[9,9,10,8],"texture":"#texture","cullface":"up"},"west":{"uv":[9,8,10,7],"texture":"#texture","cullface":"up"},"up":{"uv":[7,6,9,7],"texture":"#texture","cullface":"up"}}},{"from":[8.99,7.01,-0.9],"to":[9.99,8.99,16.9],"faces":{"north":{"uv":[7,7,6,9],"texture":"#texture","cullface":"north"},"east":{"uv":[6,7,10,9],"texture":"#texture"},"south":{"uv":[10,7,9,9],"texture":"#texture","cullface":"south"},"up":{"uv":[9,8,10,7],"texture":"#texture"},"down":{"uv":[9,9,10,8],"texture":"#texture"}}}]}