{"__comment":"Designed by GeForceLegend","ambientocclusion":false,"textures":{"bottom1":"block/copper_door_bottom1","particle":"block/copper_door_bottom","bottom":"block/copper_door_bottom"},"elements":[{"from":[0,0,0],"to":[3,3,16],"faces":{"north":{"uv":[16,13,13,16],"texture":"#bottom1","cullface":"north"},"east":{"uv":[0,13,16,16],"texture":"#bottom"},"south":{"uv":[3,13,0,16],"texture":"#bottom1","cullface":"south"},"west":{"uv":[16,13,0,16],"texture":"#bottom","cullface":"west"},"up":{"uv":[16,13,0,14],"rotation":90,"texture":"#bottom"},"down":{"uv":[3,0,6,16],"texture":"#bottom1","cullface":"down"}}},{"from":[0,3,13],"to":[3,16,16],"faces":{"north":{"uv":[3,0,2,13],"texture":"#bottom"},"east":{"uv":[0,0,3,13],"texture":"#bottom"},"south":{"uv":[3,0,0,13],"texture":"#bottom1","cullface":"south"},"west":{"uv":[3,0,0,13],"texture":"#bottom","cullface":"west"}}},{"from":[0,3,0],"to":[3,16,3],"faces":{"north":{"uv":[16,0,13,13],"texture":"#bottom1","cullface":"north"},"east":{"uv":[13,0,16,13],"texture":"#bottom"},"south":{"uv":[13,0,12,13],"texture":"#bottom1"},"west":{"uv":[16,0,13,13],"texture":"#bottom","cullface":"west"}}},{"from":[0,14,3],"to":[3,16,5],"faces":{"east":{"uv":[11,0,13,2],"texture":"#bottom"},"south":{"uv":[11,0,10,2],"texture":"#bottom1"},"west":{"uv":[13,0,11,2],"texture":"#bottom","cullface":"west"},"down":{"uv":[11,1,13,2],"rotation":90,"texture":"#bottom"}}},{"from":[0,14,11],"to":[3,16,13],"faces":{"north":{"uv":[5,0,4,2],"texture":"#bottom"},"east":{"uv":[3,0,5,2],"texture":"#bottom"},"west":{"uv":[5,0,3,2],"texture":"#bottom","cullface":"west"},"down":{"uv":[3,1,5,2],"rotation":90,"texture":"#bottom"}}},{"from":[1,3,3],"to":[2,16,6],"faces":{"east":{"uv":[9,0,12,13],"texture":"#bottom1"},"west":{"uv":[12,0,9,13],"texture":"#bottom1"}}},{"from":[1,3,6],"to":[2,16,13],"faces":{"east":{"uv":[3,0,10,13],"texture":"#bottom"},"west":{"uv":[10,0,3,13],"texture":"#bottom"}}},{"from":[-0.99,10.01,2.01],"to":[4,15.01,2.99],"faces":{"north":{"uv":[14,1,13,6],"texture":"#bottom"},"east":{"uv":[14,1,13,6],"texture":"#bottom"},"south":{"uv":[14,1,13,6],"texture":"#bottom"},"west":{"uv":[14,1,13,6],"texture":"#bottom","cullface":"west"},"up":{"uv":[13,2,14,1],"texture":"#bottom"},"down":{"uv":[13,6,14,5],"texture":"#bottom"}}},{"from":[-0.99,10.01,2.99],"to":[0,11.99,5.01],"faces":{"east":{"uv":[11,4,13,6],"texture":"#bottom","cullface":"west"},"west":{"uv":[13,4,11,6],"texture":"#bottom","cullface":"west"},"up":{"uv":[13,4,11,5],"rotation":90,"texture":"#bottom","cullface":"west"},"down":{"uv":[11,5,13,6],"rotation":90,"texture":"#bottom","cullface":"west"}}},{"from":[3,10.01,2.99],"to":[4,12,5],"faces":{"east":{"uv":[11,4,13,6],"texture":"#bottom"},"west":{"uv":[13,4,11,6],"texture":"#bottom"},"up":{"uv":[13,4,11,5],"rotation":90,"texture":"#bottom"},"down":{"uv":[11,5,13,6],"rotation":90,"texture":"#bottom"}}},{"from":[-0.99,10.01,5.01],"to":[0,15.01,5.99],"faces":{"north":{"uv":[11,1,10,6],"texture":"#bottom","cullface":"west"},"east":{"uv":[11,1,10,6],"texture":"#bottom","cullface":"west"},"south":{"uv":[11,1,10,6],"texture":"#bottom","cullface":"west"},"west":{"uv":[11,1,10,6],"texture":"#bottom","cullface":"west"},"up":{"uv":[10,2,11,1],"texture":"#bottom","cullface":"west"},"down":{"uv":[10,6,11,5],"texture":"#bottom","cullface":"west"}}},{"from":[3,10,5],"to":[4,15,6],"faces":{"north":{"uv":[11,1,10,6],"texture":"#bottom"},"east":{"uv":[11,1,10,6],"texture":"#bottom"},"south":{"uv":[11,1,10,6],"texture":"#bottom"},"west":{"uv":[11,1,10,6],"texture":"#bottom"},"up":{"uv":[10,2,11,1],"texture":"#bottom"},"down":{"uv":[10,6,11,5],"texture":"#bottom"}}},{"from":[0.5,4,10],"to":[2.5,6,12],"faces":{"north":{"uv":[6,10,5,12],"texture":"#bottom"},"east":{"uv":[4,10,6,12],"texture":"#bottom"},"south":{"uv":[5,10,4,12],"texture":"#bottom"},"west":{"uv":[6,10,4,12],"texture":"#bottom","cullface":"west"},"up":{"uv":[6,10,4,11],"rotation":90,"texture":"#bottom"},"down":{"uv":[4,11,6,12],"rotation":90,"texture":"#bottom"}}},{"from":[0.5,4,4],"to":[2.5,6,6],"faces":{"north":{"uv":[12,10,11,12],"texture":"#bottom"},"east":{"uv":[10,10,12,12],"texture":"#bottom","cullface":"west"},"south":{"uv":[11,10,10,12],"texture":"#bottom"},"west":{"uv":[12,10,10,12],"texture":"#bottom","cullface":"west"},"up":{"uv":[12,10,10,11],"rotation":90,"texture":"#bottom"},"down":{"uv":[10,11,12,12],"rotation":90,"texture":"#bottom"}}},{"from":[0.5,13,7],"to":[2.5,15,9],"faces":{"north":{"uv":[9,1,8,3],"texture":"#bottom"},"east":{"uv":[7,1,9,3],"texture":"#bottom","cullface":"west"},"south":{"uv":[8,1,7,3],"texture":"#bottom"},"west":{"uv":[9,1,7,3],"texture":"#bottom","cullface":"west"},"up":{"uv":[9,1,7,2],"rotation":90,"texture":"#bottom"},"down":{"uv":[7,2,9,3],"rotation":90,"texture":"#bottom"}}},{"from":[-0.99,15.01,3.01],"to":[4,16,4.99],"faces":{"north":{"uv":[13,0,12,1],"texture":"#bottom"},"east":{"uv":[11,0,13,1],"texture":"#bottom"},"south":{"uv":[12,0,11,1],"texture":"#bottom"},"west":{"uv":[13,0,11,1],"texture":"#bottom","cullface":"west"},"down":{"uv":[13,1,11,0],"rotation":90,"texture":"#bottom"}}}]}