{"__comment":"Designed by GeForceLegend","parent":"block/trapdoor_display","textures":{"particle":"block/crimson_trapdoor","layer0":"block/crimson_trapdoor","layer1":"block/crimson_trapdoor1","layer2":"block/crimson_trapdoor2"},"elements":[{"from":[3,0,4],"to":[13,3,7],"faces":{"north":{"uv":[13,3,3,6],"texture":"#layer1"},"south":{"uv":[3,5,13,8],"texture":"#layer2"},"up":{"uv":[3,4,13,7],"texture":"#layer0"},"down":{"uv":[3,7,13,4],"texture":"#layer0","cullface":"down"}}},{"from":[3,0,9],"to":[13,3,12],"faces":{"north":{"uv":[13,8,3,11],"texture":"#layer2"},"south":{"uv":[3,10,13,13],"texture":"#layer1"},"up":{"uv":[3,9,13,12],"texture":"#layer0"},"down":{"uv":[3,12,13,9],"texture":"#layer0","cullface":"down"}}},{"from":[0,0,0],"to":[16,3,3],"faces":{"north":{"uv":[16,0,0,3],"texture":"#layer1","cullface":"north"},"east":{"uv":[13,0,16,3],"rotation":90,"texture":"#layer2","cullface":"east"},"south":{"uv":[0,0,16,3],"texture":"#layer2"},"west":{"uv":[0,3,3,0],"rotation":90,"texture":"#layer2","cullface":"west"},"up":{"uv":[0,0,16,3],"texture":"#layer0"},"down":{"uv":[0,3,16,0],"texture":"#layer0","cullface":"down"}}},{"from":[0,0,13],"to":[16,3,16],"faces":{"north":{"uv":[16,13,0,16],"texture":"#layer2"},"east":{"uv":[13,13,16,16],"rotation":90,"texture":"#layer2","cullface":"east"},"south":{"uv":[0,13,16,16],"texture":"#layer1","cullface":"south"},"west":{"uv":[0,16,3,13],"rotation":90,"texture":"#layer2","cullface":"west"},"up":{"uv":[0,13,16,16],"texture":"#layer0"},"down":{"uv":[0,16,16,13],"texture":"#layer0","cullface":"down"}}},{"from":[13,0,3],"to":[16,3,13],"faces":{"east":{"uv":[13,3,16,13],"rotation":90,"texture":"#layer2","cullface":"east"},"west":{"uv":[13,13,16,3],"rotation":90,"texture":"#layer1"},"up":{"uv":[13,3,16,13],"texture":"#layer0"},"down":{"uv":[13,13,16,3],"texture":"#layer0","cullface":"down"}}},{"from":[0,0,3],"to":[3,3,13],"faces":{"east":{"uv":[0,3,3,13],"rotation":90,"texture":"#layer1"},"west":{"uv":[0,13,3,3],"rotation":90,"texture":"#layer2","cullface":"west"},"up":{"uv":[0,3,3,13],"texture":"#layer0"},"down":{"uv":[0,13,3,3],"texture":"#layer0","cullface":"down"}}}]}