{"__comment":"Designed by GeForceLegend","ambientocclusion":false,"textures":{"texture":"block/dark_oak_trapdoor1","particle":"block/dark_oak_trapdoor"},"elements":[{"from":[2,0,13],"to":[14,2,16],"faces":{"north":{"uv":[14,14,2,16],"texture":"#particle"},"south":{"uv":[2,14,14,16],"texture":"#particle","cullface":"south"},"up":{"uv":[2,14,14,15],"texture":"#particle"},"down":{"uv":[2,13,14,16],"texture":"#texture","cullface":"down"}}},{"from":[0,0,13],"to":[2,16,16],"faces":{"north":{"uv":[2,0,0,16],"texture":"#particle"},"east":{"uv":[1,0,2,16],"texture":"#particle"},"south":{"uv":[0,0,2,16],"texture":"#particle","cullface":"south"},"west":{"uv":[16,10,0,13],"rotation":90,"texture":"#texture","cullface":"west"},"up":{"uv":[0,0,2,3],"texture":"#texture","cullface":"up"},"down":{"uv":[0,13,2,16],"texture":"#texture","cullface":"down"}}},{"from":[2,6,13],"to":[14,10,16],"faces":{"north":{"uv":[14,6,2,10],"texture":"#particle"},"south":{"uv":[2,6,14,10],"texture":"#particle","cullface":"south"},"up":{"uv":[2,6,14,7],"texture":"#particle"},"down":{"uv":[2,9,14,10],"texture":"#particle"}}},{"from":[2,14,13],"to":[14,16,16],"faces":{"north":{"uv":[14,0,2,2],"texture":"#particle"},"south":{"uv":[2,0,14,2],"texture":"#particle","cullface":"south"},"up":{"uv":[2,0,14,3],"texture":"#texture","cullface":"up"},"down":{"uv":[2,1,14,2],"texture":"#particle"}}},{"from":[2,2,14],"to":[14,14,15],"faces":{"north":{"uv":[14,2,2,14],"texture":"#particle"},"south":{"uv":[2,2,14,14],"texture":"#particle","cullface":"south"}}},{"from":[6,2,13],"to":[10,14,16],"faces":{"north":{"uv":[10,2,6,14],"texture":"#particle"},"east":{"uv":[9,2,10,14],"texture":"#particle"},"south":{"uv":[6,2,10,14],"texture":"#particle","cullface":"south"},"west":{"uv":[6,2,7,14],"texture":"#particle"}}},{"from":[14,0,13],"to":[16,16,16],"faces":{"north":{"uv":[16,0,14,16],"texture":"#particle"},"east":{"uv":[16,3,0,6],"rotation":270,"texture":"#texture","cullface":"east"},"south":{"uv":[14,0,16,16],"texture":"#particle","cullface":"south"},"west":{"uv":[14,0,15,16],"texture":"#particle"},"up":{"uv":[14,0,16,3],"texture":"#texture","cullface":"up"},"down":{"uv":[14,13,16,16],"texture":"#texture","cullface":"down"}}}]}