{"__comment":"Designed by GeForceLegend","ambientocclusion":false,"textures":{"layer0":"block/dark_oak_door_bottom1","particle":"block/dark_oak_door_bottom"},"elements":[{"from":[-0.99,15.01,11.01],"to":[3.99,16.01,11.99],"faces":{"north":{"uv":[11,0,12,1],"texture":"#particle"},"east":{"uv":[11,0,12,1],"texture":"#particle"},"south":{"uv":[11,0,12,1],"texture":"#particle"},"west":{"uv":[11,0,12,1],"texture":"#particle","cullface":"west"},"down":{"uv":[11,0,12,1],"texture":"#particle"}}},{"from":[0,0,0],"to":[3,16,3],"faces":{"north":{"uv":[0,0,3,16],"texture":"#layer0","cullface":"north"},"east":{"uv":[3,0,0,16],"texture":"#particle"},"south":{"uv":[2,0,3,16],"texture":"#particle"},"west":{"uv":[0,0,3,16],"texture":"#particle","cullface":"west"},"down":{"uv":[6,3,9,0],"texture":"#layer0","cullface":"down"}}},{"from":[0,0,3],"to":[3,3,13],"faces":{"east":{"uv":[13,13,3,16],"texture":"#particle"},"west":{"uv":[3,13,13,16],"texture":"#particle","cullface":"west"},"up":{"uv":[3,13,13,14],"rotation":90,"texture":"#particle"},"down":{"uv":[6,13,9,3],"texture":"#layer0","cullface":"down"}}},{"from":[0,3,6],"to":[3,14,10],"faces":{"north":{"uv":[6,2,7,13],"texture":"#particle"},"east":{"uv":[10,2,6,13],"texture":"#particle"},"south":{"uv":[9,2,10,13],"texture":"#particle"},"west":{"uv":[6,2,10,13],"texture":"#particle","cullface":"west"}}},{"from":[0,0,13],"to":[3,16,16],"faces":{"north":{"uv":[13,0,14,16],"texture":"#particle"},"east":{"uv":[16,0,13,16],"texture":"#particle"},"south":{"uv":[13,0,16,16],"texture":"#layer0","cullface":"south"},"west":{"uv":[13,0,16,16],"texture":"#particle","cullface":"west"},"down":{"uv":[6,16,9,13],"texture":"#layer0","cullface":"down"}}},{"from":[0,14,3],"to":[3,16,13],"faces":{"east":{"uv":[13,0,3,2],"texture":"#particle"},"west":{"uv":[3,0,13,2],"texture":"#particle","cullface":"west"},"down":{"uv":[13,1,3,2],"rotation":90,"texture":"#particle"}}},{"from":[1,3,3],"to":[2,14,13],"faces":{"east":{"uv":[13,2,3,13],"texture":"#particle"},"west":{"uv":[3,2,13,13],"texture":"#particle","cullface":"west"}}}]}