{"__comment":"Designed by GeForceLegend","ambientocclusion":false,"textures":{"layer0":"block/dark_oak_door_top1","particle":"block/dark_oak_door_top"},"elements":[{"from":[-0.99,0.01,2.01],"to":[3.99,0.99,4.99],"faces":{"north":{"uv":[14,15,13,16],"texture":"#particle"},"east":{"uv":[11,15,14,16],"texture":"#particle"},"south":{"uv":[12,15,11,16],"texture":"#particle"},"west":{"uv":[14,15,11,16],"texture":"#particle","cullface":"west"},"up":{"uv":[14,15,11,16],"rotation":90,"texture":"#particle"},"down":{"uv":[11,15,14,16],"rotation":90,"texture":"#particle"}}},{"from":[0,0,13],"to":[3,16,16],"faces":{"north":{"uv":[3,0,2,16],"texture":"#particle"},"east":{"uv":[0,0,3,16],"texture":"#particle"},"south":{"uv":[3,0,0,16],"texture":"#layer0","cullface":"south"},"west":{"uv":[3,0,0,16],"texture":"#particle","cullface":"west"},"up":{"uv":[7,3,10,0],"texture":"#layer0","cullface":"up"}}},{"from":[0,0,3],"to":[3,2,13],"faces":{"east":{"uv":[3,14,13,16],"texture":"#particle"},"west":{"uv":[13,14,3,16],"texture":"#particle","cullface":"west"},"up":{"uv":[13,14,3,15],"rotation":90,"texture":"#particle"}}},{"from":[0,0,0],"to":[3,16,3],"faces":{"north":{"uv":[16,0,13,16],"texture":"#layer0","cullface":"north"},"east":{"uv":[13,0,16,16],"texture":"#particle"},"south":{"uv":[14,0,13,16],"texture":"#particle"},"west":{"uv":[16,0,13,16],"texture":"#particle","cullface":"west"},"up":{"uv":[7,16,10,13],"texture":"#layer0","cullface":"up"}}},{"from":[0,2,6],"to":[3,13,10],"faces":{"north":{"uv":[10,3,9,14],"texture":"#particle"},"east":{"uv":[6,3,10,14],"texture":"#particle"},"south":{"uv":[7,3,6,14],"texture":"#particle"},"west":{"uv":[10,3,6,14],"texture":"#particle","cullface":"west"}}},{"from":[0,13,3],"to":[3,16,13],"faces":{"east":{"uv":[3,0,13,3],"texture":"#particle"},"west":{"uv":[13,0,3,3],"texture":"#particle","cullface":"west"},"up":{"uv":[7,13,10,3],"texture":"#layer0","cullface":"up"},"down":{"uv":[3,2,13,3],"rotation":90,"texture":"#particle"}}},{"from":[1,2,3],"to":[2,13,13],"faces":{"east":{"uv":[3,3,13,14],"texture":"#particle"},"west":{"uv":[13,3,3,14],"texture":"#particle","cullface":"west"}}}]}