{"__comment":"Designed by GeForceLegend","ambientocclusion":false,"textures":{"particle":"block/detector_rail","texture":"block/detector_rail","rail":"block/rail","wood":"block/rail_wood"},"elements":[{"from":[1,0.01,18.3846],"to":[15,1,21.213],"rotation":{"angle":-45,"axis":"x","origin":[8,0,0]},"faces":{"north":{"uv":[15,14,1,15],"texture":"#wood"},"east":{"uv":[15,15,14,13],"rotation":90,"texture":"#wood"},"south":{"uv":[1,13,15,14],"texture":"#wood"},"west":{"uv":[2,13,1,15],"rotation":90,"texture":"#wood"},"up":{"uv":[1,15,15,13],"texture":"#wood"},"down":{"uv":[1,13,15,15],"texture":"#wood"}}},{"from":[1,0.01,12.7278],"to":[15,1,15.5562],"rotation":{"angle":-45,"axis":"x","origin":[8,0,0]},"faces":{"north":{"uv":[15,10,1,11],"texture":"#wood"},"east":{"uv":[15,11,14,9],"rotation":90,"texture":"#wood"},"south":{"uv":[1,9,15,10],"texture":"#wood"},"west":{"uv":[2,9,1,11],"rotation":90,"texture":"#wood"},"up":{"uv":[1,11,15,9],"texture":"#wood"},"down":{"uv":[1,9,15,11],"texture":"#wood"}}},{"from":[1,0.01,7.071],"to":[15,1,9.8994],"rotation":{"angle":-45,"axis":"x","origin":[8,0,0]},"faces":{"north":{"uv":[15,6,1,7],"texture":"#wood"},"east":{"uv":[15,7,14,5],"rotation":90,"texture":"#wood"},"south":{"uv":[1,5,15,6],"texture":"#wood"},"west":{"uv":[2,5,1,7],"rotation":90,"texture":"#wood"},"up":{"uv":[1,7,15,5],"texture":"#wood"},"down":{"uv":[1,5,15,7],"texture":"#wood"}}},{"from":[1,0.01,1.4142],"to":[15,1,4.2426],"rotation":{"angle":-45,"axis":"x","origin":[8,0,0]},"faces":{"north":{"uv":[15,2,1,3],"texture":"#wood"},"east":{"uv":[15,3,14,1],"rotation":90,"texture":"#wood"},"south":{"uv":[1,1,15,2],"texture":"#wood"},"west":{"uv":[2,1,1,3],"rotation":90,"texture":"#wood"},"up":{"uv":[1,3,15,1],"texture":"#wood"},"down":{"uv":[1,1,15,3],"texture":"#wood"}}},{"from":[2,0,0],"to":[4,2,22.6275],"rotation":{"angle":-45,"axis":"x","origin":[8,0,0]},"faces":{"north":{"uv":[4,15,2,16],"texture":"#rail","cullface":"north"},"east":{"uv":[4,0,3,16],"rotation":270,"texture":"#rail"},"west":{"uv":[2,16,3,0],"rotation":270,"texture":"#rail"},"up":{"uv":[2,16,4,0],"texture":"#rail"},"down":{"uv":[2,0,4,16],"texture":"#rail"}}},{"from":[12,0,0],"to":[14,2,22.6275],"rotation":{"angle":-45,"axis":"x","origin":[8,0,0]},"faces":{"north":{"uv":[14,15,12,16],"texture":"#rail","cullface":"north"},"east":{"uv":[14,0,13,16],"rotation":270,"texture":"#rail"},"west":{"uv":[12,16,13,0],"rotation":270,"texture":"#rail"},"up":{"uv":[12,16,14,0],"texture":"#rail"},"down":{"uv":[12,0,14,16],"texture":"#rail"}}},{"from":[5,9,5],"to":[11,10,11],"rotation":{"angle":-45,"axis":"x","origin":[8,8,8]},"faces":{"north":{"uv":[11,10,5,11],"texture":"#texture"},"east":{"uv":[11,11,10,5],"rotation":90,"texture":"#texture"},"south":{"uv":[5,5,11,6],"texture":"#texture"},"west":{"uv":[5,11,6,5],"rotation":270,"texture":"#texture"},"up":{"uv":[5,11,11,5],"texture":"#texture"},"down":{"uv":[5,5,11,11],"texture":"#texture"}}},{"from":[6,10,6],"to":[10,11,10],"rotation":{"angle":-45,"axis":"x","origin":[8,8,8]},"faces":{"north":{"uv":[10,9,6,10],"texture":"#texture"},"east":{"uv":[10,10,9,6],"rotation":90,"texture":"#texture"},"south":{"uv":[6,6,10,7],"texture":"#texture"},"west":{"uv":[6,10,7,6],"rotation":270,"texture":"#texture"},"up":{"uv":[6,10,10,6],"texture":"#texture"}}},{"from":[2,16.4692,14.4693],"to":[4,18,16],"rotation":{"angle":-22.5,"axis":"x","origin":[8,18,16]},"faces":{"east":{"uv":[3,0,4,1],"texture":"#rail","cullface":"up"},"south":{"uv":[2,0,4,1],"texture":"#rail","cullface":"up"},"west":{"uv":[3,0,2,1],"texture":"#rail","cullface":"up"},"up":{"uv":[2,1,4,0],"texture":"#rail","cullface":"up"}}},{"from":[12,16.4692,14.4693],"to":[14,18,16],"rotation":{"angle":-22.5,"axis":"x","origin":[8,18,16]},"faces":{"east":{"uv":[13,0,14,1],"texture":"#rail","cullface":"up"},"south":{"uv":[12,0,14,1],"texture":"#rail","cullface":"up"},"west":{"uv":[13,0,12,1],"texture":"#rail","cullface":"up"},"up":{"uv":[12,1,14,0],"texture":"#rail","cullface":"up"}}},{"from":[2,16,16],"to":[4,17,16.8284],"rotation":{"angle":-45,"axis":"x","origin":[3,16,16]},"faces":{"east":{"uv":[3,0,4,1],"texture":"#rail","cullface":"up"},"west":{"uv":[3,0,2,1],"texture":"#rail","cullface":"up"},"down":{"uv":[2,1,4,0],"texture":"#rail","cullface":"up"}}},{"from":[12,16,16],"to":[14,17,16.8284],"rotation":{"angle":-45,"axis":"x","origin":[3,16,16]},"faces":{"east":{"uv":[13,0,14,1],"texture":"#rail","cullface":"up"},"west":{"uv":[13,0,12,1],"texture":"#rail","cullface":"up"},"down":{"uv":[12,1,14,0],"texture":"#rail","cullface":"up"}}}]}