{"__comment":"Designed by GeForceLegend","parent":"block/cube_all","textures":{"all":"block/diamond_ore"},"elements":[{"from":[0.5,0.5,0.5],"to":[15.5,15.5,15.5],"faces":{"north":{"uv":[0.4706,0.4706,15.5294,15.5294],"texture":"#all","cullface":"north"},"east":{"uv":[0.4706,0.4706,15.5294,15.5294],"texture":"#all","cullface":"east"},"south":{"uv":[0.4706,0.4706,15.5294,15.5294],"texture":"#all","cullface":"south"},"west":{"uv":[0.4706,0.4706,15.5294,15.5294],"texture":"#all","cullface":"west"},"up":{"uv":[0.4706,0.4706,15.5294,15.5294],"texture":"#all","cullface":"up"},"down":{"uv":[0.4706,0.4706,15.5294,15.5294],"texture":"#all","cullface":"down"}}},{"from":[14,14,0],"to":[16,16,16],"faces":{"north":{"uv":[0,0,2,2],"texture":"#all","cullface":"north"},"east":{"uv":[0,0,16,2],"texture":"#all","cullface":"east"},"south":{"uv":[14,0,16,2],"texture":"#all","cullface":"south"},"west":{"uv":[14,0,15,16],"rotation":270,"texture":"#all","cullface":"up"},"up":{"uv":[14,0,16,16],"texture":"#all","cullface":"up"},"down":{"uv":[0,1,16,2],"rotation":90,"texture":"#all","cullface":"east"}}},{"from":[0,14,14],"to":[14,16,16],"faces":{"north":{"uv":[0,14,14,15],"texture":"#all","cullface":"up"},"south":{"uv":[0,0,14,2],"texture":"#all","cullface":"south"},"west":{"uv":[14,0,16,2],"texture":"#all","cullface":"west"},"up":{"uv":[0,14,14,16],"texture":"#all","cullface":"up"},"down":{"uv":[0,1,14,2],"texture":"#all","cullface":"south"}}},{"from":[9,14,0],"to":[14,16,2],"faces":{"north":{"uv":[2,0,7,2],"texture":"#all","cullface":"north"},"south":{"uv":[9,1,14,2],"texture":"#all","cullface":"up"},"up":{"uv":[9,0,14,2],"texture":"#all","cullface":"up"},"down":{"uv":[7,1,2,2],"texture":"#all","cullface":"north"}}},{"from":[14,0,0],"to":[16,2,16],"faces":{"north":{"uv":[0,14,2,16],"texture":"#all","cullface":"north"},"east":{"uv":[0,14,16,16],"texture":"#all","cullface":"east"},"south":{"uv":[14,14,16,16],"texture":"#all","cullface":"south"},"west":{"uv":[14,0,15,16],"rotation":90,"texture":"#all","cullface":"down"},"up":{"uv":[16,14,0,15],"rotation":90,"texture":"#all","cullface":"east"},"down":{"uv":[14,0,16,16],"texture":"#all","cullface":"down"}}},{"from":[0,0,0],"to":[14,2,2],"faces":{"north":{"uv":[2,14,16,16],"texture":"#all","cullface":"north"},"south":{"uv":[0,14,14,15],"texture":"#all","cullface":"down"},"west":{"uv":[0,14,2,16],"texture":"#all","cullface":"west"},"up":{"uv":[16,14,2,15],"texture":"#all","cullface":"north"},"down":{"uv":[0,14,14,16],"texture":"#all","cullface":"down"}}},{"from":[3,0,14],"to":[14,2,16],"faces":{"north":{"uv":[14,1,3,2],"texture":"#all","cullface":"down"},"south":{"uv":[3,14,14,16],"texture":"#all","cullface":"south"},"up":{"uv":[3,14,14,15],"texture":"#all","cullface":"south"},"down":{"uv":[3,0,14,2],"texture":"#all","cullface":"down"}}},{"from":[0,14,0],"to":[4,16,3],"faces":{"north":{"uv":[12,0,16,2],"texture":"#all","cullface":"north"},"east":{"uv":[3,2,4,3],"texture":"#all","cullface":"up"},"west":{"uv":[0,0,3,2],"texture":"#all","cullface":"west"},"up":{"uv":[0,0,4,3],"texture":"#all","cullface":"up"},"down":{"uv":[16,1,12,2],"texture":"#all","cullface":"north"}}},{"from":[0,14,3],"to":[5,16,6],"faces":{"north":{"uv":[5,3,1,4],"texture":"#all","cullface":"up"},"east":{"uv":[4,3,5,6],"rotation":90,"texture":"#all","cullface":"up"},"south":{"uv":[0,5,5,6],"texture":"#all","cullface":"up"},"west":{"uv":[3,0,6,2],"texture":"#all","cullface":"west"},"up":{"uv":[0,3,5,6],"texture":"#all","cullface":"up"},"down":{"uv":[3,1,6,2],"texture":"#all","cullface":"west"}}},{"from":[1,15,6],"to":[3,16,8],"faces":{"east":{"uv":[2,6,3,8],"rotation":90,"texture":"#all","cullface":"up"},"south":{"uv":[1,7,3,8],"texture":"#all","cullface":"up"},"up":{"uv":[1,6,3,8],"texture":"#all","cullface":"up"}}},{"from":[12,15,3],"to":[14,16,7],"faces":{"north":{"uv":[14,3,12,4],"texture":"#all","cullface":"up"},"west":{"uv":[12,7,13,3],"rotation":90,"texture":"#all","cullface":"up"},"up":{"uv":[12,3,14,7],"texture":"#all","cullface":"up"}}},{"from":[9,15,2],"to":[12,16,5],"faces":{"east":{"uv":[11,2,12,5],"rotation":90,"texture":"#all","cullface":"up"},"south":{"uv":[9,4,12,5],"texture":"#all","cullface":"up"},"west":{"uv":[9,5,10,2],"rotation":90,"texture":"#all","cullface":"up"},"up":{"uv":[9,2,12,5],"texture":"#all","cullface":"up"}}},{"from":[5,15,2],"to":[7,16,5],"faces":{"east":{"uv":[6,2,7,5],"rotation":90,"texture":"#all","cullface":"up"},"south":{"uv":[5,4,7,5],"texture":"#all","cullface":"up"},"west":{"uv":[5,5,6,2],"rotation":90,"texture":"#all","cullface":"up"},"up":{"uv":[5,2,7,5],"texture":"#all","cullface":"up"}}},{"from":[7,13,0],"to":[9,16,3],"faces":{"north":{"uv":[7,0,9,3],"texture":"#all","cullface":"north"},"south":{"uv":[7,2,9,3],"texture":"#all","cullface":"up"},"up":{"uv":[7,0,9,3],"texture":"#all","cullface":"up"},"down":{"uv":[7,2,9,3],"texture":"#all","cullface":"north"}}},{"from":[7,15,4],"to":[9,16,6],"faces":{"north":{"uv":[9,4,7,5],"texture":"#all","cullface":"up"},"south":{"uv":[7,5,9,6],"texture":"#all","cullface":"up"},"west":{"uv":[7,6,8,4],"rotation":90,"texture":"#all","cullface":"up"},"up":{"uv":[7,4,9,6],"texture":"#all","cullface":"up"}}},{"from":[8,15,5],"to":[10,16,8],"faces":{"east":{"uv":[9,5,10,8],"rotation":90,"texture":"#all","cullface":"up"},"south":{"uv":[8,7,10,8],"texture":"#all","cullface":"up"},"west":{"uv":[8,8,9,5],"rotation":90,"texture":"#all","cullface":"up"},"up":{"uv":[8,5,10,8],"texture":"#all","cullface":"up"}}},{"from":[3,15,7],"to":[8,16,9],"faces":{"north":{"uv":[8,7,3,8],"texture":"#all","cullface":"up"},"east":{"uv":[7,8,8,9],"texture":"#all","cullface":"up"},"south":{"uv":[3,8,8,9],"texture":"#all","cullface":"up"},"west":{"uv":[3,8,4,9],"texture":"#all","cullface":"up"},"up":{"uv":[3,7,8,9],"texture":"#all","cullface":"up"}}},{"from":[3,15,9],"to":[7,16,10],"faces":{"east":{"uv":[6,9,7,10],"texture":"#all","cullface":"up"},"south":{"uv":[3,9,7,10],"texture":"#all","cullface":"up"},"up":{"uv":[3,9,7,10],"texture":"#all","cullface":"up"}}},{"from":[0,14,9],"to":[3,16,14],"faces":{"north":{"uv":[3,9,0,10],"texture":"#all","cullface":"up"},"east":{"uv":[2,9,3,14],"rotation":90,"texture":"#all","cullface":"up"},"west":{"uv":[9,0,14,2],"texture":"#all","cullface":"west"},"up":{"uv":[0,9,3,14],"texture":"#all","cullface":"up"},"down":{"uv":[14,1,9,2],"rotation":90,"texture":"#all","cullface":"west"}}},{"from":[3,15,10],"to":[4,16,11],"faces":{"east":{"uv":[3,10,4,11],"texture":"#all","cullface":"up"},"up":{"uv":[3,10,4,11],"texture":"#all","cullface":"up"}}},{"from":[3,15,11],"to":[8,16,13],"faces":{"north":{"uv":[8,11,3,12],"texture":"#all","cullface":"up"},"east":{"uv":[7,11,8,13],"rotation":90,"texture":"#all","cullface":"up"},"south":{"uv":[3,12,8,13],"texture":"#all","cullface":"up"},"up":{"uv":[3,11,8,13],"texture":"#all","cullface":"up"}}},{"from":[5,15,10],"to":[11,16,12],"faces":{"north":{"uv":[11,10,5,11],"texture":"#all","cullface":"up"},"east":{"uv":[10,10,11,12],"rotation":90,"texture":"#all","cullface":"up"},"south":{"uv":[5,11,11,12],"texture":"#all","cullface":"up"},"west":{"uv":[5,12,6,10],"rotation":90,"texture":"#all","cullface":"up"},"up":{"uv":[5,10,11,12],"texture":"#all","cullface":"up"}}},{"from":[5,15,13],"to":[9,16,14],"faces":{"north":{"uv":[9,13,5,14],"texture":"#all","cullface":"up"},"east":{"uv":[8,13,9,14],"texture":"#all","cullface":"up"},"west":{"uv":[5,13,6,14],"texture":"#all","cullface":"up"},"up":{"uv":[5,13,9,14],"texture":"#all","cullface":"up"}}},{"from":[10,15,7],"to":[14,16,9],"faces":{"north":{"uv":[14,7,10,8],"texture":"#all","cullface":"up"},"south":{"uv":[10,8,14,9],"texture":"#all","cullface":"up"},"west":{"uv":[10,8,11,9],"texture":"#all","cullface":"up"},"up":{"uv":[10,7,14,9],"texture":"#all","cullface":"up"}}},{"from":[11,15,9],"to":[14,16,11],"faces":{"south":{"uv":[11,10,14,11],"texture":"#all","cullface":"up"},"west":{"uv":[11,11,12,9],"rotation":90,"texture":"#all","cullface":"up"},"up":{"uv":[11,9,14,11],"texture":"#all","cullface":"up"}}},{"from":[13,15,11],"to":[14,16,12],"faces":{"south":{"uv":[13,11,14,12],"texture":"#all","cullface":"up"},"west":{"uv":[13,11,14,12],"texture":"#all","cullface":"up"},"up":{"uv":[13,11,14,12],"texture":"#all","cullface":"up"}}},{"from":[11,15,13],"to":[14,16,14],"faces":{"north":{"uv":[14,13,11,14],"texture":"#all","cullface":"up"},"west":{"uv":[11,13,12,14],"texture":"#all","cullface":"up"},"up":{"uv":[11,13,14,14],"texture":"#all","cullface":"up"}}},{"from":[7,10,15],"to":[9,12,16],"faces":{"south":{"uv":[7,4,9,6],"texture":"#all","cullface":"south"},"west":{"uv":[7,4,8,6],"texture":"#all","cullface":"south"},"up":{"uv":[7,4,9,5],"texture":"#all","cullface":"south"},"down":{"uv":[7,5,9,6],"texture":"#all","cullface":"south"}}},{"from":[8,9,15],"to":[10,11,16],"faces":{"east":{"uv":[9,5,10,7],"texture":"#all","cullface":"south"},"south":{"uv":[8,5,10,7],"texture":"#all","cullface":"south"},"west":{"uv":[8,5,9,7],"texture":"#all","cullface":"south"}}},{"from":[3,7,15],"to":[8,8,16],"faces":{"east":{"uv":[7,8,8,9],"texture":"#all","cullface":"south"},"south":{"uv":[3,8,8,9],"texture":"#all","cullface":"south"},"west":{"uv":[3,9,4,8],"texture":"#all","cullface":"south"},"down":{"uv":[7,8,8,9],"texture":"#all","cullface":"south"}}},{"from":[4,6,15],"to":[7,7,16],"faces":{"east":{"uv":[6,9,7,10],"texture":"#all","cullface":"south"},"south":{"uv":[4,9,7,10],"texture":"#all","cullface":"south"},"down":{"uv":[4,9,5,10],"texture":"#all","cullface":"south"}}},{"from":[0,3,14],"to":[8,5,16],"faces":{"north":{"uv":[14,11,15,13],"texture":"#all","cullface":"west"},"east":{"uv":[7,11,8,13],"texture":"#all","cullface":"south"},"south":{"uv":[0,11,8,13],"texture":"#all","cullface":"south"},"west":{"uv":[14,11,16,13],"texture":"#all","cullface":"west"},"up":{"uv":[4,11,5,12],"texture":"#all","cullface":"south"},"down":{"uv":[0,12,8,13],"texture":"#all","cullface":"south"}}},{"from":[5,4,15],"to":[11,6,16],"faces":{"east":{"uv":[10,10,11,12],"texture":"#all","cullface":"south"},"south":{"uv":[5,10,11,12],"texture":"#all","cullface":"south"},"west":{"uv":[5,10,6,12],"texture":"#all","cullface":"south"},"up":{"uv":[5,10,11,11],"texture":"#all","cullface":"south"},"down":{"uv":[5,11,11,12],"texture":"#all","cullface":"south"}}},{"from":[5,2,15],"to":[9,3,16],"faces":{"east":{"uv":[8,13,9,14],"texture":"#all","cullface":"south"},"south":{"uv":[5,13,9,14],"texture":"#all","cullface":"south"},"west":{"uv":[5,14,6,13],"texture":"#all","cullface":"south"},"up":{"uv":[8,13,9,14],"texture":"#all","cullface":"south"}}},{"from":[0,8,15],"to":[16,9,16],"faces":{"south":{"uv":[0,7,16,8],"texture":"#all","cullface":"south"},"up":{"uv":[0,7,16,8],"texture":"#all","cullface":"south"},"down":{"uv":[0,7,16,8],"texture":"#all","cullface":"south"}}},{"from":[11,5,12],"to":[16,7,16],"faces":{"north":{"uv":[3,9,4,11],"texture":"#all","cullface":"east"},"east":{"uv":[0,9,4,11],"texture":"#all","cullface":"east"},"south":{"uv":[11,9,16,11],"texture":"#all","cullface":"south"},"west":{"uv":[11,9,12,11],"texture":"#all","cullface":"south"},"up":{"uv":[4,9,0,10],"rotation":90,"texture":"#all","cullface":"east"},"down":{"uv":[11,10,16,11],"texture":"#all","cullface":"south"}}},{"from":[13,4,15],"to":[14,5,16],"faces":{"south":{"uv":[13,11,14,12],"texture":"#all","cullface":"south"},"west":{"uv":[13,12,14,11],"texture":"#all","cullface":"south"},"down":{"uv":[13,11,14,12],"texture":"#all","cullface":"south"}}},{"from":[0,13,14],"to":[4,14,16],"faces":{"north":{"uv":[14,2,15,3],"texture":"#all","cullface":"west"},"east":{"uv":[3,2,4,3],"texture":"#all","cullface":"south"},"south":{"uv":[0,2,4,3],"texture":"#all","cullface":"south"},"west":{"uv":[14,2,16,3],"texture":"#all","cullface":"west"}}},{"from":[3,10,15],"to":[5,13,16],"faces":{"east":{"uv":[4,3,5,6],"texture":"#all","cullface":"south"},"south":{"uv":[3,3,5,6],"texture":"#all","cullface":"south"},"up":{"uv":[4,3,5,4],"texture":"#all","cullface":"south"},"down":{"uv":[3,5,5,6],"texture":"#all","cullface":"south"}}},{"from":[0,9,12],"to":[3,13,16],"faces":{"north":{"uv":[12,3,13,7],"texture":"#all","cullface":"west"},"east":{"uv":[2,6,3,7],"texture":"#all","cullface":"south"},"south":{"uv":[0,3,3,7],"texture":"#all","cullface":"south"},"west":{"uv":[12,3,16,7],"texture":"#all","cullface":"west"},"up":{"uv":[12,3,16,4],"rotation":90,"texture":"#all","cullface":"west"}}},{"from":[10,7,15],"to":[16,8,16],"faces":{"north":{"uv":[0,8,1,9],"texture":"#all","cullface":"east"},"east":{"uv":[0,8,1,9],"texture":"#all","cullface":"east"},"south":{"uv":[10,8,16,9],"texture":"#all","cullface":"south"},"west":{"uv":[10,8,11,9],"texture":"#all","cullface":"south"},"down":{"uv":[10,8,11,9],"texture":"#all","cullface":"south"}}},{"from":[9,11,15],"to":[12,14,16],"faces":{"east":{"uv":[11,2,12,5],"texture":"#all","cullface":"south"},"south":{"uv":[9,2,12,5],"texture":"#all","cullface":"south"},"west":{"uv":[9,2,10,5],"texture":"#all","cullface":"south"},"down":{"uv":[9,4,12,5],"texture":"#all","cullface":"south"}}},{"from":[5,11,15],"to":[7,14,16],"faces":{"east":{"uv":[6,2,7,5],"texture":"#all","cullface":"south"},"south":{"uv":[5,2,7,5],"texture":"#all","cullface":"south"},"west":{"uv":[5,2,6,5],"texture":"#all","cullface":"south"},"down":{"uv":[5,4,7,5],"texture":"#all","cullface":"south"}}},{"from":[7,13,15],"to":[9,14,16],"faces":{"south":{"uv":[7,2,9,3],"texture":"#all","cullface":"south"},"down":{"uv":[7,2,9,3],"texture":"#all","cullface":"south"}}},{"from":[11,2,13],"to":[16,3,16],"faces":{"north":{"uv":[2,13,3,14],"texture":"#all","cullface":"east"},"east":{"uv":[0,13,3,14],"texture":"#all","cullface":"east"},"south":{"uv":[11,13,16,14],"texture":"#all","cullface":"south"},"west":{"uv":[11,14,12,13],"texture":"#all","cullface":"south"},"up":{"uv":[11,13,16,14],"texture":"#all","cullface":"south"}}},{"from":[15,13,7],"to":[16,14,9],"faces":{"east":{"uv":[7,2,9,3],"texture":"#all","cullface":"east"},"down":{"uv":[7,2,9,3],"rotation":90,"texture":"#all","cullface":"east"}}},{"from":[15,11,9],"to":[16,14,11],"faces":{"north":{"uv":[6,2,7,5],"texture":"#all","cullface":"east"},"east":{"uv":[5,2,7,5],"texture":"#all","cullface":"east"},"south":{"uv":[5,2,6,5],"texture":"#all","cullface":"east"},"down":{"uv":[5,4,7,5],"rotation":90,"texture":"#all","cullface":"east"}}},{"from":[15,11,4],"to":[16,14,7],"faces":{"north":{"uv":[11,2,12,5],"texture":"#all","cullface":"east"},"east":{"uv":[9,2,12,5],"texture":"#all","cullface":"east"},"south":{"uv":[9,2,10,5],"texture":"#all","cullface":"east"},"down":{"uv":[9,4,12,5],"rotation":90,"texture":"#all","cullface":"east"}}},{"from":[15,7,0],"to":[16,8,6],"faces":{"north":{"uv":[0,8,1,9],"texture":"#all","cullface":"north"},"east":{"uv":[10,8,16,9],"texture":"#all","cullface":"east"},"south":{"uv":[10,8,11,9],"texture":"#all","cullface":"east"},"west":{"uv":[0,8,1,9],"texture":"#all","cullface":"north"},"down":{"uv":[10,8,11,9],"texture":"#all","cullface":"east"}}},{"from":[12,9,13],"to":[16,13,16],"faces":{"north":{"uv":[2,6,3,7],"texture":"#all","cullface":"east"},"east":{"uv":[0,3,3,7],"texture":"#all","cullface":"east"},"south":{"uv":[12,3,16,7],"texture":"#all","cullface":"south"},"west":{"uv":[12,3,13,7],"texture":"#all","cullface":"south"},"up":{"uv":[12,3,16,4],"texture":"#all","cullface":"south"}}},{"from":[15,10,11],"to":[16,13,13],"faces":{"north":{"uv":[4,3,5,6],"texture":"#all","cullface":"east"},"east":{"uv":[3,3,5,6],"texture":"#all","cullface":"east"},"up":{"uv":[4,3,5,4],"texture":"#all","cullface":"east"},"down":{"uv":[3,5,5,6],"rotation":90,"texture":"#all","cullface":"east"}}},{"from":[14,13,12],"to":[16,14,16],"faces":{"north":{"uv":[3,2,4,3],"texture":"#all","cullface":"east"},"east":{"uv":[0,2,4,3],"texture":"#all","cullface":"east"},"south":{"uv":[14,2,16,3],"texture":"#all","cullface":"south"},"west":{"uv":[14,2,15,3],"texture":"#all","cullface":"south"}}},{"from":[15,4,2],"to":[16,5,3],"faces":{"east":{"uv":[13,11,14,12],"texture":"#all","cullface":"east"},"south":{"uv":[13,12,14,11],"texture":"#all","cullface":"east"},"down":{"uv":[13,11,14,12],"texture":"#all","cullface":"east"}}},{"from":[12,5,0],"to":[16,7,5],"faces":{"north":{"uv":[0,9,4,11],"texture":"#all","cullface":"north"},"east":{"uv":[11,9,16,11],"texture":"#all","cullface":"east"},"south":{"uv":[11,9,12,11],"texture":"#all","cullface":"east"},"west":{"uv":[3,9,4,11],"texture":"#all","cullface":"north"},"up":{"uv":[4,9,0,10],"texture":"#all","cullface":"north"},"down":{"uv":[11,10,16,11],"rotation":90,"texture":"#all","cullface":"east"}}},{"from":[15,8,0],"to":[16,9,16],"faces":{"east":{"uv":[0,7,16,8],"texture":"#all","cullface":"east"},"up":{"uv":[16,7,0,8],"rotation":90,"texture":"#all","cullface":"east"},"down":{"uv":[0,7,16,8],"rotation":90,"texture":"#all","cullface":"east"}}},{"from":[15,2,7],"to":[16,3,11],"faces":{"north":{"uv":[8,13,9,14],"texture":"#all","cullface":"east"},"east":{"uv":[5,13,9,14],"texture":"#all","cullface":"east"},"south":{"uv":[5,14,6,13],"texture":"#all","cullface":"east"},"up":{"uv":[8,13,9,14],"texture":"#all","cullface":"east"}}},{"from":[15,4,5],"to":[16,6,11],"faces":{"north":{"uv":[10,10,11,12],"texture":"#all","cullface":"east"},"east":{"uv":[5,10,11,12],"texture":"#all","cullface":"east"},"south":{"uv":[5,10,6,12],"texture":"#all","cullface":"east"},"up":{"uv":[11,10,5,11],"rotation":90,"texture":"#all","cullface":"east"},"down":{"uv":[5,11,11,12],"rotation":90,"texture":"#all","cullface":"east"}}},{"from":[14,3,8],"to":[16,5,16],"faces":{"north":{"uv":[7,11,8,13],"texture":"#all","cullface":"east"},"east":{"uv":[0,11,8,13],"texture":"#all","cullface":"east"},"south":{"uv":[14,11,16,13],"texture":"#all","cullface":"south"},"west":{"uv":[14,11,15,13],"texture":"#all","cullface":"south"},"up":{"uv":[4,11,5,12],"texture":"#all","cullface":"east"},"down":{"uv":[0,12,8,13],"rotation":90,"texture":"#all","cullface":"east"}}},{"from":[15,6,9],"to":[16,7,12],"faces":{"north":{"uv":[6,9,7,10],"texture":"#all","cullface":"east"},"east":{"uv":[4,9,7,10],"texture":"#all","cullface":"east"},"down":{"uv":[4,9,5,10],"texture":"#all","cullface":"east"}}},{"from":[15,7,8],"to":[16,8,13],"faces":{"north":{"uv":[7,8,8,9],"texture":"#all","cullface":"east"},"east":{"uv":[3,8,8,9],"texture":"#all","cullface":"east"},"south":{"uv":[3,9,4,8],"texture":"#all","cullface":"east"},"down":{"uv":[7,8,8,9],"texture":"#all","cullface":"east"}}},{"from":[15,9,6],"to":[16,11,8],"faces":{"north":{"uv":[9,5,10,7],"texture":"#all","cullface":"east"},"east":{"uv":[8,5,10,7],"texture":"#all","cullface":"east"},"south":{"uv":[8,5,9,7],"texture":"#all","cullface":"east"}}},{"from":[15,10,7],"to":[16,12,9],"faces":{"east":{"uv":[7,4,9,6],"texture":"#all","cullface":"east"},"south":{"uv":[7,4,8,6],"texture":"#all","cullface":"east"},"up":{"uv":[9,4,7,5],"rotation":90,"texture":"#all","cullface":"east"},"down":{"uv":[7,5,9,6],"rotation":90,"texture":"#all","cullface":"east"}}},{"from":[13,2,0],"to":[16,3,5],"faces":{"north":{"uv":[0,13,3,14],"texture":"#all","cullface":"north"},"east":{"uv":[11,13,16,14],"texture":"#all","cullface":"east"},"south":{"uv":[11,14,12,13],"texture":"#all","cullface":"east"},"west":{"uv":[2,13,3,14],"texture":"#all","cullface":"north"},"up":{"uv":[16,13,11,14],"rotation":90,"texture":"#all","cullface":"east"}}},{"from":[0,2,0],"to":[5,3,3],"faces":{"north":{"uv":[11,13,16,14],"texture":"#all","cullface":"north"},"east":{"uv":[11,14,12,13],"texture":"#all","cullface":"north"},"south":{"uv":[2,13,3,14],"texture":"#all","cullface":"west"},"west":{"uv":[0,13,3,14],"texture":"#all","cullface":"west"},"up":{"uv":[16,13,11,14],"texture":"#all","cullface":"north"}}},{"from":[7,10,0],"to":[9,12,1],"faces":{"north":{"uv":[7,4,9,6],"texture":"#all","cullface":"north"},"east":{"uv":[7,4,8,6],"texture":"#all","cullface":"north"},"up":{"uv":[9,4,7,5],"texture":"#all","cullface":"north"},"down":{"uv":[9,5,7,6],"texture":"#all","cullface":"north"}}},{"from":[6,9,0],"to":[8,11,1],"faces":{"north":{"uv":[8,5,10,7],"texture":"#all","cullface":"north"},"east":{"uv":[8,5,9,7],"texture":"#all","cullface":"north"},"west":{"uv":[9,5,10,7],"texture":"#all","cullface":"north"}}},{"from":[8,7,0],"to":[13,8,1],"faces":{"north":{"uv":[3,8,8,9],"texture":"#all","cullface":"north"},"east":{"uv":[3,9,4,8],"texture":"#all","cullface":"north"},"west":{"uv":[7,8,8,9],"texture":"#all","cullface":"north"},"down":{"uv":[7,8,8,9],"texture":"#all","cullface":"north"}}},{"from":[9,6,0],"to":[12,7,1],"faces":{"north":{"uv":[4,9,7,10],"texture":"#all","cullface":"north"},"west":{"uv":[6,9,7,10],"texture":"#all","cullface":"north"},"down":{"uv":[4,9,5,10],"texture":"#all","cullface":"north"}}},{"from":[8,3,0],"to":[16,5,2],"faces":{"north":{"uv":[0,11,8,13],"texture":"#all","cullface":"north"},"east":{"uv":[14,11,16,13],"texture":"#all","cullface":"east"},"south":{"uv":[14,11,15,13],"texture":"#all","cullface":"east"},"west":{"uv":[7,11,8,13],"texture":"#all","cullface":"north"},"up":{"uv":[4,11,5,12],"texture":"#all","cullface":"north"},"down":{"uv":[8,12,0,13],"texture":"#all","cullface":"north"}}},{"from":[5,4,0],"to":[11,6,1],"faces":{"north":{"uv":[5,10,11,12],"texture":"#all","cullface":"north"},"east":{"uv":[5,10,6,12],"texture":"#all","cullface":"north"},"west":{"uv":[10,10,11,12],"texture":"#all","cullface":"north"},"up":{"uv":[11,10,5,11],"texture":"#all","cullface":"north"},"down":{"uv":[11,11,5,12],"texture":"#all","cullface":"north"}}},{"from":[7,2,0],"to":[11,3,1],"faces":{"north":{"uv":[5,13,9,14],"texture":"#all","cullface":"north"},"east":{"uv":[5,14,6,13],"texture":"#all","cullface":"north"},"west":{"uv":[8,13,9,14],"texture":"#all","cullface":"north"},"up":{"uv":[9,13,5,14],"texture":"#all","cullface":"north"}}},{"from":[0,5,0],"to":[5,7,4],"faces":{"north":{"uv":[11,9,16,11],"texture":"#all","cullface":"north"},"east":{"uv":[11,9,12,11],"texture":"#all","cullface":"north"},"south":{"uv":[3,9,4,11],"texture":"#all","cullface":"west"},"west":{"uv":[0,9,4,11],"texture":"#all","cullface":"west"},"up":{"uv":[0,9,4,10],"rotation":90,"texture":"#all","cullface":"west"},"down":{"uv":[16,10,11,11],"texture":"#all","cullface":"north"}}},{"from":[0,8,0],"to":[16,9,1],"faces":{"north":{"uv":[0,7,16,8],"texture":"#all","cullface":"north"},"up":{"uv":[16,7,0,8],"texture":"#all","cullface":"north"},"down":{"uv":[16,7,0,8],"texture":"#all","cullface":"north"}}},{"from":[2,4,0],"to":[3,5,1],"faces":{"north":{"uv":[13,11,14,12],"texture":"#all","cullface":"north"},"east":{"uv":[13,12,14,11],"texture":"#all","cullface":"north"},"down":{"uv":[14,11,13,12],"texture":"#all","cullface":"north"}}},{"from":[12,13,0],"to":[16,14,2],"faces":{"north":{"uv":[0,2,4,3],"texture":"#all","cullface":"north"},"east":{"uv":[14,2,16,3],"texture":"#all","cullface":"east"},"south":{"uv":[14,2,15,3],"texture":"#all","cullface":"east"},"west":{"uv":[3,2,4,3],"texture":"#all","cullface":"north"}}},{"from":[11,10,0],"to":[13,13,1],"faces":{"north":{"uv":[3,3,5,6],"texture":"#all","cullface":"north"},"west":{"uv":[4,3,5,6],"texture":"#all","cullface":"north"},"up":{"uv":[4,3,5,4],"texture":"#all","cullface":"north"},"down":{"uv":[5,5,3,6],"texture":"#all","cullface":"north"}}},{"from":[13,9,0],"to":[16,13,4],"faces":{"north":{"uv":[0,3,3,7],"texture":"#all","cullface":"north"},"east":{"uv":[12,3,16,7],"texture":"#all","cullface":"east"},"south":{"uv":[12,3,13,7],"texture":"#all","cullface":"east"},"west":{"uv":[2,6,3,7],"texture":"#all","cullface":"north"},"up":{"uv":[16,3,12,4],"rotation":90,"texture":"#all","cullface":"east"}}},{"from":[0,7,0],"to":[6,8,1],"faces":{"north":{"uv":[10,8,16,9],"texture":"#all","cullface":"north"},"east":{"uv":[10,8,11,9],"texture":"#all","cullface":"north"},"south":{"uv":[0,8,1,9],"texture":"#all","cullface":"west"},"west":{"uv":[0,8,1,9],"texture":"#all","cullface":"west"},"down":{"uv":[10,8,11,9],"texture":"#all","cullface":"north"}}},{"from":[4,11,0],"to":[7,16,2],"faces":{"north":{"uv":[9,0,12,5],"texture":"#all","cullface":"north"},"east":{"uv":[9,2,10,5],"texture":"#all","cullface":"north"},"south":{"uv":[4,1,7,2],"texture":"#all","cullface":"up"},"west":{"uv":[11,0,12,5],"texture":"#all","cullface":"north"},"up":{"uv":[4,0,7,2],"texture":"#all","cullface":"up"},"down":{"uv":[12,4,9,5],"texture":"#all","cullface":"north"}}},{"from":[9,11,0],"to":[11,14,1],"faces":{"north":{"uv":[5,2,7,5],"texture":"#all","cullface":"north"},"east":{"uv":[5,2,6,5],"texture":"#all","cullface":"north"},"west":{"uv":[6,2,7,5],"texture":"#all","cullface":"north"},"down":{"uv":[7,4,5,5],"texture":"#all","cullface":"north"}}},{"from":[0,13,5],"to":[1,16,9],"faces":{"north":{"uv":[5,2,6,3],"texture":"#all","cullface":"west"},"east":{"uv":[0,5,1,9],"rotation":90,"texture":"#all","cullface":"up"},"west":{"uv":[5,0,9,3],"texture":"#all","cullface":"west"},"up":{"uv":[0,5,1,9],"texture":"#all","cullface":"up"},"down":{"uv":[9,2,5,3],"rotation":90,"texture":"#all","cullface":"west"}}},{"from":[0,3,0],"to":[2,5,8],"faces":{"north":{"uv":[14,11,16,13],"texture":"#all","cullface":"north"},"east":{"uv":[14,11,15,13],"texture":"#all","cullface":"north"},"south":{"uv":[7,11,8,13],"texture":"#all","cullface":"west"},"west":{"uv":[0,11,8,13],"texture":"#all","cullface":"west"},"up":{"uv":[4,11,5,12],"texture":"#all","cullface":"west"},"down":{"uv":[8,12,0,13],"rotation":90,"texture":"#all","cullface":"west"}}},{"from":[0,4,5],"to":[1,6,11],"faces":{"north":{"uv":[5,10,6,12],"texture":"#all","cullface":"west"},"south":{"uv":[10,10,11,12],"texture":"#all","cullface":"west"},"west":{"uv":[5,10,11,12],"texture":"#all","cullface":"west"},"up":{"uv":[11,10,5,11],"rotation":270,"texture":"#all","cullface":"west"},"down":{"uv":[11,11,5,12],"rotation":90,"texture":"#all","cullface":"west"}}},{"from":[0,0,5],"to":[1,3,9],"faces":{"north":{"uv":[5,14,6,13],"texture":"#all","cullface":"west"},"east":{"uv":[0,11,1,7],"rotation":90,"texture":"#all","cullface":"down"},"south":{"uv":[8,13,9,14],"texture":"#all","cullface":"west"},"west":{"uv":[5,13,9,16],"texture":"#all","cullface":"west"},"up":{"uv":[8,13,9,14],"texture":"#all","cullface":"west"},"down":{"uv":[0,7,1,11],"texture":"#all","cullface":"down"}}},{"from":[0,5,11],"to":[4,7,16],"faces":{"north":{"uv":[11,9,12,11],"texture":"#all","cullface":"west"},"east":{"uv":[3,9,4,11],"texture":"#all","cullface":"south"},"south":{"uv":[0,9,4,11],"texture":"#all","cullface":"south"},"west":{"uv":[11,9,16,11],"texture":"#all","cullface":"west"},"up":{"uv":[0,9,4,10],"texture":"#all","cullface":"south"},"down":{"uv":[16,10,11,11],"rotation":90,"texture":"#all","cullface":"west"}}},{"from":[0,8,0],"to":[1,9,16],"faces":{"west":{"uv":[0,7,16,8],"texture":"#all","cullface":"west"},"up":{"uv":[0,7,16,8],"rotation":90,"texture":"#all","cullface":"west"},"down":{"uv":[16,7,0,8],"rotation":90,"texture":"#all","cullface":"west"}}},{"from":[0,4,13],"to":[1,5,14],"faces":{"north":{"uv":[13,12,14,11],"texture":"#all","cullface":"west"},"west":{"uv":[13,11,14,12],"texture":"#all","cullface":"west"},"down":{"uv":[13,11,14,12],"texture":"#all","cullface":"west"}}},{"from":[0,13,0],"to":[2,14,4],"faces":{"north":{"uv":[14,2,16,3],"texture":"#all","cullface":"north"},"east":{"uv":[14,2,15,3],"texture":"#all","cullface":"north"},"south":{"uv":[3,2,4,3],"texture":"#all","cullface":"west"},"west":{"uv":[0,2,4,3],"texture":"#all","cullface":"west"}}},{"from":[0,10,3],"to":[1,13,5],"faces":{"south":{"uv":[4,3,5,6],"texture":"#all","cullface":"west"},"west":{"uv":[3,3,5,6],"texture":"#all","cullface":"west"},"up":{"uv":[4,3,5,4],"texture":"#all","cullface":"west"},"down":{"uv":[5,5,3,6],"rotation":90,"texture":"#all","cullface":"west"}}},{"from":[0,9,0],"to":[4,13,3],"faces":{"north":{"uv":[12,3,16,7],"texture":"#all","cullface":"north"},"east":{"uv":[12,3,13,7],"texture":"#all","cullface":"north"},"south":{"uv":[2,6,3,7],"texture":"#all","cullface":"west"},"west":{"uv":[0,3,3,7],"texture":"#all","cullface":"west"},"up":{"uv":[16,3,12,4],"texture":"#all","cullface":"north"}}},{"from":[0,7,10],"to":[1,8,16],"faces":{"north":{"uv":[10,8,11,9],"texture":"#all","cullface":"west"},"east":{"uv":[0,8,1,9],"texture":"#all","cullface":"south"},"south":{"uv":[0,8,1,9],"texture":"#all","cullface":"south"},"west":{"uv":[10,8,16,9],"texture":"#all","cullface":"west"},"down":{"uv":[10,8,11,9],"texture":"#all","cullface":"west"}}},{"from":[0,11,9],"to":[1,14,12],"faces":{"north":{"uv":[9,2,10,5],"texture":"#all","cullface":"west"},"south":{"uv":[11,2,12,5],"texture":"#all","cullface":"west"},"west":{"uv":[9,2,12,5],"texture":"#all","cullface":"west"},"down":{"uv":[12,4,9,5],"rotation":90,"texture":"#all","cullface":"west"}}},{"from":[0,11,5],"to":[1,13,7],"faces":{"south":{"uv":[6,3,7,5],"texture":"#all","cullface":"west"},"west":{"uv":[5,3,7,5],"texture":"#all","cullface":"west"},"down":{"uv":[7,4,5,5],"rotation":90,"texture":"#all","cullface":"west"}}},{"from":[0,7,3],"to":[1,8,8],"faces":{"north":{"uv":[3,9,4,8],"texture":"#all","cullface":"west"},"south":{"uv":[7,8,8,9],"texture":"#all","cullface":"west"},"west":{"uv":[3,8,8,9],"texture":"#all","cullface":"west"},"down":{"uv":[7,8,8,9],"texture":"#all","cullface":"west"}}},{"from":[0,6,4],"to":[1,7,7],"faces":{"south":{"uv":[6,9,7,10],"texture":"#all","cullface":"west"},"west":{"uv":[4,9,7,10],"texture":"#all","cullface":"west"},"down":{"uv":[4,9,5,10],"texture":"#all","cullface":"west"}}},{"from":[0,0,11],"to":[3,3,16],"faces":{"north":{"uv":[11,14,12,13],"texture":"#all","cullface":"west"},"east":{"uv":[2,13,3,14],"texture":"#all","cullface":"south"},"south":{"uv":[0,13,3,16],"texture":"#all","cullface":"south"},"west":{"uv":[11,13,16,16],"texture":"#all","cullface":"west"},"up":{"uv":[16,13,11,14],"rotation":270,"texture":"#all","cullface":"west"},"down":{"uv":[0,0,3,5],"texture":"#all","cullface":"down"}}},{"from":[0,10,7],"to":[1,12,9],"faces":{"north":{"uv":[7,4,8,6],"texture":"#all","cullface":"west"},"west":{"uv":[7,4,9,6],"texture":"#all","cullface":"west"},"up":{"uv":[9,4,7,5],"rotation":270,"texture":"#all","cullface":"west"},"down":{"uv":[9,5,7,6],"rotation":90,"texture":"#all","cullface":"west"}}},{"from":[0,9,8],"to":[1,11,10],"faces":{"north":{"uv":[8,5,9,7],"texture":"#all","cullface":"west"},"south":{"uv":[9,5,10,7],"texture":"#all","cullface":"west"},"west":{"uv":[8,5,10,7],"texture":"#all","cullface":"west"}}},{"from":[8,0,8],"to":[10,1,11],"faces":{"north":{"uv":[8,7,10,8],"texture":"#all","cullface":"down"},"east":{"uv":[9,5,10,8],"rotation":270,"texture":"#all","cullface":"down"},"west":{"uv":[8,5,9,8],"rotation":90,"texture":"#all","cullface":"down"},"down":{"uv":[8,5,10,8],"texture":"#all","cullface":"down"}}},{"from":[7,0,10],"to":[9,1,12],"faces":{"north":{"uv":[9,5,7,6],"texture":"#all","cullface":"down"},"south":{"uv":[7,4,9,5],"texture":"#all","cullface":"down"},"west":{"uv":[7,4,8,6],"rotation":90,"texture":"#all","cullface":"down"},"down":{"uv":[7,4,9,6],"texture":"#all","cullface":"down"}}},{"from":[11,0,2],"to":[14,1,3],"faces":{"south":{"uv":[11,13,14,14],"texture":"#all","cullface":"down"},"west":{"uv":[11,13,12,14],"texture":"#all","cullface":"down"},"down":{"uv":[11,13,14,14],"texture":"#all","cullface":"down"}}},{"from":[1,0,5],"to":[4,1,6],"faces":{"east":{"uv":[3,10,4,11],"texture":"#all","cullface":"down"},"down":{"uv":[1,10,4,11],"texture":"#all","cullface":"down"}}},{"from":[0,0,2],"to":[3,2,5],"faces":{"east":{"uv":[2,11,3,14],"rotation":270,"texture":"#all","cullface":"down"},"west":{"uv":[2,14,5,16],"texture":"#all","cullface":"west"},"up":{"uv":[2,14,5,15],"rotation":90,"texture":"#all","cullface":"west"},"down":{"uv":[0,11,3,14],"texture":"#all","cullface":"down"}}},{"from":[1,0,6],"to":[7,1,7],"faces":{"north":{"uv":[7,9,1,10],"texture":"#all","cullface":"down"},"east":{"uv":[6,9,7,10],"texture":"#all","cullface":"down"},"south":{"uv":[1,9,7,10],"texture":"#all","cullface":"down"},"down":{"uv":[1,9,7,10],"texture":"#all","cullface":"down"}}},{"from":[3,0,7],"to":[8,1,9],"faces":{"north":{"uv":[8,8,3,9],"texture":"#all","cullface":"down"},"east":{"uv":[7,8,8,9],"rotation":270,"texture":"#all","cullface":"down"},"south":{"uv":[3,7,8,8],"texture":"#all","cullface":"down"},"west":{"uv":[3,9,4,8],"rotation":90,"texture":"#all","cullface":"down"},"down":{"uv":[3,7,8,9],"texture":"#all","cullface":"down"}}},{"from":[5,0,11],"to":[7,1,14],"faces":{"north":{"uv":[7,4,5,5],"texture":"#all","cullface":"down"},"east":{"uv":[6,2,7,5],"rotation":270,"texture":"#all","cullface":"down"},"west":{"uv":[5,2,6,5],"rotation":90,"texture":"#all","cullface":"down"},"down":{"uv":[5,2,7,5],"texture":"#all","cullface":"down"}}},{"from":[9,0,11],"to":[12,1,14],"faces":{"north":{"uv":[12,4,9,5],"texture":"#all","cullface":"down"},"east":{"uv":[11,2,12,5],"rotation":270,"texture":"#all","cullface":"down"},"west":{"uv":[9,2,10,5],"rotation":90,"texture":"#all","cullface":"down"},"down":{"uv":[9,2,12,5],"texture":"#all","cullface":"down"}}},{"from":[12,0,9],"to":[14,1,13],"faces":{"south":{"uv":[12,3,14,4],"texture":"#all","cullface":"down"},"west":{"uv":[12,3,13,7],"rotation":90,"texture":"#all","cullface":"down"},"down":{"uv":[12,3,14,7],"texture":"#all","cullface":"down"}}},{"from":[0,0,8],"to":[3,2,11],"faces":{"north":{"uv":[3,7,0,8],"texture":"#all","cullface":"down"},"east":{"uv":[2,5,3,8],"rotation":270,"texture":"#all","cullface":"down"},"west":{"uv":[8,14,11,16],"texture":"#all","cullface":"west"},"up":{"uv":[8,14,11,15],"rotation":90,"texture":"#all","cullface":"west"},"down":{"uv":[0,5,3,8],"texture":"#all","cullface":"down"}}},{"from":[3,0,10],"to":[5,1,13],"faces":{"north":{"uv":[5,5,3,6],"texture":"#all","cullface":"down"},"east":{"uv":[4,3,5,6],"rotation":270,"texture":"#all","cullface":"down"},"south":{"uv":[3,3,5,4],"texture":"#all","cullface":"down"},"down":{"uv":[3,3,5,6],"texture":"#all","cullface":"down"}}},{"from":[3,0,13],"to":[4,1,14],"faces":{"east":{"uv":[3,2,4,3],"rotation":270,"texture":"#all","cullface":"down"},"down":{"uv":[3,2,4,3],"texture":"#all","cullface":"down"}}},{"from":[13,0,4],"to":[14,1,5],"faces":{"north":{"uv":[14,11,13,12],"texture":"#all","cullface":"down"},"west":{"uv":[13,12,14,11],"texture":"#all","cullface":"down"},"down":{"uv":[13,11,14,12],"texture":"#all","cullface":"down"}}},{"from":[11,0,5],"to":[14,1,7],"faces":{"north":{"uv":[14,10,11,11],"texture":"#all","cullface":"down"},"west":{"uv":[11,9,12,11],"rotation":90,"texture":"#all","cullface":"down"},"down":{"uv":[11,9,14,11],"texture":"#all","cullface":"down"}}},{"from":[10,0,7],"to":[14,1,9],"faces":{"north":{"uv":[14,8,10,9],"texture":"#all","cullface":"down"},"south":{"uv":[10,7,14,8],"texture":"#all","cullface":"down"},"west":{"uv":[10,9,11,8],"rotation":90,"texture":"#all","cullface":"down"},"down":{"uv":[10,7,14,9],"texture":"#all","cullface":"down"}}},{"from":[5,0,2],"to":[9,1,3],"faces":{"east":{"uv":[8,13,9,14],"texture":"#all","cullface":"down"},"south":{"uv":[5,13,9,14],"texture":"#all","cullface":"down"},"west":{"uv":[5,13,6,14],"texture":"#all","cullface":"down"},"down":{"uv":[5,13,9,14],"texture":"#all","cullface":"down"}}},{"from":[5,0,4],"to":[11,1,6],"faces":{"north":{"uv":[11,11,5,12],"texture":"#all","cullface":"down"},"east":{"uv":[10,10,11,12],"rotation":270,"texture":"#all","cullface":"down"},"south":{"uv":[5,10,11,11],"texture":"#all","cullface":"down"},"west":{"uv":[5,10,6,12],"rotation":90,"texture":"#all","cullface":"down"},"down":{"uv":[5,10,11,12],"texture":"#all","cullface":"down"}}},{"from":[3,0,3],"to":[8,1,5],"faces":{"north":{"uv":[8,12,3,13],"texture":"#all","cullface":"down"},"east":{"uv":[7,11,8,13],"rotation":270,"texture":"#all","cullface":"down"},"south":{"uv":[3,11,8,12],"texture":"#all","cullface":"down"},"down":{"uv":[3,11,8,13],"texture":"#all","cullface":"down"}}},{"from":[7,0,13],"to":[9,1,14],"faces":{"north":{"uv":[9,2,7,3],"texture":"#all","cullface":"down"},"down":{"uv":[7,2,9,3],"texture":"#all","cullface":"down"}}}]}