{"__comment":"Designed by GeForceLegend","ambientocclusion":false,"textures":{"top":"block/dispenser_front_vertical","side":"block/furnace_top","inside":"block/furnace_inside","particle":"block/dispenser_front_vertical"},"elements":[{"from":[0,0,0],"to":[16,6,16],"faces":{"up":{"uv":[0,0,16,16],"texture":"#inside","cullface":"up"},"down":{"uv":[0,0,16,16],"texture":"#side","cullface":"down"}}},{"from":[5,0,0],"to":[11,16,5],"faces":{"north":{"uv":[5,0,11,16],"texture":"#side","cullface":"north"},"south":{"uv":[5,0,11,16],"texture":"#inside","cullface":"up"},"up":{"uv":[5,0,11,5],"texture":"#top","cullface":"up"}}},{"from":[5,0,11],"to":[11,16,16],"faces":{"north":{"uv":[5,0,11,16],"texture":"#inside","cullface":"up"},"south":{"uv":[5,0,11,16],"texture":"#side","cullface":"south"},"up":{"uv":[5,11,11,16],"texture":"#top","cullface":"up"}}},{"from":[9,6,10],"to":[11,16,11],"faces":{"north":{"uv":[5,0,7,10],"texture":"#inside","cullface":"up"},"west":{"uv":[13,0,14,10],"texture":"#inside","cullface":"up"},"up":{"uv":[9,10,11,11],"texture":"#top","cullface":"up"}}},{"from":[9,6,5],"to":[11,16,6],"faces":{"south":{"uv":[9,0,11,10],"texture":"#inside","cullface":"up"},"west":{"uv":[13,0,14,10],"texture":"#inside","cullface":"up"},"up":{"uv":[9,5,11,6],"texture":"#top","cullface":"up"}}},{"from":[10,6,6],"to":[11,16,7],"faces":{"south":{"uv":[10,0,11,10],"texture":"#inside","cullface":"up"},"west":{"uv":[14,0,15,10],"texture":"#inside","cullface":"up"},"up":{"uv":[10,6,11,7],"texture":"#top","cullface":"up"}}},{"from":[5,6,5],"to":[7,16,6],"faces":{"east":{"uv":[10,0,11,10],"texture":"#inside","cullface":"up"},"south":{"uv":[5,0,7,10],"texture":"#inside","cullface":"up"},"up":{"uv":[5,5,7,6],"texture":"#top","cullface":"up"}}},{"from":[5,6,6],"to":[6,16,7],"faces":{"east":{"uv":[11,0,12,10],"texture":"#inside","cullface":"up"},"south":{"uv":[5,0,6,10],"texture":"#inside","cullface":"up"},"up":{"uv":[5,6,6,7],"texture":"#top","cullface":"up"}}},{"from":[5,6,10],"to":[7,16,11],"faces":{"north":{"uv":[9,0,11,10],"texture":"#inside","cullface":"up"},"east":{"uv":[5,0,6,10],"texture":"#inside","cullface":"up"},"up":{"uv":[5,10,7,11],"texture":"#top","cullface":"up"}}},{"from":[5,6,9],"to":[6,16,10],"faces":{"north":{"uv":[10,0,11,10],"texture":"#inside","cullface":"up"},"east":{"uv":[7,0,8,10],"texture":"#inside","cullface":"up"},"up":{"uv":[5,9,6,10],"texture":"#top","cullface":"up"}}},{"from":[10,6,9],"to":[11,16,10],"faces":{"north":{"uv":[5,0,6,10],"texture":"#inside","cullface":"up"},"west":{"uv":[9,0,10,10],"texture":"#inside","cullface":"up"},"up":{"uv":[10,9,11,10],"texture":"#top","cullface":"up"}}},{"from":[0,0,0],"to":[5,16,16],"faces":{"north":{"uv":[11,0,16,16],"texture":"#side","cullface":"north"},"east":{"uv":[0,0,16,16],"texture":"#inside","cullface":"up"},"south":{"uv":[0,0,5,16],"texture":"#side","cullface":"south"},"west":{"uv":[0,0,16,16],"texture":"#side","cullface":"west"},"up":{"uv":[0,0,5,16],"texture":"#top","cullface":"up"}}},{"from":[11,0,0],"to":[16,16,16],"faces":{"north":{"uv":[0,0,5,16],"texture":"#side","cullface":"north"},"east":{"uv":[0,0,16,16],"texture":"#side","cullface":"east"},"south":{"uv":[11,0,16,16],"texture":"#side","cullface":"south"},"west":{"uv":[0,0,16,16],"texture":"#inside","cullface":"up"},"up":{"uv":[11,0,16,16],"texture":"#top","cullface":"up"}}},{"from":[7,6,5],"to":[9,11,6],"faces":{"south":{"uv":[12,5,14,10],"texture":"#inside","cullface":"up"},"up":{"uv":[11,3,9,4],"texture":"#inside","cullface":"up"}}},{"from":[7,6,10],"to":[9,11,11],"faces":{"north":{"uv":[4,5,6,10],"texture":"#inside","cullface":"up"},"up":{"uv":[9,3,11,4],"texture":"#inside","cullface":"up"}}},{"from":[5,6,7],"to":[6,11,9],"faces":{"east":{"uv":[7,5,9,10],"texture":"#inside","cullface":"up"},"up":{"uv":[5,4,6,2],"texture":"#inside","cullface":"up"}}},{"from":[10,6,7],"to":[11,11,9],"faces":{"west":{"uv":[7,5,9,10],"texture":"#inside","cullface":"up"},"up":{"uv":[10,3,11,5],"texture":"#inside","cullface":"up"}}},{"from":[6,6,9],"to":[7,11,10],"faces":{"north":{"uv":[11,5,12,10],"texture":"#inside","cullface":"up"},"east":{"uv":[7,5,8,10],"texture":"#inside","cullface":"up"},"up":{"uv":[5,3,6,4],"texture":"#inside","cullface":"up"}}},{"from":[6,6,6],"to":[7,11,7],"faces":{"east":{"uv":[10,5,11,10],"texture":"#inside","cullface":"up"},"south":{"uv":[5,5,6,10],"texture":"#inside","cullface":"up"},"up":{"uv":[7,3,8,4],"texture":"#inside","cullface":"up"}}},{"from":[9,6,6],"to":[10,11,7],"faces":{"south":{"uv":[8,5,9,10],"texture":"#inside","cullface":"up"},"west":{"uv":[6,5,7,10],"texture":"#inside","cullface":"up"},"up":{"uv":[5,3,6,4],"texture":"#inside","cullface":"up"}}},{"from":[9,6,9],"to":[10,11,10],"faces":{"north":{"uv":[7,5,8,10],"texture":"#inside","cullface":"up"},"west":{"uv":[7,5,8,10],"texture":"#inside","cullface":"up"},"up":{"uv":[8,3,9,4],"texture":"#inside","cullface":"up"}}}]}