{"__comment":"Designed by GeForceLegend","textures":{"bottom":"block/enchanting_table_bottom","top":"block/enchanting_table_top","particle":"block/enchanting_table_side","side":"block/enchanting_table_side"},"elements":[{"from":[0,0,0],"to":[16,12,16],"faces":{"north":{"uv":[0,4,16,16],"texture":"#side","cullface":"north"},"east":{"uv":[0,4,16,16],"texture":"#side","cullface":"east"},"south":{"uv":[0,4,16,16],"texture":"#side","cullface":"south"},"west":{"uv":[0,4,16,16],"texture":"#side","cullface":"west"},"up":{"uv":[0,0,16,16],"texture":"#top"},"down":{"uv":[0,0,16,16],"texture":"#bottom","cullface":"down"}}},{"from":[0,12,0],"to":[3,13,4],"faces":{"north":{"uv":[13,3,16,4],"texture":"#side"},"east":{"uv":[2,3,3,4],"texture":"#top"},"south":{"uv":[0,3,3,4],"texture":"#top"},"west":{"uv":[0,3,4,4],"texture":"#side"},"up":{"uv":[0,0,3,4],"texture":"#top"}}},{"from":[3,12,0],"to":[4,13,3],"faces":{"north":{"uv":[12,3,13,4],"texture":"#side"},"east":{"uv":[3,0,4,3],"rotation":90,"texture":"#top"},"south":{"uv":[3,2,4,3],"texture":"#top"},"up":{"uv":[3,0,4,3],"texture":"#top"}}},{"from":[3,12,13],"to":[4,13,16],"faces":{"north":{"uv":[3,13,4,14],"texture":"#top"},"east":{"uv":[0,3,3,4],"texture":"#top"},"south":{"uv":[3,3,4,4],"texture":"#side"},"up":{"uv":[3,13,4,16],"texture":"#top"}}},{"from":[0,12,12],"to":[3,13,16],"faces":{"north":{"uv":[3,0,4,3],"rotation":90,"texture":"#top"},"east":{"uv":[2,12,3,13],"texture":"#top"},"south":{"uv":[0,3,3,4],"texture":"#side"},"west":{"uv":[12,3,16,4],"texture":"#side"},"up":{"uv":[0,12,3,16],"texture":"#top"}}},{"from":[12,12,13],"to":[13,13,16],"faces":{"north":{"uv":[12,13,13,14],"texture":"#top"},"south":{"uv":[12,3,13,4],"texture":"#side"},"west":{"uv":[3,0,4,3],"rotation":90,"texture":"#top"},"up":{"uv":[12,13,13,16],"texture":"#top"}}},{"from":[13,12,12],"to":[16,13,16],"faces":{"north":{"uv":[0,3,3,4],"texture":"#top"},"east":{"uv":[0,3,4,4],"texture":"#side"},"south":{"uv":[13,3,16,4],"texture":"#side"},"west":{"uv":[13,12,14,13],"texture":"#top"},"up":{"uv":[13,12,16,16],"texture":"#top"}}},{"from":[12,12,0],"to":[13,13,3],"faces":{"north":{"uv":[3,3,4,4],"texture":"#side"},"south":{"uv":[12,2,13,3],"texture":"#top"},"west":{"uv":[0,3,3,4],"texture":"#top"},"up":{"uv":[12,0,13,3],"texture":"#top"}}},{"from":[13,12,0],"to":[16,13,4],"faces":{"north":{"uv":[0,3,3,4],"texture":"#side"},"east":{"uv":[12,3,16,4],"texture":"#side"},"south":{"uv":[3,0,4,3],"rotation":90,"texture":"#top"},"west":{"uv":[13,3,14,4],"texture":"#top"},"up":{"uv":[13,0,16,4],"texture":"#top"}}}]}