{"__comment":"Designed by GeForceLegend","parent":"block/trapdoor_display","textures":{"texture":"block/mangrove_trapdoor1","particle":"block/mangrove_trapdoor"},"elements":[{"from":[3,0,13],"to":[13,3,16],"faces":{"north":{"uv":[13,2,3,3],"texture":"#particle"},"south":{"uv":[3,0,13,3],"texture":"#texture","cullface":"south"},"up":{"uv":[3,3,13,0],"texture":"#particle"},"down":{"uv":[3,0,13,3],"texture":"#particle","cullface":"down"}}},{"from":[13,0,0],"to":[16,3,16],"faces":{"north":{"uv":[16,13,13,16],"texture":"#texture","cullface":"north"},"east":{"uv":[0,10,16,13],"texture":"#texture","cullface":"east"},"south":{"uv":[13,0,16,3],"texture":"#texture","cullface":"south"},"west":{"uv":[13,0,14,16],"rotation":90,"texture":"#particle"},"up":{"uv":[13,16,16,0],"texture":"#particle"},"down":{"uv":[13,0,16,16],"texture":"#particle","cullface":"down"}}},{"from":[3,0,0],"to":[13,3,3],"faces":{"north":{"uv":[13,13,3,16],"texture":"#texture","cullface":"north"},"south":{"uv":[3,13,13,14],"texture":"#particle"},"up":{"uv":[3,16,13,13],"texture":"#particle"},"down":{"uv":[3,13,13,16],"texture":"#particle","cullface":"down"}}},{"from":[0,0,0],"to":[3,3,16],"faces":{"north":{"uv":[3,13,0,16],"texture":"#texture","cullface":"north"},"east":{"uv":[2,16,3,0],"rotation":90,"texture":"#particle"},"south":{"uv":[0,0,3,3],"texture":"#texture","cullface":"south"},"west":{"uv":[0,3,16,6],"texture":"#texture","cullface":"west"},"up":{"uv":[0,16,3,0],"texture":"#particle"},"down":{"uv":[0,0,3,16],"texture":"#particle","cullface":"down"}}},{"from":[3,0,3],"to":[4,3,4],"faces":{"east":{"uv":[3,3,4,4],"texture":"#particle"},"south":{"uv":[3,3,4,4],"texture":"#particle"},"up":{"uv":[3,3,4,4],"texture":"#particle"},"down":{"uv":[3,3,4,4],"texture":"#particle","cullface":"down"}}},{"from":[12,0,3],"to":[13,3,4],"faces":{"south":{"uv":[12,3,13,4],"texture":"#particle"},"west":{"uv":[12,3,13,4],"texture":"#particle"},"up":{"uv":[12,3,13,4],"texture":"#particle"},"down":{"uv":[12,3,13,4],"texture":"#particle","cullface":"down"}}},{"from":[12,0,12],"to":[13,3,13],"faces":{"north":{"uv":[12,12,13,13],"texture":"#particle"},"west":{"uv":[12,12,13,13],"texture":"#particle"},"up":{"uv":[12,12,13,13],"texture":"#particle"},"down":{"uv":[12,12,13,13],"texture":"#particle","cullface":"down"}}},{"from":[3,0,12],"to":[4,3,13],"faces":{"north":{"uv":[3,12,4,13],"texture":"#particle"},"east":{"uv":[3,12,4,13],"texture":"#particle"},"up":{"uv":[3,12,4,13],"texture":"#particle"},"down":{"uv":[3,12,4,13],"texture":"#particle","cullface":"down"}}},{"from":[3,1,3],"to":[13,2,5],"faces":{"south":{"uv":[3,11,13,12],"texture":"#particle"},"up":{"uv":[3,13,13,11],"texture":"#particle"},"down":{"uv":[3,11,13,13],"texture":"#particle"}}},{"from":[3,1,11],"to":[13,2,13],"faces":{"north":{"uv":[13,4,3,5],"texture":"#particle"},"up":{"uv":[3,11,13,13],"texture":"#particle"},"down":{"uv":[3,3,13,5],"texture":"#particle"}}},{"from":[3,1,5],"to":[5,2,11],"faces":{"east":{"uv":[4,11,5,5],"rotation":90,"texture":"#particle"},"up":{"uv":[3,11,5,5],"texture":"#particle"},"down":{"uv":[3,5,5,11],"texture":"#particle"}}},{"from":[11,1,5],"to":[13,2,11],"faces":{"west":{"uv":[11,5,12,11],"rotation":90,"texture":"#particle"},"up":{"uv":[11,11,13,5],"texture":"#particle"},"down":{"uv":[11,5,13,11],"texture":"#particle"}}},{"from":[5,1,10],"to":[6,2,11],"faces":{"north":{"uv":[5,5,6,6],"texture":"#particle"},"east":{"uv":[5,5,6,6],"texture":"#particle"},"up":{"uv":[5,5,6,6],"texture":"#particle"},"down":{"uv":[5,5,6,6],"texture":"#particle"}}},{"from":[10,1,10],"to":[11,2,11],"faces":{"north":{"uv":[10,5,11,6],"texture":"#particle"},"west":{"uv":[10,5,11,6],"texture":"#particle"},"up":{"uv":[10,5,11,6],"texture":"#particle"},"down":{"uv":[10,5,11,6],"texture":"#particle"}}},{"from":[10,1,5],"to":[11,2,6],"faces":{"south":{"uv":[10,10,11,11],"texture":"#particle"},"west":{"uv":[10,10,11,11],"texture":"#particle"},"up":{"uv":[10,10,11,11],"texture":"#particle"},"down":{"uv":[10,10,11,11],"texture":"#particle"}}},{"from":[5,1,5],"to":[6,2,6],"faces":{"east":{"uv":[5,10,6,11],"texture":"#particle"},"south":{"uv":[5,10,6,11],"texture":"#particle"},"up":{"uv":[5,10,6,11],"texture":"#particle"},"down":{"uv":[5,10,6,11],"texture":"#particle"}}}]}