{"__comment":"Designed by GeForceLegend","ambientocclusion":false,"textures":{"layer0":"block/mangrove_door_top1","particle":"block/mangrove_door_top"},"elements":[{"from":[0,0,13],"to":[3,16,16],"faces":{"north":{"uv":[3,0,2,16],"texture":"#particle"},"east":{"uv":[0,0,3,16],"texture":"#particle"},"south":{"uv":[3,0,0,16],"texture":"#layer0","cullface":"south"},"west":{"uv":[3,0,0,16],"texture":"#particle","cullface":"west"},"up":{"uv":[3,3,6,0],"texture":"#layer0","cullface":"up"}}},{"from":[0,0,0],"to":[3,16,3],"faces":{"north":{"uv":[13,0,16,16],"texture":"#layer0","cullface":"north"},"east":{"uv":[13,0,16,16],"texture":"#particle"},"south":{"uv":[13,0,12,16],"texture":"#layer0"},"west":{"uv":[16,0,13,16],"texture":"#particle","cullface":"west"},"up":{"uv":[3,16,6,13],"texture":"#layer0","cullface":"up"}}},{"from":[0,13,3],"to":[3,16,13],"faces":{"east":{"uv":[3,0,13,3],"texture":"#particle"},"west":{"uv":[13,0,3,3],"texture":"#particle","cullface":"west"},"up":{"uv":[3,13,6,3],"texture":"#layer0","cullface":"up"},"down":{"uv":[3,2,13,3],"rotation":90,"texture":"#particle"}}},{"from":[0.5,11,3],"to":[2.5,13,13],"faces":{"east":{"uv":[3,3,13,5],"texture":"#particle"},"west":{"uv":[13,3,3,5],"texture":"#particle"},"down":{"uv":[3,4,13,5],"rotation":90,"texture":"#particle"}}},{"from":[0.5,0,11],"to":[2.5,11,13],"faces":{"north":{"uv":[5,5,4,16],"texture":"#particle"},"east":{"uv":[3,5,5,16],"texture":"#particle"},"west":{"uv":[5,5,3,16],"texture":"#particle"}}},{"from":[0.5,0,3],"to":[2.5,11,5],"faces":{"east":{"uv":[10,5,12,16],"texture":"#layer0"},"south":{"uv":[12,5,11,16],"texture":"#particle"},"west":{"uv":[12,5,10,16],"texture":"#layer0"}}},{"from":[0.5,10,5],"to":[2.5,11,6],"faces":{"east":{"uv":[11,5,10,6],"texture":"#particle"},"south":{"uv":[11,5,10,6],"texture":"#particle"},"west":{"uv":[11,5,10,6],"texture":"#particle"},"down":{"uv":[10,6,11,5],"texture":"#particle"}}},{"from":[0.5,10,10],"to":[2.5,11,11],"faces":{"north":{"uv":[6,5,5,6],"texture":"#particle"},"east":{"uv":[6,5,5,6],"texture":"#particle"},"west":{"uv":[6,5,5,6],"texture":"#particle"},"down":{"uv":[5,6,6,5],"texture":"#particle"}}},{"from":[1,0,3],"to":[2,13,13],"faces":{"east":{"uv":[3,3,13,16],"texture":"#particle"},"west":{"uv":[13,3,3,16],"texture":"#particle"}}},{"from":[0.5,6,6],"to":[2.5,8,10],"faces":{"north":{"uv":[10,8,9,10],"texture":"#particle"},"east":{"uv":[6,8,10,10],"texture":"#particle"},"south":{"uv":[7,8,6,10],"texture":"#particle"},"west":{"uv":[10,8,6,10],"texture":"#particle"},"up":{"uv":[10,8,6,9],"rotation":90,"texture":"#particle"},"down":{"uv":[6,9,10,10],"rotation":90,"texture":"#particle"}}},{"from":[0.5,5,7],"to":[2.5,9,9],"faces":{"north":{"uv":[9,7,8,11],"texture":"#particle"},"east":{"uv":[7,7,9,11],"texture":"#particle"},"south":{"uv":[8,7,7,11],"texture":"#particle"},"west":{"uv":[9,7,7,11],"texture":"#particle"},"up":{"uv":[9,7,7,8],"rotation":90,"texture":"#particle"},"down":{"uv":[7,10,9,11],"rotation":90,"texture":"#particle"}}},{"from":[0.5,0,6],"to":[2.5,1,10],"faces":{"north":{"uv":[10,15,9,16],"texture":"#particle"},"east":{"uv":[6,15,10,16],"texture":"#particle"},"south":{"uv":[7,15,6,16],"texture":"#particle"},"west":{"uv":[10,15,6,16],"texture":"#particle"},"up":{"uv":[10,15,6,16],"rotation":90,"texture":"#particle"}}},{"from":[0.5,1,7],"to":[2.5,2,9],"faces":{"north":{"uv":[9,14,8,15],"texture":"#particle"},"east":{"uv":[7,14,9,15],"texture":"#particle"},"south":{"uv":[8,14,7,15],"texture":"#particle"},"west":{"uv":[9,14,7,15],"texture":"#particle"},"up":{"uv":[9,14,7,15],"rotation":90,"texture":"#particle"}}},{"from":[-0.7,0,2.01],"to":[3.7,2.99,2.99],"faces":{"north":{"uv":[14,13,13,16],"texture":"#particle"},"east":{"uv":[14,13,13,16],"texture":"#particle"},"south":{"uv":[14,13,13,16],"texture":"#particle"},"west":{"uv":[14,13,13,16],"texture":"#particle","cullface":"west"},"up":{"uv":[13,14,14,13],"texture":"#particle"}}},{"from":[3.01,2,2.99],"to":[3.7,2.99,3.99],"faces":{"north":{"uv":[13,13,12,14],"texture":"#particle"},"east":{"uv":[13,13,12,14],"texture":"#particle"},"south":{"uv":[13,13,12,14],"texture":"#particle"},"west":{"uv":[13,13,12,14],"texture":"#particle"},"up":{"uv":[12,14,13,13],"texture":"#particle"},"down":{"uv":[12,14,13,13],"texture":"#particle"}}},{"from":[-0.7,2,2.99],"to":[-0.01,2.99,3.99],"faces":{"north":{"uv":[13,13,12,14],"texture":"#particle","cullface":"west"},"east":{"uv":[13,13,12,14],"texture":"#particle","cullface":"west"},"south":{"uv":[13,13,12,14],"texture":"#particle","cullface":"west"},"west":{"uv":[13,13,12,14],"texture":"#particle","cullface":"west"},"up":{"uv":[12,14,13,13],"texture":"#particle","cullface":"west"},"down":{"uv":[12,14,13,13],"texture":"#particle","cullface":"west"}}}]}