{"__comment":"Designed by GeForceLegend","ambientocclusion":false,"textures":{"bottom1":"block/pale_oak_door_bottom1","particle":"block/pale_oak_door_bottom","bottom":"block/pale_oak_door_bottom","bottom2":"block/pale_oak_door_bottom2"},"elements":[{"from":[0,0,0],"to":[3,5,16],"faces":{"north":{"uv":[0,11,3,16],"texture":"#bottom1","cullface":"north"},"east":{"uv":[16,11,0,16],"texture":"#bottom"},"south":{"uv":[13,11,16,16],"texture":"#bottom1","cullface":"south"},"west":{"uv":[0,11,16,16],"texture":"#bottom","cullface":"west"},"down":{"uv":[7,16,10,0],"texture":"#bottom1","cullface":"down"}}},{"from":[0,5,0],"to":[3,16,4],"faces":{"north":{"uv":[0,0,3,11],"texture":"#bottom1","cullface":"north"},"east":{"uv":[4,0,0,11],"texture":"#bottom"},"south":{"uv":[3,0,4,11],"texture":"#bottom"},"west":{"uv":[0,0,4,11],"texture":"#bottom","cullface":"west"}}},{"from":[0,5,12],"to":[3,16,16],"faces":{"north":{"uv":[12,0,13,11],"texture":"#bottom1"},"east":{"uv":[16,0,12,11],"texture":"#bottom"},"south":{"uv":[13,0,16,11],"texture":"#bottom1","cullface":"south"},"west":{"uv":[12,0,16,11],"texture":"#bottom","cullface":"west"}}},{"from":[0,14,4],"to":[3,16,12],"faces":{"east":{"uv":[12,0,4,2],"texture":"#bottom"},"west":{"uv":[4,0,12,2],"texture":"#bottom","cullface":"west"},"down":{"uv":[11,8,12,0],"texture":"#bottom1"}}},{"from":[0.6,6,4],"to":[2.4,14,12],"faces":{"east":{"uv":[12,2,4,10],"texture":"#bottom2"},"west":{"uv":[4,2,12,10],"texture":"#bottom2","cullface":"west"}}},{"from":[-0.4,4.01,0.01],"to":[3.4,5.99,12.99],"faces":{"north":{"uv":[0,10,1,12],"texture":"#bottom"},"east":{"uv":[13,10,0,12],"texture":"#bottom"},"south":{"uv":[12,10,13,12],"texture":"#bottom"},"west":{"uv":[0,10,13,12],"texture":"#bottom","cullface":"west"},"up":{"uv":[0,10,13,11],"rotation":90,"texture":"#bottom"},"down":{"uv":[13,11,0,12],"rotation":90,"texture":"#bottom"}}},{"from":[-0.4,3.01,9.01],"to":[3.4,4.01,10.99],"faces":{"north":{"uv":[9,12,10,13],"texture":"#bottom"},"east":{"uv":[11,12,9,13],"texture":"#bottom"},"south":{"uv":[10,12,11,13],"texture":"#bottom"},"west":{"uv":[9,12,11,13],"texture":"#bottom","cullface":"west"},"down":{"uv":[11,12,9,13],"rotation":90,"texture":"#bottom"}}},{"from":[-0.4,5.99,9.01],"to":[3.4,6.99,10.99],"faces":{"north":{"uv":[9,9,10,10],"texture":"#bottom"},"east":{"uv":[11,9,9,10],"texture":"#bottom"},"south":{"uv":[10,9,11,10],"texture":"#bottom"},"west":{"uv":[9,9,11,10],"texture":"#bottom","cullface":"west"},"up":{"uv":[9,9,11,10],"rotation":90,"texture":"#bottom"}}},{"from":[-0.99,15.01,11.01],"to":[3.99,16,12.99],"faces":{"north":{"uv":[11,0,12,1],"texture":"#bottom"},"east":{"uv":[13,0,11,1],"texture":"#bottom"},"south":{"uv":[12,0,13,1],"texture":"#bottom"},"west":{"uv":[11,0,13,1],"texture":"#bottom","cullface":"west"},"down":{"uv":[13,0,11,1],"rotation":90,"texture":"#bottom"}}},{"from":[-0.99,13.01,12.99],"to":[3.99,15.01,13.97],"faces":{"north":{"uv":[13,1,14,3],"texture":"#bottom"},"east":{"uv":[13,1,14,3],"texture":"#bottom"},"south":{"uv":[13,1,14,3],"texture":"#bottom"},"west":{"uv":[13,1,14,3],"texture":"#bottom","cullface":"west"},"up":{"uv":[13,1,14,2],"texture":"#bottom"}}},{"from":[-0.99,13.01,9.99],"to":[0,15.01,10.97],"faces":{"north":{"uv":[10,1,11,3],"texture":"#bottom","cullface":"west"},"east":{"uv":[10,1,11,3],"texture":"#bottom","cullface":"west"},"south":{"uv":[10,1,11,3],"texture":"#bottom","cullface":"west"},"west":{"uv":[10,1,11,3],"texture":"#bottom","cullface":"west"},"up":{"uv":[10,1,11,2],"texture":"#bottom","cullface":"west"}}},{"from":[-0.99,12.01,9.99],"to":[0,13.01,13.97],"faces":{"north":{"uv":[10,3,11,4],"texture":"#bottom","cullface":"west"},"east":{"uv":[14,3,10,4],"texture":"#bottom","cullface":"west"},"south":{"uv":[13,3,14,4],"texture":"#bottom","cullface":"west"},"west":{"uv":[10,3,14,4],"texture":"#bottom","cullface":"west"},"up":{"uv":[10,3,14,4],"rotation":90,"texture":"#bottom","cullface":"west"},"down":{"uv":[14,3,10,4],"rotation":90,"texture":"#bottom","cullface":"west"}}},{"from":[3,13.01,9.99],"to":[3.99,15.01,10.97],"faces":{"north":{"uv":[10,1,11,3],"texture":"#bottom"},"east":{"uv":[10,1,11,3],"texture":"#bottom"},"south":{"uv":[10,1,11,3],"texture":"#bottom"},"west":{"uv":[10,1,11,3],"texture":"#bottom"},"up":{"uv":[10,1,11,2],"texture":"#bottom"}}},{"from":[3,12.01,9.99],"to":[3.99,13.01,13.97],"faces":{"north":{"uv":[10,3,11,4],"texture":"#bottom"},"east":{"uv":[14,3,10,4],"texture":"#bottom"},"south":{"uv":[13,3,14,4],"texture":"#bottom"},"west":{"uv":[10,3,14,4],"texture":"#bottom"},"up":{"uv":[10,3,14,4],"rotation":90,"texture":"#bottom"},"down":{"uv":[14,3,10,4],"rotation":90,"texture":"#bottom"}}}]}