{"__comment":"Designed by GeForceLegend","ambientocclusion":false,"textures":{"texture":"block/pale_oak_trapdoor1","particle":"block/pale_oak_trapdoor"},"elements":[{"from":[3,0,13],"to":[13,3,16],"faces":{"north":{"uv":[13,0,3,3],"rotation":180,"texture":"#particle"},"south":{"uv":[13,3,3,0],"texture":"#particle","cullface":"south"},"up":{"uv":[3,3,13,2],"rotation":180,"texture":"#particle"},"down":{"uv":[13,3,3,0],"texture":"#texture","cullface":"down"}}},{"from":[0,0,13],"to":[3,16,16],"faces":{"north":{"uv":[16,0,13,16],"rotation":180,"texture":"#particle"},"east":{"uv":[14,14,13,2],"rotation":270,"texture":"#particle"},"south":{"uv":[16,16,13,0],"texture":"#particle","cullface":"south"},"west":{"uv":[0,6,16,3],"rotation":90,"texture":"#texture","cullface":"west"},"up":{"uv":[13,16,16,13],"rotation":180,"texture":"#texture","cullface":"up"},"down":{"uv":[16,3,13,0],"texture":"#texture","cullface":"down"}}},{"from":[3,13,13],"to":[13,16,16],"faces":{"north":{"uv":[13,13,3,16],"rotation":180,"texture":"#particle"},"south":{"uv":[13,16,3,13],"texture":"#particle","cullface":"south"},"up":{"uv":[3,16,13,13],"rotation":180,"texture":"#texture","cullface":"up"},"down":{"uv":[13,10,3,9],"texture":"#texture"}}},{"from":[3,3,14],"to":[13,13,15],"faces":{"north":{"uv":[13,3,3,13],"rotation":180,"texture":"#particle"},"south":{"uv":[13,13,3,3],"texture":"#particle","cullface":"south"}}},{"from":[13,0,13],"to":[16,16,16],"faces":{"north":{"uv":[3,0,0,16],"rotation":180,"texture":"#particle"},"east":{"uv":[16,13,0,10],"rotation":270,"texture":"#texture","cullface":"east"},"south":{"uv":[3,16,0,0],"texture":"#particle","cullface":"south"},"west":{"uv":[3,0,2,16],"rotation":180,"texture":"#particle"},"up":{"uv":[0,16,3,13],"rotation":180,"texture":"#texture","cullface":"up"},"down":{"uv":[3,3,0,0],"texture":"#texture","cullface":"down"}}},{"from":[6.01,14.01,12.01],"to":[9.99,14.99,16.99],"faces":{"north":{"uv":[10,15,6,14],"rotation":180,"texture":"#particle"},"east":{"uv":[10,15,9,14],"rotation":270,"texture":"#particle"},"south":{"uv":[10,15,6,14],"texture":"#particle","cullface":"south"},"west":{"uv":[7,15,6,14],"rotation":90,"texture":"#particle"},"up":{"uv":[6,15,10,14],"rotation":180,"texture":"#particle"},"down":{"uv":[10,15,6,14],"texture":"#particle"}}},{"from":[7.01,13.03,12.01],"to":[8.99,14.01,16.99],"faces":{"north":{"uv":[7,14,9,13],"rotation":180,"texture":"#particle"},"east":{"uv":[9,14,8,13],"rotation":270,"texture":"#particle"},"south":{"uv":[7,14,9,13],"texture":"#particle","cullface":"south"},"west":{"uv":[8,14,7,13],"rotation":90,"texture":"#particle"},"down":{"uv":[7,14,9,13],"texture":"#particle"}}}]}