{"__comment":"Designed by GeForceLegend","ambientocclusion":false,"textures":{"bottom1":"block/pale_oak_door_bottom1","particle":"block/pale_oak_door_bottom","bottom":"block/pale_oak_door_bottom","bottom2":"block/pale_oak_door_bottom2"},"elements":[{"from":[0,0,0],"to":[3,5,16],"faces":{"north":{"uv":[16,11,13,16],"texture":"#bottom1","cullface":"north"},"east":{"uv":[0,11,16,16],"texture":"#bottom"},"south":{"uv":[3,11,0,16],"texture":"#bottom1","cullface":"south"},"west":{"uv":[16,11,0,16],"texture":"#bottom","cullface":"west"},"down":{"uv":[7,0,10,16],"texture":"#bottom1","cullface":"down"}}},{"from":[0,5,12],"to":[3,16,16],"faces":{"north":{"uv":[4,0,3,11],"texture":"#bottom"},"east":{"uv":[0,0,4,11],"texture":"#bottom"},"south":{"uv":[3,0,0,11],"texture":"#bottom1","cullface":"south"},"west":{"uv":[4,0,0,11],"texture":"#bottom","cullface":"west"}}},{"from":[0,5,0],"to":[3,16,4],"faces":{"north":{"uv":[16,0,13,11],"texture":"#bottom1","cullface":"north"},"east":{"uv":[12,0,16,11],"texture":"#bottom"},"south":{"uv":[13,0,12,11],"texture":"#bottom1"},"west":{"uv":[16,0,12,11],"texture":"#bottom","cullface":"west"}}},{"from":[0,14,4],"to":[3,16,12],"faces":{"east":{"uv":[4,0,12,2],"texture":"#bottom"},"west":{"uv":[12,0,4,2],"texture":"#bottom","cullface":"west"},"down":{"uv":[11,0,12,8],"texture":"#bottom1"}}},{"from":[0.6,6,4],"to":[2.4,14,12],"faces":{"east":{"uv":[4,2,12,10],"texture":"#bottom2"},"west":{"uv":[12,2,4,10],"texture":"#bottom2","cullface":"west"}}},{"from":[-0.4,4.01,3.01],"to":[3.4,5.99,15.99],"faces":{"north":{"uv":[13,10,12,12],"texture":"#bottom"},"east":{"uv":[0,10,13,12],"texture":"#bottom"},"south":{"uv":[1,10,0,12],"texture":"#bottom"},"west":{"uv":[13,10,0,12],"texture":"#bottom","cullface":"west"},"up":{"uv":[13,10,0,11],"rotation":90,"texture":"#bottom"},"down":{"uv":[0,11,13,12],"rotation":90,"texture":"#bottom"}}},{"from":[-0.4,3.01,5.01],"to":[3.4,4.01,6.99],"faces":{"north":{"uv":[11,12,10,13],"texture":"#bottom"},"east":{"uv":[9,12,11,13],"texture":"#bottom"},"south":{"uv":[10,12,9,13],"texture":"#bottom"},"west":{"uv":[11,12,9,13],"texture":"#bottom","cullface":"west"},"down":{"uv":[9,12,11,13],"rotation":90,"texture":"#bottom"}}},{"from":[-0.4,5.99,5.01],"to":[3.4,6.99,6.99],"faces":{"north":{"uv":[11,9,10,10],"texture":"#bottom"},"east":{"uv":[9,9,11,10],"texture":"#bottom"},"south":{"uv":[10,9,9,10],"texture":"#bottom"},"west":{"uv":[11,9,9,10],"texture":"#bottom","cullface":"west"},"up":{"uv":[11,9,9,10],"rotation":90,"texture":"#bottom"}}},{"from":[-0.99,15.01,3.01],"to":[3.99,16,4.99],"faces":{"north":{"uv":[13,0,12,1],"texture":"#bottom"},"east":{"uv":[11,0,13,1],"texture":"#bottom"},"south":{"uv":[12,0,11,1],"texture":"#bottom"},"west":{"uv":[13,0,11,1],"texture":"#bottom","cullface":"west"},"down":{"uv":[11,0,13,1],"rotation":90,"texture":"#bottom"}}},{"from":[-0.99,13.01,2.03],"to":[3.99,15.01,3.01],"faces":{"north":{"uv":[14,1,13,3],"texture":"#bottom"},"east":{"uv":[14,1,13,3],"texture":"#bottom"},"south":{"uv":[14,1,13,3],"texture":"#bottom"},"west":{"uv":[14,1,13,3],"texture":"#bottom","cullface":"west"},"up":{"uv":[13,2,14,1],"texture":"#bottom"}}},{"from":[-0.99,13.01,5.03],"to":[0,15.01,6.01],"faces":{"north":{"uv":[11,1,10,3],"texture":"#bottom","cullface":"west"},"east":{"uv":[11,1,10,3],"texture":"#bottom","cullface":"west"},"south":{"uv":[11,1,10,3],"texture":"#bottom","cullface":"west"},"west":{"uv":[11,1,10,3],"texture":"#bottom","cullface":"west"},"up":{"uv":[10,2,11,1],"texture":"#bottom","cullface":"west"}}},{"from":[-0.99,12.01,2.03],"to":[0,13.01,6.01],"faces":{"north":{"uv":[14,3,13,4],"texture":"#bottom","cullface":"west"},"east":{"uv":[10,3,14,4],"texture":"#bottom","cullface":"west"},"south":{"uv":[11,3,10,4],"texture":"#bottom","cullface":"west"},"west":{"uv":[14,3,10,4],"texture":"#bottom","cullface":"west"},"up":{"uv":[14,3,10,4],"rotation":90,"texture":"#bottom","cullface":"west"},"down":{"uv":[10,3,14,4],"rotation":90,"texture":"#bottom","cullface":"west"}}},{"from":[3,13.01,5.03],"to":[3.99,15.01,6.01],"faces":{"north":{"uv":[11,1,10,3],"texture":"#bottom"},"east":{"uv":[11,1,10,3],"texture":"#bottom"},"south":{"uv":[11,1,10,3],"texture":"#bottom"},"west":{"uv":[11,1,10,3],"texture":"#bottom"},"up":{"uv":[10,2,11,1],"texture":"#bottom"}}},{"from":[3,12.01,2.03],"to":[3.99,13.01,6.01],"faces":{"north":{"uv":[14,3,13,4],"texture":"#bottom"},"east":{"uv":[10,3,14,4],"texture":"#bottom"},"south":{"uv":[11,3,10,4],"texture":"#bottom"},"west":{"uv":[14,3,10,4],"texture":"#bottom"},"up":{"uv":[14,3,10,4],"rotation":90,"texture":"#bottom"},"down":{"uv":[10,3,14,4],"rotation":90,"texture":"#bottom"}}}]}