{"__comment":"Designed by GeForceLegend","ambientocclusion":false,"textures":{"particle":"block/rail","rail":"block/rail","wood":"block/rail_wood"},"elements":[{"from":[2,0,13],"to":[3,2,16],"faces":{"south":{"uv":[2,15,3,16],"texture":"#rail","cullface":"south"},"west":{"uv":[2,16,3,13],"rotation":90,"texture":"#rail"},"up":{"uv":[2,13,3,16],"texture":"#rail"},"down":{"uv":[2,16,3,13],"texture":"#rail","cullface":"down"}}},{"from":[13,0,2],"to":[16,2,3],"faces":{"north":{"uv":[2,3,3,0],"rotation":90,"texture":"#rail"},"east":{"uv":[2,0,3,1],"texture":"#rail","cullface":"east"},"up":{"uv":[2,0,3,3],"rotation":90,"texture":"#rail"},"down":{"uv":[2,3,3,0],"rotation":270,"texture":"#rail","cullface":"down"}}},{"from":[3,0,13.2],"to":[4,2,16],"faces":{"east":{"uv":[3,13,4,16],"rotation":90,"texture":"#rail"},"south":{"uv":[3,15,4,16],"texture":"#rail","cullface":"south"},"up":{"uv":[3,13,4,16],"texture":"#rail"},"down":{"uv":[3,16,4,13],"texture":"#rail","cullface":"down"}}},{"from":[13.2,0,3],"to":[16,2,4],"faces":{"east":{"uv":[3,0,4,1],"texture":"#rail","cullface":"east"},"south":{"uv":[3,0,4,3],"rotation":90,"texture":"#rail"},"up":{"uv":[3,0,4,3],"rotation":90,"texture":"#rail"},"down":{"uv":[3,3,4,0],"rotation":270,"texture":"#rail","cullface":"down"}}},{"from":[2,0,7.5],"to":[3,2,13],"rotation":{"angle":-22.5,"axis":"y","origin":[2,2,13]},"faces":{"west":{"uv":[2,14,3,9],"rotation":90,"texture":"#rail"},"up":{"uv":[2,9,3,14],"texture":"#rail"},"down":{"uv":[2,14,3,9],"texture":"#rail","cullface":"down"}}},{"from":[7.5,0,2],"to":[13,2,3],"rotation":{"angle":22.5,"axis":"y","origin":[13,2,2]},"faces":{"north":{"uv":[2,7,3,2],"rotation":90,"texture":"#rail"},"up":{"uv":[2,2,3,7],"rotation":90,"texture":"#rail"},"down":{"uv":[2,7,3,2],"rotation":270,"texture":"#rail","cullface":"down"}}},{"from":[3,0,7.6989],"to":[4,2,12.8011],"rotation":{"angle":-22.5,"axis":"y","origin":[2,2,13]},"faces":{"east":{"uv":[12,7,13,12],"rotation":90,"texture":"#rail"},"up":{"uv":[12,7,13,12],"texture":"#rail"},"down":{"uv":[12,12,13,7],"texture":"#rail","cullface":"down"}}},{"from":[7.6989,0,3],"to":[12.8011,2,4],"rotation":{"angle":22.5,"axis":"y","origin":[13,2,2]},"faces":{"south":{"uv":[3,2,4,7],"rotation":90,"texture":"#rail"},"up":{"uv":[3,2,4,7],"rotation":90,"texture":"#rail"},"down":{"uv":[3,7,4,2],"rotation":270,"texture":"#rail","cullface":"down"}}},{"from":[4.30316,0,5.60235],"to":[9.69684,2,6.60235],"rotation":{"angle":45,"axis":"y","origin":[7,2,7]},"faces":{"north":{"uv":[2,10,3,6],"rotation":90,"texture":"#rail"},"up":{"uv":[2,6,3,10],"rotation":90,"texture":"#rail"},"down":{"uv":[2,6,3,10],"rotation":90,"texture":"#rail","cullface":"down"}}},{"from":[4.50209,0,6.60234],"to":[9.49791,2,7.60234],"rotation":{"angle":45,"axis":"y","origin":[7,2,7]},"faces":{"south":{"uv":[3,6,4,11],"rotation":90,"texture":"#rail"},"up":{"uv":[3,6,4,11],"rotation":90,"texture":"#rail"},"down":{"uv":[3,6,4,11],"rotation":90,"texture":"#rail","cullface":"down"}}},{"from":[13,0,14.6142],"to":[14,2,16],"faces":{"east":{"uv":[13,14,14,16],"rotation":90,"texture":"#rail"},"south":{"uv":[13,15,14,16],"texture":"#rail","cullface":"south"},"up":{"uv":[13,14,14,16],"texture":"#rail"},"down":{"uv":[13,16,14,14],"texture":"#rail","cullface":"down"}}},{"from":[14.6142,0,13],"to":[16,2,14],"faces":{"east":{"uv":[13,0,14,1],"texture":"#rail","cullface":"east"},"south":{"uv":[13,0,14,2],"rotation":90,"texture":"#rail"},"up":{"uv":[13,0,14,2],"rotation":90,"texture":"#rail"},"down":{"uv":[13,2,14,0],"rotation":270,"texture":"#rail","cullface":"down"}}},{"from":[12,0,14.2],"to":[13,2,16],"faces":{"south":{"uv":[12,15,13,16],"texture":"#rail","cullface":"south"},"west":{"uv":[12,16,13,15],"rotation":90,"texture":"#rail"},"up":{"uv":[12,15,13,16],"texture":"#rail"},"down":{"uv":[12,16,13,15],"texture":"#rail","cullface":"down"}}},{"from":[14.2,0,12],"to":[16,2,13],"faces":{"north":{"uv":[12,1,13,0],"rotation":90,"texture":"#rail"},"east":{"uv":[12,0,13,1],"texture":"#rail","cullface":"east"},"up":{"uv":[12,0,13,1],"rotation":90,"texture":"#rail"},"down":{"uv":[12,1,13,0],"rotation":270,"texture":"#rail","cullface":"down"}}},{"from":[13.14142,0,11.44437],"to":[14.14142,2,14.55563],"rotation":{"angle":-45,"axis":"y","origin":[13,0,13]},"faces":{"west":{"uv":[12,4,13,1],"rotation":90,"texture":"#rail"},"up":{"uv":[12,1,13,4],"texture":"#rail"},"down":{"uv":[12,4,13,1],"texture":"#rail","cullface":"down"}}},{"from":[14.14141,0,11.85859],"to":[15.1414,2,14.14141],"rotation":{"angle":-45,"axis":"y","origin":[13,0,13]},"faces":{"east":{"uv":[13,0,14,1],"rotation":90,"texture":"#rail"},"up":{"uv":[13,0,14,1],"texture":"#rail"},"down":{"uv":[13,1,14,0],"texture":"#rail","cullface":"down"}}},{"from":[1,0.03,10],"to":[15,1.01,12],"rotation":{"angle":-22.5,"axis":"y","origin":[2,0,13]},"faces":{"north":{"uv":[15,13,1,14],"texture":"#wood"},"east":{"uv":[14,13,15,15],"rotation":90,"texture":"#wood"},"south":{"uv":[1,14,15,15],"texture":"#wood"},"west":{"uv":[1,15,2,13],"rotation":90,"texture":"#wood"},"up":{"uv":[1,13,15,15],"texture":"#wood"},"down":{"uv":[1,15,15,13],"texture":"#wood"}}},{"from":[10,0.01,1],"to":[12,1.02,15],"rotation":{"angle":22.5,"axis":"y","origin":[13,0,2]},"faces":{"north":{"uv":[1,3,2,1],"rotation":90,"texture":"#wood"},"east":{"uv":[15,1,1,2],"texture":"#wood"},"south":{"uv":[14,1,15,3],"rotation":90,"texture":"#wood"},"west":{"uv":[1,2,15,3],"texture":"#wood"},"up":{"uv":[1,1,15,3],"rotation":90,"texture":"#wood"},"down":{"uv":[1,1,15,3],"rotation":90,"texture":"#wood"}}},{"from":[5,0.02,5],"to":[19.1,0.99,7],"rotation":{"angle":-45,"axis":"y","origin":[6,0,6]},"faces":{"north":{"uv":[15,9,1,10],"texture":"#wood"},"east":{"uv":[14,9,15,11],"rotation":90,"texture":"#wood"},"south":{"uv":[1,10,15,11],"texture":"#wood"},"west":{"uv":[1,11,2,9],"rotation":90,"texture":"#wood"},"up":{"uv":[1,9,15,11],"texture":"#wood"},"down":{"uv":[1,11,15,9],"texture":"#wood","cullface":"down"}}}]}