{"__comment":"Designed by GeForceLegend","parent":"block/redstone_dust_side","textures":{"line":"block/redstone_dust_line0","particle":"block/redstone_dust_dot"},"elements":[{"from":[7,0,3],"to":[8,1,5],"faces":{"north":{"uv":[7,3,8,4],"texture":"#line","tintindex":0},"east":{"uv":[8,3,7,5],"rotation":90,"texture":"#line","tintindex":0},"south":{"uv":[7,4,8,5],"texture":"#line","tintindex":0},"west":{"uv":[7,3,8,5],"rotation":270,"texture":"#line","tintindex":0},"up":{"uv":[7,3,8,5],"texture":"#line","tintindex":0},"down":{"uv":[7,5,8,3],"texture":"#line","cullface":"down","tintindex":0}}},{"from":[7,0,7],"to":[8,1,8],"faces":{"north":{"uv":[7,7,8,8],"texture":"#line","tintindex":0},"east":{"uv":[8,8,7,7],"texture":"#line","tintindex":0},"south":{"uv":[7,7,8,8],"texture":"#line","tintindex":0},"west":{"uv":[7,7,8,8],"texture":"#line","tintindex":0},"up":{"uv":[7,7,8,8],"texture":"#line","tintindex":0},"down":{"uv":[7,7,8,8],"texture":"#line","cullface":"down","tintindex":0}}},{"from":[8,0,0],"to":[9,1,1],"faces":{"north":{"uv":[8,0,9,1],"texture":"#line","cullface":"north","tintindex":0},"east":{"uv":[9,1,8,0],"texture":"#line","tintindex":0},"south":{"uv":[8,0,9,1],"texture":"#line","tintindex":0},"west":{"uv":[8,0,9,1],"texture":"#line","tintindex":0},"up":{"uv":[8,0,9,1],"texture":"#line","tintindex":0},"down":{"uv":[8,0,9,1],"texture":"#line","cullface":"down","tintindex":0}}},{"from":[8,0,2],"to":[9,1,4],"faces":{"north":{"uv":[8,2,9,3],"texture":"#line","tintindex":0},"east":{"uv":[9,2,8,4],"rotation":90,"texture":"#line","tintindex":0},"south":{"uv":[8,3,9,4],"texture":"#line","tintindex":0},"west":{"uv":[8,2,9,4],"rotation":270,"texture":"#line","tintindex":0},"up":{"uv":[8,2,9,4],"texture":"#line","tintindex":0},"down":{"uv":[8,4,9,2],"texture":"#line","cullface":"down","tintindex":0}}},{"from":[8,0,6],"to":[10,1,7],"faces":{"north":{"uv":[10,6,8,7],"texture":"#line","tintindex":0},"south":{"uv":[8,6,10,7],"texture":"#line","tintindex":0},"west":{"uv":[8,6,9,7],"texture":"#line","tintindex":0},"up":{"uv":[8,6,10,7],"texture":"#line","tintindex":0},"down":{"uv":[8,6,10,7],"texture":"#line","cullface":"down","tintindex":0}}},{"from":[9,0,4],"to":[10,1,7],"faces":{"north":{"uv":[9,4,10,5],"texture":"#line","tintindex":0},"east":{"uv":[9,4,10,7],"rotation":90,"texture":"#line","tintindex":0},"west":{"uv":[9,4,10,6],"rotation":270,"texture":"#line","tintindex":0},"up":{"uv":[9,4,10,7],"texture":"#line","tintindex":0},"down":{"uv":[9,7,10,4],"texture":"#line","cullface":"down","tintindex":0}}}]}