{"__comment":"Designed by GeForceLegend","parent":"block/block","textures":{"down":"block/smithing_table_bottom","up":"block/smithing_table_top","particle":"block/smithing_table_front","north":"block/smithing_table_front","east":"block/smithing_table_side"},"elements":[{"from":[1,1,1],"to":[15,12,15],"faces":{"north":{"uv":[1,4,15,15],"texture":"#north","cullface":"north"},"east":{"uv":[1,4,15,15],"texture":"#east","cullface":"east"},"south":{"uv":[1,4,15,15],"texture":"#north","cullface":"south"},"west":{"uv":[1,4,15,15],"texture":"#east","cullface":"west"}}},{"from":[0,7,3],"to":[1,10,8],"faces":{"north":{"uv":[3,6,4,9],"texture":"#east","cullface":"west"},"south":{"uv":[7,6,8,9],"texture":"#east","cullface":"west"},"west":{"uv":[3,6,8,9],"texture":"#east","cullface":"west"},"up":{"uv":[3,6,8,7],"rotation":90,"texture":"#east","cullface":"west"},"down":{"uv":[3,8,8,9],"rotation":270,"texture":"#east","cullface":"west"}}},{"from":[0,3,5],"to":[1,7,6],"faces":{"north":{"uv":[5,9,6,13],"texture":"#east","cullface":"west"},"south":{"uv":[5,9,6,13],"texture":"#east","cullface":"west"},"west":{"uv":[5,9,6,13],"texture":"#east","cullface":"west"},"down":{"uv":[5,12,6,13],"texture":"#east","cullface":"west"}}},{"from":[0,10,5],"to":[1,11,6],"faces":{"north":{"uv":[5,5,6,6],"texture":"#east","cullface":"west"},"south":{"uv":[5,5,6,6],"texture":"#east","cullface":"west"},"west":{"uv":[5,5,6,6],"texture":"#east","cullface":"west"},"up":{"uv":[5,5,6,6],"texture":"#east","cullface":"west"}}},{"from":[15,7,8],"to":[16,10,13],"faces":{"north":{"uv":[7,6,8,9],"texture":"#east","cullface":"east"},"east":{"uv":[3,6,8,9],"texture":"#east","cullface":"east"},"south":{"uv":[3,6,4,9],"texture":"#east","cullface":"east"},"up":{"uv":[3,6,8,7],"rotation":270,"texture":"#east","cullface":"east"},"down":{"uv":[3,8,8,9],"rotation":90,"texture":"#east","cullface":"east"}}},{"from":[15,3,10],"to":[16,7,11],"faces":{"north":{"uv":[5,9,6,13],"texture":"#east","cullface":"east"},"east":{"uv":[5,9,6,13],"texture":"#east","cullface":"east"},"south":{"uv":[5,9,6,13],"texture":"#east","cullface":"east"},"down":{"uv":[5,12,6,13],"texture":"#east","cullface":"east"}}},{"from":[15,10,10],"to":[16,11,11],"faces":{"north":{"uv":[5,5,6,6],"texture":"#east","cullface":"east"},"east":{"uv":[5,5,6,6],"texture":"#east","cullface":"east"},"south":{"uv":[5,5,6,6],"texture":"#east","cullface":"east"},"up":{"uv":[5,5,6,6],"texture":"#east","cullface":"east"}}},{"from":[12,4,0],"to":[13,10,1],"faces":{"north":{"uv":[3,6,4,12],"texture":"#north","cullface":"north"},"east":{"uv":[3,6,4,12],"texture":"#north","cullface":"north"},"west":{"uv":[3,6,4,12],"texture":"#north","cullface":"north"},"up":{"uv":[3,6,4,7],"texture":"#north","cullface":"north"},"down":{"uv":[3,11,4,12],"texture":"#north","cullface":"north"}}},{"from":[10,4,0],"to":[11,11,1],"faces":{"north":{"uv":[5,5,6,12],"texture":"#north","cullface":"north"},"east":{"uv":[5,5,6,12],"texture":"#north","cullface":"north"},"west":{"uv":[5,5,6,12],"texture":"#north","cullface":"north"},"up":{"uv":[5,5,6,6],"texture":"#north","cullface":"north"},"down":{"uv":[5,11,6,12],"texture":"#north","cullface":"north"}}},{"from":[5,3,0],"to":[6,5,1],"faces":{"north":{"uv":[10,11,11,13],"texture":"#north","cullface":"north"},"east":{"uv":[10,11,11,13],"texture":"#north","cullface":"north"},"west":{"uv":[10,11,11,13],"texture":"#north","cullface":"north"},"up":{"uv":[10,11,11,12],"texture":"#north","cullface":"north"},"down":{"uv":[10,12,11,13],"texture":"#north","cullface":"north"}}},{"from":[6,5,0],"to":[7,7,1],"faces":{"north":{"uv":[10,11,11,13],"texture":"#north","cullface":"north"},"east":{"uv":[10,11,11,13],"texture":"#north","cullface":"north"},"west":{"uv":[10,11,11,13],"texture":"#north","cullface":"north"},"up":{"uv":[10,11,11,12],"texture":"#north","cullface":"north"},"down":{"uv":[10,12,11,13],"texture":"#north","cullface":"north"}}},{"from":[4,5,0],"to":[5,7,1],"faces":{"north":{"uv":[10,11,11,13],"texture":"#north","cullface":"north"},"east":{"uv":[10,11,11,13],"texture":"#north","cullface":"north"},"west":{"uv":[10,11,11,13],"texture":"#north","cullface":"north"},"up":{"uv":[10,11,11,12],"texture":"#north","cullface":"north"},"down":{"uv":[10,12,11,13],"texture":"#north","cullface":"north"}}},{"from":[7,7,0],"to":[8,10,1],"faces":{"north":{"uv":[8,6,9,9],"texture":"#north","cullface":"north"},"east":{"uv":[8,6,9,9],"texture":"#north","cullface":"north"},"west":{"uv":[8,6,9,9],"texture":"#north","cullface":"north"},"down":{"uv":[10,12,11,13],"texture":"#north","cullface":"north"}}},{"from":[3,7,0],"to":[4,10,1],"faces":{"north":{"uv":[12,6,13,9],"texture":"#north","cullface":"north"},"east":{"uv":[12,6,13,9],"texture":"#north","cullface":"north"},"west":{"uv":[12,6,13,9],"texture":"#north","cullface":"north"},"down":{"uv":[10,12,11,13],"texture":"#north","cullface":"north"}}},{"from":[6,9,0],"to":[8,10,1],"faces":{"north":{"uv":[8,6,10,7],"texture":"#north","cullface":"north"},"west":{"uv":[9,6,10,7],"texture":"#north","cullface":"north"},"up":{"uv":[10,6,8,7],"texture":"#north","cullface":"north"},"down":{"uv":[10,6,8,7],"texture":"#north","cullface":"north"}}},{"from":[3,9,0],"to":[5,10,1],"faces":{"north":{"uv":[11,6,13,7],"texture":"#north","cullface":"north"},"east":{"uv":[11,6,12,7],"texture":"#north","cullface":"north"},"up":{"uv":[13,6,11,7],"texture":"#north","cullface":"north"},"down":{"uv":[13,6,11,7],"texture":"#north","cullface":"north"}}},{"from":[3,4,15],"to":[4,10,16],"faces":{"east":{"uv":[3,6,4,12],"texture":"#north","cullface":"south"},"south":{"uv":[3,6,4,12],"texture":"#north","cullface":"south"},"west":{"uv":[3,6,4,12],"texture":"#north","cullface":"south"},"up":{"uv":[3,6,4,7],"texture":"#north","cullface":"south"},"down":{"uv":[3,11,4,12],"texture":"#north","cullface":"south"}}},{"from":[5,4,15],"to":[6,11,16],"faces":{"east":{"uv":[5,5,6,12],"texture":"#north","cullface":"south"},"south":{"uv":[5,5,6,12],"texture":"#north","cullface":"south"},"west":{"uv":[5,5,6,12],"texture":"#north","cullface":"south"},"up":{"uv":[5,5,6,6],"texture":"#north","cullface":"south"},"down":{"uv":[5,11,6,12],"texture":"#north","cullface":"south"}}},{"from":[10,3,15],"to":[11,5,16],"faces":{"east":{"uv":[10,11,11,13],"texture":"#north","cullface":"south"},"south":{"uv":[10,11,11,13],"texture":"#north","cullface":"south"},"west":{"uv":[10,11,11,13],"texture":"#north","cullface":"south"},"up":{"uv":[10,11,11,12],"texture":"#north","cullface":"south"},"down":{"uv":[10,12,11,13],"texture":"#north","cullface":"south"}}},{"from":[8,9,15],"to":[10,10,16],"faces":{"east":{"uv":[9,6,10,7],"texture":"#north","cullface":"south"},"south":{"uv":[8,6,10,7],"texture":"#north","cullface":"south"},"up":{"uv":[8,6,10,7],"texture":"#north","cullface":"south"},"down":{"uv":[8,6,10,7],"texture":"#north","cullface":"south"}}},{"from":[12,7,15],"to":[13,10,16],"faces":{"east":{"uv":[12,6,13,9],"texture":"#north","cullface":"south"},"south":{"uv":[12,6,13,9],"texture":"#north","cullface":"south"},"west":{"uv":[12,6,13,9],"texture":"#north","cullface":"south"},"down":{"uv":[10,12,11,13],"texture":"#north","cullface":"south"}}},{"from":[8,7,15],"to":[9,10,16],"faces":{"east":{"uv":[8,6,9,9],"texture":"#north","cullface":"south"},"south":{"uv":[8,6,9,9],"texture":"#north","cullface":"south"},"west":{"uv":[8,6,9,9],"texture":"#north","cullface":"south"},"down":{"uv":[10,12,11,13],"texture":"#north","cullface":"south"}}},{"from":[11,5,15],"to":[12,7,16],"faces":{"east":{"uv":[10,11,11,13],"texture":"#north","cullface":"south"},"south":{"uv":[10,11,11,13],"texture":"#north","cullface":"south"},"west":{"uv":[10,11,11,13],"texture":"#north","cullface":"south"},"up":{"uv":[10,11,11,12],"texture":"#north","cullface":"south"},"down":{"uv":[10,12,11,13],"texture":"#north","cullface":"south"}}},{"from":[9,5,15],"to":[10,7,16],"faces":{"east":{"uv":[10,11,11,13],"texture":"#north","cullface":"south"},"south":{"uv":[10,11,11,13],"texture":"#north","cullface":"south"},"west":{"uv":[10,11,11,13],"texture":"#north","cullface":"south"},"up":{"uv":[10,11,11,12],"texture":"#north","cullface":"south"},"down":{"uv":[10,12,11,13],"texture":"#north","cullface":"south"}}},{"from":[11,9,15],"to":[13,10,16],"faces":{"south":{"uv":[11,6,13,7],"texture":"#north","cullface":"south"},"west":{"uv":[11,6,12,7],"texture":"#north","cullface":"south"},"up":{"uv":[11,6,13,7],"texture":"#north","cullface":"south"},"down":{"uv":[11,6,13,7],"texture":"#north","cullface":"south"}}},{"from":[0,0,0],"to":[16,1,16],"faces":{"north":{"uv":[0,15,16,16],"texture":"#north","cullface":"north"},"east":{"uv":[0,15,16,16],"texture":"#east","cullface":"east"},"south":{"uv":[0,15,16,16],"texture":"#north","cullface":"south"},"west":{"uv":[0,15,16,16],"texture":"#east","cullface":"west"},"up":{"uv":[2,15,14,16],"texture":"#north"},"down":{"uv":[0,0,16,16],"texture":"#down","cullface":"down"}}},{"from":[0,1,0],"to":[16,12,2],"faces":{"east":{"uv":[14,4,16,15],"texture":"#east","cullface":"east"},"south":{"uv":[1,4,15,15],"texture":"#east"},"west":{"uv":[0,4,2,15],"texture":"#east","cullface":"west"}}},{"from":[0,1,0],"to":[2,12,16],"faces":{"north":{"uv":[14,4,16,15],"texture":"#north","cullface":"north"},"east":{"uv":[1,4,15,15],"texture":"#north"},"south":{"uv":[0,4,2,15],"texture":"#north","cullface":"south"}}},{"from":[0,1,14],"to":[16,12,16],"faces":{"north":{"uv":[1,4,15,15],"texture":"#east"},"east":{"uv":[0,4,2,15],"texture":"#east","cullface":"east"},"west":{"uv":[14,4,16,15],"texture":"#east","cullface":"west"}}},{"from":[14,1,0],"to":[16,12,16],"faces":{"north":{"uv":[0,4,2,15],"texture":"#north","cullface":"north"},"south":{"uv":[14,4,16,15],"texture":"#north","cullface":"south"},"west":{"uv":[1,4,15,15],"texture":"#north"}}},{"from":[0,12,0],"to":[16,16,16],"faces":{"north":{"uv":[0,0,16,4],"texture":"#north","cullface":"north"},"east":{"uv":[0,0,16,4],"texture":"#east","cullface":"east"},"south":{"uv":[0,0,16,4],"texture":"#north","cullface":"south"},"west":{"uv":[0,0,16,4],"texture":"#east","cullface":"west"},"up":{"uv":[0,0,16,16],"texture":"#up","cullface":"up"},"down":{"uv":[0,0,16,16],"texture":"#up"}}}]}