{"__comment":"Designed by GeForceLegend","parent":"block/block","textures":{"particle":"#all"},"elements":[{"from":[0,4,14],"to":[16,12,14],"faces":{"north":{"uv":[8,8,16,12],"texture":"#all"}}},{"from":[0,5,13],"to":[1,11,14],"faces":{"north":{"uv":[15.5,8.5,16,11.5],"texture":"#all"},"east":{"uv":[15.5,8.5,16,11.5],"texture":"#all"}}},{"from":[0,11,13],"to":[16,12,14],"faces":{"north":{"uv":[8,8,16,8.5],"texture":"#all"},"down":{"uv":[16,8,8,8.5],"texture":"#all"}}},{"from":[0,4,13],"to":[16,5,14],"faces":{"north":{"uv":[8,11.5,16,12],"texture":"#all"},"up":{"uv":[16,11.5,8,12],"texture":"#all"}}}]}