{"__comment":"Designed by GeForceLegend","parent":"block/cube_all","elements":[{"from":[0.5,0.5,0.5],"to":[15.5,15.5,15.5],"faces":{"north":{"uv":[0.4706,0.4706,15.5294,15.5294],"texture":"#all","cullface":"north"},"east":{"uv":[0.4706,0.4706,15.5294,15.5294],"texture":"#all","cullface":"east"},"south":{"uv":[0.4706,0.4706,15.5294,15.5294],"texture":"#all","cullface":"south"},"west":{"uv":[0.4706,0.4706,15.5294,15.5294],"texture":"#all","cullface":"west"},"up":{"uv":[0.4706,0.4706,15.5294,15.5294],"texture":"#all","cullface":"up"},"down":{"uv":[0.4706,0.4706,15.5294,15.5294],"texture":"#all","cullface":"down"}}},{"from":[0,4,0],"to":[1,12,1],"faces":{"north":{"uv":[15,4,16,12],"texture":"#all","cullface":"north"},"east":{"uv":[15,4,16,12],"texture":"#all","cullface":"north"},"south":{"uv":[0,4,1,12],"texture":"#all","cullface":"west"},"west":{"uv":[0,4,1,12],"texture":"#all","cullface":"west"}}},{"from":[0,4,15],"to":[1,12,16],"faces":{"north":{"uv":[15,4,16,12],"texture":"#all","cullface":"west"},"east":{"uv":[0,4,1,12],"texture":"#all","cullface":"south"},"south":{"uv":[0,4,1,12],"texture":"#all","cullface":"south"},"west":{"uv":[15,4,16,12],"texture":"#all","cullface":"west"}}},{"from":[15,4,15],"to":[16,12,16],"faces":{"north":{"uv":[0,4,1,12],"texture":"#all","cullface":"east"},"east":{"uv":[0,4,1,12],"texture":"#all","cullface":"east"},"south":{"uv":[15,4,16,12],"texture":"#all","cullface":"south"},"west":{"uv":[15,4,16,12],"texture":"#all","cullface":"south"}}},{"from":[15,4,0],"to":[16,12,1],"faces":{"north":{"uv":[0,4,1,12],"texture":"#all","cullface":"north"},"east":{"uv":[0,4,1,12],"texture":"#all","cullface":"east"},"south":{"uv":[0,4,1,12],"texture":"#all","cullface":"east"},"west":{"uv":[0,4,1,12],"texture":"#all","cullface":"north"}}},{"from":[4,15,0],"to":[12,16,1],"faces":{"north":{"uv":[4,0,12,1],"texture":"#all","cullface":"north"},"south":{"uv":[4,0,12,1],"texture":"#all","cullface":"up"},"up":{"uv":[4,0,12,1],"texture":"#all","cullface":"up"},"down":{"uv":[12,0,4,1],"texture":"#all","cullface":"north"}}},{"from":[4,15,15],"to":[12,16,16],"faces":{"north":{"uv":[12,15,4,16],"texture":"#all","cullface":"up"},"south":{"uv":[4,0,12,1],"texture":"#all","cullface":"south"},"up":{"uv":[4,15,12,16],"texture":"#all","cullface":"up"},"down":{"uv":[4,0,12,1],"texture":"#all","cullface":"south"}}},{"from":[0,15,4],"to":[1,16,12],"faces":{"east":{"uv":[0,4,1,12],"rotation":90,"texture":"#all","cullface":"up"},"west":{"uv":[4,0,12,1],"texture":"#all","cullface":"west"},"up":{"uv":[0,4,1,12],"texture":"#all","cullface":"up"},"down":{"uv":[12,0,4,1],"rotation":90,"texture":"#all","cullface":"west"}}},{"from":[15,15,4],"to":[16,16,12],"faces":{"east":{"uv":[4,0,12,1],"texture":"#all","cullface":"east"},"west":{"uv":[15,12,16,4],"rotation":90,"texture":"#all","cullface":"up"},"up":{"uv":[15,4,16,12],"texture":"#all","cullface":"up"},"down":{"uv":[4,0,12,1],"rotation":90,"texture":"#all","cullface":"east"}}},{"from":[4,0,0],"to":[12,1,1],"faces":{"north":{"uv":[4,15,12,16],"texture":"#all","cullface":"north"},"south":{"uv":[4,15,12,16],"texture":"#all","cullface":"down"},"up":{"uv":[12,15,4,16],"texture":"#all","cullface":"north"},"down":{"uv":[4,15,12,16],"texture":"#all","cullface":"down"}}},{"from":[4,0,15],"to":[12,1,16],"faces":{"north":{"uv":[12,0,4,1],"texture":"#all","cullface":"down"},"south":{"uv":[4,15,12,16],"texture":"#all","cullface":"south"},"up":{"uv":[4,15,12,16],"texture":"#all","cullface":"south"},"down":{"uv":[4,0,12,1],"texture":"#all","cullface":"down"}}},{"from":[0,0,4],"to":[1,1,12],"faces":{"east":{"uv":[0,12,1,4],"rotation":90,"texture":"#all","cullface":"down"},"west":{"uv":[4,15,12,16],"texture":"#all","cullface":"west"},"up":{"uv":[4,15,12,16],"rotation":90,"texture":"#all","cullface":"west"},"down":{"uv":[0,4,1,12],"texture":"#all","cullface":"down"}}},{"from":[15,0,4],"to":[16,1,12],"faces":{"east":{"uv":[4,15,12,16],"texture":"#all","cullface":"east"},"west":{"uv":[15,4,16,12],"rotation":90,"texture":"#all","cullface":"down"},"up":{"uv":[12,15,4,16],"rotation":90,"texture":"#all","cullface":"east"},"down":{"uv":[15,4,16,12],"texture":"#all","cullface":"down"}}},{"from":[0,0,0],"to":[1,4,4],"faces":{"south":{"uv":[3,12,4,16],"texture":"#all","cullface":"west"},"west":{"uv":[0,12,4,16],"texture":"#all","cullface":"west"},"up":{"uv":[0,12,4,13],"rotation":90,"texture":"#all","cullface":"west"}}},{"from":[0,0,12],"to":[1,4,16],"faces":{"north":{"uv":[12,12,13,16],"texture":"#all","cullface":"west"},"west":{"uv":[12,12,16,16],"texture":"#all","cullface":"west"},"up":{"uv":[12,12,16,13],"rotation":90,"texture":"#all","cullface":"west"}}},{"from":[0,12,12],"to":[1,16,16],"faces":{"north":{"uv":[12,0,13,4],"texture":"#all","cullface":"west"},"west":{"uv":[12,0,16,4],"texture":"#all","cullface":"west"},"down":{"uv":[16,3,12,4],"rotation":90,"texture":"#all","cullface":"west"}}},{"from":[0,12,0],"to":[1,16,4],"faces":{"south":{"uv":[3,0,4,4],"texture":"#all","cullface":"west"},"west":{"uv":[0,0,4,4],"texture":"#all","cullface":"west"},"down":{"uv":[4,3,0,4],"rotation":90,"texture":"#all","cullface":"west"}}},{"from":[0,7,1],"to":[1,9,7],"faces":{"south":{"uv":[6,7,7,9],"texture":"#all","cullface":"west"},"west":{"uv":[1,7,7,9],"texture":"#all","cullface":"west"},"up":{"uv":[1,7,7,8],"rotation":90,"texture":"#all","cullface":"west"},"down":{"uv":[7,8,1,9],"rotation":90,"texture":"#all","cullface":"west"}}},{"from":[0,7,9],"to":[1,9,15],"faces":{"north":{"uv":[9,7,10,9],"texture":"#all","cullface":"west"},"west":{"uv":[9,7,15,9],"texture":"#all","cullface":"west"},"up":{"uv":[9,7,15,8],"rotation":90,"texture":"#all","cullface":"west"},"down":{"uv":[15,8,9,9],"rotation":90,"texture":"#all","cullface":"west"}}},{"from":[0,1,7],"to":[1,7,9],"faces":{"north":{"uv":[7,9,8,15],"texture":"#all","cullface":"west"},"south":{"uv":[8,9,9,15],"texture":"#all","cullface":"west"},"west":{"uv":[7,9,9,15],"texture":"#all","cullface":"west"},"up":{"uv":[7,9,9,10],"rotation":90,"texture":"#all","cullface":"west"}}},{"from":[0,9,7],"to":[1,15,9],"faces":{"north":{"uv":[7,1,8,7],"texture":"#all","cullface":"west"},"south":{"uv":[8,1,9,7],"texture":"#all","cullface":"west"},"west":{"uv":[7,1,9,7],"texture":"#all","cullface":"west"},"down":{"uv":[9,6,7,7],"rotation":90,"texture":"#all","cullface":"west"}}},{"from":[12,0,0],"to":[16,4,1],"faces":{"north":{"uv":[0,12,4,16],"texture":"#all","cullface":"north"},"west":{"uv":[3,12,4,16],"texture":"#all","cullface":"north"},"up":{"uv":[4,12,0,13],"texture":"#all","cullface":"north"}}},{"from":[0,0,0],"to":[4,4,1],"faces":{"north":{"uv":[12,12,16,16],"texture":"#all","cullface":"north"},"east":{"uv":[12,12,13,16],"texture":"#all","cullface":"north"},"up":{"uv":[16,12,12,13],"texture":"#all","cullface":"north"}}},{"from":[0,12,0],"to":[4,16,1],"faces":{"north":{"uv":[12,0,16,4],"texture":"#all","cullface":"north"},"east":{"uv":[12,0,13,4],"texture":"#all","cullface":"north"},"down":{"uv":[16,3,12,4],"texture":"#all","cullface":"north"}}},{"from":[12,12,0],"to":[16,16,1],"faces":{"north":{"uv":[0,0,4,4],"texture":"#all","cullface":"north"},"west":{"uv":[3,0,4,4],"texture":"#all","cullface":"north"},"down":{"uv":[4,3,0,4],"texture":"#all","cullface":"north"}}},{"from":[9,7,0],"to":[15,9,1],"faces":{"north":{"uv":[1,7,7,9],"texture":"#all","cullface":"north"},"west":{"uv":[6,7,7,9],"texture":"#all","cullface":"north"},"up":{"uv":[7,7,1,8],"texture":"#all","cullface":"north"},"down":{"uv":[7,8,1,9],"texture":"#all","cullface":"north"}}},{"from":[1,7,0],"to":[7,9,1],"faces":{"north":{"uv":[9,7,15,9],"texture":"#all","cullface":"north"},"east":{"uv":[9,7,10,9],"texture":"#all","cullface":"north"},"up":{"uv":[15,7,9,8],"texture":"#all","cullface":"north"},"down":{"uv":[15,8,9,9],"texture":"#all","cullface":"north"}}},{"from":[7,1,0],"to":[9,7,1],"faces":{"north":{"uv":[7,9,9,15],"texture":"#all","cullface":"north"},"east":{"uv":[7,9,8,15],"texture":"#all","cullface":"north"},"west":{"uv":[8,9,9,15],"texture":"#all","cullface":"north"},"up":{"uv":[9,9,7,10],"texture":"#all","cullface":"north"}}},{"from":[7,9,0],"to":[9,15,1],"faces":{"north":{"uv":[7,1,9,7],"texture":"#all","cullface":"north"},"east":{"uv":[7,1,8,7],"texture":"#all","cullface":"north"},"west":{"uv":[8,1,9,7],"texture":"#all","cullface":"north"},"down":{"uv":[9,6,7,7],"texture":"#all","cullface":"north"}}},{"from":[7,9,15],"to":[9,15,16],"faces":{"east":{"uv":[9,1,8,7],"texture":"#all","cullface":"south"},"south":{"uv":[7,1,9,7],"texture":"#all","cullface":"south"},"west":{"uv":[7,1,8,7],"texture":"#all","cullface":"south"},"down":{"uv":[7,6,9,7],"texture":"#all","cullface":"south"}}},{"from":[0,0,15],"to":[4,4,16],"faces":{"east":{"uv":[4,12,3,16],"texture":"#all","cullface":"south"},"south":{"uv":[0,12,4,16],"texture":"#all","cullface":"south"},"up":{"uv":[0,12,4,13],"texture":"#all","cullface":"south"}}},{"from":[0,12,15],"to":[4,16,16],"faces":{"east":{"uv":[4,0,3,4],"texture":"#all","cullface":"south"},"south":{"uv":[0,0,4,4],"texture":"#all","cullface":"south"},"down":{"uv":[0,3,4,4],"texture":"#all","cullface":"south"}}},{"from":[12,12,15],"to":[16,16,16],"faces":{"south":{"uv":[12,0,16,4],"texture":"#all","cullface":"south"},"west":{"uv":[12,0,13,4],"texture":"#all","cullface":"south"},"down":{"uv":[12,3,16,4],"texture":"#all","cullface":"south"}}},{"from":[9,7,15],"to":[15,9,16],"faces":{"south":{"uv":[9,7,15,9],"texture":"#all","cullface":"south"},"west":{"uv":[9,7,10,9],"texture":"#all","cullface":"south"},"up":{"uv":[9,7,15,8],"texture":"#all","cullface":"south"},"down":{"uv":[9,8,15,9],"texture":"#all","cullface":"south"}}},{"from":[1,7,15],"to":[7,9,16],"faces":{"east":{"uv":[7,7,6,9],"texture":"#all","cullface":"south"},"south":{"uv":[1,7,7,9],"texture":"#all","cullface":"south"},"up":{"uv":[1,7,7,8],"texture":"#all","cullface":"south"},"down":{"uv":[1,8,7,9],"texture":"#all","cullface":"south"}}},{"from":[7,1,15],"to":[9,7,16],"faces":{"east":{"uv":[8,9,9,15],"texture":"#all","cullface":"south"},"south":{"uv":[7,9,9,15],"texture":"#all","cullface":"south"},"west":{"uv":[7,9,8,15],"texture":"#all","cullface":"south"},"up":{"uv":[7,9,9,10],"texture":"#all","cullface":"south"}}},{"from":[12,0,15],"to":[16,4,16],"faces":{"south":{"uv":[12,12,16,16],"texture":"#all","cullface":"south"},"west":{"uv":[12,12,13,16],"texture":"#all","cullface":"south"},"up":{"uv":[12,12,16,13],"texture":"#all","cullface":"south"}}},{"from":[15,12,0],"to":[16,16,4],"faces":{"east":{"uv":[12,0,16,4],"texture":"#all","cullface":"east"},"south":{"uv":[12,0,13,4],"texture":"#all","cullface":"east"},"down":{"uv":[12,3,16,4],"rotation":90,"texture":"#all","cullface":"east"}}},{"from":[15,12,12],"to":[16,16,16],"faces":{"north":{"uv":[3,0,4,4],"texture":"#all","cullface":"east"},"east":{"uv":[0,0,4,4],"texture":"#all","cullface":"east"},"down":{"uv":[0,3,4,4],"rotation":90,"texture":"#all","cullface":"east"}}},{"from":[15,9,7],"to":[16,15,9],"faces":{"north":{"uv":[8,1,9,7],"texture":"#all","cullface":"east"},"east":{"uv":[7,1,9,7],"texture":"#all","cullface":"east"},"south":{"uv":[7,1,8,7],"texture":"#all","cullface":"east"},"down":{"uv":[7,6,9,7],"rotation":90,"texture":"#all","cullface":"east"}}},{"from":[15,7,9],"to":[16,9,15],"faces":{"north":{"uv":[6,7,7,9],"texture":"#all","cullface":"east"},"east":{"uv":[1,7,7,9],"texture":"#all","cullface":"east"},"up":{"uv":[1,7,7,8],"rotation":270,"texture":"#all","cullface":"east"},"down":{"uv":[1,8,7,9],"rotation":90,"texture":"#all","cullface":"east"}}},{"from":[15,7,1],"to":[16,9,7],"faces":{"east":{"uv":[9,7,15,9],"texture":"#all","cullface":"east"},"south":{"uv":[9,7,10,9],"texture":"#all","cullface":"east"},"up":{"uv":[9,7,15,8],"rotation":270,"texture":"#all","cullface":"east"},"down":{"uv":[9,8,15,9],"rotation":90,"texture":"#all","cullface":"east"}}},{"from":[15,1,7],"to":[16,7,9],"faces":{"north":{"uv":[9,9,8,15],"texture":"#all","cullface":"east"},"east":{"uv":[7,9,9,15],"texture":"#all","cullface":"east"},"south":{"uv":[7,9,8,15],"texture":"#all","cullface":"east"},"up":{"uv":[7,9,9,10],"rotation":270,"texture":"#all","cullface":"east"}}},{"from":[15,0,12],"to":[16,4,16],"faces":{"north":{"uv":[3,12,4,16],"texture":"#all","cullface":"east"},"east":{"uv":[0,12,4,16],"texture":"#all","cullface":"east"},"up":{"uv":[0,12,4,13],"rotation":270,"texture":"#all","cullface":"east"}}},{"from":[15,0,0],"to":[16,4,4],"faces":{"east":{"uv":[12,12,16,16],"texture":"#all","cullface":"east"},"south":{"uv":[12,12,13,16],"texture":"#all","cullface":"east"},"up":{"uv":[12,12,16,13],"rotation":270,"texture":"#all","cullface":"east"}}},{"from":[0,15,12],"to":[4,16,16],"faces":{"north":{"uv":[4,12,0,13],"texture":"#all","cullface":"up"},"east":{"uv":[3,12,4,16],"rotation":90,"texture":"#all","cullface":"up"},"up":{"uv":[0,12,4,16],"texture":"#all","cullface":"up"}}},{"from":[0,15,0],"to":[4,16,4],"faces":{"east":{"uv":[3,0,4,4],"rotation":90,"texture":"#all","cullface":"up"},"south":{"uv":[0,3,4,4],"texture":"#all","cullface":"up"},"up":{"uv":[0,0,4,4],"texture":"#all","cullface":"up"}}},{"from":[12,15,0],"to":[16,16,4],"faces":{"south":{"uv":[12,3,16,4],"texture":"#all","cullface":"up"},"west":{"uv":[12,0,13,4],"rotation":270,"texture":"#all","cullface":"up"},"up":{"uv":[12,0,16,4],"texture":"#all","cullface":"up"}}},{"from":[12,15,12],"to":[16,16,16],"faces":{"north":{"uv":[16,12,12,13],"texture":"#all","cullface":"up"},"west":{"uv":[12,12,13,16],"rotation":270,"texture":"#all","cullface":"up"},"up":{"uv":[12,12,16,16],"texture":"#all","cullface":"up"}}},{"from":[7,15,9],"to":[9,16,15],"faces":{"north":{"uv":[9,9,7,10],"texture":"#all","cullface":"up"},"east":{"uv":[9,9,8,15],"rotation":90,"texture":"#all","cullface":"up"},"west":{"uv":[7,9,8,15],"rotation":270,"texture":"#all","cullface":"up"},"up":{"uv":[7,9,9,15],"texture":"#all","cullface":"up"}}},{"from":[7,15,1],"to":[9,16,7],"faces":{"east":{"uv":[8,1,9,7],"rotation":90,"texture":"#all","cullface":"up"},"south":{"uv":[7,6,9,7],"texture":"#all","cullface":"up"},"west":{"uv":[7,1,8,7],"rotation":270,"texture":"#all","cullface":"up"},"up":{"uv":[7,1,9,7],"texture":"#all","cullface":"up"}}},{"from":[1,15,7],"to":[7,16,9],"faces":{"north":{"uv":[7,7,1,8],"texture":"#all","cullface":"up"},"east":{"uv":[6,7,7,9],"rotation":90,"texture":"#all","cullface":"up"},"south":{"uv":[1,8,7,9],"texture":"#all","cullface":"up"},"up":{"uv":[1,7,7,9],"texture":"#all","cullface":"up"}}},{"from":[9,15,7],"to":[15,16,9],"faces":{"north":{"uv":[15,7,9,8],"texture":"#all","cullface":"up"},"south":{"uv":[9,8,15,9],"texture":"#all","cullface":"up"},"west":{"uv":[9,7,10,9],"rotation":270,"texture":"#all","cullface":"up"},"up":{"uv":[9,7,15,9],"texture":"#all","cullface":"up"}}},{"from":[0,0,12],"to":[4,1,16],"faces":{"north":{"uv":[4,3,0,4],"texture":"#all","cullface":"down"},"east":{"uv":[4,0,3,4],"rotation":270,"texture":"#all","cullface":"down"},"down":{"uv":[0,0,4,4],"texture":"#all","cullface":"down"}}},{"from":[7,0,9],"to":[9,1,15],"faces":{"north":{"uv":[9,6,7,7],"texture":"#all","cullface":"down"},"east":{"uv":[9,1,8,7],"rotation":270,"texture":"#all","cullface":"down"},"west":{"uv":[7,1,8,7],"rotation":90,"texture":"#all","cullface":"down"},"down":{"uv":[7,1,9,7],"texture":"#all","cullface":"down"}}},{"from":[1,0,7],"to":[7,1,9],"faces":{"north":{"uv":[7,8,1,9],"texture":"#all","cullface":"down"},"east":{"uv":[7,7,6,9],"rotation":270,"texture":"#all","cullface":"down"},"south":{"uv":[1,7,7,8],"texture":"#all","cullface":"down"},"down":{"uv":[1,7,7,9],"texture":"#all","cullface":"down"}}},{"from":[9,0,7],"to":[15,1,9],"faces":{"north":{"uv":[15,8,9,9],"texture":"#all","cullface":"down"},"south":{"uv":[9,7,15,8],"texture":"#all","cullface":"down"},"west":{"uv":[9,7,10,9],"rotation":90,"texture":"#all","cullface":"down"},"down":{"uv":[9,7,15,9],"texture":"#all","cullface":"down"}}},{"from":[7,0,1],"to":[9,1,7],"faces":{"east":{"uv":[8,9,9,15],"rotation":270,"texture":"#all","cullface":"down"},"south":{"uv":[7,9,9,10],"texture":"#all","cullface":"down"},"west":{"uv":[7,9,8,15],"rotation":90,"texture":"#all","cullface":"down"},"down":{"uv":[7,9,9,15],"texture":"#all","cullface":"down"}}},{"from":[0,0,0],"to":[4,1,4],"faces":{"east":{"uv":[4,12,3,16],"rotation":270,"texture":"#all","cullface":"down"},"south":{"uv":[0,12,4,13],"texture":"#all","cullface":"down"},"down":{"uv":[0,12,4,16],"texture":"#all","cullface":"down"}}},{"from":[12,0,0],"to":[16,1,4],"faces":{"south":{"uv":[12,12,16,13],"texture":"#all","cullface":"down"},"west":{"uv":[12,12,13,16],"rotation":90,"texture":"#all","cullface":"down"},"down":{"uv":[12,12,16,16],"texture":"#all","cullface":"down"}}},{"from":[12,0,12],"to":[16,1,16],"faces":{"north":{"uv":[16,3,12,4],"texture":"#all","cullface":"down"},"west":{"uv":[12,0,13,4],"rotation":90,"texture":"#all","cullface":"down"},"down":{"uv":[12,0,16,4],"texture":"#all","cullface":"down"}}}]}