{"__comment":"Designed by GeForceLegend","ambientocclusion":false,"textures":{"particle":"#torch"},"elements":[{"from":[7,0,7],"to":[9,10,9],"shade":false,"faces":{"north":{"uv":[7,6,9,16],"texture":"#torch"},"east":{"uv":[7,6,9,16],"texture":"#torch"},"south":{"uv":[7,6,9,16],"texture":"#torch"},"west":{"uv":[7,6,9,16],"texture":"#torch"},"up":{"uv":[7,6,9,8],"texture":"#torch"},"down":{"uv":[7,13,9,15],"texture":"#torch","cullface":"down"}}},{"from":[6.5,10.5,6.5],"to":[9.5,7.5,9.5],"shade":false,"faces":{"north":{"uv":[6,5,7,6],"texture":"#torch"},"east":{"uv":[6,5,7,6],"texture":"#torch"},"south":{"uv":[6,5,7,6],"texture":"#torch"},"west":{"uv":[6,5,7,6],"texture":"#torch"},"up":{"uv":[6,5,7,6],"texture":"#torch"},"down":{"uv":[6,5,7,6],"texture":"#torch"}}}]}