{"__comment":"Designed by GeForceLegend","parent":"block/block","textures":{"particle":"#all"},"elements":[{"from":[0,4,14],"to":[16,12,14],"faces":{"north":{"uv":[0,2,8,6],"texture":"#all"}}},{"from":[0,5,13],"to":[1,11,14],"faces":{"north":{"uv":[7.5,2.5,8,5.5],"texture":"#all"},"east":{"uv":[7.5,2.5,8,5.5],"texture":"#all"}}},{"from":[15,5,13],"to":[16,11,14],"faces":{"north":{"uv":[0,2.5,0.5,5.5],"texture":"#all"},"west":{"uv":[0,2.5,0.5,5.5],"texture":"#all"}}},{"from":[10,5,13],"to":[11,11,14],"faces":{"north":{"uv":[2.5,2.5,3,5.5],"texture":"#all"},"east":{"uv":[2.5,2.5,3,5.5],"texture":"#all"},"west":{"uv":[2.5,2.5,3,5.5],"texture":"#all"}}},{"from":[5,5,13],"to":[6,11,14],"faces":{"north":{"uv":[5,2.5,5.5,5.5],"texture":"#all"},"east":{"uv":[5,2.5,5.5,5.5],"texture":"#all"},"west":{"uv":[5,2.5,5.5,5.5],"texture":"#all"}}},{"from":[0,11,13],"to":[16,12,14],"faces":{"north":{"uv":[0,2,8,2.5],"texture":"#all"},"down":{"uv":[8,2,0,2.5],"texture":"#all"}}},{"from":[0,4,13],"to":[16,5,14],"faces":{"north":{"uv":[0,5.5,8,6],"texture":"#all"},"up":{"uv":[8,5.5,0,6],"texture":"#all"}}}]}