{"__comment":"Designed by GeForceLegend","ambientocclusion":false,"textures":{"hook":"block/tripwire_hook","wood":"block/oak_planks","particle":"block/oak_planks","tripwire":"block/tripwire"},"elements":[{"from":[7.75,1.5,4],"to":[8.25,1.5,7.9],"shade":false,"faces":{"up":{"uv":[0,4,16,6],"rotation":90,"texture":"#tripwire"},"down":{"uv":[0,6,16,4],"rotation":90,"texture":"#tripwire"}}},{"from":[7.75,1.5,0],"to":[8.25,1.5,4],"shade":false,"faces":{"up":{"uv":[0,4,16,6],"rotation":90,"texture":"#tripwire"},"down":{"uv":[0,6,16,4],"rotation":90,"texture":"#tripwire"}}},{"from":[6.2,2.2,7.4],"to":[9.8,3,11],"rotation":{"angle":-22.5,"axis":"x","origin":[8,3.1,9.6]},"faces":{"north":{"uv":[5,3,11,4],"texture":"#hook"},"east":{"uv":[5,3,11,4],"texture":"#hook"},"south":{"uv":[5,8,11,9],"texture":"#hook"},"west":{"uv":[5,8,11,9],"texture":"#hook"},"up":{"uv":[5,3,11,9],"texture":"#hook"},"down":{"uv":[5,3,11,9],"texture":"#hook"}}},{"from":[7.4,2.2,9.8],"to":[8.6,3,8.6],"rotation":{"angle":-22.5,"axis":"x","origin":[8,3.1,9.6]},"faces":{"north":{"uv":[7,8,9,9],"texture":"#hook"},"east":{"uv":[7,3,9,4],"texture":"#hook"},"south":{"uv":[7,3,9,4],"texture":"#hook"},"west":{"uv":[7,8,9,9],"texture":"#hook"}}},{"from":[7.3,5.2,10],"to":[8.7,6.8,14],"rotation":{"angle":-45,"axis":"x","origin":[8,6,14]},"faces":{"north":{"uv":[7,9,9,11],"texture":"#wood"},"east":{"uv":[9,9,14,11],"texture":"#wood"},"south":{"uv":[7,9,9,11],"texture":"#wood"},"west":{"uv":[2,9,7,11],"texture":"#wood"},"up":{"uv":[7,2,9,7],"texture":"#wood"},"down":{"uv":[7,9,9,14],"texture":"#wood"}}},{"from":[6,1,14],"to":[10,9,16],"faces":{"north":{"uv":[6,7,10,15],"texture":"#wood"},"east":{"uv":[14,7,16,15],"texture":"#wood"},"south":{"uv":[6,7,10,15],"texture":"#wood","cullface":"south"},"west":{"uv":[0,7,2,15],"texture":"#wood"},"up":{"uv":[6,0,10,2],"texture":"#wood"},"down":{"uv":[6,14,10,16],"texture":"#wood"}}}]}