{"__comment":"Designed by GeForceLegend","textures":{"base":"block/warped_fungus_base","particle":"block/warped_fungus","cross":"block/warped_fungus"},"elements":[{"from":[7,0,7],"to":[9,5,9],"rotation":{"angle":-45,"axis":"y","origin":[8,8,8]},"faces":{"north":{"uv":[7,11,9,16],"texture":"#cross"},"east":{"uv":[9,11,7,16],"texture":"#cross"},"south":{"uv":[7,11,9,16],"texture":"#cross"},"west":{"uv":[9,11,7,16],"texture":"#cross"},"down":{"uv":[9,14,7,16],"texture":"#cross","cullface":"down"}}},{"from":[4,5,6],"to":[12,9,10],"rotation":{"angle":-45,"axis":"y","origin":[8,8,8]},"faces":{"north":{"uv":[10,10,16,14],"texture":"#base"},"east":{"uv":[10,10,14,14],"texture":"#base"},"south":{"uv":[13,10,10,14],"texture":"#base"},"west":{"uv":[16,10,12,14],"texture":"#base"},"up":{"uv":[0,10,8,14],"texture":"#base"},"down":{"uv":[8,2,16,6],"texture":"#base"}}},{"from":[6,5,4],"to":[10,9,12],"rotation":{"angle":-45,"axis":"y","origin":[8,8,8]},"faces":{"north":{"uv":[16,10,12,14],"texture":"#base"},"east":{"uv":[10,10,16,14],"texture":"#base"},"south":{"uv":[10,10,14,14],"texture":"#base"},"west":{"uv":[13,10,10,14],"texture":"#base"},"up":{"uv":[2,8,6,16],"texture":"#base"},"down":{"uv":[10,0,14,8],"texture":"#base"}}},{"from":[5,4.99,5],"to":[11,9.01,11],"rotation":{"angle":-45,"axis":"y","origin":[8,8,8]},"faces":{"north":{"uv":[9,10,15,14],"texture":"#base"},"east":{"uv":[15,10,9,14],"texture":"#base"},"south":{"uv":[9,10,15,14],"texture":"#base"},"west":{"uv":[15,10,9,14],"texture":"#base"},"up":{"uv":[1,9,7,15],"texture":"#base"},"down":{"uv":[9,1,15,7],"texture":"#base"}}},{"from":[4,7,10],"to":[5,8,11],"rotation":{"angle":-45,"axis":"y","origin":[8,8,8]},"faces":{"south":{"uv":[4,7,5,8],"texture":"#cross"},"west":{"uv":[4,7,5,8],"texture":"#cross"},"up":{"uv":[4,7,5,8],"texture":"#cross"},"down":{"uv":[4,7,5,8],"texture":"#cross"}}},{"from":[11,8,5],"to":[12,9,6],"rotation":{"angle":-45,"axis":"y","origin":[8,8,8]},"faces":{"north":{"uv":[4,7,5,8],"texture":"#cross"},"east":{"uv":[4,7,5,8],"texture":"#cross"},"up":{"uv":[5,8,4,7],"texture":"#cross"},"down":{"uv":[5,8,4,7],"texture":"#cross"}}},{"from":[6,5,12],"to":[8,7,13],"rotation":{"angle":-45,"axis":"y","origin":[8,8,8]},"faces":{"east":{"uv":[7,9,8,11],"texture":"#cross"},"south":{"uv":[6,9,8,11],"texture":"#cross"},"west":{"uv":[6,9,7,11],"texture":"#cross"},"up":{"uv":[6,9,8,10],"texture":"#cross"},"down":{"uv":[6,10,8,11],"texture":"#cross"}}},{"from":[8,6,3],"to":[10,8,4],"rotation":{"angle":-45,"axis":"y","origin":[8,8,8]},"faces":{"north":{"uv":[6,9,8,11],"texture":"#cross"},"east":{"uv":[6,9,7,11],"texture":"#cross"},"west":{"uv":[7,9,8,11],"texture":"#cross"},"up":{"uv":[8,10,6,9],"texture":"#cross"},"down":{"uv":[8,11,6,10],"texture":"#cross"}}},{"from":[10,6,10],"to":[12,8,12],"rotation":{"angle":-45,"axis":"y","origin":[8,8,8]},"faces":{"east":{"uv":[11,7,9,9],"texture":"#cross"},"south":{"uv":[9,7,11,9],"texture":"#cross"},"up":{"uv":[9,9,11,7],"texture":"#cross"},"down":{"uv":[11,9,9,7],"texture":"#cross"}}},{"from":[5,7,4],"to":[6,8,5],"rotation":{"angle":-45,"axis":"y","origin":[8,8,8]},"faces":{"north":{"uv":[9,7,10,8],"texture":"#cross"},"west":{"uv":[9,7,10,8],"texture":"#cross"},"up":{"uv":[9,7,10,8],"texture":"#cross"},"down":{"uv":[9,7,10,8],"texture":"#cross"}}},{"from":[3,6,7],"to":[4,7,8],"rotation":{"angle":-45,"axis":"y","origin":[8,8,8]},"faces":{"north":{"uv":[7,9,8,10],"texture":"#cross"},"south":{"uv":[7,9,8,10],"texture":"#cross"},"west":{"uv":[7,9,8,10],"texture":"#cross"},"up":{"uv":[7,9,8,10],"texture":"#cross"},"down":{"uv":[7,9,8,10],"texture":"#cross"}}},{"from":[12,6,7],"to":[13,7,8],"rotation":{"angle":-45,"axis":"y","origin":[8,8,8]},"faces":{"north":{"uv":[10,7,11,8],"texture":"#cross"},"east":{"uv":[10,7,11,8],"texture":"#cross"},"south":{"uv":[10,7,11,8],"texture":"#cross"},"up":{"uv":[10,7,11,8],"texture":"#cross"},"down":{"uv":[10,7,11,8],"texture":"#cross"}}},{"from":[9,9,9],"to":[10,10,10],"rotation":{"angle":-45,"axis":"y","origin":[8,8,8]},"faces":{"north":{"uv":[4,7,5,8],"texture":"#cross"},"east":{"uv":[4,7,5,8],"texture":"#cross"},"south":{"uv":[4,7,5,8],"texture":"#cross"},"west":{"uv":[4,7,5,8],"texture":"#cross"},"up":{"uv":[4,7,5,8],"texture":"#cross"}}},{"from":[5,9,8],"to":[6,10,9],"rotation":{"angle":-45,"axis":"y","origin":[8,8,8]},"faces":{"north":{"uv":[4,7,5,8],"texture":"#cross"},"east":{"uv":[4,7,5,8],"texture":"#cross"},"south":{"uv":[4,7,5,8],"texture":"#cross"},"west":{"uv":[4,7,5,8],"texture":"#cross"},"up":{"uv":[4,7,5,8],"texture":"#cross"}}},{"from":[7,9,6],"to":[9,10,8],"rotation":{"angle":-45,"axis":"y","origin":[8,8,8]},"faces":{"north":{"uv":[11,7,9,8],"texture":"#cross"},"east":{"uv":[9,7,11,8],"texture":"#cross"},"south":{"uv":[9,8,11,9],"texture":"#cross"},"west":{"uv":[9,8,11,9],"texture":"#cross"},"up":{"uv":[9,7,11,9],"texture":"#cross"}}}]}