{
  "multipart": [
    {
      "apply": {
        "model": "res_fixes:block/tripwire/center"
      },
      "when": {
        "attached": "false"
      }
    },
    {
      "apply": {
        "model": "res_fixes:block/tripwire/side"
      },
      "when": {
        "OR": [
          {
            "attached": "false",
            "east": "false",
            "north": "false",
            "south": "false",
            "west": "false"
          },
          {
            "attached": "false",
            "north": "true"
          }
        ]
      }
    },
    {
      "apply": {
        "model": "res_fixes:block/tripwire/side_alt"
      },
      "when": {
        "OR": [
          {
            "attached": "false",
            "east": "false",
            "north": "false",
            "south": "false",
            "west": "false"
          },
          {
            "attached": "false",
            "south": "true"
          }
        ]
      }
    },
    {
      "apply": {
        "model": "res_fixes:block/tripwire/side",
        "y": -90
      },
      "when": {
        "attached": "false",
        "west": "true"
      }
    },
    {
      "apply": {
        "model": "res_fixes:block/tripwire/side_alt",
        "y": -90
      },
      "when": {
        "attached": "false",
        "east": "true"
      }
    },
    {
      "apply": {
        "model": "res_fixes:block/tripwire/noside"
      },
      "when": {
        "attached": "false",
        "east": "false",
        "north": "false",
        "south": "true",
        "west": "false"
      }
    },
    {
      "apply": {
        "model": "res_fixes:block/tripwire/noside_alt"
      },
      "when": {
        "attached": "false",
        "east": "false",
        "north": "true",
        "south": "false",
        "west": "false"
      }
    },
    {
      "apply": {
        "model": "res_fixes:block/tripwire/noside",
        "y": -90
      },
      "when": {
        "attached": "false",
        "east": "true",
        "north": "false",
        "south": "false",
        "west": "false"
      }
    },
    {
      "apply": {
        "model": "res_fixes:block/tripwire/noside_alt",
        "y": -90
      },
      "when": {
        "attached": "false",
        "east": "false",
        "north": "false",
        "south": "false",
        "west": "true"
      }
    },
    {
      "apply": {
        "model": "res_fixes:block/tripwire/attached_center"
      },
      "when": {
        "attached": "true"
      }
    },
    {
      "apply": {
        "model": "res_fixes:block/tripwire/attached_side"
      },
      "when": {
        "OR": [
          {
            "attached": "true",
            "east": "false",
            "north": "false",
            "south": "false",
            "west": "false"
          },
          {
            "attached": "true",
            "north": "true"
          }
        ]
      }
    },
    {
      "apply": {
        "model": "res_fixes:block/tripwire/attached_side_alt"
      },
      "when": {
        "OR": [
          {
            "attached": "true",
            "east": "false",
            "north": "false",
            "south": "false",
            "west": "false"
          },
          {
            "attached": "true",
            "south": "true"
          }
        ]
      }
    },
    {
      "apply": {
        "model": "res_fixes:block/tripwire/attached_side",
        "y": -90
      },
      "when": {
        "attached": "true",
        "west": "true"
      }
    },
    {
      "apply": {
        "model": "res_fixes:block/tripwire/attached_side_alt",
        "y": -90
      },
      "when": {
        "attached": "true",
        "east": "true"
      }
    },
    {
      "apply": {
        "model": "res_fixes:block/tripwire/attached_noside"
      },
      "when": {
        "attached": "true",
        "east": "false",
        "north": "false",
        "south": "true",
        "west": "false"
      }
    },
    {
      "apply": {
        "model": "res_fixes:block/tripwire/attached_noside_alt"
      },
      "when": {
        "attached": "true",
        "east": "false",
        "north": "true",
        "south": "false",
        "west": "false"
      }
    },
    {
      "apply": {
        "model": "res_fixes:block/tripwire/attached_noside",
        "y": -90
      },
      "when": {
        "attached": "true",
        "east": "true",
        "north": "false",
        "south": "false",
        "west": "false"
      }
    },
    {
      "apply": {
        "model": "res_fixes:block/tripwire/attached_noside_alt",
        "y": -90
      },
      "when": {
        "attached": "true",
        "east": "false",
        "north": "false",
        "south": "false",
        "west": "true"
      }
    }
  ]
}