{
	
	"credit": "Made with Blockbench",
	"ambientocclusion": false,
	"textures": {
		"particle": "block/rail_corner",
		"rail": "block/rail_corner"
	},
	"elements": [
		{
			"from": [2, 0, 12],
			"to": [4, 2, 16],
			"faces": {
				"north": {"uv": [4, 12, 2, 13], "texture": "#rail"},
				"east": {"uv": [3, 12, 4, 16], "rotation": 90, "texture": "#rail"},
				"south": {"uv": [2, 15, 4, 16], "texture": "#rail", "cullface": "south"},
				"west": {"uv": [2, 12, 3, 16], "rotation": 270, "texture": "#rail"},
				"up": {"uv": [2, 12, 4, 16], "texture": "#rail"},
				"down": {"uv": [2, 16, 4, 12], "texture": "#rail", "cullface": "down"}
			}
		},
		{
			"from": [3, 0, 10],
			"to": [5, 2, 12],
			"faces": {
				"north": {"uv": [5, 10, 3, 11], "texture": "#rail"},
				"east": {"uv": [4, 10, 5, 12], "rotation": 90, "texture": "#rail"},
				"south": {"uv": [3, 11, 5, 12], "texture": "#rail"},
				"west": {"uv": [3, 10, 4, 12], "rotation": 270, "texture": "#rail"},
				"up": {"uv": [3, 10, 5, 12], "texture": "#rail"},
				"down": {"uv": [3, 12, 5, 10], "texture": "#rail", "cullface": "down"}
			}
		},
		{
			"from": [8, 0, 4],
			"to": [10, 2, 6],
			"faces": {
				"north": {"uv": [10, 4, 8, 5], "texture": "#rail"},
				"east": {"uv": [9, 4, 10, 6], "rotation": 90, "texture": "#rail"},
				"south": {"uv": [8, 5, 10, 6], "texture": "#rail"},
				"west": {"uv": [8, 4, 9, 6], "rotation": 270, "texture": "#rail"},
				"up": {"uv": [8, 4, 10, 6], "texture": "#rail"},
				"down": {"uv": [8, 6, 10, 4], "texture": "#rail", "cullface": "down"}
			}
		},
		{
			"from": [10, 0, 3],
			"to": [12, 2, 5],
			"faces": {
				"north": {"uv": [12, 3, 10, 4], "texture": "#rail"},
				"east": {"uv": [11, 3, 12, 5], "rotation": 90, "texture": "#rail"},
				"south": {"uv": [10, 4, 12, 5], "texture": "#rail"},
				"west": {"uv": [10, 3, 11, 5], "rotation": 270, "texture": "#rail"},
				"up": {"uv": [10, 3, 12, 5], "texture": "#rail"},
				"down": {"uv": [10, 5, 12, 3], "texture": "#rail", "cullface": "down"}
			}
		},
		{
			"from": [12, 0, 2],
			"to": [16, 2, 4],
			"faces": {
				"north": {"uv": [16, 2, 12, 3], "texture": "#rail"},
				"east": {"uv": [15, 2, 16, 4], "rotation": 90, "texture": "#rail", "cullface": "east"},
				"south": {"uv": [12, 3, 16, 4], "texture": "#rail"},
				"west": {"uv": [12, 2, 13, 4], "rotation": 270, "texture": "#rail"},
				"up": {"uv": [12, 2, 16, 4], "texture": "#rail"},
				"down": {"uv": [12, 4, 16, 2], "texture": "#rail", "cullface": "down"}
			}
		},
		{
			"from": [4, 0, 8],
			"to": [6, 2, 10],
			"faces": {
				"north": {"uv": [6, 8, 4, 9], "texture": "#rail"},
				"east": {"uv": [5, 8, 6, 10], "rotation": 90, "texture": "#rail"},
				"south": {"uv": [4, 9, 6, 10], "texture": "#rail"},
				"west": {"uv": [4, 8, 5, 10], "rotation": 270, "texture": "#rail"},
				"up": {"uv": [4, 8, 6, 10], "texture": "#rail"},
				"down": {"uv": [4, 10, 6, 8], "texture": "#rail", "cullface": "down"}
			}
		},
		{
			"from": [12, 1, 14],
			"to": [14, 2, 16],
			"rotation": {"angle": 0, "axis": "y", "origin": [-2, 0, 4]},
			"faces": {
				"north": {"uv": [12, 14, 14, 15], "texture": "#rail"},
				"east": {"uv": [14, 14, 13, 16], "rotation": 90, "texture": "#rail"},
				"south": {"uv": [12, 15, 14, 16], "texture": "#rail"},
				"west": {"uv": [13, 14, 12, 16], "rotation": 270, "texture": "#rail"},
				"up": {"uv": [12, 14, 14, 16], "texture": "#rail"}
			}
		},
		{
			"from": [13, 1, 13],
			"to": [14, 2, 14],
			"rotation": {"angle": 0, "axis": "y", "origin": [-1, 0, 3]},
			"faces": {
				"north": {"uv": [13, 13, 14, 14], "texture": "#rail"},
				"east": {"uv": [14, 13, 13, 14], "rotation": 90, "texture": "#rail"},
				"south": {"uv": [13, 13, 14, 14], "texture": "#rail"},
				"west": {"uv": [14, 13, 13, 14], "rotation": 270, "texture": "#rail"},
				"up": {"uv": [13, 13, 14, 14], "texture": "#rail"}
			}
		},
		{
			"from": [6, 1, 6],
			"to": [7, 2, 7],
			"rotation": {"angle": 0, "axis": "y", "origin": [-8, 0, -4]},
			"faces": {
				"north": {"uv": [6, 6, 7, 7], "texture": "#rail"},
				"east": {"uv": [7, 6, 6, 7], "rotation": 90, "texture": "#rail"},
				"south": {"uv": [6, 6, 7, 7], "texture": "#rail"},
				"west": {"uv": [7, 6, 6, 7], "rotation": 270, "texture": "#rail"},
				"up": {"uv": [6, 6, 7, 7], "texture": "#rail"}
			}
		},
		{
			"from": [5, 1, 7],
			"to": [7, 2, 8],
			"rotation": {"angle": 0, "axis": "y", "origin": [-8, 0, -3]},
			"faces": {
				"north": {"uv": [5, 7, 7, 8], "texture": "#rail"},
				"east": {"uv": [7, 7, 6, 8], "rotation": 90, "texture": "#rail"},
				"south": {"uv": [5, 7, 7, 8], "texture": "#rail"},
				"west": {"uv": [6, 7, 5, 8], "rotation": 270, "texture": "#rail"},
				"up": {"uv": [5, 7, 7, 8], "texture": "#rail"}
			}
		},
		{
			"from": [7, 1, 5],
			"to": [8, 2, 7],
			"rotation": {"angle": 0, "axis": "y", "origin": [-7, 0, -4]},
			"faces": {
				"north": {"uv": [7, 5, 8, 6], "texture": "#rail"},
				"east": {"uv": [8, 5, 7, 7], "rotation": 90, "texture": "#rail"},
				"south": {"uv": [7, 6, 8, 7], "texture": "#rail"},
				"west": {"uv": [7, 5, 8, 7], "rotation": 270, "texture": "#rail"},
				"up": {"uv": [7, 5, 8, 7], "texture": "#rail"}
			}
		},
		{
			"from": [14, 1, 12],
			"to": [16, 2, 14],
			"rotation": {"angle": 0, "axis": "y", "origin": [0, 0, 2]},
			"faces": {
				"north": {"uv": [14, 12, 16, 13], "texture": "#rail"},
				"east": {"uv": [16, 12, 15, 14], "rotation": 90, "texture": "#rail"},
				"south": {"uv": [14, 13, 16, 14], "texture": "#rail"},
				"west": {"uv": [15, 12, 14, 14], "rotation": 270, "texture": "#rail"},
				"up": {"uv": [14, 12, 16, 14], "texture": "#rail"}
			}
		},
		{
			"from": [8, 0, 8],
			"to": [10, 1, 10],
			"faces": {
				"north": {"uv": [8, 8, 10, 9], "texture": "#rail"},
				"east": {"uv": [9, 8, 10, 10], "rotation": 90, "texture": "#rail"},
				"south": {"uv": [8, 9, 10, 10], "texture": "#rail"},
				"west": {"uv": [8, 8, 9, 10], "rotation": 270, "texture": "#rail"},
				"up": {"uv": [8, 8, 10, 10], "texture": "#rail"},
				"down": {"uv": [8, 10, 10, 8], "texture": "#rail", "cullface": "down"}
			}
		},
		{
			"from": [10, 0, 10],
			"to": [12, 1, 12],
			"faces": {
				"north": {"uv": [10, 10, 12, 11], "texture": "#rail"},
				"east": {"uv": [11, 10, 12, 12], "rotation": 90, "texture": "#rail"},
				"south": {"uv": [10, 11, 12, 12], "texture": "#rail"},
				"west": {"uv": [10, 10, 11, 12], "rotation": 270, "texture": "#rail"},
				"up": {"uv": [10, 10, 12, 12], "texture": "#rail"},
				"down": {"uv": [10, 12, 12, 10], "texture": "#rail", "cullface": "down"}
			}
		},
		{
			"from": [9, 0, 9],
			"to": [11, 1, 11],
			"faces": {
				"north": {"uv": [9, 9, 11, 10], "texture": "#rail"},
				"east": {"uv": [10, 9, 11, 11], "rotation": 90, "texture": "#rail"},
				"south": {"uv": [9, 10, 11, 11], "texture": "#rail"},
				"west": {"uv": [9, 9, 10, 11], "rotation": 270, "texture": "#rail"},
				"up": {"uv": [9, 9, 11, 11], "texture": "#rail"},
				"down": {"uv": [9, 11, 11, 9], "texture": "#rail", "cullface": "down"}
			}
		},
		{
			"from": [11, 0, 11],
			"to": [13, 1, 13],
			"faces": {
				"north": {"uv": [11, 11, 13, 12], "texture": "#rail"},
				"east": {"uv": [12, 11, 13, 13], "rotation": 90, "texture": "#rail"},
				"south": {"uv": [11, 12, 13, 13], "texture": "#rail"},
				"west": {"uv": [11, 11, 12, 13], "rotation": 270, "texture": "#rail"},
				"up": {"uv": [11, 11, 13, 13], "texture": "#rail"},
				"down": {"uv": [11, 13, 13, 11], "texture": "#rail", "cullface": "down"}
			}
		},
		{
			"from": [12, 0, 12],
			"to": [14, 1, 14],
			"faces": {
				"north": {"uv": [12, 12, 14, 13], "texture": "#rail"},
				"east": {"uv": [13, 12, 14, 14], "rotation": 90, "texture": "#rail"},
				"south": {"uv": [12, 13, 14, 14], "texture": "#rail"},
				"west": {"uv": [12, 12, 13, 14], "rotation": 270, "texture": "#rail"},
				"up": {"uv": [12, 12, 14, 14], "texture": "#rail"},
				"down": {"uv": [12, 14, 14, 12], "texture": "#rail", "cullface": "down"}
			}
		},
		{
			"from": [7, 0, 7],
			"to": [9, 1, 9],
			"faces": {
				"north": {"uv": [7, 7, 9, 8], "texture": "#rail"},
				"east": {"uv": [8, 7, 9, 9], "rotation": 90, "texture": "#rail"},
				"south": {"uv": [7, 8, 9, 9], "texture": "#rail"},
				"west": {"uv": [7, 7, 8, 9], "rotation": 270, "texture": "#rail"},
				"up": {"uv": [7, 7, 9, 9], "texture": "#rail"},
				"down": {"uv": [7, 9, 9, 7], "texture": "#rail", "cullface": "down"}
			}
		},
		{
			"from": [5, 0, 5],
			"to": [8, 1, 8],
			"faces": {
				"north": {"uv": [8, 5, 5, 6], "texture": "#rail"},
				"east": {"uv": [7, 5, 8, 8], "rotation": 90, "texture": "#rail"},
				"south": {"uv": [5, 7, 8, 8], "texture": "#rail"},
				"west": {"uv": [5, 5, 6, 8], "rotation": 270, "texture": "#rail"},
				"up": {"uv": [5, 5, 8, 8], "texture": "#rail"},
				"down": {"uv": [5, 8, 8, 5], "texture": "#rail", "cullface": "down"}
			}
		},
		{
			"from": [1, 0, 11],
			"to": [3, 1, 13],
			"faces": {
				"north": {"uv": [3, 11, 1, 12], "texture": "#rail"},
				"south": {"uv": [1, 12, 3, 13], "texture": "#rail"},
				"west": {"uv": [1, 13, 2, 11], "rotation": 90, "texture": "#rail"},
				"up": {"uv": [1, 11, 3, 13], "texture": "#rail"},
				"down": {"uv": [1, 13, 3, 11], "texture": "#rail", "cullface": "down"}
			}
		},
		{
			"from": [11, 0, 1],
			"to": [13, 1, 3],
			"faces": {
				"north": {"uv": [13, 1, 11, 2], "texture": "#rail"},
				"east": {"uv": [13, 1, 12, 3], "rotation": 90, "texture": "#rail"},
				"west": {"uv": [12, 1, 11, 3], "rotation": 270, "texture": "#rail"},
				"up": {"uv": [11, 1, 13, 3], "texture": "#rail"},
				"down": {"uv": [11, 3, 13, 1], "texture": "#rail", "cullface": "down"}
			}
		},
		{
			"from": [12, 0, 4],
			"to": [14, 1, 7],
			"faces": {
				"east": {"uv": [14, 4, 13, 7], "rotation": 90, "texture": "#rail"},
				"south": {"uv": [12, 6, 14, 7], "texture": "#rail"},
				"west": {"uv": [13, 4, 12, 7], "rotation": 270, "texture": "#rail"},
				"up": {"uv": [12, 4, 14, 7], "texture": "#rail"},
				"down": {"uv": [12, 7, 14, 4], "texture": "#rail", "cullface": "down"}
			}
		},
		{
			"from": [13, 0, 7],
			"to": [15, 1, 10],
			"faces": {
				"north": {"uv": [13, 7, 15, 8], "texture": "#rail"},
				"east": {"uv": [15, 7, 14, 10], "rotation": 90, "texture": "#rail"},
				"south": {"uv": [13, 9, 15, 10], "texture": "#rail"},
				"west": {"uv": [14, 7, 13, 10], "rotation": 270, "texture": "#rail"},
				"up": {"uv": [13, 7, 15, 10], "texture": "#rail"},
				"down": {"uv": [13, 10, 15, 7], "texture": "#rail", "cullface": "down"}
			}
		},
		{
			"from": [14, 0, 10],
			"to": [16, 1, 15],
			"faces": {
				"north": {"uv": [14, 10, 16, 11], "texture": "#rail"},
				"east": {"uv": [16, 10, 15, 15], "rotation": 90, "texture": "#rail", "cullface": "east"},
				"south": {"uv": [14, 14, 16, 15], "texture": "#rail"},
				"west": {"uv": [15, 10, 14, 15], "rotation": 270, "texture": "#rail"},
				"up": {"uv": [14, 10, 16, 15], "texture": "#rail"},
				"down": {"uv": [14, 15, 16, 10], "texture": "#rail", "cullface": "down"}
			}
		},
		{
			"from": [7, 0, 13],
			"to": [10, 1, 15],
			"faces": {
				"north": {"uv": [7, 13, 10, 14], "texture": "#rail"},
				"east": {"uv": [10, 13, 9, 15], "rotation": 90, "texture": "#rail"},
				"south": {"uv": [7, 14, 10, 15], "texture": "#rail", "cullface": "south"},
				"west": {"uv": [8, 13, 7, 15], "rotation": 270, "texture": "#rail"},
				"up": {"uv": [7, 13, 10, 15], "texture": "#rail"},
				"down": {"uv": [7, 15, 10, 13], "texture": "#rail", "cullface": "down"}
			}
		},
		{
			"from": [4, 0, 12],
			"to": [7, 1, 14],
			"faces": {
				"north": {"uv": [4, 12, 7, 13], "texture": "#rail"},
				"east": {"uv": [7, 12, 6, 14], "rotation": 90, "texture": "#rail"},
				"south": {"uv": [4, 13, 7, 14], "texture": "#rail", "cullface": "south"},
				"up": {"uv": [4, 12, 7, 14], "texture": "#rail"},
				"down": {"uv": [4, 14, 7, 12], "texture": "#rail", "cullface": "down"}
			}
		},
		{
			"from": [10, 0, 14],
			"to": [15, 1, 16],
			"faces": {
				"north": {"uv": [15, 14, 10, 15], "texture": "#rail"},
				"east": {"uv": [15, 14, 14, 16], "rotation": 90, "texture": "#rail"},
				"south": {"uv": [10, 15, 15, 16], "texture": "#rail", "cullface": "south"},
				"west": {"uv": [11, 14, 10, 16], "rotation": 270, "texture": "#rail"},
				"up": {"uv": [10, 14, 15, 16], "texture": "#rail"},
				"down": {"uv": [10, 16, 15, 14], "texture": "#rail", "cullface": "down"}
			}
		}
	],
	"groups": [
		{
			"name": "group",
			"origin": [0, 0, 0],
			"color": 0,
			"children": [0, 1, 2, 3, 4, 5, 6, 7, 8, 9, 10, 11]
		},
		{
			"name": "group",
			"origin": [0, 0, 0],
			"color": 0,
			"children": [12, 13, 14, 15, 16, 17, 18, 19, 20, 21, 22, 23, 24, 25, 26]
		}
	]
}