{
	"elements":[{"faces":{"down":{"cullface":"down","texture":"#bottom","uv":[0,0,16,16]},"east":{"cullface":"east","texture":"#side","uv":[0,7,16,16]},"north":{"cullface":"north","texture":"#side","uv":[0,7,16,16]},"south":{"cullface":"south","texture":"#side","uv":[0,7,16,16]},"up":{"texture":"#top","uv":[0,0,16,16]},"west":{"cullface":"west","texture":"#side","uv":[0,7,16,16]}},"from":[0,0,0],"to":[16,9,16]},{"faces":{"north":{"texture":"#saw","tintindex":0,"uv":[1,9,15,16]},"south":{"texture":"#saw","tintindex":0,"uv":[15,9,1,16]}},"from":[1,9,8],"shade":false,"to":[15,16,8]}],"parent":"block/block","textures":{"bottom":"block/stonecutter_bottom","particle":"block/stonecutter_bottom","saw":"block/stonecutter_saw","side":"block/stonecutter_side","top":"block/stonecutter_top"}}