{"elements":[{"faces":{"down":{"cullface":"down","texture":"#all","uv":[0,0,4,4]},"east":{"texture":"#all","uv":[1,4,5,11]},"north":{"texture":"#all","uv":[1,4,5,11]},"south":{"texture":"#all","uv":[1,4,5,11]},"up":{"texture":"#all","uv":[0,0,4,4]},"west":{"texture":"#all","uv":[1,4,5,11]}},"from":[5,0,4],"to":[9,7,8]},{"faces":{"down":{"cullface":"down","texture":"#all","uv":[6,7,10,11]},"east":{"texture":"#all","uv":[10,10,14,15]},"north":{"texture":"#all","uv":[10,10,14,15]},"south":{"texture":"#all","uv":[10,10,14,15]},"up":{"texture":"#all","uv":[6,7,10,11]},"west":{"texture":"#all","uv":[10,10,14,15]}},"from":[1,0,7],"to":[5,5,11]},{"faces":{"down":{"cullface":"down","texture":"#all","uv":[5,0,8,3]},"east":{"texture":"#all","uv":[8,3,11,7]},"north":{"texture":"#all","uv":[8,3,11,7]},"south":{"texture":"#all","uv":[8,3,11,7]},"up":{"texture":"#all","uv":[5,0,8,3]},"west":{"texture":"#all","uv":[8,3,11,7]}},"from":[11,0,7],"to":[14,4,10]},{"faces":{"down":{"cullface":"down","texture":"#all","uv":[0,11,4,15]},"east":{"texture":"#all","uv":[4,11,8,15]},"north":{"texture":"#all","uv":[4,11,8,15]},"south":{"texture":"#all","uv":[4,11,8,15]},"up":{"texture":"#all","uv":[0,11,4,15]},"west":{"texture":"#all","uv":[4,11,8,15]}},"from":[6,0,9],"to":[10,4,13]}],"parent":"block/block","textures":{"all":"block/turtle_egg","particle":"#all"}}