{"elements":[{"faces":{"down":{"texture":"#texture","uv":[0,7,2,9]},"east":{"texture":"#texture","uv":[7,0,9,11]},"north":{"texture":"#texture","uv":[14,0,16,11]},"south":{"texture":"#texture","uv":[0,0,2,11]},"up":{"cullface":"up","texture":"#texture","uv":[0,7,2,9]},"west":{"cullface":"west","texture":"#texture","uv":[7,0,9,11]}},"from":[0,5,7],"to":[2,16,9]},{"faces":{"down":{"texture":"#texture","uv":[14,7,16,9]},"east":{"cullface":"east","texture":"#texture","uv":[7,0,9,11]},"north":{"texture":"#texture","uv":[0,0,2,11]},"south":{"texture":"#texture","uv":[14,0,16,11]},"up":{"cullface":"up","texture":"#texture","uv":[14,7,16,9]},"west":{"texture":"#texture","uv":[7,0,9,11]}},"from":[14,5,7],"to":[16,16,9]},{"faces":{"down":{"rotation":90,"texture":"#texture","uv":[8,9,2,7]},"east":{"texture":"#texture","uv":[8,7,14,10]},"up":{"rotation":90,"texture":"#texture","uv":[2,7,8,9]},"west":{"texture":"#texture","uv":[2,7,8,10]}},"from":[0,6,9],"to":[2,9,15]},{"faces":{"down":{"rotation":90,"texture":"#texture","uv":[8,9,2,7]},"east":{"texture":"#texture","uv":[8,1,14,4]},"up":{"rotation":90,"texture":"#texture","uv":[2,7,8,9]},"west":{"texture":"#texture","uv":[2,1,8,4]}},"from":[0,12,9],"to":[2,15,15]},{"faces":{"east":{"texture":"#texture","uv":[8,1,10,10]},"north":{"texture":"#texture","uv":[7,1,9,10]},"south":{"texture":"#texture","uv":[0,1,2,10]},"west":{"texture":"#texture","uv":[6,1,8,10]}},"from":[0,6,13],"to":[2,15,15]},{"faces":{"down":{"rotation":90,"texture":"#texture","uv":[8,7,14,9]},"east":{"texture":"#texture","uv":[8,7,14,10]},"up":{"rotation":90,"texture":"#texture","uv":[14,9,8,7]},"west":{"texture":"#texture","uv":[2,7,8,10]}},"from":[14,6,9],"to":[16,9,15]},{"faces":{"down":{"rotation":90,"texture":"#texture","uv":[8,7,14,9]},"east":{"texture":"#texture","uv":[8,1,14,4]},"up":{"rotation":90,"texture":"#texture","uv":[14,9,8,7]},"west":{"texture":"#texture","uv":[2,1,8,4]}},"from":[14,12,9],"to":[16,15,15]},{"faces":{"east":{"texture":"#texture","uv":[8,1,10,10]},"north":{"texture":"#texture","uv":[7,1,9,10]},"south":{"texture":"#texture","uv":[14,1,16,10]},"west":{"texture":"#texture","uv":[6,1,8,10]}},"from":[14,6,13],"to":[16,15,15]}],"textures":{"particle":"#texture"}}