{
  "credit": "Made with Blockbench by Minecraft_hyr",
  "ambientocclusion": false,
  "textures": {
    "particle": "#cross"
  },
  "elements": [
    {
      "from": [-0.2, 0, 8],
      "to": [15.2, 16, 8],
      "shade": false,
      "rotation": {"angle": 45, "axis": "y", "origin": [8, 8, 8], "rescale": true},
      "faces": {
        "north": {"uv": [0, 0, 16, 16], "texture": "#cross"}
      }
    },
    {
      "from": [0.8, 0, 8],
      "to": [16.2, 16, 8],
      "shade": false,
      "rotation": {"angle": 45, "axis": "y", "origin": [8, 8, 8], "rescale": true},
      "faces": {
        "south": {"uv": [0, 0, 16, 16], "texture": "#cross"}
      }
    },
    {
      "from": [8, 0, 0.8],
      "to": [8, 16, 16.2],
      "shade": false,
      "rotation": {"angle": 45, "axis": "y", "origin": [8, 8, 8], "rescale": true},
      "faces": {
        "west": {"uv": [0, 0, 16, 16], "texture": "#cross"}
      }
    },
    {
      "from": [8, 0, -0.2],
      "to": [8, 16, 15.2],
      "shade": false,
      "rotation": {"angle": 45, "axis": "y", "origin": [8, 8, 8], "rescale": true},
      "faces": {
        "east": {"uv": [0, 0, 16, 16], "texture": "#cross"}
      }
    }
  ],
  "groups": [
    {
      "name": "group",
      "origin": [8, 8, 8],
      "color": 0,
      "children": [0, 1, 2, 3]
    }
  ]
}