{
	"credit": "Made with Blockbench by Minecraft_hyr",
	"textures": {
		"particle": "block/bamboo_stalk",
		"all": "block/bamboo_stalk"
	},
	"elements": [
		{
			"from": [7, 0, 7],
			"to": [9, 16, 9],
			"faces": {
				"north": {"uv": [9, 0, 11, 16], "texture": "#all"},
				"east": {"uv": [9, 0, 11, 16], "texture": "#all"},
				"south": {"uv": [9, 0, 11, 16], "texture": "#all"},
				"west": {"uv": [9, 0, 11, 16], "texture": "#all"},
				"up": {"uv": [13, 1, 15, 3], "texture": "#all", "cullface": "up"},
				"down": {"uv": [13, 1, 15, 3], "texture": "#all", "cullface": "down"}
			}
		}
	]
}