{
	"credit": "Made with Blockbench by Minecraft_hyr",
	"parent": "block/block",
	"textures": {
		"particle": "#texture"
	},
	"elements": [
		{
			"name": "Post",
			"from": [6, 0, 6],
			"to": [10, 16, 10],
			"faces": {
				"north": {"uv": [0, 0, 4, 16], "texture": "#texture"},
				"east": {"uv": [0, 0, 4, 16], "texture": "#texture"},
				"south": {"uv": [0, 0, 4, 16], "texture": "#texture"},
				"west": {"uv": [0, 0, 4, 16], "texture": "#texture"},
				"up": {"uv": [4, 0, 8, 4], "texture": "#texture"},
				"down": {"uv": [4, 0, 8, 4], "texture": "#texture", "cullface": "down"}
			}
		},
		{
			"name": "lower bar",
			"from": [7, 6, 10],
			"to": [9, 9, 16],
			"faces": {
				"east": {"uv": [4, 4, 10, 7], "texture": "#texture"},
				"south": {"uv": [13, 4, 15, 7], "texture": "#texture", "cullface": "east"},
				"west": {"uv": [10, 4, 4, 7], "texture": "#texture"},
				"up": {"uv": [13, 10, 15, 16], "texture": "#texture"},
				"down": {"uv": [13, 7, 15, 13], "texture": "#texture"}
			}
		},
		{
			"name": "top bar",
			"from": [7, 12, 10],
			"to": [9, 15, 16],
			"faces": {
				"east": {"uv": [4, 4, 10, 7], "texture": "#texture"},
				"south": {"uv": [13, 4, 15, 7], "texture": "#texture", "cullface": "east"},
				"west": {"uv": [10, 4, 4, 7], "texture": "#texture"},
				"up": {"uv": [13, 10, 15, 16], "texture": "#texture"},
				"down": {"uv": [13, 7, 15, 13], "texture": "#texture"}
			}
		},
		{
			"name": "top bar",
			"from": [7, 12, 0],
			"to": [9, 15, 6],
			"faces": {
				"north": {"uv": [13, 4, 15, 7], "texture": "#texture", "cullface": "east"},
				"east": {"uv": [10, 4, 4, 7], "texture": "#texture"},
				"west": {"uv": [4, 4, 10, 7], "texture": "#texture"},
				"up": {"uv": [13, 7, 15, 13], "texture": "#texture"},
				"down": {"uv": [13, 10, 15, 16], "texture": "#texture"}
			}
		},
		{
			"name": "lower bar",
			"from": [7, 6, 0],
			"to": [9, 9, 6],
			"faces": {
				"north": {"uv": [13, 4, 15, 7], "texture": "#texture", "cullface": "east"},
				"east": {"uv": [10, 4, 4, 7], "texture": "#texture"},
				"west": {"uv": [4, 4, 10, 7], "texture": "#texture"},
				"up": {"uv": [15, 10, 13, 16], "rotation": 180, "texture": "#texture"},
				"down": {"uv": [13, 10, 15, 16], "texture": "#texture"}
			}
		}
	],
	"display": {
		"gui": {
			"rotation": [30, 135, 0],
			"scale": [0.625, 0.625, 0.625]
		},
		"fixed": {
			"rotation": [0, 90, 0],
			"scale": [0.5, 0.5, 0.5]
		}
	},
	"groups": [
		0,
		{
			"name": "south",
			"origin": [0, 0, 0],
			"color": 0,
			"children": [1, 2]
		},
		{
			"name": "north",
			"origin": [0, 0, 0],
			"color": 0,
			"children": [3, 4]
		}
	]
}