{
	"credit": "Made by Minecraft_hyr",
  "ambientocclusion": false,
  "textures": {
    "0": "block/dripstone_block",
    "particle": "block/dripstone_block"
  },
  "elements": [
    {
      "from": [7, 5, 7],
      "to": [9, 9, 9],
      "faces": {
        "north": {"texture": "#0"},
        "east": {"texture": "#0"},
        "south": {"texture": "#0"},
        "west": {"texture": "#0"},
        "down": {"texture": "#0"}
      }
    },
    {
      "from": [6, 9, 6],
      "to": [10, 13, 10],
      "faces": {
        "north": {"texture": "#0"},
        "east": {"texture": "#0"},
        "south": {"texture": "#0"},
        "west": {"texture": "#0"},
        "down": {"texture": "#0"}
      }
    },
    {
      "from": [5, 13, 5],
      "to": [11, 16, 11],
      "faces": {
        "north": {"texture": "#0"},
        "east": {"texture": "#0"},
        "south": {"texture": "#0"},
        "west": {"texture": "#0"},
        "up": {"texture": "#0", "cullface": "down"},
        "down": {"texture": "#0"}
      }
    }
  ]
}