{
	"credit": "Made by Minecraft_hyr",
	"ambientocclusion": false,
	"textures": {
		"0": "item/pointed_dripstone",
		"particle": "item/pointed_dripstone"
	},
	"elements": [
		{
			"from": [7, 6, 7],
			"to": [9, 11, 9],
			"faces": {
				"north": {"uv": [7, 0, 9, 5], "texture": "#0"},
				"east": {"uv": [7, 0, 9, 5], "texture": "#0"},
				"south": {"uv": [7, 0, 9, 5], "texture": "#0"},
				"west": {"uv": [7, 0, 9, 5], "texture": "#0"},
				"up": {"uv": [7, 0, 9, 5], "texture": "#0"},
				"down": {"uv": [7, 0, 9, 5], "texture": "#0"}
			}
		},
		{
			"from": [6, 1, 6],
			"to": [10, 6, 10],
			"faces": {
				"north": {"uv": [6, 1, 10, 6], "texture": "#0", "cullface": "north"},
				"east": {"uv": [6, 1, 10, 6], "texture": "#0", "cullface": "east"},
				"south": {"uv": [6, 1, 10, 6], "texture": "#0", "cullface": "south"},
				"west": {"uv": [6, 1, 10, 6], "texture": "#0", "cullface": "west"},
				"up": {"uv": [6, 1, 10, 6], "texture": "#0", "cullface": "up"},
				"down": {"uv": [6, 1, 10, 6], "texture": "#0", "cullface": "down"}
			}
		},
		{
			"from": [5, 0, 5],
			"to": [11, 1, 11],
			"faces": {
				"north": {"uv": [6, 1, 10, 6], "texture": "#0", "cullface": "north"},
				"east": {"uv": [6, 1, 10, 6], "texture": "#0", "cullface": "east"},
				"south": {"uv": [6, 1, 10, 6], "texture": "#0", "cullface": "south"},
				"west": {"uv": [6, 1, 10, 6], "texture": "#0", "cullface": "west"},
				"up": {"uv": [6, 1, 10, 6], "texture": "#0", "cullface": "up"},
				"down": {"uv": [6, 1, 10, 6], "texture": "#0", "cullface": "down"}
			}
		}
	],
	"display": {
		"thirdperson_righthand": {
			"translation": [0, 3, 1],
			"scale": [0.55, 0.55, 0.55]
		},
		"thirdperson_lefthand": {
			"translation": [0, 3, 1],
			"scale": [0.55, 0.55, 0.55]
		},
		"firstperson_righthand": {
			"rotation": [0, -90, 25],
			"translation": [1.13, 3.2, 1.13],
			"scale": [0.68, 0.68, 0.68]
		},
		"firstperson_lefthand": {
			"rotation": [0, -90, 25],
			"translation": [1.13, 3.2, 1.13],
			"scale": [0.68, 0.68, 0.68]
		},
		"ground": {
			"translation": [0, 2, 0],
			"scale": [0.5, 0.5, 0.5]
		},
		"gui": {
			"rotation": [30, 225, 0],
			"scale": [0.625, 0.625, 0.625]
		},
		"head": {
			"rotation": [0, 180, 0],
			"translation": [0, 13, 0.75]
		},
		"fixed": {
			"rotation": [0, 180, 0]
		}
	}
}