{
	"credit": "Made by Minecraft_hyr",
	"ambientocclusion": false,
	"textures": {
		"0": "block/dripstone_block",
		"particle": "block/dripstone_block"
	},
	"elements": [
		{
			"from": [6, 8, 6],
			"to": [10, 8, 10],
			"faces": {
				"north": {"texture": "#0"},
				"east": {"texture": "#0"},
				"south": {"texture": "#0"},
				"west": {"texture": "#0"},
				"up": {"texture": "#0"},
				"down": {"texture": "#0", "cullface": "down"}
			}
		},
		{
			"from": [5, 8, 5],
			"to": [11, 16, 11],
			"faces": {
				"north": {"texture": "#0"},
				"east": {"texture": "#0"},
				"south": {"texture": "#0"},
				"west": {"texture": "#0"},
				"up": {"texture": "#0", "cullface": "up"}
			}
		}
	]
}