{"format_version":"1.21.6","credit":"Made with Blockbench","render_type":"minecraft:cutout","textures":{"particle":"farmersdelight:block/rope","all":"farmersdelight:block/rope"},"elements":[{"from":[7,0,7],"to":[9,16,9],"faces":{"north":{"uv":[9,0,7,16],"texture":"#all"},"east":{"uv":[7,0,9,16],"texture":"#all"},"south":{"uv":[9,0,7,16],"texture":"#all"},"west":{"uv":[7,0,9,16],"texture":"#all"},"up":{"uv":[7,7,9,9],"texture":"#all","cullface":"up"},"down":{"uv":[7,7,9,9],"texture":"#all","cullface":"down"}}}]}