{
  "multipart": [
    {
      "apply": {
        "model": "res_fixes:block/waxed_exposed_copper_bars/center"
      }
    },
    {
      "apply": {
        "model": "res_fixes:block/waxed_exposed_copper_bars/left"
      },
      "when": {
        "north": "true"
      }
    },
    {
      "apply": {
        "model": "res_fixes:block/waxed_exposed_copper_bars/left",
        "y": 90
      },
      "when": {
        "east": "true"
      }
    },
    {
      "apply": {
        "model": "res_fixes:block/waxed_exposed_copper_bars/right"
      },
      "when": {
        "south": "true"
      }
    },
    {
      "apply": {
        "model": "res_fixes:block/waxed_exposed_copper_bars/right",
        "y": 90
      },
      "when": {
        "west": "true"
      }
    }
  ]
}