{"__comment":"Designed by GeForceLegend","textures":{"particle":"block/bamboo_trapdoor","layer0":"block/bamboo_trapdoor","layer1":"block/bamboo_trapdoor1"},"elements":[{"from":[0,13,0],"to":[2,16,16],"faces":{"north":{"uv":[14,13,16,16],"texture":"#layer1","cullface":"north"},"east":{"uv":[1,16,2,0],"rotation":90,"texture":"#layer0"},"south":{"uv":[0,0,2,3],"texture":"#layer1","cullface":"south"},"west":{"uv":[0,10,16,13],"texture":"#layer1","cullface":"west"},"up":{"uv":[0,16,2,0],"texture":"#layer0","cullface":"up"},"down":{"uv":[0,0,2,16],"texture":"#layer0"}}},{"from":[14,13,0],"to":[16,16,16],"faces":{"north":{"uv":[0,13,2,16],"texture":"#layer1","cullface":"north"},"east":{"uv":[16,3,0,6],"texture":"#layer1","cullface":"east"},"south":{"uv":[14,0,16,3],"texture":"#layer1","cullface":"south"},"west":{"uv":[14,0,15,16],"rotation":90,"texture":"#layer0"},"up":{"uv":[14,16,16,0],"texture":"#layer0","cullface":"up"},"down":{"uv":[14,0,16,16],"texture":"#layer0"}}},{"from":[2,13,14],"to":[14,16,16],"faces":{"north":{"uv":[14,1,2,2],"texture":"#layer0"},"south":{"uv":[2,0,14,3],"texture":"#layer1","cullface":"south"},"up":{"uv":[2,2,14,0],"texture":"#layer0","cullface":"up"},"down":{"uv":[2,0,14,2],"texture":"#layer0"}}},{"from":[2,13,0],"to":[14,16,2],"faces":{"north":{"uv":[2,13,14,16],"texture":"#layer1","cullface":"north"},"south":{"uv":[2,14,14,15],"texture":"#layer0"},"up":{"uv":[2,16,14,14],"texture":"#layer0","cullface":"up"},"down":{"uv":[2,14,14,16],"texture":"#layer0"}}},{"from":[2,14,2],"to":[3,15,14],"faces":{"east":{"uv":[2,14,3,2],"rotation":90,"texture":"#layer0"},"up":{"uv":[2,14,3,2],"texture":"#layer0"},"down":{"uv":[2,2,3,14],"texture":"#layer0"}}},{"from":[13,14,2],"to":[14,15,14],"faces":{"west":{"uv":[13,2,14,14],"rotation":90,"texture":"#layer0"},"up":{"uv":[13,14,14,2],"texture":"#layer0"},"down":{"uv":[13,2,14,14],"texture":"#layer0"}}},{"from":[3,14,13],"to":[13,15,14],"faces":{"north":{"uv":[13,2,3,3],"texture":"#layer0"},"up":{"uv":[3,2,13,3],"texture":"#layer0"},"down":{"uv":[3,2,13,3],"texture":"#layer0"}}},{"from":[3,14,2],"to":[13,15,3],"faces":{"south":{"uv":[3,13,13,14],"texture":"#layer0"},"up":{"uv":[3,13,13,14],"texture":"#layer0"},"down":{"uv":[3,13,13,14],"texture":"#layer0"}}},{"from":[11,14,3],"to":[12,15,13],"faces":{"east":{"uv":[11,13,12,3],"rotation":90,"texture":"#layer0"},"west":{"uv":[11,3,12,13],"rotation":90,"texture":"#layer0"},"up":{"uv":[11,13,12,3],"texture":"#layer0"},"down":{"uv":[11,3,12,13],"texture":"#layer0"}}},{"from":[4,14,3],"to":[5,15,13],"faces":{"east":{"uv":[4,13,5,3],"rotation":90,"texture":"#layer0"},"west":{"uv":[4,3,5,13],"rotation":90,"texture":"#layer0"},"up":{"uv":[4,13,5,3],"texture":"#layer0"},"down":{"uv":[4,3,5,13],"texture":"#layer0"}}},{"from":[6,14,9],"to":[7,15,13],"faces":{"north":{"uv":[6,6,7,7],"texture":"#layer0"},"east":{"uv":[6,7,7,3],"rotation":90,"texture":"#layer0"},"west":{"uv":[6,3,7,7],"rotation":90,"texture":"#layer0"},"up":{"uv":[6,7,7,3],"texture":"#layer0"},"down":{"uv":[6,3,7,7],"texture":"#layer0"}}},{"from":[6,14,3],"to":[7,15,7],"faces":{"east":{"uv":[6,13,7,9],"rotation":90,"texture":"#layer0"},"south":{"uv":[6,9,7,10],"texture":"#layer0"},"west":{"uv":[6,9,7,13],"rotation":90,"texture":"#layer0"},"up":{"uv":[6,13,7,9],"texture":"#layer0"},"down":{"uv":[6,9,7,13],"texture":"#layer0"}}},{"from":[9,14,3],"to":[10,15,7],"faces":{"east":{"uv":[9,13,10,9],"rotation":90,"texture":"#layer0"},"south":{"uv":[9,9,10,10],"texture":"#layer0"},"west":{"uv":[9,9,10,13],"rotation":90,"texture":"#layer0"},"up":{"uv":[9,13,10,9],"texture":"#layer0"},"down":{"uv":[9,9,10,13],"texture":"#layer0"}}},{"from":[9,14,9],"to":[10,15,13],"faces":{"north":{"uv":[9,6,10,7],"texture":"#layer0"},"east":{"uv":[9,7,10,3],"rotation":90,"texture":"#layer0"},"west":{"uv":[9,3,10,7],"rotation":90,"texture":"#layer0"},"up":{"uv":[9,7,10,3],"texture":"#layer0"},"down":{"uv":[9,3,10,7],"texture":"#layer0"}}},{"from":[12,14,11],"to":[13,15,12],"faces":{"north":{"uv":[12,4,13,5],"texture":"#layer0"},"south":{"uv":[12,4,13,5],"texture":"#layer0"},"up":{"uv":[12,4,13,5],"texture":"#layer0"},"down":{"uv":[12,4,13,5],"texture":"#layer0"}}},{"from":[12,14,9],"to":[13,15,10],"faces":{"north":{"uv":[12,6,13,7],"texture":"#layer0"},"south":{"uv":[12,6,13,7],"texture":"#layer0"},"up":{"uv":[12,6,13,7],"texture":"#layer0"},"down":{"uv":[12,6,13,7],"texture":"#layer0"}}},{"from":[12,14,6],"to":[13,15,7],"faces":{"north":{"uv":[12,9,13,10],"texture":"#layer0"},"south":{"uv":[12,9,13,10],"texture":"#layer0"},"up":{"uv":[12,9,13,10],"texture":"#layer0"},"down":{"uv":[12,9,13,10],"texture":"#layer0"}}},{"from":[12,14,4],"to":[13,15,5],"faces":{"north":{"uv":[12,11,13,12],"texture":"#layer0"},"south":{"uv":[12,11,13,12],"texture":"#layer0"},"up":{"uv":[12,11,13,12],"texture":"#layer0"},"down":{"uv":[12,11,13,12],"texture":"#layer0"}}},{"from":[10,14,11],"to":[11,15,12],"faces":{"north":{"uv":[10,4,11,5],"texture":"#layer0"},"south":{"uv":[10,4,11,5],"texture":"#layer0"},"up":{"uv":[10,4,11,5],"texture":"#layer0"},"down":{"uv":[10,4,11,5],"texture":"#layer0"}}},{"from":[10,14,9],"to":[11,15,10],"faces":{"north":{"uv":[10,6,11,7],"texture":"#layer0"},"south":{"uv":[10,6,11,7],"texture":"#layer0"},"up":{"uv":[10,6,11,7],"texture":"#layer0"},"down":{"uv":[10,6,11,7],"texture":"#layer0"}}},{"from":[10,14,6],"to":[11,15,7],"faces":{"north":{"uv":[10,9,11,10],"texture":"#layer0"},"south":{"uv":[10,9,11,10],"texture":"#layer0"},"up":{"uv":[10,9,11,10],"texture":"#layer0"},"down":{"uv":[10,9,11,10],"texture":"#layer0"}}},{"from":[10,14,4],"to":[11,15,5],"faces":{"north":{"uv":[10,11,11,12],"texture":"#layer0"},"south":{"uv":[10,11,11,12],"texture":"#layer0"},"up":{"uv":[10,11,11,12],"texture":"#layer0"},"down":{"uv":[10,11,11,12],"texture":"#layer0"}}},{"from":[5,14,11],"to":[6,15,12],"faces":{"north":{"uv":[5,4,6,5],"texture":"#layer0"},"south":{"uv":[5,4,6,5],"texture":"#layer0"},"up":{"uv":[5,4,6,5],"texture":"#layer0"},"down":{"uv":[5,4,6,5],"texture":"#layer0"}}},{"from":[5,14,9],"to":[6,15,10],"faces":{"north":{"uv":[5,6,6,7],"texture":"#layer0"},"south":{"uv":[5,6,6,7],"texture":"#layer0"},"up":{"uv":[5,6,6,7],"texture":"#layer0"},"down":{"uv":[5,6,6,7],"texture":"#layer0"}}},{"from":[5,14,6],"to":[6,15,7],"faces":{"north":{"uv":[5,9,6,10],"texture":"#layer0"},"south":{"uv":[5,9,6,10],"texture":"#layer0"},"up":{"uv":[5,9,6,10],"texture":"#layer0"},"down":{"uv":[5,9,6,10],"texture":"#layer0"}}},{"from":[5,14,4],"to":[6,15,5],"faces":{"north":{"uv":[5,11,6,12],"texture":"#layer0"},"south":{"uv":[5,11,6,12],"texture":"#layer0"},"up":{"uv":[5,11,6,12],"texture":"#layer0"},"down":{"uv":[5,11,6,12],"texture":"#layer0"}}},{"from":[3,14,11],"to":[4,15,12],"faces":{"north":{"uv":[3,4,4,5],"texture":"#layer0"},"south":{"uv":[3,4,4,5],"texture":"#layer0"},"up":{"uv":[3,4,4,5],"texture":"#layer0"},"down":{"uv":[3,4,4,5],"texture":"#layer0"}}},{"from":[3,14,9],"to":[4,15,10],"faces":{"north":{"uv":[3,6,4,7],"texture":"#layer0"},"south":{"uv":[3,6,4,7],"texture":"#layer0"},"up":{"uv":[3,6,4,7],"texture":"#layer0"},"down":{"uv":[3,6,4,7],"texture":"#layer0"}}},{"from":[3,14,6],"to":[4,15,7],"faces":{"north":{"uv":[3,9,4,10],"texture":"#layer0"},"south":{"uv":[3,9,4,10],"texture":"#layer0"},"up":{"uv":[3,9,4,10],"texture":"#layer0"},"down":{"uv":[3,9,4,10],"texture":"#layer0"}}},{"from":[3,14,4],"to":[4,15,5],"faces":{"north":{"uv":[3,11,4,12],"texture":"#layer0"},"south":{"uv":[3,11,4,12],"texture":"#layer0"},"up":{"uv":[3,11,4,12],"texture":"#layer0"},"down":{"uv":[3,11,4,12],"texture":"#layer0"}}},{"from":[7,14,4],"to":[9,15,5],"faces":{"north":{"uv":[9,11,7,12],"texture":"#layer0"},"south":{"uv":[7,11,9,12],"texture":"#layer0"},"up":{"uv":[7,11,9,12],"texture":"#layer0"},"down":{"uv":[7,11,9,12],"texture":"#layer0"}}},{"from":[7,14,11],"to":[9,15,12],"faces":{"north":{"uv":[9,4,7,5],"texture":"#layer0"},"south":{"uv":[7,4,9,5],"texture":"#layer0"},"up":{"uv":[7,4,9,5],"texture":"#layer0"},"down":{"uv":[7,4,9,5],"texture":"#layer0"}}}]}