{"__comment":"Designed by GeForceLegend","textures":{"layer0":"block/bamboo_door_top","layer1":"block/bamboo_door_top1","particle":"block/bamboo_door_top"},"elements":[{"from":[0,0,13],"to":[3,16,16],"faces":{"north":{"uv":[14,0,13,16],"texture":"#layer0"},"east":{"uv":[16,0,13,16],"texture":"#layer0"},"south":{"uv":[16,0,13,16],"texture":"#layer1","cullface":"south"},"west":{"uv":[13,0,16,16],"texture":"#layer0","cullface":"west"},"up":{"uv":[6,13,9,16],"texture":"#layer1","cullface":"up"}}},{"from":[0,0,0],"to":[3,16,3],"faces":{"north":{"uv":[3,0,0,16],"texture":"#layer1","cullface":"north"},"east":{"uv":[3,0,0,16],"texture":"#layer0"},"south":{"uv":[3,0,2,16],"texture":"#layer0"},"west":{"uv":[0,0,3,16],"texture":"#layer0","cullface":"west"},"up":{"uv":[6,0,9,3],"texture":"#layer1","cullface":"up"}}},{"from":[0,13,3],"to":[3,16,13],"faces":{"east":{"uv":[13,0,3,3],"texture":"#layer0"},"west":{"uv":[3,0,13,3],"texture":"#layer0","cullface":"west"},"up":{"uv":[6,3,9,13],"texture":"#layer1","cullface":"up"},"down":{"uv":[3,2,13,3],"rotation":90,"texture":"#layer0"}}},{"from":[1,0,3],"to":[2,13,4],"faces":{"east":{"uv":[3,3,4,16],"texture":"#layer0"},"south":{"uv":[3,3,4,16],"texture":"#layer0"},"west":{"uv":[3,3,4,16],"texture":"#layer0"}}},{"from":[1,0,12],"to":[2,13,13],"faces":{"north":{"uv":[12,3,13,16],"texture":"#layer0"},"east":{"uv":[12,3,13,16],"texture":"#layer0"},"west":{"uv":[12,3,13,16],"texture":"#layer0"}}},{"from":[1,0,4],"to":[2,1,12],"faces":{"east":{"uv":[12,15,4,16],"texture":"#layer0"},"west":{"uv":[4,15,12,16],"texture":"#layer0"},"up":{"uv":[4,15,12,16],"rotation":90,"texture":"#layer0"}}},{"from":[1,12,4],"to":[2,13,12],"faces":{"east":{"uv":[12,3,4,4],"texture":"#layer0"},"west":{"uv":[4,3,12,4],"texture":"#layer0"},"down":{"uv":[12,3,4,4],"rotation":90,"texture":"#layer0"}}},{"from":[1,10,4],"to":[2,11,5],"faces":{"east":{"uv":[4,5,5,6],"texture":"#layer0"},"west":{"uv":[4,5,5,6],"texture":"#layer0"},"up":{"uv":[4,5,5,6],"texture":"#layer0"},"down":{"uv":[4,5,5,6],"texture":"#layer0"}}},{"from":[1,8,4],"to":[2,9,5],"faces":{"east":{"uv":[4,7,5,8],"texture":"#layer0"},"west":{"uv":[4,7,5,8],"texture":"#layer0"},"up":{"uv":[4,7,5,8],"texture":"#layer0"},"down":{"uv":[4,7,5,8],"texture":"#layer0"}}},{"from":[1,6,4],"to":[2,7,5],"faces":{"east":{"uv":[4,9,5,10],"texture":"#layer0"},"west":{"uv":[4,9,5,10],"texture":"#layer0"},"up":{"uv":[4,9,5,10],"texture":"#layer0"},"down":{"uv":[4,9,5,10],"texture":"#layer0"}}},{"from":[1,4,4],"to":[2,5,5],"faces":{"east":{"uv":[4,11,5,12],"texture":"#layer0"},"west":{"uv":[4,11,5,12],"texture":"#layer0"},"up":{"uv":[4,11,5,12],"texture":"#layer0"},"down":{"uv":[4,11,5,12],"texture":"#layer0"}}},{"from":[1,2,4],"to":[2,3,5],"faces":{"east":{"uv":[4,13,5,14],"texture":"#layer0"},"west":{"uv":[4,13,5,14],"texture":"#layer0"},"up":{"uv":[4,13,5,14],"texture":"#layer0"},"down":{"uv":[4,13,5,14],"texture":"#layer0"}}},{"from":[1,10,11],"to":[2,11,12],"faces":{"east":{"uv":[11,5,12,6],"texture":"#layer0"},"west":{"uv":[11,5,12,6],"texture":"#layer0"},"up":{"uv":[11,5,12,6],"texture":"#layer0"},"down":{"uv":[11,5,12,6],"texture":"#layer0"}}},{"from":[1,8,11],"to":[2,9,12],"faces":{"east":{"uv":[11,7,12,8],"texture":"#layer0"},"west":{"uv":[11,7,12,8],"texture":"#layer0"},"up":{"uv":[11,7,12,8],"texture":"#layer0"},"down":{"uv":[11,7,12,8],"texture":"#layer0"}}},{"from":[1,6,11],"to":[2,7,12],"faces":{"east":{"uv":[11,9,12,10],"texture":"#layer0"},"west":{"uv":[11,9,12,10],"texture":"#layer0"},"up":{"uv":[11,9,12,10],"texture":"#layer0"},"down":{"uv":[11,9,12,10],"texture":"#layer0"}}},{"from":[1,4,11],"to":[2,5,12],"faces":{"east":{"uv":[11,11,12,12],"texture":"#layer0"},"west":{"uv":[11,11,12,12],"texture":"#layer0"},"up":{"uv":[11,11,12,12],"texture":"#layer0"},"down":{"uv":[11,11,12,12],"texture":"#layer0"}}},{"from":[1,2,11],"to":[2,3,12],"faces":{"east":{"uv":[11,13,12,14],"texture":"#layer0"},"west":{"uv":[11,13,12,14],"texture":"#layer0"},"up":{"uv":[11,13,12,14],"texture":"#layer0"},"down":{"uv":[11,13,12,14],"texture":"#layer0"}}},{"from":[1,1,10],"to":[2,12,11],"faces":{"north":{"uv":[10,4,11,15],"texture":"#layer0"},"east":{"uv":[10,4,11,15],"texture":"#layer0"},"south":{"uv":[10,4,11,15],"texture":"#layer0"},"west":{"uv":[10,4,11,15],"texture":"#layer0"}}},{"from":[1,1,5],"to":[2,12,6],"faces":{"north":{"uv":[5,4,6,15],"texture":"#layer0"},"east":{"uv":[5,4,6,15],"texture":"#layer0"},"south":{"uv":[5,4,6,15],"texture":"#layer0"},"west":{"uv":[5,4,6,15],"texture":"#layer0"}}},{"from":[1,2,6],"to":[2,3,10],"faces":{"east":{"uv":[10,13,6,14],"texture":"#layer0"},"west":{"uv":[6,13,10,14],"texture":"#layer0"},"up":{"uv":[6,13,10,14],"rotation":90,"texture":"#layer0"},"down":{"uv":[6,13,10,14],"rotation":90,"texture":"#layer0"}}},{"from":[1,10,6],"to":[2,11,10],"faces":{"east":{"uv":[10,5,6,6],"texture":"#layer0"},"west":{"uv":[6,5,10,6],"texture":"#layer0"},"up":{"uv":[6,5,10,6],"rotation":90,"texture":"#layer0"},"down":{"uv":[6,5,10,6],"rotation":90,"texture":"#layer0"}}}]}