{"__comment":"Designed by GeForceLegend","textures":{"layer0":"block/bamboo_door_top","layer1":"block/bamboo_door_top1","particle":"block/bamboo_door_top"},"elements":[{"from":[0,0,0],"to":[3,16,3],"faces":{"north":{"uv":[13,0,16,16],"texture":"#layer1","cullface":"north"},"east":{"uv":[13,0,16,16],"texture":"#layer0"},"south":{"uv":[13,0,14,16],"texture":"#layer0"},"west":{"uv":[16,0,13,16],"texture":"#layer0","cullface":"west"},"up":{"uv":[6,16,9,13],"texture":"#layer1","cullface":"up"}}},{"from":[0,0,13],"to":[3,16,16],"faces":{"north":{"uv":[2,0,3,16],"texture":"#layer0"},"east":{"uv":[0,0,3,16],"texture":"#layer0"},"south":{"uv":[0,0,3,16],"texture":"#layer1","cullface":"south"},"west":{"uv":[3,0,0,16],"texture":"#layer0","cullface":"west"},"up":{"uv":[6,3,9,0],"texture":"#layer1","cullface":"up"}}},{"from":[0,13,3],"to":[3,16,13],"faces":{"east":{"uv":[3,0,13,3],"texture":"#layer0"},"west":{"uv":[13,0,3,3],"texture":"#layer0","cullface":"west"},"up":{"uv":[6,13,9,3],"texture":"#layer1","cullface":"up"},"down":{"uv":[13,2,3,3],"rotation":90,"texture":"#layer0"}}},{"from":[1,0,12],"to":[2,13,13],"faces":{"north":{"uv":[4,3,3,16],"texture":"#layer0"},"east":{"uv":[4,3,3,16],"texture":"#layer0"},"west":{"uv":[4,3,3,16],"texture":"#layer0"}}},{"from":[1,0,3],"to":[2,13,4],"faces":{"east":{"uv":[13,3,12,16],"texture":"#layer0"},"south":{"uv":[13,3,12,16],"texture":"#layer0"},"west":{"uv":[13,3,12,16],"texture":"#layer0"}}},{"from":[1,0,4],"to":[2,1,12],"faces":{"east":{"uv":[4,15,12,16],"texture":"#layer0"},"west":{"uv":[12,15,4,16],"texture":"#layer0"},"up":{"uv":[12,15,4,16],"rotation":90,"texture":"#layer0"}}},{"from":[1,12,4],"to":[2,13,12],"faces":{"east":{"uv":[4,3,12,4],"texture":"#layer0"},"west":{"uv":[12,3,4,4],"texture":"#layer0"},"down":{"uv":[4,3,12,4],"rotation":90,"texture":"#layer0"}}},{"from":[1,10,11],"to":[2,11,12],"faces":{"east":{"uv":[5,5,4,6],"texture":"#layer0"},"west":{"uv":[5,5,4,6],"texture":"#layer0"},"up":{"uv":[4,6,5,5],"texture":"#layer0"},"down":{"uv":[4,6,5,5],"texture":"#layer0"}}},{"from":[1,8,11],"to":[2,9,12],"faces":{"east":{"uv":[5,7,4,8],"texture":"#layer0"},"west":{"uv":[5,7,4,8],"texture":"#layer0"},"up":{"uv":[4,8,5,7],"texture":"#layer0"},"down":{"uv":[4,8,5,7],"texture":"#layer0"}}},{"from":[1,6,11],"to":[2,7,12],"faces":{"east":{"uv":[5,9,4,10],"texture":"#layer0"},"west":{"uv":[5,9,4,10],"texture":"#layer0"},"up":{"uv":[4,10,5,9],"texture":"#layer0"},"down":{"uv":[4,10,5,9],"texture":"#layer0"}}},{"from":[1,4,11],"to":[2,5,12],"faces":{"east":{"uv":[5,11,4,12],"texture":"#layer0"},"west":{"uv":[5,11,4,12],"texture":"#layer0"},"up":{"uv":[4,12,5,11],"texture":"#layer0"},"down":{"uv":[4,12,5,11],"texture":"#layer0"}}},{"from":[1,2,11],"to":[2,3,12],"faces":{"east":{"uv":[5,13,4,14],"texture":"#layer0"},"west":{"uv":[5,13,4,14],"texture":"#layer0"},"up":{"uv":[4,14,5,13],"texture":"#layer0"},"down":{"uv":[4,14,5,13],"texture":"#layer0"}}},{"from":[1,10,4],"to":[2,11,5],"faces":{"east":{"uv":[12,5,11,6],"texture":"#layer0"},"west":{"uv":[12,5,11,6],"texture":"#layer0"},"up":{"uv":[11,6,12,5],"texture":"#layer0"},"down":{"uv":[11,6,12,5],"texture":"#layer0"}}},{"from":[1,8,4],"to":[2,9,5],"faces":{"east":{"uv":[12,7,11,8],"texture":"#layer0"},"west":{"uv":[12,7,11,8],"texture":"#layer0"},"up":{"uv":[11,8,12,7],"texture":"#layer0"},"down":{"uv":[11,8,12,7],"texture":"#layer0"}}},{"from":[1,6,4],"to":[2,7,5],"faces":{"east":{"uv":[12,9,11,10],"texture":"#layer0"},"west":{"uv":[12,9,11,10],"texture":"#layer0"},"up":{"uv":[11,10,12,9],"texture":"#layer0"},"down":{"uv":[11,10,12,9],"texture":"#layer0"}}},{"from":[1,4,4],"to":[2,5,5],"faces":{"east":{"uv":[12,11,11,12],"texture":"#layer0"},"west":{"uv":[12,11,11,12],"texture":"#layer0"},"up":{"uv":[11,12,12,11],"texture":"#layer0"},"down":{"uv":[11,12,12,11],"texture":"#layer0"}}},{"from":[1,2,4],"to":[2,3,5],"faces":{"east":{"uv":[12,13,11,14],"texture":"#layer0"},"west":{"uv":[12,13,11,14],"texture":"#layer0"},"up":{"uv":[11,14,12,13],"texture":"#layer0"},"down":{"uv":[11,14,12,13],"texture":"#layer0"}}},{"from":[1,1,5],"to":[2,12,6],"faces":{"north":{"uv":[11,4,10,15],"texture":"#layer0"},"east":{"uv":[11,4,10,15],"texture":"#layer0"},"south":{"uv":[11,4,10,15],"texture":"#layer0"},"west":{"uv":[11,4,10,15],"texture":"#layer0"}}},{"from":[1,1,10],"to":[2,12,11],"faces":{"north":{"uv":[6,4,5,15],"texture":"#layer0"},"east":{"uv":[6,4,5,15],"texture":"#layer0"},"south":{"uv":[6,4,5,15],"texture":"#layer0"},"west":{"uv":[6,4,5,15],"texture":"#layer0"}}},{"from":[1,2,6],"to":[2,3,10],"faces":{"east":{"uv":[6,13,10,14],"texture":"#layer0"},"west":{"uv":[10,13,6,14],"texture":"#layer0"},"up":{"uv":[10,13,6,14],"rotation":90,"texture":"#layer0"},"down":{"uv":[10,13,6,14],"rotation":90,"texture":"#layer0"}}},{"from":[1,10,6],"to":[2,11,10],"faces":{"east":{"uv":[6,5,10,6],"texture":"#layer0"},"west":{"uv":[10,5,6,6],"texture":"#layer0"},"up":{"uv":[10,5,6,6],"rotation":90,"texture":"#layer0"},"down":{"uv":[10,5,6,6],"rotation":90,"texture":"#layer0"}}}]}