{"__comment":"Designed by GeForceLegend","textures":{"particle":"block/bamboo_fence_gate_particle","texture":"block/bamboo_fence_gate"},"elements":[{"from":[0,5,7],"to":[2,16,9],"faces":{"north":{"uv":[14,0,16,11],"texture":"#texture"},"east":{"uv":[14,0,16,11],"texture":"#texture"},"south":{"uv":[0,0,2,11],"texture":"#texture"},"west":{"uv":[14,0,16,11],"texture":"#texture","cullface":"west"},"up":{"uv":[8,0,6,2],"texture":"#texture"},"down":{"uv":[6,0,8,2],"texture":"#texture"}}},{"from":[14,5,7],"to":[16,16,9],"faces":{"north":{"uv":[14,0,16,11],"texture":"#texture"},"east":{"uv":[14,0,16,11],"texture":"#texture","cullface":"east"},"south":{"uv":[14,0,16,11],"texture":"#texture"},"west":{"uv":[14,0,16,11],"texture":"#texture"},"up":{"uv":[8,0,6,2],"texture":"#texture"},"down":{"uv":[14,7,16,9],"texture":"#texture"}}},{"from":[0,6,13],"to":[2,15,15],"faces":{"north":{"uv":[8,2,6,11],"texture":"#texture"},"east":{"uv":[8,2,10,11],"texture":"#texture"},"south":{"uv":[10,2,8,11],"texture":"#texture"},"west":{"uv":[6,2,8,11],"texture":"#texture"},"up":{"uv":[6,0,8,2],"texture":"#texture"},"down":{"uv":[6,2,8,0],"texture":"#texture"}}},{"from":[14,6,13],"to":[16,15,15],"faces":{"north":{"uv":[8,2,6,11],"texture":"#texture"},"east":{"uv":[8,2,10,11],"texture":"#texture"},"south":{"uv":[6,2,8,11],"texture":"#texture"},"west":{"uv":[8,2,6,11],"texture":"#texture"},"up":{"uv":[6,0,8,2],"texture":"#texture"},"down":{"uv":[6,2,8,0],"texture":"#texture"}}},{"from":[0,6,9],"to":[2,9,13],"faces":{"east":{"uv":[10,8,14,11],"texture":"#texture"},"west":{"uv":[2,8,6,11],"texture":"#texture"},"up":{"uv":[10,0,14,2],"rotation":90,"texture":"#texture"},"down":{"uv":[10,0,14,2],"rotation":90,"texture":"#texture"}}},{"from":[0,12,9],"to":[2,15,13],"faces":{"east":{"uv":[10,2,14,5],"texture":"#texture"},"west":{"uv":[2,2,6,5],"texture":"#texture"},"up":{"uv":[10,0,14,2],"rotation":90,"texture":"#texture"},"down":{"uv":[10,0,14,2],"rotation":90,"texture":"#texture"}}},{"from":[14,6,9],"to":[16,9,13],"faces":{"east":{"uv":[10,8,14,11],"texture":"#texture"},"west":{"uv":[2,8,6,11],"texture":"#texture"},"up":{"uv":[2,0,6,2],"rotation":90,"texture":"#texture"},"down":{"uv":[2,0,6,2],"rotation":90,"texture":"#texture"}}},{"from":[14,12,9],"to":[16,15,13],"faces":{"east":{"uv":[10,2,14,5],"texture":"#texture"},"west":{"uv":[2,2,6,5],"texture":"#texture"},"up":{"uv":[2,0,6,2],"rotation":90,"texture":"#texture"},"down":{"uv":[2,0,6,2],"rotation":90,"texture":"#texture"}}}]}