{"__comment":"Designed by GeForceLegend","ambientocclusion":false,"textures":{"texture":"block/birch_trapdoor1","particle":"block/birch_trapdoor"},"elements":[{"from":[3,0,13],"to":[13,3,16],"faces":{"north":{"uv":[3,3,13,0],"texture":"#particle"},"south":{"uv":[13,3,3,0],"texture":"#particle","cullface":"south"},"up":{"uv":[13,2,3,3],"texture":"#particle"},"down":{"uv":[13,3,3,6],"texture":"#texture","cullface":"down"}}},{"from":[0,0,13],"to":[3,16,16],"faces":{"north":{"uv":[13,16,16,0],"texture":"#particle"},"east":{"uv":[14,2,13,14],"texture":"#particle"},"south":{"uv":[16,16,13,0],"texture":"#particle","cullface":"south"},"west":{"uv":[0,16,16,13],"rotation":270,"texture":"#texture","cullface":"west"},"up":{"uv":[16,10,13,13],"texture":"#texture","cullface":"up"},"down":{"uv":[16,3,13,6],"texture":"#texture","cullface":"down"}}},{"from":[3,13,13],"to":[13,16,16],"faces":{"north":{"uv":[3,16,13,13],"texture":"#particle"},"south":{"uv":[13,16,3,13],"texture":"#particle","cullface":"south"},"up":{"uv":[13,10,3,13],"texture":"#texture","cullface":"up"},"down":{"uv":[13,13,3,14],"texture":"#particle"}}},{"from":[3,3,14],"to":[13,13,15],"faces":{"north":{"uv":[3,13,13,3],"texture":"#particle"},"south":{"uv":[13,13,3,3],"texture":"#particle","cullface":"south"}}},{"from":[5,12,13],"to":[11,13,16],"faces":{"north":{"uv":[5,13,11,12],"texture":"#particle"},"east":{"uv":[6,12,5,13],"texture":"#particle"},"south":{"uv":[11,12,5,13],"texture":"#particle","cullface":"south"},"west":{"uv":[11,12,10,13],"texture":"#particle"},"down":{"uv":[11,12,5,13],"texture":"#particle"}}},{"from":[6.01,14.01,12.01],"to":[9.99,14.99,16.99],"faces":{"north":{"uv":[6,15,10,14],"texture":"#particle"},"east":{"uv":[10,14,9,15],"texture":"#particle"},"south":{"uv":[10,14,6,15],"texture":"#particle","cullface":"south"},"west":{"uv":[7,14,6,15],"texture":"#particle"},"up":{"uv":[10,14,6,15],"texture":"#particle"},"down":{"uv":[10,14,6,15],"texture":"#particle"}}},{"from":[13,0,13],"to":[16,16,16],"faces":{"north":{"uv":[0,16,3,0],"texture":"#particle"},"east":{"uv":[0,3,16,0],"rotation":90,"texture":"#texture","cullface":"east"},"south":{"uv":[3,16,0,0],"texture":"#particle","cullface":"south"},"west":{"uv":[3,16,2,0],"texture":"#particle"},"up":{"uv":[3,10,0,13],"texture":"#texture","cullface":"up"},"down":{"uv":[3,3,0,6],"texture":"#texture","cullface":"down"}}}]}