{"__comment":"Designed by GeForceLegend","ambientocclusion":false,"textures":{"slab":"block/smooth_stone","particle":"block/comparator_on","top":"block/comparator_on","lit":"block/redstone_torch"},"elements":[{"from":[5,0,0],"to":[11,2,6],"faces":{"south":{"uv":[5,5,11,6],"texture":"#top"},"up":{"uv":[5,0,11,6],"texture":"#top"}}},{"from":[5,0,13],"to":[11,2,16],"faces":{"north":{"uv":[11,13,5,14],"texture":"#top"},"up":{"uv":[5,13,11,16],"texture":"#top"}}},{"from":[11,0,0],"to":[16,2,16],"faces":{"east":{"uv":[0,14,16,16],"texture":"#slab","cullface":"east"},"west":{"uv":[11,16,12,0],"rotation":90,"texture":"#top"},"up":{"uv":[11,0,16,16],"texture":"#top"}}},{"from":[0,0,0],"to":[5,2,16],"faces":{"east":{"uv":[4,0,5,16],"rotation":90,"texture":"#top"},"west":{"uv":[0,14,16,16],"texture":"#slab","cullface":"west"},"up":{"uv":[0,0,5,16],"texture":"#top"}}},{"from":[0,0,0],"to":[16,2,16],"faces":{"north":{"uv":[0,14,16,16],"texture":"#slab","cullface":"north"},"south":{"uv":[0,14,16,16],"texture":"#slab","cullface":"south"},"down":{"uv":[0,0,16,16],"texture":"#slab","cullface":"down"}}},{"from":[5,0,11],"to":[11,1.3,13],"light_emission":7,"faces":{"up":{"uv":[5,11,11,13],"texture":"#top"}}},{"from":[5,0,6],"to":[11,1.6,11],"faces":{"south":{"uv":[5,10,11,11],"texture":"#top"},"up":{"uv":[5,6,11,11],"texture":"#top"}}},{"from":[5,1,6],"to":[6,2,9],"faces":{"east":{"uv":[5,6,6,9],"rotation":90,"texture":"#top"},"south":{"uv":[5,8,6,9],"texture":"#top"},"up":{"uv":[5,6,6,9],"texture":"#top"}}},{"from":[10,1,6],"to":[11,2,9],"faces":{"south":{"uv":[10,7,11,8],"texture":"#top"},"west":{"uv":[10,8,11,5],"rotation":90,"texture":"#top"},"up":{"uv":[10,5,11,8],"texture":"#top"}}},{"from":[6,1,6],"to":[7,2,7],"faces":{"east":{"uv":[6,6,7,7],"texture":"#top"},"south":{"uv":[6,6,7,7],"texture":"#top"},"up":{"uv":[6,6,7,7],"texture":"#top"}}},{"from":[9,1,6],"to":[10,2,7],"faces":{"south":{"uv":[9,5,10,6],"texture":"#top"},"west":{"uv":[9,5,10,6],"texture":"#top"},"up":{"uv":[9,5,10,6],"texture":"#top"}}},{"from":[4,1,11],"to":[6,4,13],"faces":{"north":{"uv":[7,9,9,12],"texture":"#lit"},"east":{"uv":[7,9,9,12],"texture":"#lit"},"south":{"uv":[7,9,9,12],"texture":"#lit"},"west":{"uv":[7,9,9,12],"texture":"#lit"}}},{"from":[4,4,11],"to":[6,7,13],"shade":false,"light_emission":7,"faces":{"north":{"uv":[7,6,9,9],"texture":"#lit"},"east":{"uv":[7,6,9,9],"texture":"#lit"},"south":{"uv":[7,6,9,9],"texture":"#lit"},"west":{"uv":[7,6,9,9],"texture":"#lit"},"up":{"uv":[7,6,9,8],"texture":"#lit"}}},{"from":[6.5,4.5,10.5],"to":[3.5,7.5,13.5],"shade":false,"light_emission":7,"faces":{"north":{"uv":[6,5,7,6],"texture":"#lit"},"east":{"uv":[6,5,7,6],"texture":"#lit"},"south":{"uv":[6,5,7,6],"texture":"#lit"},"west":{"uv":[6,5,7,6],"texture":"#lit"},"up":{"uv":[6,5,7,6],"texture":"#lit"},"down":{"uv":[6,5,7,6],"texture":"#lit"}}},{"from":[10,1,11],"to":[12,4,13],"faces":{"north":{"uv":[7,9,9,12],"texture":"#lit"},"east":{"uv":[7,9,9,12],"texture":"#lit"},"south":{"uv":[7,9,9,12],"texture":"#lit"},"west":{"uv":[7,9,9,12],"texture":"#lit"}}},{"from":[10,4,11],"to":[12,7,13],"shade":false,"light_emission":7,"faces":{"north":{"uv":[7,6,9,9],"texture":"#lit"},"east":{"uv":[7,6,9,9],"texture":"#lit"},"south":{"uv":[7,6,9,9],"texture":"#lit"},"west":{"uv":[7,6,9,9],"texture":"#lit"},"up":{"uv":[7,6,9,8],"texture":"#lit"}}},{"from":[12.5,4.5,10.5],"to":[9.5,7.5,13.5],"shade":false,"light_emission":7,"faces":{"north":{"uv":[6,5,7,6],"texture":"#lit"},"east":{"uv":[6,5,7,6],"texture":"#lit"},"south":{"uv":[6,5,7,6],"texture":"#lit"},"west":{"uv":[6,5,7,6],"texture":"#lit"},"up":{"uv":[6,5,7,6],"texture":"#lit"},"down":{"uv":[6,5,7,6],"texture":"#lit"}}},{"from":[7,2,2],"to":[9,5,4],"shade":false,"light_emission":7,"faces":{"north":{"uv":[7,6,9,9],"texture":"#lit"},"east":{"uv":[7,6,9,9],"texture":"#lit"},"south":{"uv":[7,6,9,9],"texture":"#lit"},"west":{"uv":[7,6,9,9],"texture":"#lit"},"up":{"uv":[7,6,9,8],"texture":"#lit"}}},{"from":[9.5,2.5,1.5],"to":[6.5,5.5,4.5],"shade":false,"light_emission":7,"faces":{"north":{"uv":[6,5,7,6],"texture":"#lit"},"east":{"uv":[6,5,7,6],"texture":"#lit"},"south":{"uv":[6,5,7,6],"texture":"#lit"},"west":{"uv":[6,5,7,6],"texture":"#lit"},"up":{"uv":[6,5,7,6],"texture":"#lit"},"down":{"uv":[6,5,7,6],"texture":"#lit"}}}]}