{"__comment":"Designed by GeForceLegend","ambientocclusion":false,"textures":{"top2":"block/copper_door_top2","top1":"block/copper_door_top1","top":"block/copper_door_top","particle":"block/copper_door_top"},"elements":[{"from":[0,13,0],"to":[3,16,16],"faces":{"north":{"uv":[0,0,3,3],"texture":"#top1","cullface":"north"},"east":{"uv":[16,0,0,3],"texture":"#top"},"south":{"uv":[13,0,16,3],"texture":"#top1","cullface":"south"},"west":{"uv":[0,0,16,3],"texture":"#top","cullface":"west"},"up":{"uv":[3,0,6,16],"texture":"#top1","cullface":"up"},"down":{"uv":[10,16,13,0],"texture":"#top1"}}},{"from":[0,0,0],"to":[3,13,3],"faces":{"north":{"uv":[0,3,3,16],"texture":"#top1","cullface":"north"},"east":{"uv":[3,3,0,16],"texture":"#top"},"south":{"uv":[0,3,3,16],"texture":"#top2"},"west":{"uv":[0,3,3,16],"texture":"#top","cullface":"west"}}},{"from":[0,0,13],"to":[3,13,16],"faces":{"north":{"uv":[13,3,16,16],"texture":"#top2"},"east":{"uv":[16,3,13,16],"texture":"#top"},"south":{"uv":[13,3,16,16],"texture":"#top1","cullface":"south"},"west":{"uv":[13,3,16,16],"texture":"#top","cullface":"west"}}},{"from":[0,0,3],"to":[3,3,13],"faces":{"east":{"uv":[13,13,3,16],"texture":"#top"},"west":{"uv":[3,13,13,16],"texture":"#top","cullface":"west"},"up":{"uv":[3,13,13,16],"rotation":90,"texture":"#top2"},"down":{"uv":[13,15,3,16],"rotation":90,"texture":"#top"}}},{"from":[1,6,6],"to":[2,10,10],"faces":{"north":{"uv":[6,6,7,10],"texture":"#top"},"east":{"uv":[10,6,6,10],"texture":"#top"},"south":{"uv":[9,6,10,10],"texture":"#top"},"west":{"uv":[6,6,10,10],"texture":"#top"},"up":{"uv":[6,6,10,7],"rotation":90,"texture":"#top"},"down":{"uv":[10,9,6,10],"rotation":90,"texture":"#top"}}},{"from":[1,3,3],"to":[2,5,5],"faces":{"east":{"uv":[5,11,3,13],"texture":"#top"},"south":{"uv":[4,11,5,13],"texture":"#top"},"west":{"uv":[3,11,5,13],"texture":"#top"},"up":{"uv":[3,11,5,12],"rotation":90,"texture":"#top"}}},{"from":[1,11,3],"to":[2,13,5],"faces":{"east":{"uv":[5,3,3,5],"texture":"#top"},"south":{"uv":[4,3,5,5],"texture":"#top"},"west":{"uv":[3,3,5,5],"texture":"#top"},"down":{"uv":[5,4,3,5],"rotation":90,"texture":"#top"}}},{"from":[1,11,11],"to":[2,13,13],"faces":{"north":{"uv":[11,3,12,5],"texture":"#top"},"east":{"uv":[13,3,11,5],"texture":"#top"},"west":{"uv":[11,3,13,5],"texture":"#top"},"down":{"uv":[13,4,11,5],"rotation":90,"texture":"#top"}}},{"from":[1,3,11],"to":[2,5,13],"faces":{"north":{"uv":[11,11,12,13],"texture":"#top"},"east":{"uv":[13,11,11,13],"texture":"#top"},"west":{"uv":[11,11,13,13],"texture":"#top"},"up":{"uv":[11,11,13,12],"rotation":90,"texture":"#top"}}},{"from":[1,5,4],"to":[2,6,7],"faces":{"north":{"uv":[4,10,5,11],"texture":"#top"},"east":{"uv":[7,10,4,11],"texture":"#top"},"south":{"uv":[6,10,7,11],"texture":"#top"},"west":{"uv":[4,10,7,11],"texture":"#top"},"up":{"uv":[4,10,7,11],"rotation":90,"texture":"#top"},"down":{"uv":[7,10,4,11],"rotation":90,"texture":"#top"}}},{"from":[1,4,5],"to":[2,7,6],"faces":{"north":{"uv":[5,9,6,12],"texture":"#top"},"east":{"uv":[5,9,6,12],"texture":"#top"},"south":{"uv":[5,9,6,12],"texture":"#top"},"west":{"uv":[5,9,6,12],"texture":"#top"},"up":{"uv":[5,9,6,10],"texture":"#top"},"down":{"uv":[5,11,6,12],"texture":"#top"}}},{"from":[1,9,5],"to":[2,12,6],"faces":{"north":{"uv":[5,4,6,7],"texture":"#top"},"east":{"uv":[5,4,6,7],"texture":"#top"},"south":{"uv":[5,4,6,7],"texture":"#top"},"west":{"uv":[5,4,6,7],"texture":"#top"},"up":{"uv":[5,4,6,5],"texture":"#top"},"down":{"uv":[5,6,6,7],"texture":"#top"}}},{"from":[1,10,4],"to":[2,11,7],"faces":{"north":{"uv":[4,5,5,6],"texture":"#top"},"east":{"uv":[7,5,4,6],"texture":"#top"},"south":{"uv":[6,5,7,6],"texture":"#top"},"west":{"uv":[4,5,7,6],"texture":"#top"},"up":{"uv":[4,5,7,6],"rotation":90,"texture":"#top"},"down":{"uv":[7,5,4,6],"rotation":90,"texture":"#top"}}},{"from":[1,10,9],"to":[2,11,12],"faces":{"north":{"uv":[9,5,10,6],"texture":"#top"},"east":{"uv":[12,5,9,6],"texture":"#top"},"south":{"uv":[11,5,12,6],"texture":"#top"},"west":{"uv":[9,5,12,6],"texture":"#top"},"up":{"uv":[9,5,12,6],"rotation":90,"texture":"#top"},"down":{"uv":[12,5,9,6],"rotation":90,"texture":"#top"}}},{"from":[1,9,10],"to":[2,12,11],"faces":{"north":{"uv":[11,4,10,7],"texture":"#top"},"east":{"uv":[10,4,11,7],"texture":"#top"},"south":{"uv":[11,4,10,7],"texture":"#top"},"west":{"uv":[10,4,11,7],"texture":"#top"},"up":{"uv":[10,4,11,5],"texture":"#top"},"down":{"uv":[10,6,11,7],"texture":"#top"}}},{"from":[1,4,10],"to":[2,7,11],"faces":{"north":{"uv":[11,9,10,12],"texture":"#top"},"east":{"uv":[10,9,11,12],"texture":"#top"},"south":{"uv":[11,9,10,12],"texture":"#top"},"west":{"uv":[10,9,11,12],"texture":"#top"},"up":{"uv":[10,9,11,10],"texture":"#top"},"down":{"uv":[10,11,11,12],"texture":"#top"}}},{"from":[1,5,9],"to":[2,6,12],"faces":{"north":{"uv":[9,10,10,11],"texture":"#top"},"east":{"uv":[12,10,9,11],"texture":"#top"},"south":{"uv":[11,10,12,11],"texture":"#top"},"west":{"uv":[9,10,12,11],"texture":"#top"},"up":{"uv":[9,10,12,11],"rotation":90,"texture":"#top"},"down":{"uv":[12,10,9,11],"rotation":90,"texture":"#top"}}},{"from":[-0.99,0,11.01],"to":[4,0.99,12.99],"faces":{"north":{"uv":[11,15,12,16],"texture":"#top"},"east":{"uv":[13,15,11,16],"texture":"#top"},"south":{"uv":[12,15,13,16],"texture":"#top"},"west":{"uv":[11,15,13,16],"texture":"#top","cullface":"west"},"up":{"uv":[11,15,13,16],"rotation":90,"texture":"#top"}}}]}