{"__comment":"Designed by GeForceLegend","parent":"block/cube_all","textures":{"all":"block/copper_ore"},"elements":[{"from":[0.5,0.5,0.5],"to":[15.5,15.5,15.5],"faces":{"north":{"uv":[0.4706,0.4706,15.5294,15.5294],"texture":"#all","cullface":"north"},"east":{"uv":[0.4706,0.4706,15.5294,15.5294],"texture":"#all","cullface":"east"},"south":{"uv":[0.4706,0.4706,15.5294,15.5294],"texture":"#all","cullface":"south"},"west":{"uv":[0.4706,0.4706,15.5294,15.5294],"texture":"#all","cullface":"west"},"up":{"uv":[0.4706,0.4706,15.5294,15.5294],"texture":"#all","cullface":"up"},"down":{"uv":[0.4706,0.4706,15.5294,15.5294],"texture":"#all","cullface":"down"}}},{"from":[0,14,0],"to":[5,16,2],"faces":{"north":{"uv":[11,0,16,2],"texture":"#all","cullface":"north"},"south":{"uv":[0,1,5,2],"texture":"#all","cullface":"up"},"west":{"uv":[0,0,2,2],"texture":"#all","cullface":"west"},"up":{"uv":[0,0,5,2],"texture":"#all","cullface":"up"},"down":{"uv":[16,1,11,2],"texture":"#all","cullface":"north"}}},{"from":[11,14,0],"to":[16,16,2],"faces":{"north":{"uv":[0,0,5,2],"texture":"#all","cullface":"north"},"east":{"uv":[14,0,16,2],"texture":"#all","cullface":"east"},"south":{"uv":[11,1,16,2],"texture":"#all","cullface":"up"},"up":{"uv":[11,0,16,2],"texture":"#all","cullface":"up"},"down":{"uv":[5,1,0,2],"texture":"#all","cullface":"north"}}},{"from":[0,14,14],"to":[16,16,16],"faces":{"north":{"uv":[16,14,0,15],"texture":"#all","cullface":"up"},"east":{"uv":[0,0,2,2],"texture":"#all","cullface":"east"},"south":{"uv":[0,0,16,2],"texture":"#all","cullface":"south"},"west":{"uv":[14,0,16,2],"texture":"#all","cullface":"west"},"up":{"uv":[0,14,16,16],"texture":"#all","cullface":"up"},"down":{"uv":[0,2,16,1],"texture":"#all","cullface":"south"}}},{"from":[0,14,9],"to":[1,16,14],"faces":{"east":{"uv":[0,9,1,14],"rotation":90,"texture":"#all","cullface":"up"},"west":{"uv":[9,0,14,2],"texture":"#all","cullface":"west"},"up":{"uv":[0,9,1,14],"texture":"#all","cullface":"up"},"down":{"uv":[14,1,9,2],"rotation":90,"texture":"#all","cullface":"west"}}},{"from":[15,14,2],"to":[16,16,14],"faces":{"east":{"uv":[2,0,14,2],"texture":"#all","cullface":"east"},"west":{"uv":[15,14,16,2],"rotation":90,"texture":"#all","cullface":"up"},"up":{"uv":[15,2,16,14],"texture":"#all","cullface":"up"},"down":{"uv":[2,2,14,1],"rotation":90,"texture":"#all","cullface":"east"}}},{"from":[9,15,13],"to":[13,16,14],"faces":{"north":{"uv":[13,13,9,14],"texture":"#all","cullface":"up"},"east":{"uv":[12,13,13,14],"texture":"#all","cullface":"up"},"west":{"uv":[9,13,10,14],"texture":"#all","cullface":"up"},"up":{"uv":[9,13,13,14],"texture":"#all","cullface":"up"}}},{"from":[4,15,13],"to":[6,16,14],"faces":{"north":{"uv":[6,13,4,14],"texture":"#all","cullface":"up"},"east":{"uv":[5,13,6,14],"texture":"#all","cullface":"up"},"west":{"uv":[4,13,5,14],"texture":"#all","cullface":"up"},"up":{"uv":[4,13,6,14],"texture":"#all","cullface":"up"}}},{"from":[1,15,10],"to":[2,16,14],"faces":{"north":{"uv":[1,10,2,11],"texture":"#all","cullface":"up"},"east":{"uv":[1,10,2,14],"rotation":90,"texture":"#all","cullface":"up"},"up":{"uv":[1,10,2,14],"texture":"#all","cullface":"up"}}},{"from":[2,15,12],"to":[5,16,13],"faces":{"east":{"uv":[4,12,5,13],"texture":"#all","cullface":"up"},"south":{"uv":[2,12,5,13],"texture":"#all","cullface":"up"},"up":{"uv":[2,12,5,13],"texture":"#all","cullface":"up"}}},{"from":[2,15,11],"to":[7,16,12],"faces":{"north":{"uv":[7,11,2,12],"texture":"#all","cullface":"up"},"east":{"uv":[6,11,7,12],"texture":"#all","cullface":"up"},"south":{"uv":[2,11,7,12],"texture":"#all","cullface":"up"},"up":{"uv":[2,11,7,12],"texture":"#all","cullface":"up"}}},{"from":[12,15,9],"to":[15,16,13],"faces":{"north":{"uv":[15,9,12,10],"texture":"#all","cullface":"up"},"south":{"uv":[12,12,15,13],"texture":"#all","cullface":"up"},"west":{"uv":[12,9,13,10],"texture":"#all","cullface":"up"},"up":{"uv":[12,9,15,13],"texture":"#all","cullface":"up"}}},{"from":[8,15,11],"to":[12,16,12],"faces":{"south":{"uv":[8,11,12,12],"texture":"#all","cullface":"up"},"west":{"uv":[8,11,9,12],"texture":"#all","cullface":"up"},"up":{"uv":[8,11,12,12],"texture":"#all","cullface":"up"}}},{"from":[10,15,12],"to":[12,16,13],"faces":{"west":{"uv":[10,12,11,13],"texture":"#all","cullface":"up"},"up":{"uv":[10,12,12,13],"texture":"#all","cullface":"up"}}},{"from":[4,15,10],"to":[12,16,11],"faces":{"north":{"uv":[12,10,4,11],"texture":"#all","cullface":"up"},"south":{"uv":[4,10,12,11],"texture":"#all","cullface":"up"},"west":{"uv":[4,10,5,11],"texture":"#all","cullface":"up"},"up":{"uv":[4,10,12,11],"texture":"#all","cullface":"up"}}},{"from":[6,15,9],"to":[11,16,10],"faces":{"north":{"uv":[11,9,6,10],"texture":"#all","cullface":"up"},"east":{"uv":[10,9,11,10],"texture":"#all","cullface":"up"},"west":{"uv":[6,9,7,10],"texture":"#all","cullface":"up"},"up":{"uv":[6,9,11,10],"texture":"#all","cullface":"up"}}},{"from":[5,15,8],"to":[10,16,9],"faces":{"north":{"uv":[10,8,5,9],"texture":"#all","cullface":"up"},"east":{"uv":[9,8,10,9],"texture":"#all","cullface":"up"},"south":{"uv":[5,8,10,9],"texture":"#all","cullface":"up"},"west":{"uv":[5,8,6,9],"texture":"#all","cullface":"up"},"up":{"uv":[5,8,10,9],"texture":"#all","cullface":"up"}}},{"from":[0,13,5],"to":[3,16,9],"faces":{"east":{"uv":[2,5,3,9],"rotation":90,"texture":"#all","cullface":"up"},"south":{"uv":[0,8,3,9],"texture":"#all","cullface":"up"},"west":{"uv":[5,0,9,3],"texture":"#all","cullface":"west"},"up":{"uv":[0,5,3,9],"texture":"#all","cullface":"up"},"down":{"uv":[9,2,5,3],"rotation":90,"texture":"#all","cullface":"west"}}},{"from":[4,15,2],"to":[5,16,4],"faces":{"east":{"uv":[4,2,5,4],"rotation":90,"texture":"#all","cullface":"up"},"south":{"uv":[4,3,5,4],"texture":"#all","cullface":"up"},"west":{"uv":[4,4,5,2],"rotation":90,"texture":"#all","cullface":"up"},"up":{"uv":[4,2,5,4],"texture":"#all","cullface":"up"}}},{"from":[0,14,2],"to":[2,16,5],"faces":{"east":{"uv":[1,2,2,3],"texture":"#all","cullface":"up"},"west":{"uv":[2,0,5,2],"texture":"#all","cullface":"west"},"up":{"uv":[0,2,2,5],"texture":"#all","cullface":"up"},"down":{"uv":[5,1,2,2],"rotation":90,"texture":"#all","cullface":"west"}}},{"from":[2,15,3],"to":[4,16,5],"faces":{"north":{"uv":[4,3,2,4],"texture":"#all","cullface":"up"},"east":{"uv":[3,3,4,5],"rotation":90,"texture":"#all","cullface":"up"},"south":{"uv":[2,4,4,5],"texture":"#all","cullface":"up"},"up":{"uv":[2,3,4,5],"texture":"#all","cullface":"up"}}},{"from":[7,12,0],"to":[9,16,4],"faces":{"north":{"uv":[7,0,9,4],"texture":"#all","cullface":"north"},"east":{"uv":[7,0,8,4],"texture":"#all","cullface":"north"},"south":{"uv":[7,3,9,4],"texture":"#all","cullface":"up"},"west":{"uv":[7,4,8,0],"rotation":90,"texture":"#all","cullface":"up"},"up":{"uv":[7,0,9,4],"texture":"#all","cullface":"up"},"down":{"uv":[9,3,7,4],"texture":"#all","cullface":"north"}}},{"from":[3,15,6],"to":[9,16,8],"faces":{"north":{"uv":[9,6,3,7],"texture":"#all","cullface":"up"},"east":{"uv":[8,6,9,8],"rotation":90,"texture":"#all","cullface":"up"},"south":{"uv":[3,7,9,8],"texture":"#all","cullface":"up"},"up":{"uv":[3,6,9,8],"texture":"#all","cullface":"up"}}},{"from":[9,13,0],"to":[11,16,7],"faces":{"north":{"uv":[5,0,7,3],"texture":"#all","cullface":"north"},"east":{"uv":[10,0,11,7],"rotation":90,"texture":"#all","cullface":"up"},"south":{"uv":[9,6,11,7],"texture":"#all","cullface":"up"},"west":{"uv":[9,7,10,0],"rotation":90,"texture":"#all","cullface":"up"},"up":{"uv":[9,0,11,7],"texture":"#all","cullface":"up"},"down":{"uv":[7,2,5,3],"texture":"#all","cullface":"north"}}},{"from":[7,15,5],"to":[9,16,6],"faces":{"north":{"uv":[9,5,7,6],"texture":"#all","cullface":"up"},"west":{"uv":[7,5,8,6],"texture":"#all","cullface":"up"},"up":{"uv":[7,5,9,6],"texture":"#all","cullface":"up"}}},{"from":[11,15,3],"to":[13,16,6],"faces":{"north":{"uv":[13,3,11,4],"texture":"#all","cullface":"up"},"south":{"uv":[11,5,13,6],"texture":"#all","cullface":"up"},"up":{"uv":[11,3,13,6],"texture":"#all","cullface":"up"}}},{"from":[13,15,2],"to":[15,16,7],"faces":{"south":{"uv":[13,6,15,7],"texture":"#all","cullface":"up"},"west":{"uv":[13,7,14,2],"rotation":90,"texture":"#all","cullface":"up"},"up":{"uv":[13,2,15,7],"texture":"#all","cullface":"up"}}},{"from":[14,15,7],"to":[15,16,8],"faces":{"south":{"uv":[14,7,15,8],"texture":"#all","cullface":"up"},"west":{"uv":[14,7,15,8],"texture":"#all","cullface":"up"},"up":{"uv":[14,7,15,8],"texture":"#all","cullface":"up"}}},{"from":[1,0,14],"to":[16,2,16],"faces":{"north":{"uv":[1,1,16,2],"rotation":180,"texture":"#all","cullface":"down"},"east":{"uv":[0,14,2,16],"texture":"#all","cullface":"east"},"south":{"uv":[1,14,16,16],"texture":"#all","cullface":"south"},"up":{"uv":[1,14,16,15],"texture":"#all","cullface":"south"},"down":{"uv":[1,0,16,2],"texture":"#all","cullface":"down"}}},{"from":[0,0,0],"to":[15,2,2],"faces":{"north":{"uv":[1,14,16,16],"texture":"#all","cullface":"north"},"south":{"uv":[15,14,0,15],"rotation":180,"texture":"#all","cullface":"down"},"west":{"uv":[0,14,2,16],"texture":"#all","cullface":"west"},"up":{"uv":[16,15,1,14],"texture":"#all","cullface":"north"},"down":{"uv":[0,14,15,16],"texture":"#all","cullface":"down"}}},{"from":[0,0,2],"to":[1,2,16],"faces":{"east":{"uv":[0,0,1,14],"rotation":270,"texture":"#all","cullface":"down"},"south":{"uv":[0,14,1,16],"texture":"#all","cullface":"south"},"west":{"uv":[2,14,16,16],"texture":"#all","cullface":"west"},"up":{"uv":[16,14,2,15],"rotation":90,"texture":"#all","cullface":"west"},"down":{"uv":[0,0,1,14],"texture":"#all","cullface":"down"}}},{"from":[15,0,0],"to":[16,2,14],"faces":{"north":{"uv":[0,14,1,16],"texture":"#all","cullface":"north"},"east":{"uv":[2,14,16,16],"texture":"#all","cullface":"east"},"west":{"uv":[15,16,16,2],"rotation":270,"texture":"#all","cullface":"down"},"up":{"uv":[2,14,16,15],"rotation":90,"texture":"#all","cullface":"east"},"down":{"uv":[15,2,16,16],"texture":"#all","cullface":"down"}}},{"from":[9,0,2],"to":[13,1,3],"faces":{"east":{"uv":[12,13,13,14],"texture":"#all","cullface":"down"},"south":{"uv":[13,13,9,14],"rotation":180,"texture":"#all","cullface":"down"},"west":{"uv":[9,13,10,14],"texture":"#all","cullface":"down"},"down":{"uv":[9,13,13,14],"texture":"#all","cullface":"down"}}},{"from":[4,0,2],"to":[6,1,3],"faces":{"east":{"uv":[5,13,6,14],"texture":"#all","cullface":"down"},"south":{"uv":[6,13,4,14],"rotation":180,"texture":"#all","cullface":"down"},"west":{"uv":[4,13,5,14],"texture":"#all","cullface":"down"},"down":{"uv":[4,13,6,14],"texture":"#all","cullface":"down"}}},{"from":[1,0,2],"to":[2,1,6],"faces":{"east":{"uv":[1,10,2,14],"rotation":270,"texture":"#all","cullface":"down"},"south":{"uv":[1,10,2,11],"rotation":180,"texture":"#all","cullface":"down"},"down":{"uv":[1,10,2,14],"texture":"#all","cullface":"down"}}},{"from":[2,0,3],"to":[5,1,4],"faces":{"north":{"uv":[2,12,5,13],"rotation":180,"texture":"#all","cullface":"down"},"east":{"uv":[4,12,5,13],"texture":"#all","cullface":"down"},"down":{"uv":[2,12,5,13],"texture":"#all","cullface":"down"}}},{"from":[2,0,4],"to":[7,1,5],"faces":{"north":{"uv":[2,11,7,12],"rotation":180,"texture":"#all","cullface":"down"},"east":{"uv":[6,11,7,12],"rotation":180,"texture":"#all","cullface":"down"},"south":{"uv":[7,11,2,12],"rotation":180,"texture":"#all","cullface":"down"},"down":{"uv":[2,11,7,12],"texture":"#all","cullface":"down"}}},{"from":[4,0,5],"to":[12,1,6],"faces":{"north":{"uv":[4,10,12,11],"rotation":180,"texture":"#all","cullface":"down"},"south":{"uv":[12,10,4,11],"rotation":180,"texture":"#all","cullface":"down"},"west":{"uv":[4,10,5,11],"texture":"#all","cullface":"down"},"down":{"uv":[4,10,12,11],"texture":"#all","cullface":"down"}}},{"from":[12,0,3],"to":[15,1,7],"faces":{"north":{"uv":[12,12,15,13],"rotation":180,"texture":"#all","cullface":"down"},"south":{"uv":[15,9,12,10],"rotation":180,"texture":"#all","cullface":"down"},"west":{"uv":[12,9,13,10],"texture":"#all","cullface":"down"},"down":{"uv":[12,9,15,13],"texture":"#all","cullface":"down"}}},{"from":[8,0,4],"to":[12,1,5],"faces":{"north":{"uv":[8,11,12,12],"rotation":180,"texture":"#all","cullface":"down"},"west":{"uv":[8,11,9,12],"texture":"#all","cullface":"down"},"down":{"uv":[8,11,12,12],"texture":"#all","cullface":"down"}}},{"from":[10,0,3],"to":[12,1,4],"faces":{"west":{"uv":[10,12,11,13],"rotation":180,"texture":"#all","cullface":"down"},"down":{"uv":[10,12,12,13],"texture":"#all","cullface":"down"}}},{"from":[6,0,6],"to":[11,1,7],"faces":{"east":{"uv":[10,9,11,10],"texture":"#all","cullface":"down"},"south":{"uv":[11,9,6,10],"rotation":180,"texture":"#all","cullface":"down"},"west":{"uv":[6,9,7,10],"texture":"#all","cullface":"down"},"down":{"uv":[6,9,11,10],"texture":"#all","cullface":"down"}}},{"from":[5,0,7],"to":[10,1,8],"faces":{"north":{"uv":[5,8,10,9],"rotation":180,"texture":"#all","cullface":"down"},"east":{"uv":[9,8,10,9],"texture":"#all","cullface":"down"},"south":{"uv":[10,8,5,9],"rotation":180,"texture":"#all","cullface":"down"},"west":{"uv":[5,8,6,9],"texture":"#all","cullface":"down"},"down":{"uv":[5,8,10,9],"texture":"#all","cullface":"down"}}},{"from":[1,0,7],"to":[3,1,12],"faces":{"north":{"uv":[1,8,3,9],"rotation":180,"texture":"#all","cullface":"down"},"east":{"uv":[2,4,3,9],"rotation":270,"texture":"#all","cullface":"down"},"down":{"uv":[1,4,3,9],"texture":"#all","cullface":"down"}}},{"from":[3,0,8],"to":[9,1,10],"faces":{"north":{"uv":[3,7,9,8],"rotation":180,"texture":"#all","cullface":"down"},"east":{"uv":[8,7,9,8],"texture":"#all","cullface":"down"},"south":{"uv":[9,6,3,7],"rotation":180,"texture":"#all","cullface":"down"},"down":{"uv":[3,6,9,8],"texture":"#all","cullface":"down"}}},{"from":[9,0,9],"to":[11,1,14],"faces":{"north":{"uv":[9,6,11,7],"rotation":180,"texture":"#all","cullface":"down"},"east":{"uv":[10,2,11,7],"rotation":270,"texture":"#all","cullface":"down"},"west":{"uv":[9,4,10,5],"texture":"#all","cullface":"down"},"down":{"uv":[9,2,11,7],"texture":"#all","cullface":"down"}}},{"from":[7,0,10],"to":[9,1,11],"faces":{"south":{"uv":[7,5,9,6],"texture":"#all","cullface":"down"},"west":{"uv":[7,5,8,6],"texture":"#all","cullface":"down"},"down":{"uv":[7,5,9,6],"texture":"#all","cullface":"down"}}},{"from":[1,0,12],"to":[5,1,13],"faces":{"north":{"uv":[1,3,5,4],"rotation":180,"texture":"#all","cullface":"down"},"east":{"uv":[4,3,5,4],"texture":"#all","cullface":"down"},"south":{"uv":[5,3,1,4],"rotation":180,"texture":"#all","cullface":"down"},"down":{"uv":[1,3,5,4],"texture":"#all","cullface":"down"}}},{"from":[1,0,13],"to":[2,1,14],"faces":{"east":{"uv":[1,2,2,3],"rotation":180,"texture":"#all","cullface":"down"},"down":{"uv":[1,2,2,3],"texture":"#all","cullface":"down"}}},{"from":[3,0,11],"to":[4,1,12],"faces":{"north":{"uv":[3,4,4,5],"rotation":180,"texture":"#all","cullface":"down"},"east":{"uv":[3,4,4,5],"texture":"#all","cullface":"down"},"down":{"uv":[3,4,4,5],"texture":"#all","cullface":"down"}}},{"from":[4,0,13],"to":[9,1,14],"faces":{"north":{"uv":[4,2,9,3],"rotation":180,"texture":"#all","cullface":"down"},"west":{"uv":[4,2,5,3],"texture":"#all","cullface":"down"},"down":{"uv":[4,2,9,3],"texture":"#all","cullface":"down"}}},{"from":[7,0,12],"to":[9,1,13],"faces":{"north":{"uv":[7,3,9,4],"rotation":180,"texture":"#all","cullface":"down"},"west":{"uv":[7,3,8,4],"texture":"#all","cullface":"down"},"down":{"uv":[7,3,9,4],"texture":"#all","cullface":"down"}}},{"from":[11,0,10],"to":[13,1,13],"faces":{"north":{"uv":[11,5,13,6],"rotation":180,"texture":"#all","cullface":"down"},"south":{"uv":[13,3,11,4],"rotation":180,"texture":"#all","cullface":"down"},"down":{"uv":[11,3,13,6],"texture":"#all","cullface":"down"}}},{"from":[13,0,9],"to":[15,1,14],"faces":{"north":{"uv":[13,6,15,7],"rotation":180,"texture":"#all","cullface":"down"},"west":{"uv":[13,7,14,2],"rotation":270,"texture":"#all","cullface":"down"},"down":{"uv":[13,2,15,7],"texture":"#all","cullface":"down"}}},{"from":[14,0,8],"to":[15,1,9],"faces":{"north":{"uv":[14,7,15,8],"rotation":180,"texture":"#all","cullface":"down"},"west":{"uv":[14,7,15,8],"texture":"#all","cullface":"down"},"down":{"uv":[14,7,15,8],"texture":"#all","cullface":"down"}}},{"from":[0,2,0],"to":[1,14,1],"faces":{"north":{"uv":[15,2,16,14],"texture":"#all","cullface":"north"},"east":{"uv":[15,2,16,14],"texture":"#all","cullface":"north"},"south":{"uv":[0,2,1,14],"texture":"#all","cullface":"west"},"west":{"uv":[0,2,1,14],"texture":"#all","cullface":"west"}}},{"from":[0,2,15],"to":[1,14,16],"faces":{"north":{"uv":[15,2,16,14],"texture":"#all","cullface":"west"},"east":{"uv":[0,2,1,14],"texture":"#all","cullface":"south"},"south":{"uv":[0,2,1,14],"texture":"#all","cullface":"south"},"west":{"uv":[15,2,16,14],"texture":"#all","cullface":"west"}}},{"from":[15,2,15],"to":[16,14,16],"faces":{"north":{"uv":[0,2,1,14],"texture":"#all","cullface":"east"},"east":{"uv":[0,2,1,14],"texture":"#all","cullface":"east"},"south":{"uv":[15,2,16,14],"texture":"#all","cullface":"south"},"west":{"uv":[15,2,16,14],"texture":"#all","cullface":"south"}}},{"from":[15,2,0],"to":[16,14,1],"faces":{"north":{"uv":[0,2,1,14],"texture":"#all","cullface":"north"},"east":{"uv":[15,2,16,14],"texture":"#all","cullface":"east"},"south":{"uv":[15,2,16,14],"texture":"#all","cullface":"east"},"west":{"uv":[0,2,1,14],"texture":"#all","cullface":"north"}}},{"from":[1,2,15],"to":[2,6,16],"faces":{"east":{"uv":[1,10,2,14],"texture":"#all","cullface":"south"},"south":{"uv":[1,10,2,14],"texture":"#all","cullface":"south"},"up":{"uv":[2,10,1,11],"texture":"#all","cullface":"south"}}},{"from":[2,4,15],"to":[7,5,16],"faces":{"east":{"uv":[6,11,7,12],"texture":"#all","cullface":"south"},"south":{"uv":[2,11,7,12],"texture":"#all","cullface":"south"},"up":{"uv":[2,11,7,12],"texture":"#all","cullface":"south"},"down":{"uv":[2,11,7,12],"texture":"#all","cullface":"south"}}},{"from":[2,3,15],"to":[5,4,16],"faces":{"east":{"uv":[4,12,5,13],"texture":"#all","cullface":"south"},"south":{"uv":[2,12,5,13],"texture":"#all","cullface":"south"},"down":{"uv":[2,12,5,13],"texture":"#all","cullface":"south"}}},{"from":[4,2,15],"to":[6,3,16],"faces":{"east":{"uv":[5,13,6,14],"texture":"#all","cullface":"south"},"south":{"uv":[4,13,6,14],"texture":"#all","cullface":"south"},"west":{"uv":[4,14,5,13],"texture":"#all","cullface":"south"},"up":{"uv":[4,13,6,14],"texture":"#all","cullface":"south"}}},{"from":[9,2,15],"to":[13,3,16],"faces":{"east":{"uv":[12,13,13,14],"texture":"#all","cullface":"south"},"south":{"uv":[9,13,13,14],"texture":"#all","cullface":"south"},"west":{"uv":[9,14,10,13],"texture":"#all","cullface":"south"},"up":{"uv":[9,13,13,14],"texture":"#all","cullface":"south"}}},{"from":[10,3,15],"to":[12,4,16],"faces":{"south":{"uv":[10,12,12,13],"texture":"#all","cullface":"south"},"west":{"uv":[10,13,11,12],"texture":"#all","cullface":"south"}}},{"from":[8,4,15],"to":[12,5,16],"faces":{"south":{"uv":[8,11,12,12],"texture":"#all","cullface":"south"},"west":{"uv":[8,12,9,11],"texture":"#all","cullface":"south"},"down":{"uv":[8,11,12,12],"texture":"#all","cullface":"south"}}},{"from":[4,5,15],"to":[12,6,16],"faces":{"south":{"uv":[4,10,12,11],"texture":"#all","cullface":"south"},"west":{"uv":[4,11,5,10],"texture":"#all","cullface":"south"},"up":{"uv":[4,10,12,11],"texture":"#all","cullface":"south"},"down":{"uv":[4,10,12,11],"texture":"#all","cullface":"south"}}},{"from":[6,6,15],"to":[11,7,16],"faces":{"east":{"uv":[10,9,11,10],"texture":"#all","cullface":"south"},"south":{"uv":[6,9,11,10],"texture":"#all","cullface":"south"},"west":{"uv":[6,10,7,9],"texture":"#all","cullface":"south"},"up":{"uv":[6,9,11,10],"texture":"#all","cullface":"south"}}},{"from":[5,7,15],"to":[10,8,16],"faces":{"east":{"uv":[9,8,10,9],"texture":"#all","cullface":"south"},"south":{"uv":[5,8,10,9],"texture":"#all","cullface":"south"},"west":{"uv":[5,9,6,8],"texture":"#all","cullface":"south"},"up":{"uv":[5,8,10,9],"texture":"#all","cullface":"south"},"down":{"uv":[5,8,10,9],"texture":"#all","cullface":"south"}}},{"from":[3,8,15],"to":[9,10,16],"faces":{"east":{"uv":[8,6,9,8],"texture":"#all","cullface":"south"},"south":{"uv":[3,6,9,8],"texture":"#all","cullface":"south"},"up":{"uv":[3,6,9,7],"texture":"#all","cullface":"south"},"down":{"uv":[3,7,9,8],"texture":"#all","cullface":"south"}}},{"from":[12,3,15],"to":[15,7,16],"faces":{"south":{"uv":[12,9,15,13],"texture":"#all","cullface":"south"},"west":{"uv":[12,9,13,13],"texture":"#all","cullface":"south"},"up":{"uv":[12,9,15,10],"texture":"#all","cullface":"south"},"down":{"uv":[12,12,15,13],"texture":"#all","cullface":"south"}}},{"from":[14,8,15],"to":[15,9,16],"faces":{"south":{"uv":[14,7,15,8],"texture":"#all","cullface":"south"},"west":{"uv":[14,8,15,7],"texture":"#all","cullface":"south"},"down":{"uv":[14,7,15,8],"texture":"#all","cullface":"south"}}},{"from":[13,9,15],"to":[15,14,16],"faces":{"south":{"uv":[13,2,15,7],"texture":"#all","cullface":"south"},"west":{"uv":[13,2,14,7],"texture":"#all","cullface":"south"},"down":{"uv":[13,6,15,7],"texture":"#all","cullface":"south"}}},{"from":[11,10,15],"to":[13,13,16],"faces":{"south":{"uv":[11,3,13,6],"texture":"#all","cullface":"south"},"up":{"uv":[11,3,13,4],"texture":"#all","cullface":"south"},"down":{"uv":[11,5,13,6],"texture":"#all","cullface":"south"}}},{"from":[9,9,15],"to":[11,14,16],"faces":{"east":{"uv":[10,2,11,7],"texture":"#all","cullface":"south"},"south":{"uv":[9,2,11,7],"texture":"#all","cullface":"south"},"west":{"uv":[9,2,10,7],"texture":"#all","cullface":"south"},"down":{"uv":[9,6,11,7],"texture":"#all","cullface":"south"}}},{"from":[7,10,15],"to":[9,11,16],"faces":{"south":{"uv":[7,5,9,6],"texture":"#all","cullface":"south"},"west":{"uv":[7,5,8,6],"texture":"#all","cullface":"south"},"up":{"uv":[7,5,9,6],"texture":"#all","cullface":"south"}}},{"from":[4,13,15],"to":[9,14,16],"faces":{"south":{"uv":[4,2,9,3],"texture":"#all","cullface":"south"},"west":{"uv":[4,3,5,2],"texture":"#all","cullface":"south"},"down":{"uv":[4,2,9,3],"texture":"#all","cullface":"south"}}},{"from":[7,12,15],"to":[9,13,16],"faces":{"south":{"uv":[7,3,9,4],"texture":"#all","cullface":"south"},"west":{"uv":[7,4,8,3],"texture":"#all","cullface":"south"},"down":{"uv":[7,3,9,4],"texture":"#all","cullface":"south"}}},{"from":[1,12,15],"to":[5,13,16],"faces":{"east":{"uv":[4,3,5,4],"texture":"#all","cullface":"south"},"south":{"uv":[1,3,5,4],"texture":"#all","cullface":"south"},"up":{"uv":[1,3,5,4],"texture":"#all","cullface":"south"},"down":{"uv":[1,3,5,4],"texture":"#all","cullface":"south"}}},{"from":[3,11,15],"to":[4,12,16],"faces":{"east":{"uv":[3,4,4,5],"texture":"#all","cullface":"south"},"south":{"uv":[3,4,4,5],"texture":"#all","cullface":"south"},"down":{"uv":[3,4,4,5],"texture":"#all","cullface":"south"}}},{"from":[1,7,15],"to":[3,12,16],"faces":{"east":{"uv":[2,4,3,9],"texture":"#all","cullface":"south"},"south":{"uv":[1,4,3,9],"texture":"#all","cullface":"south"},"down":{"uv":[1,8,3,9],"texture":"#all","cullface":"south"}}},{"from":[1,13,15],"to":[2,14,16],"faces":{"east":{"uv":[1,2,2,3],"texture":"#all","cullface":"south"},"south":{"uv":[1,2,2,3],"texture":"#all","cullface":"south"}}},{"from":[15,2,14],"to":[16,6,15],"faces":{"north":{"uv":[1,10,2,14],"texture":"#all","cullface":"east"},"east":{"uv":[1,10,2,14],"texture":"#all","cullface":"east"},"up":{"uv":[1,10,2,11],"texture":"#all","cullface":"east"}}},{"from":[15,4,9],"to":[16,5,14],"faces":{"north":{"uv":[6,11,7,12],"texture":"#all","cullface":"east"},"east":{"uv":[2,11,7,12],"texture":"#all","cullface":"east"},"up":{"uv":[2,11,7,12],"rotation":270,"texture":"#all","cullface":"east"},"down":{"uv":[2,11,7,12],"rotation":90,"texture":"#all","cullface":"east"}}},{"from":[15,3,11],"to":[16,4,14],"faces":{"north":{"uv":[4,12,5,13],"texture":"#all","cullface":"east"},"east":{"uv":[2,12,5,13],"texture":"#all","cullface":"east"},"down":{"uv":[2,12,5,13],"rotation":90,"texture":"#all","cullface":"east"}}},{"from":[15,2,10],"to":[16,3,12],"faces":{"north":{"uv":[5,13,6,14],"texture":"#all","cullface":"east"},"east":{"uv":[4,13,6,14],"texture":"#all","cullface":"east"},"south":{"uv":[4,14,5,13],"texture":"#all","cullface":"east"},"up":{"uv":[5,13,6,14],"texture":"#all","cullface":"east"}}},{"from":[15,2,3],"to":[16,3,7],"faces":{"north":{"uv":[12,13,13,14],"texture":"#all","cullface":"east"},"east":{"uv":[9,13,13,14],"texture":"#all","cullface":"east"},"south":{"uv":[9,14,10,13],"texture":"#all","cullface":"east"},"up":{"uv":[9,13,10,14],"texture":"#all","cullface":"east"}}},{"from":[15,3,4],"to":[16,4,6],"faces":{"east":{"uv":[10,12,12,13],"texture":"#all","cullface":"east"},"south":{"uv":[10,13,11,12],"texture":"#all","cullface":"east"}}},{"from":[15,4,4],"to":[16,5,8],"faces":{"east":{"uv":[8,11,12,12],"texture":"#all","cullface":"east"},"south":{"uv":[8,12,9,11],"texture":"#all","cullface":"east"},"down":{"uv":[8,11,12,12],"rotation":90,"texture":"#all","cullface":"east"}}},{"from":[15,5,4],"to":[16,6,12],"faces":{"east":{"uv":[4,10,12,11],"texture":"#all","cullface":"east"},"south":{"uv":[4,11,5,10],"texture":"#all","cullface":"east"},"up":{"uv":[4,10,12,11],"rotation":270,"texture":"#all","cullface":"east"},"down":{"uv":[4,10,12,11],"rotation":90,"texture":"#all","cullface":"east"}}},{"from":[15,6,5],"to":[16,7,10],"faces":{"north":{"uv":[10,9,11,10],"texture":"#all","cullface":"east"},"east":{"uv":[6,9,11,10],"texture":"#all","cullface":"east"},"south":{"uv":[6,10,7,9],"texture":"#all","cullface":"east"},"up":{"uv":[10,9,11,10],"texture":"#all","cullface":"east"}}},{"from":[15,7,6],"to":[16,8,11],"faces":{"north":{"uv":[9,8,10,9],"texture":"#all","cullface":"east"},"east":{"uv":[5,8,10,9],"texture":"#all","cullface":"east"},"south":{"uv":[5,9,6,8],"texture":"#all","cullface":"east"},"up":{"uv":[9,8,10,9],"texture":"#all","cullface":"east"},"down":{"uv":[5,8,6,9],"texture":"#all","cullface":"east"}}},{"from":[15,8,7],"to":[16,10,13],"faces":{"north":{"uv":[8,6,9,8],"texture":"#all","cullface":"east"},"east":{"uv":[3,6,9,8],"texture":"#all","cullface":"east"},"up":{"uv":[3,6,9,7],"rotation":270,"texture":"#all","cullface":"east"},"down":{"uv":[3,7,9,8],"rotation":90,"texture":"#all","cullface":"east"}}},{"from":[15,3,1],"to":[16,7,4],"faces":{"east":{"uv":[12,9,15,13],"texture":"#all","cullface":"east"},"south":{"uv":[12,9,13,13],"texture":"#all","cullface":"east"},"up":{"uv":[12,9,15,10],"rotation":270,"texture":"#all","cullface":"east"},"down":{"uv":[12,12,15,13],"rotation":90,"texture":"#all","cullface":"east"}}},{"from":[15,8,1],"to":[16,9,2],"faces":{"east":{"uv":[14,7,15,8],"texture":"#all","cullface":"east"},"south":{"uv":[14,8,15,7],"texture":"#all","cullface":"east"},"down":{"uv":[14,7,15,8],"texture":"#all","cullface":"east"}}},{"from":[15,9,1],"to":[16,14,3],"faces":{"east":{"uv":[13,2,15,7],"texture":"#all","cullface":"east"},"south":{"uv":[13,2,14,7],"texture":"#all","cullface":"east"},"down":{"uv":[13,6,14,7],"texture":"#all","cullface":"east"}}},{"from":[15,10,3],"to":[16,13,5],"faces":{"east":{"uv":[11,3,13,6],"texture":"#all","cullface":"east"},"up":{"uv":[11,3,13,4],"rotation":270,"texture":"#all","cullface":"east"},"down":{"uv":[11,5,13,6],"rotation":90,"texture":"#all","cullface":"east"}}},{"from":[15,9,5],"to":[16,14,7],"faces":{"north":{"uv":[10,2,11,7],"texture":"#all","cullface":"east"},"east":{"uv":[9,2,11,7],"texture":"#all","cullface":"east"},"south":{"uv":[9,2,10,7],"texture":"#all","cullface":"east"},"down":{"uv":[9,6,11,7],"rotation":90,"texture":"#all","cullface":"east"}}},{"from":[15,10,7],"to":[16,11,9],"faces":{"east":{"uv":[7,5,9,6],"texture":"#all","cullface":"east"},"south":{"uv":[7,5,8,6],"texture":"#all","cullface":"east"},"up":{"uv":[7,5,9,6],"rotation":270,"texture":"#all","cullface":"east"}}},{"from":[15,13,7],"to":[16,14,12],"faces":{"east":{"uv":[4,2,9,3],"texture":"#all","cullface":"east"},"south":{"uv":[4,3,5,2],"texture":"#all","cullface":"east"},"down":{"uv":[4,2,9,3],"rotation":90,"texture":"#all","cullface":"east"}}},{"from":[15,12,7],"to":[16,13,9],"faces":{"east":{"uv":[7,3,9,4],"texture":"#all","cullface":"east"},"south":{"uv":[7,4,8,3],"texture":"#all","cullface":"east"},"down":{"uv":[7,3,9,4],"rotation":90,"texture":"#all","cullface":"east"}}},{"from":[15,12,11],"to":[16,13,15],"faces":{"north":{"uv":[4,3,5,4],"texture":"#all","cullface":"east"},"east":{"uv":[1,3,5,4],"texture":"#all","cullface":"east"},"up":{"uv":[1,3,5,4],"rotation":270,"texture":"#all","cullface":"east"},"down":{"uv":[4,3,5,4],"texture":"#all","cullface":"east"}}},{"from":[15,11,12],"to":[16,12,13],"faces":{"north":{"uv":[3,4,4,5],"texture":"#all","cullface":"east"},"east":{"uv":[3,4,4,5],"texture":"#all","cullface":"east"},"down":{"uv":[3,4,4,5],"rotation":90,"texture":"#all","cullface":"east"}}},{"from":[15,7,13],"to":[16,12,15],"faces":{"north":{"uv":[2,4,3,9],"texture":"#all","cullface":"east"},"east":{"uv":[1,4,3,9],"texture":"#all","cullface":"east"},"down":{"uv":[1,8,3,9],"rotation":90,"texture":"#all","cullface":"east"}}},{"from":[15,13,14],"to":[16,14,15],"faces":{"north":{"uv":[1,2,2,3],"texture":"#all","cullface":"east"},"east":{"uv":[1,2,2,3],"texture":"#all","cullface":"east"}}},{"from":[14,2,0],"to":[15,6,1],"faces":{"north":{"uv":[1,10,2,14],"texture":"#all","cullface":"north"},"west":{"uv":[1,10,2,14],"texture":"#all","cullface":"north"},"up":{"uv":[1,10,2,11],"texture":"#all","cullface":"north"}}},{"from":[9,4,0],"to":[14,5,1],"faces":{"north":{"uv":[2,11,7,12],"texture":"#all","cullface":"north"},"west":{"uv":[6,11,7,12],"texture":"#all","cullface":"north"},"up":{"uv":[7,11,2,12],"texture":"#all","cullface":"north"},"down":{"uv":[7,11,2,12],"texture":"#all","cullface":"north"}}},{"from":[11,3,0],"to":[14,4,1],"faces":{"north":{"uv":[2,12,5,13],"texture":"#all","cullface":"north"},"west":{"uv":[4,12,5,13],"texture":"#all","cullface":"north"},"down":{"uv":[5,12,2,13],"texture":"#all","cullface":"north"}}},{"from":[10,2,0],"to":[12,3,1],"faces":{"north":{"uv":[4,13,6,14],"texture":"#all","cullface":"north"},"east":{"uv":[4,14,5,13],"texture":"#all","cullface":"north"},"west":{"uv":[5,13,6,14],"texture":"#all","cullface":"north"},"up":{"uv":[6,13,4,14],"texture":"#all","cullface":"north"}}},{"from":[3,2,0],"to":[7,3,1],"faces":{"north":{"uv":[9,13,13,14],"texture":"#all","cullface":"north"},"east":{"uv":[9,14,10,13],"texture":"#all","cullface":"north"},"west":{"uv":[12,13,13,14],"texture":"#all","cullface":"north"},"up":{"uv":[13,13,9,14],"texture":"#all","cullface":"north"}}},{"from":[4,3,0],"to":[6,4,1],"faces":{"north":{"uv":[10,12,12,13],"texture":"#all","cullface":"north"},"east":{"uv":[10,13,11,12],"texture":"#all","cullface":"north"}}},{"from":[4,4,0],"to":[8,5,1],"faces":{"north":{"uv":[8,11,12,12],"texture":"#all","cullface":"north"},"east":{"uv":[8,12,9,11],"texture":"#all","cullface":"north"},"down":{"uv":[12,11,8,12],"texture":"#all","cullface":"north"}}},{"from":[4,5,0],"to":[12,6,1],"faces":{"north":{"uv":[4,10,12,11],"texture":"#all","cullface":"north"},"east":{"uv":[4,11,5,10],"texture":"#all","cullface":"north"},"up":{"uv":[12,10,4,11],"texture":"#all","cullface":"north"},"down":{"uv":[12,10,4,11],"texture":"#all","cullface":"north"}}},{"from":[5,6,0],"to":[10,7,1],"faces":{"north":{"uv":[6,9,11,10],"texture":"#all","cullface":"north"},"east":{"uv":[6,10,7,9],"texture":"#all","cullface":"north"},"west":{"uv":[10,9,11,10],"texture":"#all","cullface":"north"},"up":{"uv":[11,9,6,10],"texture":"#all","cullface":"north"}}},{"from":[6,7,0],"to":[11,8,1],"faces":{"north":{"uv":[5,8,10,9],"texture":"#all","cullface":"north"},"east":{"uv":[5,9,6,8],"texture":"#all","cullface":"north"},"west":{"uv":[9,8,10,9],"texture":"#all","cullface":"north"},"up":{"uv":[10,8,5,9],"texture":"#all","cullface":"north"},"down":{"uv":[10,8,5,9],"texture":"#all","cullface":"north"}}},{"from":[7,8,0],"to":[13,10,1],"faces":{"north":{"uv":[3,6,9,8],"texture":"#all","cullface":"north"},"west":{"uv":[8,6,9,8],"texture":"#all","cullface":"north"},"up":{"uv":[9,6,3,7],"texture":"#all","cullface":"north"},"down":{"uv":[9,7,3,8],"texture":"#all","cullface":"north"}}},{"from":[1,3,0],"to":[4,7,1],"faces":{"north":{"uv":[12,9,15,13],"texture":"#all","cullface":"north"},"east":{"uv":[12,9,13,13],"texture":"#all","cullface":"north"},"up":{"uv":[15,9,12,10],"texture":"#all","cullface":"north"},"down":{"uv":[15,12,12,13],"texture":"#all","cullface":"north"}}},{"from":[1,8,0],"to":[2,9,1],"faces":{"north":{"uv":[14,7,15,8],"texture":"#all","cullface":"north"},"east":{"uv":[14,8,15,7],"texture":"#all","cullface":"north"},"down":{"uv":[15,7,14,8],"texture":"#all","cullface":"north"}}},{"from":[1,9,0],"to":[3,14,1],"faces":{"north":{"uv":[13,2,15,7],"texture":"#all","cullface":"north"},"east":{"uv":[13,2,14,7],"texture":"#all","cullface":"north"},"down":{"uv":[15,6,13,7],"texture":"#all","cullface":"north"}}},{"from":[3,10,0],"to":[5,13,1],"faces":{"north":{"uv":[11,3,13,6],"texture":"#all","cullface":"north"},"up":{"uv":[13,3,11,4],"texture":"#all","cullface":"north"},"down":{"uv":[13,5,11,6],"texture":"#all","cullface":"north"}}},{"from":[5,9,0],"to":[7,16,3],"faces":{"north":{"uv":[9,0,11,7],"texture":"#all","cullface":"north"},"east":{"uv":[9,0,10,7],"texture":"#all","cullface":"north"},"south":{"uv":[5,2,7,3],"texture":"#all","cullface":"up"},"west":{"uv":[10,0,11,7],"texture":"#all","cullface":"north"},"up":{"uv":[5,0,7,3],"texture":"#all","cullface":"up"},"down":{"uv":[11,6,9,7],"texture":"#all","cullface":"north"}}},{"from":[7,10,0],"to":[9,11,1],"faces":{"north":{"uv":[7,5,9,6],"texture":"#all","cullface":"north"},"east":{"uv":[7,5,8,6],"texture":"#all","cullface":"north"},"up":{"uv":[9,5,7,6],"texture":"#all","cullface":"north"}}},{"from":[11,12,0],"to":[12,14,1],"faces":{"north":{"uv":[4,2,5,4],"texture":"#all","cullface":"north"},"east":{"uv":[4,2,5,4],"texture":"#all","cullface":"north"},"west":{"uv":[4,2,5,4],"texture":"#all","cullface":"north"},"down":{"uv":[4,3,5,4],"texture":"#all","cullface":"north"}}},{"from":[12,11,0],"to":[15,13,1],"faces":{"north":{"uv":[1,3,4,5],"texture":"#all","cullface":"north"},"west":{"uv":[3,3,4,5],"texture":"#all","cullface":"north"},"up":{"uv":[4,3,1,4],"texture":"#all","cullface":"north"},"down":{"uv":[4,4,1,5],"texture":"#all","cullface":"north"}}},{"from":[13,7,0],"to":[15,11,1],"faces":{"north":{"uv":[1,5,3,9],"texture":"#all","cullface":"north"},"west":{"uv":[2,5,3,9],"texture":"#all","cullface":"north"},"down":{"uv":[3,8,1,9],"texture":"#all","cullface":"north"}}},{"from":[14,13,0],"to":[15,14,1],"faces":{"north":{"uv":[1,2,2,3],"texture":"#all","cullface":"north"},"west":{"uv":[1,2,2,3],"texture":"#all","cullface":"north"}}},{"from":[0,13,1],"to":[1,14,2],"faces":{"south":{"uv":[1,2,2,3],"texture":"#all","cullface":"west"},"west":{"uv":[1,2,2,3],"texture":"#all","cullface":"west"}}},{"from":[0,7,1],"to":[1,11,3],"faces":{"south":{"uv":[2,5,3,9],"texture":"#all","cullface":"west"},"west":{"uv":[1,5,3,9],"texture":"#all","cullface":"west"},"down":{"uv":[3,8,1,9],"rotation":90,"texture":"#all","cullface":"west"}}},{"from":[0,11,1],"to":[1,13,4],"faces":{"south":{"uv":[3,3,4,5],"texture":"#all","cullface":"west"},"west":{"uv":[1,3,4,5],"texture":"#all","cullface":"west"},"up":{"uv":[1,3,4,4],"rotation":90,"texture":"#all","cullface":"west"},"down":{"uv":[4,3,1,4],"rotation":90,"texture":"#all","cullface":"west"}}},{"from":[0,12,4],"to":[1,14,5],"faces":{"north":{"uv":[4,2,5,4],"texture":"#all","cullface":"west"},"south":{"uv":[4,2,5,4],"texture":"#all","cullface":"west"},"west":{"uv":[4,2,5,4],"texture":"#all","cullface":"west"},"down":{"uv":[4,3,5,4],"texture":"#all","cullface":"west"}}},{"from":[0,12,7],"to":[1,13,9],"faces":{"north":{"uv":[7,4,8,3],"texture":"#all","cullface":"west"},"west":{"uv":[7,3,9,4],"texture":"#all","cullface":"west"},"down":{"uv":[9,3,7,4],"rotation":90,"texture":"#all","cullface":"west"}}},{"from":[0,9,9],"to":[1,14,11],"faces":{"north":{"uv":[9,2,10,7],"texture":"#all","cullface":"west"},"south":{"uv":[10,2,11,7],"texture":"#all","cullface":"west"},"west":{"uv":[9,2,11,7],"texture":"#all","cullface":"west"},"down":{"uv":[11,6,9,7],"rotation":90,"texture":"#all","cullface":"west"}}},{"from":[0,10,7],"to":[1,11,9],"faces":{"north":{"uv":[7,5,8,6],"texture":"#all","cullface":"west"},"west":{"uv":[7,5,9,6],"texture":"#all","cullface":"west"},"up":{"uv":[7,5,9,6],"rotation":90,"texture":"#all","cullface":"west"}}},{"from":[0,10,11],"to":[1,13,13],"faces":{"west":{"uv":[11,3,13,6],"texture":"#all","cullface":"west"},"up":{"uv":[13,3,11,4],"rotation":270,"texture":"#all","cullface":"west"},"down":{"uv":[13,5,11,6],"rotation":90,"texture":"#all","cullface":"west"}}},{"from":[0,9,13],"to":[1,14,15],"faces":{"north":{"uv":[13,2,14,7],"texture":"#all","cullface":"west"},"west":{"uv":[13,2,15,7],"texture":"#all","cullface":"west"},"down":{"uv":[13,6,14,7],"texture":"#all","cullface":"west"}}},{"from":[0,8,14],"to":[1,9,15],"faces":{"north":{"uv":[14,8,15,7],"texture":"#all","cullface":"west"},"west":{"uv":[14,7,15,8],"texture":"#all","cullface":"west"},"down":{"uv":[14,7,15,8],"texture":"#all","cullface":"west"}}},{"from":[0,3,12],"to":[1,7,15],"faces":{"north":{"uv":[12,9,13,13],"texture":"#all","cullface":"west"},"west":{"uv":[12,9,15,13],"texture":"#all","cullface":"west"},"up":{"uv":[15,9,12,10],"rotation":270,"texture":"#all","cullface":"west"},"down":{"uv":[15,12,12,13],"rotation":90,"texture":"#all","cullface":"west"}}},{"from":[0,8,3],"to":[1,10,9],"faces":{"south":{"uv":[8,6,9,8],"texture":"#all","cullface":"west"},"west":{"uv":[3,6,9,8],"texture":"#all","cullface":"west"},"up":{"uv":[9,6,3,7],"rotation":270,"texture":"#all","cullface":"west"},"down":{"uv":[9,7,3,8],"rotation":90,"texture":"#all","cullface":"west"}}},{"from":[0,7,5],"to":[1,8,10],"faces":{"north":{"uv":[5,9,6,8],"texture":"#all","cullface":"west"},"south":{"uv":[9,8,10,9],"texture":"#all","cullface":"west"},"west":{"uv":[5,8,10,9],"texture":"#all","cullface":"west"},"up":{"uv":[9,8,10,9],"texture":"#all","cullface":"west"},"down":{"uv":[5,8,6,9],"texture":"#all","cullface":"west"}}},{"from":[0,6,6],"to":[1,7,11],"faces":{"north":{"uv":[6,10,7,9],"texture":"#all","cullface":"west"},"south":{"uv":[10,9,11,10],"texture":"#all","cullface":"west"},"west":{"uv":[6,9,11,10],"texture":"#all","cullface":"west"},"up":{"uv":[10,9,11,10],"texture":"#all","cullface":"west"}}},{"from":[0,5,4],"to":[1,6,12],"faces":{"north":{"uv":[4,11,5,10],"texture":"#all","cullface":"west"},"west":{"uv":[4,10,12,11],"texture":"#all","cullface":"west"},"up":{"uv":[12,10,4,11],"rotation":270,"texture":"#all","cullface":"west"},"down":{"uv":[12,10,4,11],"rotation":90,"texture":"#all","cullface":"west"}}},{"from":[0,4,8],"to":[1,5,12],"faces":{"north":{"uv":[8,12,9,11],"texture":"#all","cullface":"west"},"west":{"uv":[8,11,12,12],"texture":"#all","cullface":"west"},"down":{"uv":[12,11,8,12],"rotation":90,"texture":"#all","cullface":"west"}}},{"from":[0,3,10],"to":[1,4,12],"faces":{"north":{"uv":[10,13,11,12],"texture":"#all","cullface":"west"},"west":{"uv":[10,12,12,13],"texture":"#all","cullface":"west"}}},{"from":[0,2,9],"to":[1,3,13],"faces":{"north":{"uv":[9,14,10,13],"texture":"#all","cullface":"west"},"south":{"uv":[12,13,13,14],"texture":"#all","cullface":"west"},"west":{"uv":[9,13,13,14],"texture":"#all","cullface":"west"},"up":{"uv":[9,13,10,14],"texture":"#all","cullface":"west"}}},{"from":[0,2,4],"to":[1,3,6],"faces":{"north":{"uv":[4,14,5,13],"texture":"#all","cullface":"west"},"south":{"uv":[5,13,6,14],"texture":"#all","cullface":"west"},"west":{"uv":[4,13,6,14],"texture":"#all","cullface":"west"},"up":{"uv":[5,13,6,14],"texture":"#all","cullface":"west"}}},{"from":[0,3,2],"to":[1,4,5],"faces":{"south":{"uv":[4,12,5,13],"texture":"#all","cullface":"west"},"west":{"uv":[2,12,5,13],"texture":"#all","cullface":"west"},"down":{"uv":[5,12,2,13],"rotation":90,"texture":"#all","cullface":"west"}}},{"from":[0,4,2],"to":[1,5,7],"faces":{"south":{"uv":[6,11,7,12],"texture":"#all","cullface":"west"},"west":{"uv":[2,11,7,12],"texture":"#all","cullface":"west"},"up":{"uv":[7,11,2,12],"rotation":270,"texture":"#all","cullface":"west"},"down":{"uv":[7,11,2,12],"rotation":90,"texture":"#all","cullface":"west"}}},{"from":[0,2,1],"to":[1,6,2],"faces":{"south":{"uv":[1,10,2,14],"texture":"#all","cullface":"west"},"west":{"uv":[1,10,2,14],"texture":"#all","cullface":"west"},"up":{"uv":[1,10,2,11],"texture":"#all","cullface":"west"}}}]}