{"__comment":"Designed by GeForceLegend","parent":"block/trapdoor_display","textures":{"texture":"block/dark_oak_trapdoor1","particle":"block/dark_oak_trapdoor"},"elements":[{"from":[2,0,14],"to":[14,3,16],"faces":{"north":{"uv":[14,14,2,15],"texture":"#particle"},"south":{"uv":[2,13,14,16],"texture":"#texture","cullface":"south"},"up":{"uv":[2,14,14,16],"texture":"#particle"},"down":{"uv":[2,16,14,14],"texture":"#particle","cullface":"down"}}},{"from":[0,0,0],"to":[2,3,16],"faces":{"north":{"uv":[2,0,0,3],"texture":"#texture","cullface":"north"},"east":{"uv":[1,0,2,16],"rotation":90,"texture":"#particle"},"south":{"uv":[0,13,2,16],"texture":"#texture","cullface":"south"},"west":{"uv":[16,10,0,13],"texture":"#texture","cullface":"west"},"up":{"uv":[0,0,2,16],"texture":"#particle"},"down":{"uv":[0,16,2,0],"texture":"#particle","cullface":"down"}}},{"from":[2,0,6],"to":[14,3,10],"faces":{"north":{"uv":[14,6,2,7],"texture":"#particle"},"south":{"uv":[2,9,14,10],"texture":"#particle"},"up":{"uv":[2,6,14,10],"texture":"#particle"},"down":{"uv":[2,10,14,6],"texture":"#particle","cullface":"down"}}},{"from":[2,0,0],"to":[14,3,2],"faces":{"north":{"uv":[14,0,2,3],"texture":"#texture","cullface":"north"},"south":{"uv":[2,1,14,2],"texture":"#particle"},"up":{"uv":[2,0,14,2],"texture":"#particle"},"down":{"uv":[2,2,14,0],"texture":"#particle","cullface":"down"}}},{"from":[2,1,2],"to":[14,2,14],"faces":{"up":{"uv":[2,2,14,14],"texture":"#particle"},"down":{"uv":[2,14,14,2],"texture":"#particle","cullface":"down"}}},{"from":[6,0,2],"to":[10,3,14],"faces":{"east":{"uv":[9,2,10,14],"rotation":90,"texture":"#particle"},"west":{"uv":[6,14,7,2],"rotation":90,"texture":"#particle"},"up":{"uv":[6,2,10,14],"texture":"#particle"},"down":{"uv":[6,14,10,2],"texture":"#particle","cullface":"down"}}},{"from":[14,0,0],"to":[16,3,16],"faces":{"north":{"uv":[16,0,14,3],"texture":"#texture","cullface":"north"},"east":{"uv":[16,3,0,6],"texture":"#texture","cullface":"east"},"south":{"uv":[14,13,16,16],"texture":"#texture","cullface":"south"},"west":{"uv":[14,16,15,0],"rotation":90,"texture":"#particle"},"up":{"uv":[14,0,16,16],"texture":"#particle"},"down":{"uv":[14,16,16,0],"texture":"#particle","cullface":"down"}}}]}