{"__comment":"Designed by GeForceLegend","parent":"block/display_orientable","ambientocclusion":false,"textures":{"particle":"block/dispenser_front","front":"block/dispenser_front","top":"block/furnace_top","inside":"block/furnace_inside"},"elements":[{"from":[0,0,0],"to":[16,4,16],"faces":{"north":{"uv":[0,12,16,16],"texture":"#front","cullface":"north"},"east":{"uv":[0,12,16,16],"texture":"#top","cullface":"east"},"west":{"uv":[0,12,16,16],"texture":"#top","cullface":"west"},"up":{"uv":[0,0,16,16],"texture":"#inside","cullface":"north"},"down":{"uv":[0,0,16,16],"texture":"#top","cullface":"down"}}},{"from":[0,8,0],"to":[16,16,16],"faces":{"north":{"uv":[0,0,16,8],"texture":"#front","cullface":"north"},"east":{"uv":[0,0,16,8],"texture":"#top","cullface":"east"},"west":{"uv":[0,0,16,8],"texture":"#top","cullface":"west"},"up":{"uv":[0,0,16,16],"texture":"#top","cullface":"up"},"down":{"uv":[0,0,16,16],"texture":"#inside","cullface":"north"}}},{"from":[6,4,0],"to":[7,5,16],"faces":{"north":{"uv":[9,11,10,12],"texture":"#front","cullface":"north"},"east":{"uv":[4,0,5,16],"rotation":90,"texture":"#inside","cullface":"north"},"up":{"uv":[6,0,7,16],"texture":"#inside","cullface":"north"}}},{"from":[6,7,0],"to":[7,8,16],"faces":{"north":{"uv":[9,8,10,9],"texture":"#front","cullface":"north"},"east":{"uv":[5,0,6,16],"rotation":90,"texture":"#inside","cullface":"north"},"down":{"uv":[6,0,7,16],"texture":"#inside","cullface":"north"}}},{"from":[0,4,0],"to":[6,8,16],"faces":{"north":{"uv":[10,8,16,12],"texture":"#front","cullface":"north"},"east":{"uv":[8,0,10,16],"rotation":90,"texture":"#inside","cullface":"north"},"west":{"uv":[0,8,16,12],"texture":"#top","cullface":"west"}}},{"from":[9,4,0],"to":[10,5,16],"faces":{"north":{"uv":[6,11,7,12],"texture":"#front","cullface":"north"},"west":{"uv":[7,0,8,16],"rotation":90,"texture":"#inside","cullface":"north"},"up":{"uv":[9,0,10,16],"texture":"#inside","cullface":"north"}}},{"from":[9,7,0],"to":[10,8,16],"faces":{"north":{"uv":[6,8,7,9],"texture":"#front","cullface":"north"},"west":{"uv":[7,0,8,16],"rotation":90,"texture":"#inside","cullface":"north"},"down":{"uv":[9,0,10,16],"texture":"#inside","cullface":"north"}}},{"from":[10,4,0],"to":[16,8,16],"faces":{"north":{"uv":[0,8,6,12],"texture":"#front","cullface":"north"},"east":{"uv":[0,8,16,12],"texture":"#top","cullface":"east"},"west":{"uv":[4,0,6,16],"rotation":90,"texture":"#inside","cullface":"north"}}},{"from":[7,4,4],"to":[9,5,16],"faces":{"north":{"uv":[10,2,12,3],"texture":"#inside","cullface":"north"},"up":{"uv":[11,3,13,15],"texture":"#inside","cullface":"north"}}},{"from":[9,5,4],"to":[10,7,16],"faces":{"north":{"uv":[13,2,15,3],"rotation":90,"texture":"#inside","cullface":"north"},"west":{"uv":[6,3,8,15],"rotation":270,"texture":"#inside","cullface":"north"}}},{"from":[6,5,4],"to":[7,7,16],"faces":{"north":{"uv":[12,2,14,3],"rotation":90,"texture":"#inside","cullface":"north"},"east":{"uv":[8,1,10,13],"rotation":270,"texture":"#inside","cullface":"north"}}},{"from":[7,7,4],"to":[9,8,16],"faces":{"north":{"uv":[5,2,7,3],"texture":"#inside","cullface":"north"},"down":{"uv":[8,15,6,3],"texture":"#inside","cullface":"north"}}},{"from":[0,0,8],"to":[16,16,16],"faces":{"north":{"uv":[0,0,16,16],"texture":"#inside","cullface":"north"},"south":{"uv":[0,0,16,16],"texture":"#top","cullface":"south"}}}]}