{"__comment":"Designed by GeForceLegend","parent":"block/cube_all","textures":{"all":"block/emerald_ore"},"elements":[{"from":[0.5,0.5,0.5],"to":[15.5,15.5,15.5],"faces":{"north":{"uv":[0.4706,0.4706,15.5294,15.5294],"texture":"#all","cullface":"north"},"east":{"uv":[0.4706,0.4706,15.5294,15.5294],"texture":"#all","cullface":"east"},"south":{"uv":[0.4706,0.4706,15.5294,15.5294],"texture":"#all","cullface":"south"},"west":{"uv":[0.4706,0.4706,15.5294,15.5294],"texture":"#all","cullface":"west"},"up":{"uv":[0.4706,0.4706,15.5294,15.5294],"texture":"#all","cullface":"up"},"down":{"uv":[0.4706,0.4706,15.5294,15.5294],"texture":"#all","cullface":"down"}}},{"from":[0,14,0],"to":[16,16,2],"faces":{"north":{"uv":[0,0,16,2],"texture":"#all","cullface":"north"},"east":{"uv":[14,0,16,2],"texture":"#all","cullface":"east"},"south":{"uv":[0,1,16,2],"texture":"#all","cullface":"up"},"west":{"uv":[0,0,2,2],"texture":"#all","cullface":"west"},"up":{"uv":[0,0,16,2],"texture":"#all","cullface":"up"},"down":{"uv":[16,1,0,2],"texture":"#all","cullface":"north"}}},{"from":[0,14,15],"to":[16,16,16],"faces":{"north":{"uv":[16,15,0,16],"texture":"#all","cullface":"up"},"east":{"uv":[0,0,1,2],"texture":"#all","cullface":"east"},"south":{"uv":[0,0,16,2],"texture":"#all","cullface":"south"},"west":{"uv":[15,0,16,2],"texture":"#all","cullface":"west"},"up":{"uv":[0,15,16,16],"texture":"#all","cullface":"up"},"down":{"uv":[0,1,16,2],"texture":"#all","cullface":"south"}}},{"from":[15,14,2],"to":[16,16,15],"faces":{"east":{"uv":[1,0,14,2],"texture":"#all","cullface":"east"},"west":{"uv":[15,15,16,2],"rotation":90,"texture":"#all","cullface":"up"},"up":{"uv":[15,2,16,15],"texture":"#all","cullface":"up"},"down":{"uv":[1,1,14,2],"rotation":90,"texture":"#all","cullface":"east"}}},{"from":[13,15,9],"to":[15,16,15],"faces":{"north":{"uv":[15,9,13,10],"texture":"#all","cullface":"up"},"west":{"uv":[13,15,14,9],"rotation":90,"texture":"#all","cullface":"up"},"up":{"uv":[13,9,15,15],"texture":"#all","cullface":"up"}}},{"from":[11,15,13],"to":[13,16,15],"faces":{"north":{"uv":[13,13,11,14],"texture":"#all","cullface":"up"},"west":{"uv":[11,15,12,13],"rotation":90,"texture":"#all","cullface":"up"},"up":{"uv":[11,13,13,15],"texture":"#all","cullface":"up"}}},{"from":[9,15,14],"to":[11,16,15],"faces":{"north":{"uv":[11,14,9,15],"texture":"#all","cullface":"up"},"up":{"uv":[9,14,11,15],"texture":"#all","cullface":"up"}}},{"from":[8,15,13],"to":[9,16,15],"faces":{"north":{"uv":[9,13,8,14],"texture":"#all","cullface":"up"},"east":{"uv":[8,13,9,15],"rotation":90,"texture":"#all","cullface":"up"},"up":{"uv":[8,13,9,15],"texture":"#all","cullface":"up"}}},{"from":[0,14,10],"to":[3,16,15],"faces":{"north":{"uv":[3,10,0,11],"texture":"#all","cullface":"up"},"west":{"uv":[10,0,15,2],"texture":"#all","cullface":"west"},"up":{"uv":[0,10,3,15],"texture":"#all","cullface":"up"},"down":{"uv":[15,1,10,2],"rotation":90,"texture":"#all","cullface":"west"}}},{"from":[3,15,6],"to":[4,16,15],"faces":{"east":{"uv":[3,6,4,15],"rotation":90,"texture":"#all","cullface":"up"},"west":{"uv":[3,15,4,6],"rotation":90,"texture":"#all","cullface":"up"},"up":{"uv":[3,6,4,15],"texture":"#all","cullface":"up"}}},{"from":[4,15,9],"to":[6,16,13],"faces":{"north":{"uv":[6,9,4,10],"texture":"#all","cullface":"up"},"south":{"uv":[4,12,6,13],"texture":"#all","cullface":"up"},"up":{"uv":[4,9,6,13],"texture":"#all","cullface":"up"}}},{"from":[6,15,8],"to":[8,16,15],"faces":{"north":{"uv":[8,8,6,9],"texture":"#all","cullface":"up"},"east":{"uv":[7,8,8,15],"rotation":90,"texture":"#all","cullface":"up"},"west":{"uv":[6,15,7,8],"rotation":90,"texture":"#all","cullface":"up"},"up":{"uv":[6,8,8,15],"texture":"#all","cullface":"up"}}},{"from":[8,15,10],"to":[9,16,11],"faces":{"east":{"uv":[8,10,9,11],"texture":"#all","cullface":"up"},"south":{"uv":[8,10,9,11],"texture":"#all","cullface":"up"},"up":{"uv":[8,10,9,11],"texture":"#all","cullface":"up"}}},{"from":[11,15,10],"to":[13,16,11],"faces":{"south":{"uv":[11,10,13,11],"texture":"#all","cullface":"up"},"west":{"uv":[11,10,12,11],"texture":"#all","cullface":"up"},"up":{"uv":[11,10,13,11],"texture":"#all","cullface":"up"}}},{"from":[8,15,5],"to":[13,16,10],"faces":{"east":{"uv":[12,5,13,10],"rotation":90,"texture":"#all","cullface":"up"},"south":{"uv":[8,9,13,10],"texture":"#all","cullface":"up"},"west":{"uv":[8,10,9,5],"rotation":90,"texture":"#all","cullface":"up"},"up":{"uv":[8,5,13,10],"texture":"#all","cullface":"up"}}},{"from":[13,15,4],"to":[15,16,7],"faces":{"south":{"uv":[13,6,15,7],"texture":"#all","cullface":"up"},"up":{"uv":[13,4,15,7],"texture":"#all","cullface":"up"}}},{"from":[12,15,2],"to":[15,16,4],"faces":{"west":{"uv":[12,4,13,2],"rotation":90,"texture":"#all","cullface":"up"},"up":{"uv":[12,2,15,4],"texture":"#all","cullface":"up"}}},{"from":[4,15,2],"to":[10,16,4],"faces":{"east":{"uv":[9,2,10,4],"rotation":90,"texture":"#all","cullface":"up"},"west":{"uv":[4,4,5,2],"rotation":90,"texture":"#all","cullface":"up"},"up":{"uv":[4,2,10,4],"texture":"#all","cullface":"up"}}},{"from":[1,15,4],"to":[13,16,5],"faces":{"north":{"uv":[13,4,1,5],"texture":"#all","cullface":"up"},"south":{"uv":[1,4,13,5],"texture":"#all","cullface":"up"},"up":{"uv":[1,4,13,5],"texture":"#all","cullface":"up"}}},{"from":[1,15,5],"to":[5,16,6],"faces":{"east":{"uv":[4,5,5,6],"rotation":90,"texture":"#all","cullface":"up"},"south":{"uv":[1,5,5,6],"texture":"#all","cullface":"up"},"up":{"uv":[1,5,5,6],"texture":"#all","cullface":"up"}}},{"from":[1,15,6],"to":[3,16,8],"faces":{"south":{"uv":[1,7,3,8],"texture":"#all","cullface":"up"},"up":{"uv":[1,6,3,8],"texture":"#all","cullface":"up"}}},{"from":[0,14,2],"to":[2,16,4],"faces":{"east":{"uv":[1,2,2,4],"rotation":90,"texture":"#all","cullface":"up"},"west":{"uv":[2,0,4,2],"texture":"#all","cullface":"west"},"up":{"uv":[0,2,2,4],"texture":"#all","cullface":"up"},"down":{"uv":[4,1,2,2],"rotation":90,"texture":"#all","cullface":"west"}}},{"from":[0,0,14],"to":[13,1,16],"faces":{"north":{"uv":[0,1,13,2],"rotation":180,"texture":"#all","cullface":"down"},"south":{"uv":[0,15,13,16],"texture":"#all","cullface":"south"},"up":{"uv":[0,15,13,16],"texture":"#all","cullface":"south"},"down":{"uv":[0,0,13,2],"texture":"#all","cullface":"down"}}},{"from":[0,0,0],"to":[1,1,8],"faces":{"east":{"uv":[0,16,1,8],"rotation":90,"texture":"#all","cullface":"down"},"west":{"uv":[0,15,8,16],"texture":"#all","cullface":"west"},"up":{"uv":[0,15,8,16],"rotation":90,"texture":"#all","cullface":"west"},"down":{"uv":[0,8,1,16],"texture":"#all","cullface":"down"}}},{"from":[15,0,0],"to":[16,1,16],"faces":{"north":{"uv":[0,15,1,16],"texture":"#all","cullface":"north"},"east":{"uv":[0,15,16,16],"texture":"#all","cullface":"east"},"west":{"uv":[15,16,16,0],"rotation":270,"texture":"#all","cullface":"down"},"up":{"uv":[16,15,0,16],"rotation":90,"texture":"#all","cullface":"east"},"down":{"uv":[15,0,16,16],"texture":"#all","cullface":"down"}}},{"from":[11,0,2],"to":[13,1,3],"faces":{"south":{"uv":[11,13,13,14],"texture":"#all","cullface":"down"},"west":{"uv":[11,13,12,14],"rotation":270,"texture":"#all","cullface":"down"},"down":{"uv":[11,13,13,14],"texture":"#all","cullface":"down"}}},{"from":[8,0,0],"to":[13,1,2],"faces":{"north":{"uv":[3,15,8,16],"texture":"#all","cullface":"north"},"south":{"uv":[8,14,13,15],"texture":"#all","cullface":"down"},"up":{"uv":[8,15,3,16],"texture":"#all","cullface":"north"},"down":{"uv":[8,14,13,16],"texture":"#all","cullface":"down"}}},{"from":[8,0,2],"to":[9,1,3],"faces":{"east":{"uv":[8,13,9,14],"rotation":270,"texture":"#all","cullface":"down"},"south":{"uv":[8,13,9,14],"texture":"#all","cullface":"down"},"down":{"uv":[8,13,9,14],"texture":"#all","cullface":"down"}}},{"from":[3,0,1],"to":[4,1,10],"faces":{"east":{"uv":[3,6,4,15],"rotation":270,"texture":"#all","cullface":"down"},"west":{"uv":[3,6,4,15],"rotation":90,"texture":"#all","cullface":"down"},"down":{"uv":[3,6,4,15],"texture":"#all","cullface":"down"}}},{"from":[4,0,3],"to":[6,1,7],"faces":{"north":{"uv":[4,12,6,13],"texture":"#all","cullface":"down"},"south":{"uv":[4,9,6,10],"texture":"#all","cullface":"down"},"down":{"uv":[4,9,6,13],"texture":"#all","cullface":"down"}}},{"from":[6,0,1],"to":[8,1,8],"faces":{"east":{"uv":[7,8,8,15],"rotation":270,"texture":"#all","cullface":"down"},"south":{"uv":[6,8,8,9],"texture":"#all","cullface":"down"},"west":{"uv":[6,15,7,8],"rotation":270,"texture":"#all","cullface":"down"},"down":{"uv":[6,8,8,15],"texture":"#all","cullface":"down"}}},{"from":[8,0,5],"to":[9,1,6],"faces":{"north":{"uv":[9,10,8,11],"texture":"#all","cullface":"down"},"east":{"uv":[8,10,9,11],"rotation":180,"texture":"#all","cullface":"down"},"down":{"uv":[8,10,9,11],"texture":"#all","cullface":"down"}}},{"from":[11,0,5],"to":[13,1,6],"faces":{"north":{"uv":[13,10,11,11],"texture":"#all","cullface":"down"},"west":{"uv":[11,10,12,11],"rotation":180,"texture":"#all","cullface":"down"},"down":{"uv":[11,10,13,11],"texture":"#all","cullface":"down"}}},{"from":[8,0,6],"to":[13,1,11],"faces":{"north":{"uv":[13,9,8,10],"texture":"#all","cullface":"down"},"east":{"uv":[12,5,13,10],"rotation":270,"texture":"#all","cullface":"down"},"west":{"uv":[8,10,9,5],"rotation":270,"texture":"#all","cullface":"down"},"down":{"uv":[8,5,13,10],"texture":"#all","cullface":"down"}}},{"from":[12,0,12],"to":[13,1,14],"faces":{"west":{"uv":[12,4,13,2],"rotation":270,"texture":"#all","cullface":"down"},"down":{"uv":[12,2,13,4],"texture":"#all","cullface":"down"}}},{"from":[4,0,12],"to":[10,1,14],"faces":{"east":{"uv":[9,2,10,4],"rotation":270,"texture":"#all","cullface":"down"},"west":{"uv":[4,4,5,2],"rotation":270,"texture":"#all","cullface":"down"},"down":{"uv":[4,2,10,4],"texture":"#all","cullface":"down"}}},{"from":[2,0,11],"to":[13,1,12],"faces":{"north":{"uv":[13,4,2,5],"texture":"#all","cullface":"down"},"south":{"uv":[2,4,13,5],"texture":"#all","cullface":"down"},"down":{"uv":[2,4,13,5],"texture":"#all","cullface":"down"}}},{"from":[3,0,10],"to":[5,1,11],"faces":{"north":{"uv":[5,5,3,6],"texture":"#all","cullface":"down"},"east":{"uv":[4,5,5,6],"rotation":270,"texture":"#all","cullface":"down"},"down":{"uv":[3,5,5,6],"texture":"#all","cullface":"down"}}},{"from":[0,0,8],"to":[3,2,11],"faces":{"north":{"uv":[3,7,1,8],"texture":"#all","cullface":"down"},"west":{"uv":[8,14,11,16],"texture":"#all","cullface":"west"},"up":{"uv":[8,14,11,15],"rotation":90,"texture":"#all","cullface":"west"},"down":{"uv":[0,5,3,8],"texture":"#all","cullface":"down"}}},{"from":[0,0,11],"to":[2,1,14],"faces":{"east":{"uv":[1,2,2,5],"rotation":270,"texture":"#all","cullface":"down"},"down":{"uv":[0,2,2,5],"texture":"#all","cullface":"down"}}},{"from":[0,0,15],"to":[1,12,16],"faces":{"north":{"uv":[15,4,16,16],"texture":"#all","cullface":"west"},"east":{"uv":[0,4,1,16],"texture":"#all","cullface":"south"},"south":{"uv":[0,4,1,16],"texture":"#all","cullface":"south"},"west":{"uv":[15,4,16,16],"texture":"#all","cullface":"west"}}},{"from":[15,0,15],"to":[16,12,16],"faces":{"north":{"uv":[0,4,1,16],"texture":"#all","cullface":"east"},"east":{"uv":[0,4,1,16],"texture":"#all","cullface":"east"},"south":{"uv":[15,4,16,16],"texture":"#all","cullface":"south"},"west":{"uv":[15,4,16,16],"texture":"#all","cullface":"south"}}},{"from":[15,1,0],"to":[16,12,1],"faces":{"north":{"uv":[0,4,1,15],"texture":"#all","cullface":"north"},"east":{"uv":[15,4,16,15],"texture":"#all","cullface":"east"},"south":{"uv":[15,4,16,15],"texture":"#all","cullface":"east"},"west":{"uv":[0,4,1,15],"texture":"#all","cullface":"north"}}},{"from":[0,0,0],"to":[1,12,1],"faces":{"north":{"uv":[15,4,16,16],"texture":"#all","cullface":"north"},"east":{"uv":[15,4,16,16],"texture":"#all","cullface":"north"},"south":{"uv":[0,4,1,16],"texture":"#all","cullface":"west"},"west":{"uv":[0,4,1,16],"texture":"#all","cullface":"west"}}},{"from":[1,1,15],"to":[3,6,16],"faces":{"south":{"uv":[1,10,3,15],"texture":"#all","cullface":"south"},"up":{"uv":[1,10,3,11],"texture":"#all","cullface":"south"}}},{"from":[3,1,15],"to":[4,10,16],"faces":{"east":{"uv":[3,6,4,15],"texture":"#all","cullface":"south"},"south":{"uv":[3,6,4,15],"texture":"#all","cullface":"south"},"west":{"uv":[3,6,4,15],"texture":"#all","cullface":"south"}}},{"from":[4,3,15],"to":[6,7,16],"faces":{"south":{"uv":[4,9,6,13],"texture":"#all","cullface":"south"},"up":{"uv":[4,9,6,10],"texture":"#all","cullface":"south"},"down":{"uv":[4,12,6,13],"texture":"#all","cullface":"south"}}},{"from":[1,8,15],"to":[3,10,16],"faces":{"south":{"uv":[1,6,3,8],"texture":"#all","cullface":"south"},"down":{"uv":[1,7,3,8],"texture":"#all","cullface":"south"}}},{"from":[1,10,15],"to":[5,11,16],"faces":{"east":{"uv":[4,5,5,6],"texture":"#all","cullface":"south"},"south":{"uv":[1,5,5,6],"texture":"#all","cullface":"south"},"down":{"uv":[1,5,5,6],"texture":"#all","cullface":"south"}}},{"from":[4,12,15],"to":[10,14,16],"faces":{"east":{"uv":[9,2,10,4],"texture":"#all","cullface":"south"},"south":{"uv":[4,2,10,4],"texture":"#all","cullface":"south"},"west":{"uv":[4,2,5,4],"texture":"#all","cullface":"south"}}},{"from":[1,11,15],"to":[13,12,16],"faces":{"south":{"uv":[1,4,13,5],"texture":"#all","cullface":"south"},"up":{"uv":[1,4,13,5],"texture":"#all","cullface":"south"},"down":{"uv":[1,4,13,5],"texture":"#all","cullface":"south"}}},{"from":[8,6,15],"to":[13,11,16],"faces":{"east":{"uv":[12,5,13,10],"texture":"#all","cullface":"south"},"south":{"uv":[8,5,13,10],"texture":"#all","cullface":"south"},"west":{"uv":[8,5,9,10],"texture":"#all","cullface":"south"},"down":{"uv":[8,9,13,10],"texture":"#all","cullface":"south"}}},{"from":[12,12,14],"to":[16,14,16],"faces":{"north":{"uv":[1,2,2,4],"texture":"#all","cullface":"east"},"east":{"uv":[0,2,2,4],"texture":"#all","cullface":"east"},"south":{"uv":[12,2,16,4],"texture":"#all","cullface":"south"},"west":{"uv":[12,2,13,4],"texture":"#all","cullface":"south"}}},{"from":[13,9,15],"to":[15,12,16],"faces":{"south":{"uv":[13,4,15,7],"texture":"#all","cullface":"south"},"down":{"uv":[13,6,15,7],"texture":"#all","cullface":"south"}}},{"from":[13,0,9],"to":[15,7,16],"faces":{"north":{"uv":[15,6,13,7],"texture":"#all","cullface":"down"},"south":{"uv":[13,9,15,16],"texture":"#all","cullface":"south"},"west":{"uv":[13,9,14,16],"texture":"#all","cullface":"south"},"up":{"uv":[13,9,15,10],"texture":"#all","cullface":"south"},"down":{"uv":[13,0,15,7],"texture":"#all","cullface":"down"}}},{"from":[11,1,15],"to":[13,3,16],"faces":{"south":{"uv":[11,13,13,15],"texture":"#all","cullface":"south"},"west":{"uv":[11,13,12,15],"texture":"#all","cullface":"south"},"up":{"uv":[11,13,13,14],"texture":"#all","cullface":"south"}}},{"from":[9,1,15],"to":[11,2,16],"faces":{"south":{"uv":[9,14,11,15],"texture":"#all","cullface":"south"},"up":{"uv":[9,14,11,15],"texture":"#all","cullface":"south"}}},{"from":[8,1,15],"to":[9,3,16],"faces":{"east":{"uv":[8,13,9,15],"texture":"#all","cullface":"south"},"south":{"uv":[8,13,9,15],"texture":"#all","cullface":"south"},"up":{"uv":[8,13,9,14],"texture":"#all","cullface":"south"}}},{"from":[6,1,15],"to":[8,8,16],"faces":{"east":{"uv":[7,8,8,15],"texture":"#all","cullface":"south"},"south":{"uv":[6,8,8,15],"texture":"#all","cullface":"south"},"west":{"uv":[6,8,7,15],"texture":"#all","cullface":"south"},"up":{"uv":[6,8,8,9],"texture":"#all","cullface":"south"}}},{"from":[8,5,15],"to":[9,6,16],"faces":{"east":{"uv":[8,10,9,11],"texture":"#all","cullface":"south"},"south":{"uv":[8,10,9,11],"texture":"#all","cullface":"south"},"down":{"uv":[8,10,9,11],"texture":"#all","cullface":"south"}}},{"from":[11,5,15],"to":[13,6,16],"faces":{"south":{"uv":[11,10,13,11],"texture":"#all","cullface":"south"},"west":{"uv":[11,11,12,10],"texture":"#all","cullface":"south"},"down":{"uv":[11,10,13,11],"texture":"#all","cullface":"south"}}},{"from":[15,5,7],"to":[16,6,8],"faces":{"north":{"uv":[8,10,9,11],"texture":"#all","cullface":"east"},"east":{"uv":[8,10,9,11],"texture":"#all","cullface":"east"},"down":{"uv":[8,10,9,11],"rotation":90,"texture":"#all","cullface":"east"}}},{"from":[15,1,8],"to":[16,8,10],"faces":{"north":{"uv":[7,8,8,15],"texture":"#all","cullface":"east"},"east":{"uv":[6,8,8,15],"texture":"#all","cullface":"east"},"south":{"uv":[6,8,7,15],"texture":"#all","cullface":"east"},"up":{"uv":[8,8,6,9],"rotation":90,"texture":"#all","cullface":"east"}}},{"from":[15,1,7],"to":[16,3,8],"faces":{"north":{"uv":[8,13,9,15],"texture":"#all","cullface":"east"},"east":{"uv":[8,13,9,15],"texture":"#all","cullface":"east"},"up":{"uv":[9,13,8,14],"rotation":90,"texture":"#all","cullface":"east"}}},{"from":[15,1,5],"to":[16,2,7],"faces":{"east":{"uv":[9,14,11,15],"texture":"#all","cullface":"east"},"up":{"uv":[11,14,9,15],"rotation":90,"texture":"#all","cullface":"east"}}},{"from":[15,1,3],"to":[16,3,5],"faces":{"east":{"uv":[11,13,13,15],"texture":"#all","cullface":"east"},"south":{"uv":[11,13,12,15],"texture":"#all","cullface":"east"},"up":{"uv":[13,13,11,14],"rotation":90,"texture":"#all","cullface":"east"}}},{"from":[15,5,3],"to":[16,6,5],"faces":{"east":{"uv":[11,10,13,11],"texture":"#all","cullface":"east"},"south":{"uv":[11,11,12,10],"texture":"#all","cullface":"east"},"down":{"uv":[11,10,13,11],"rotation":90,"texture":"#all","cullface":"east"}}},{"from":[15,1,1],"to":[16,7,3],"faces":{"east":{"uv":[13,9,15,15],"texture":"#all","cullface":"east"},"south":{"uv":[13,9,14,15],"texture":"#all","cullface":"east"},"up":{"uv":[15,9,13,10],"rotation":90,"texture":"#all","cullface":"east"}}},{"from":[15,9,1],"to":[16,12,3],"faces":{"east":{"uv":[13,4,15,7],"texture":"#all","cullface":"east"},"down":{"uv":[13,6,15,7],"rotation":90,"texture":"#all","cullface":"east"}}},{"from":[14,12,0],"to":[16,14,4],"faces":{"north":{"uv":[0,2,2,4],"texture":"#all","cullface":"north"},"east":{"uv":[12,2,16,4],"texture":"#all","cullface":"east"},"south":{"uv":[12,2,13,4],"texture":"#all","cullface":"east"},"west":{"uv":[1,2,2,4],"texture":"#all","cullface":"north"}}},{"from":[15,6,3],"to":[16,11,8],"faces":{"north":{"uv":[12,5,13,10],"texture":"#all","cullface":"east"},"east":{"uv":[8,5,13,10],"texture":"#all","cullface":"east"},"south":{"uv":[8,5,9,10],"texture":"#all","cullface":"east"},"down":{"uv":[8,9,13,10],"rotation":90,"texture":"#all","cullface":"east"}}},{"from":[15,11,3],"to":[16,12,15],"faces":{"east":{"uv":[1,4,13,5],"texture":"#all","cullface":"east"},"up":{"uv":[13,4,1,5],"rotation":90,"texture":"#all","cullface":"east"},"down":{"uv":[1,4,13,5],"rotation":90,"texture":"#all","cullface":"east"}}},{"from":[15,12,6],"to":[16,14,12],"faces":{"north":{"uv":[9,2,10,4],"texture":"#all","cullface":"east"},"east":{"uv":[4,2,10,4],"texture":"#all","cullface":"east"},"south":{"uv":[4,2,5,4],"texture":"#all","cullface":"east"}}},{"from":[15,8,13],"to":[16,10,15],"faces":{"east":{"uv":[1,6,3,8],"texture":"#all","cullface":"east"},"down":{"uv":[1,7,3,8],"rotation":90,"texture":"#all","cullface":"east"}}},{"from":[15,10,11],"to":[16,11,15],"faces":{"north":{"uv":[4,5,5,6],"texture":"#all","cullface":"east"},"east":{"uv":[1,5,5,6],"texture":"#all","cullface":"east"},"down":{"uv":[1,5,5,6],"rotation":90,"texture":"#all","cullface":"east"}}},{"from":[15,3,10],"to":[16,7,12],"faces":{"east":{"uv":[4,9,6,13],"texture":"#all","cullface":"east"},"up":{"uv":[6,9,4,10],"rotation":90,"texture":"#all","cullface":"east"},"down":{"uv":[4,12,6,13],"rotation":90,"texture":"#all","cullface":"east"}}},{"from":[15,1,12],"to":[16,10,13],"faces":{"north":{"uv":[3,6,4,15],"texture":"#all","cullface":"east"},"east":{"uv":[3,6,4,15],"texture":"#all","cullface":"east"},"south":{"uv":[3,6,4,15],"texture":"#all","cullface":"east"}}},{"from":[15,1,13],"to":[16,6,15],"faces":{"east":{"uv":[1,10,3,15],"texture":"#all","cullface":"east"},"up":{"uv":[3,10,1,11],"rotation":90,"texture":"#all","cullface":"east"}}},{"from":[12,1,0],"to":[13,10,1],"faces":{"north":{"uv":[3,6,4,15],"texture":"#all","cullface":"north"},"east":{"uv":[3,6,4,15],"texture":"#all","cullface":"north"},"west":{"uv":[3,6,4,15],"texture":"#all","cullface":"north"}}},{"from":[10,3,0],"to":[12,7,1],"faces":{"north":{"uv":[4,9,6,13],"texture":"#all","cullface":"north"},"up":{"uv":[6,9,4,10],"texture":"#all","cullface":"north"},"down":{"uv":[6,12,4,13],"texture":"#all","cullface":"north"}}},{"from":[11,10,0],"to":[15,11,1],"faces":{"north":{"uv":[1,5,5,6],"texture":"#all","cullface":"north"},"west":{"uv":[4,5,5,6],"texture":"#all","cullface":"north"},"down":{"uv":[5,5,1,6],"texture":"#all","cullface":"north"}}},{"from":[13,8,0],"to":[15,10,1],"faces":{"north":{"uv":[1,6,3,8],"texture":"#all","cullface":"north"},"down":{"uv":[3,7,1,8],"texture":"#all","cullface":"north"}}},{"from":[6,12,0],"to":[12,14,1],"faces":{"north":{"uv":[4,2,10,4],"texture":"#all","cullface":"north"},"east":{"uv":[4,2,5,4],"texture":"#all","cullface":"north"},"west":{"uv":[9,2,10,4],"texture":"#all","cullface":"north"}}},{"from":[3,11,0],"to":[15,12,1],"faces":{"north":{"uv":[1,4,13,5],"texture":"#all","cullface":"north"},"up":{"uv":[13,4,1,5],"texture":"#all","cullface":"north"},"down":{"uv":[13,4,1,5],"texture":"#all","cullface":"north"}}},{"from":[3,6,0],"to":[8,11,1],"faces":{"north":{"uv":[8,5,13,10],"texture":"#all","cullface":"north"},"east":{"uv":[8,5,9,10],"texture":"#all","cullface":"north"},"west":{"uv":[12,5,13,10],"texture":"#all","cullface":"north"},"down":{"uv":[13,9,8,10],"texture":"#all","cullface":"north"}}},{"from":[0,12,0],"to":[4,14,2],"faces":{"north":{"uv":[12,2,16,4],"texture":"#all","cullface":"north"},"east":{"uv":[12,2,13,4],"texture":"#all","cullface":"north"},"south":{"uv":[1,2,2,4],"texture":"#all","cullface":"west"},"west":{"uv":[0,2,2,4],"texture":"#all","cullface":"west"}}},{"from":[1,9,0],"to":[3,12,1],"faces":{"north":{"uv":[13,4,15,7],"texture":"#all","cullface":"north"},"down":{"uv":[15,6,13,7],"texture":"#all","cullface":"north"}}},{"from":[1,0,0],"to":[3,7,6],"faces":{"north":{"uv":[13,9,15,16],"texture":"#all","cullface":"north"},"east":{"uv":[13,9,14,16],"texture":"#all","cullface":"north"},"south":{"uv":[1,10,3,11],"texture":"#all","cullface":"down"},"up":{"uv":[15,9,13,10],"texture":"#all","cullface":"north"},"down":{"uv":[1,10,3,16],"texture":"#all","cullface":"down"}}},{"from":[3,5,0],"to":[5,6,1],"faces":{"north":{"uv":[11,10,13,11],"texture":"#all","cullface":"north"},"east":{"uv":[11,11,12,10],"texture":"#all","cullface":"north"},"down":{"uv":[13,10,11,11],"texture":"#all","cullface":"north"}}},{"from":[3,2,0],"to":[5,3,1],"faces":{"north":{"uv":[11,13,13,14],"texture":"#all","cullface":"north"},"east":{"uv":[11,13,12,14],"texture":"#all","cullface":"north"},"up":{"uv":[13,13,11,14],"texture":"#all","cullface":"north"}}},{"from":[3,0,0],"to":[8,2,1],"faces":{"north":{"uv":[8,14,13,16],"texture":"#all","cullface":"north"},"south":{"uv":[3,15,8,16],"texture":"#all","cullface":"down"},"up":{"uv":[11,14,9,15],"texture":"#all","cullface":"north"},"down":{"uv":[3,15,8,16],"texture":"#all","cullface":"down"}}},{"from":[7,2,0],"to":[8,3,1],"faces":{"north":{"uv":[8,13,9,14],"texture":"#all","cullface":"north"},"west":{"uv":[8,13,9,14],"texture":"#all","cullface":"north"},"up":{"uv":[9,13,8,14],"texture":"#all","cullface":"north"}}},{"from":[8,1,0],"to":[10,8,1],"faces":{"north":{"uv":[6,8,8,15],"texture":"#all","cullface":"north"},"east":{"uv":[6,8,7,15],"texture":"#all","cullface":"north"},"west":{"uv":[7,8,8,15],"texture":"#all","cullface":"north"},"up":{"uv":[8,8,6,9],"texture":"#all","cullface":"north"}}},{"from":[7,5,0],"to":[8,6,1],"faces":{"north":{"uv":[8,10,9,11],"texture":"#all","cullface":"north"},"west":{"uv":[8,10,9,11],"texture":"#all","cullface":"north"},"down":{"uv":[9,10,8,11],"texture":"#all","cullface":"north"}}},{"from":[13,0,0],"to":[15,6,7],"faces":{"north":{"uv":[1,10,3,16],"texture":"#all","cullface":"north"},"south":{"uv":[13,9,15,10],"texture":"#all","cullface":"down"},"west":{"uv":[13,9,14,16],"rotation":90,"texture":"#all","cullface":"down"},"up":{"uv":[3,10,1,11],"texture":"#all","cullface":"north"},"down":{"uv":[13,9,15,16],"texture":"#all","cullface":"down"}}},{"from":[0,5,8],"to":[1,6,9],"faces":{"south":{"uv":[8,10,9,11],"texture":"#all","cullface":"west"},"west":{"uv":[8,10,9,11],"texture":"#all","cullface":"west"},"down":{"uv":[9,10,8,11],"rotation":90,"texture":"#all","cullface":"west"}}},{"from":[0,1,6],"to":[1,8,8],"faces":{"north":{"uv":[6,8,7,15],"texture":"#all","cullface":"west"},"south":{"uv":[7,8,8,15],"texture":"#all","cullface":"west"},"west":{"uv":[6,8,8,15],"texture":"#all","cullface":"west"},"up":{"uv":[8,8,6,9],"rotation":270,"texture":"#all","cullface":"west"}}},{"from":[0,2,8],"to":[1,3,9],"faces":{"south":{"uv":[8,13,9,14],"texture":"#all","cullface":"west"},"west":{"uv":[8,13,9,14],"texture":"#all","cullface":"west"},"up":{"uv":[9,13,8,14],"rotation":270,"texture":"#all","cullface":"west"}}},{"from":[0,0,11],"to":[1,3,13],"faces":{"north":{"uv":[11,13,12,16],"texture":"#all","cullface":"west"},"west":{"uv":[11,13,13,16],"texture":"#all","cullface":"west"},"up":{"uv":[13,13,11,14],"rotation":270,"texture":"#all","cullface":"west"}}},{"from":[0,5,11],"to":[1,6,13],"faces":{"north":{"uv":[11,11,12,10],"texture":"#all","cullface":"west"},"west":{"uv":[11,10,13,11],"texture":"#all","cullface":"west"},"down":{"uv":[13,10,11,11],"rotation":90,"texture":"#all","cullface":"west"}}},{"from":[0,0,13],"to":[1,7,15],"faces":{"north":{"uv":[13,9,14,16],"texture":"#all","cullface":"west"},"west":{"uv":[13,9,15,16],"texture":"#all","cullface":"west"},"up":{"uv":[15,9,13,10],"rotation":270,"texture":"#all","cullface":"west"}}},{"from":[0,9,13],"to":[1,12,15],"faces":{"west":{"uv":[13,4,15,7],"texture":"#all","cullface":"west"},"down":{"uv":[15,6,13,7],"rotation":90,"texture":"#all","cullface":"west"}}},{"from":[0,12,12],"to":[2,14,16],"faces":{"north":{"uv":[12,2,13,4],"texture":"#all","cullface":"west"},"east":{"uv":[1,2,2,4],"texture":"#all","cullface":"south"},"south":{"uv":[0,2,2,4],"texture":"#all","cullface":"south"},"west":{"uv":[12,2,16,4],"texture":"#all","cullface":"west"}}},{"from":[0,6,8],"to":[1,11,13],"faces":{"north":{"uv":[8,4,9,10],"texture":"#all","cullface":"west"},"south":{"uv":[12,5,13,10],"texture":"#all","cullface":"west"},"west":{"uv":[8,5,13,10],"texture":"#all","cullface":"west"},"down":{"uv":[13,9,8,10],"rotation":90,"texture":"#all","cullface":"west"}}},{"from":[0,11,1],"to":[1,12,13],"faces":{"west":{"uv":[1,4,13,5],"texture":"#all","cullface":"west"},"up":{"uv":[1,4,13,5],"rotation":90,"texture":"#all","cullface":"west"},"down":{"uv":[13,4,1,5],"rotation":90,"texture":"#all","cullface":"west"}}},{"from":[0,12,4],"to":[1,16,10],"faces":{"north":{"uv":[4,0,5,4],"texture":"#all","cullface":"west"},"east":{"uv":[0,4,1,10],"rotation":90,"texture":"#all","cullface":"up"},"south":{"uv":[9,0,10,4],"texture":"#all","cullface":"west"},"west":{"uv":[4,0,10,4],"texture":"#all","cullface":"west"},"up":{"uv":[0,4,1,10],"texture":"#all","cullface":"up"}}},{"from":[0,8,1],"to":[1,10,3],"faces":{"west":{"uv":[1,6,3,8],"texture":"#all","cullface":"west"},"down":{"uv":[3,7,1,8],"rotation":90,"texture":"#all","cullface":"west"}}},{"from":[0,10,1],"to":[1,11,5],"faces":{"south":{"uv":[4,5,5,6],"texture":"#all","cullface":"west"},"west":{"uv":[1,5,5,6],"texture":"#all","cullface":"west"},"down":{"uv":[5,5,1,6],"rotation":90,"texture":"#all","cullface":"west"}}},{"from":[0,3,4],"to":[1,7,6],"faces":{"west":{"uv":[4,9,6,13],"texture":"#all","cullface":"west"},"up":{"uv":[6,9,4,10],"rotation":270,"texture":"#all","cullface":"west"},"down":{"uv":[6,12,4,13],"rotation":90,"texture":"#all","cullface":"west"}}},{"from":[0,1,3],"to":[1,10,4],"faces":{"north":{"uv":[3,6,4,15],"texture":"#all","cullface":"west"},"south":{"uv":[3,6,4,15],"texture":"#all","cullface":"west"},"west":{"uv":[3,6,4,15],"texture":"#all","cullface":"west"}}},{"from":[0,1,1],"to":[1,6,3],"faces":{"west":{"uv":[1,10,3,15],"texture":"#all","cullface":"west"},"up":{"uv":[3,10,1,11],"rotation":270,"texture":"#all","cullface":"west"}}}]}