{"credit":"Created by GrandMagus","parent":"block/cube","textures":{"layer":"block/models/fletching_table_top_tools","up":"block/models/fletching_table_top_empty","down":"block/birch_planks","particle":"block/models/fletching_table_front","north":"block/models/fletching_table_front","east":"block/models/fletching_table_side"},"elements":[{"from":[0,0,0],"to":[16,16,16],"faces":{"north":{"uv":[0,0,16,16],"texture":"#north","cullface":"north"},"east":{"uv":[0,0,16,16],"texture":"#east","cullface":"east"},"south":{"uv":[0,0,16,16],"texture":"#north","cullface":"south"},"west":{"uv":[0,0,16,16],"texture":"#east","cullface":"west"},"up":{"uv":[0,0,16,16],"texture":"#up","cullface":"up"},"down":{"uv":[0,0,16,16],"texture":"#down","cullface":"down"}}},{"from":[3,16.2,2],"to":[4,16.2,4],"rotation":{"angle":0,"axis":"y","origin":[8,8.2,8]},"faces":{"up":{"uv":[3,2,4,4],"texture":"#layer","cullface":"up"}}},{"from":[4,16.2,3],"to":[5,16.2,4],"rotation":{"angle":0,"axis":"y","origin":[9,8.2,8]},"faces":{"up":{"uv":[4,3,5,4],"texture":"#layer","cullface":"up"}}},{"from":[3,16.2,10],"to":[4,16.2,11],"rotation":{"angle":0,"axis":"y","origin":[8,8.2,16]},"faces":{"up":{"uv":[3,10,4,11],"texture":"#layer","cullface":"up"}}},{"from":[2,16.2,4],"to":[5,16.2,10],"rotation":{"angle":0,"axis":"y","origin":[8,8.2,15]},"faces":{"up":{"uv":[2,4,5,10],"texture":"#layer","cullface":"up"}}},{"from":[9,16.2,12],"to":[10,16.2,14],"rotation":{"angle":0,"axis":"y","origin":[15,8.2,19]},"faces":{"up":{"uv":[9,12,10,14],"texture":"#layer","cullface":"up"}}},{"from":[10,16.2,11],"to":[11,16.2,13],"rotation":{"angle":0,"axis":"y","origin":[16,8.2,18]},"faces":{"up":{"uv":[10,11,11,13],"texture":"#layer","cullface":"up"}}},{"from":[11,16.2,10],"to":[12,16.2,12],"rotation":{"angle":0,"axis":"y","origin":[17,8.2,17]},"faces":{"up":{"uv":[11,10,12,12],"texture":"#layer","cullface":"up"}}},{"from":[12,16.2,9],"to":[13,16.2,11],"rotation":{"angle":0,"axis":"y","origin":[18,8.2,16]},"faces":{"up":{"uv":[12,9,13,11],"texture":"#layer","cullface":"up"}}},{"from":[13,16.2,8],"to":[14,16.2,10],"rotation":{"angle":0,"axis":"y","origin":[19,8.2,15]},"faces":{"up":{"uv":[13,8,14,10],"texture":"#layer","cullface":"up"}}},{"from":[14,16.2,8],"to":[15,16.2,9],"rotation":{"angle":0,"axis":"y","origin":[20,8.2,15]},"faces":{"up":{"uv":[14,8,15,9],"texture":"#layer","cullface":"up"}}},{"from":[4,16.2,11],"to":[5,16.2,12],"rotation":{"angle":0,"axis":"y","origin":[9,8.2,17]},"faces":{"up":{"uv":[4,11,5,12],"texture":"#layer","cullface":"up"}}},{"from":[16,8,0],"to":[17,9,16],"faces":{"north":{"uv":[0,7,1,8],"texture":"#east","cullface":"east"},"east":{"uv":[0,7,16,8],"texture":"#east","cullface":"east"},"south":{"uv":[15,7,16,8],"texture":"#north","cullface":"east"},"up":{"uv":[0,8,16,7],"rotation":270,"texture":"#east","cullface":"east"},"down":{"uv":[16,7,0,8],"rotation":270,"texture":"#east","cullface":"east"}}},{"from":[11,11,16.45],"to":[12,14,17.45],"rotation":{"angle":0,"axis":"y","origin":[11.5,8,16]},"faces":{"east":{"uv":[10,2,11,5],"texture":"#north","cullface":"south"},"south":{"uv":[10,2,11,5],"texture":"#north","cullface":"south"},"west":{"uv":[10,2,11,5],"texture":"#north","cullface":"south"},"up":{"uv":[10,2,11,3],"texture":"#north","cullface":"south"},"down":{"uv":[10,4,11,5],"texture":"#north","cullface":"south"}}},{"from":[10,11,15.95],"to":[13,14,16.45],"rotation":{"angle":0,"axis":"y","origin":[11.5,8,16]},"faces":{"east":{"uv":[12,2,13,5],"texture":"#north","cullface":"south"},"south":{"uv":[10,2,13,5],"texture":"#north","cullface":"south"},"west":{"uv":[10,2,11,5],"texture":"#north","cullface":"south"},"up":{"uv":[10,2,13,2.5],"texture":"#north","cullface":"south"},"down":{"uv":[10,4,13,4.5],"texture":"#north","cullface":"south"}}},{"from":[11,2,15.95],"to":[12,13,16.45],"rotation":{"angle":0,"axis":"y","origin":[11.5,8,16]},"faces":{"east":{"uv":[11,3,12,14],"texture":"#north","cullface":"south"},"south":{"uv":[11,3,12,14],"texture":"#north","cullface":"south"},"west":{"uv":[11,3,12,14],"texture":"#north","cullface":"south"},"up":{"uv":[11,3,12,3.5],"texture":"#north","cullface":"south"},"down":{"uv":[11,13.5,12,14],"texture":"#north","cullface":"south"}}},{"from":[10,3,15.95],"to":[13,5,16.45],"rotation":{"angle":0,"axis":"y","origin":[11.5,8,16]},"faces":{"east":{"uv":[12.5,11,13,13],"texture":"#north","cullface":"south"},"south":{"uv":[10,11,13,13],"texture":"#north","cullface":"south"},"west":{"uv":[10,11,10.5,13],"texture":"#north","cullface":"south"},"up":{"uv":[10,11,13,11.5],"texture":"#north","cullface":"south"},"down":{"uv":[10,12.5,13,13],"texture":"#north","cullface":"south"}}},{"from":[11,3,16.45],"to":[12,5,17.45],"rotation":{"angle":0,"axis":"y","origin":[11.5,8,16]},"faces":{"east":{"uv":[10,11,11,13],"texture":"#north","cullface":"south"},"south":{"uv":[10,11,11,13],"texture":"#north","cullface":"south"},"west":{"uv":[10,11,11,13],"texture":"#north","cullface":"south"},"up":{"uv":[10,11,11,12],"texture":"#north","cullface":"south"},"down":{"uv":[10,12,11,13],"texture":"#north","cullface":"south"}}},{"from":[4,11,-1.45],"to":[5,14,-0.45],"rotation":{"angle":0,"axis":"y","origin":[4.5,8,0]},"faces":{"north":{"uv":[10,2,11,5],"texture":"#north","cullface":"north"},"east":{"uv":[10,2,11,5],"texture":"#north","cullface":"north"},"west":{"uv":[10,2,11,5],"texture":"#north","cullface":"north"},"up":{"uv":[10,2,11,3],"rotation":180,"texture":"#north","cullface":"north"},"down":{"uv":[10,4,11,5],"rotation":180,"texture":"#north","cullface":"north"}}},{"from":[3,11,-0.45],"to":[6,14,0.05],"rotation":{"angle":0,"axis":"y","origin":[4.5,8,0]},"faces":{"north":{"uv":[10,2,13,5],"texture":"#north","cullface":"north"},"east":{"uv":[10,2,10.5,5],"texture":"#north","cullface":"north"},"west":{"uv":[12.5,2,13,5],"texture":"#north","cullface":"north"},"up":{"uv":[10,2,13,2.5],"rotation":180,"texture":"#north","cullface":"north"},"down":{"uv":[10,4.5,13,5],"rotation":180,"texture":"#north","cullface":"north"}}},{"from":[4,2,-0.45],"to":[5,13,0.05],"rotation":{"angle":0,"axis":"y","origin":[4.5,8,0]},"faces":{"north":{"uv":[11,3,12,14],"texture":"#north","cullface":"north"},"east":{"uv":[11,3,12,14],"texture":"#north","cullface":"north"},"west":{"uv":[11,3,12,14],"texture":"#north","cullface":"north"},"up":{"uv":[11,3,12,3.5],"rotation":180,"texture":"#north","cullface":"north"},"down":{"uv":[11,13.5,12,14],"rotation":180,"texture":"#north","cullface":"north"}}},{"from":[3,3,-0.45],"to":[6,5,0.05],"rotation":{"angle":0,"axis":"y","origin":[4.5,8,0]},"faces":{"north":{"uv":[10,11,13,13],"texture":"#north","cullface":"north"},"east":{"uv":[10,11,10.5,13],"texture":"#north","cullface":"north"},"west":{"uv":[12.5,11,13,13],"texture":"#north","cullface":"north"},"up":{"uv":[10,11,13,11.5],"rotation":180,"texture":"#north","cullface":"north"},"down":{"uv":[10,12.5,13,13],"rotation":180,"texture":"#north","cullface":"north"}}},{"from":[4,3,-1.45],"to":[5,5,-0.45],"rotation":{"angle":0,"axis":"y","origin":[4.5,8,0]},"faces":{"north":{"uv":[10,11,11,13],"texture":"#north","cullface":"north"},"east":{"uv":[10,11,11,13],"texture":"#north","cullface":"north"},"west":{"uv":[10,11,11,13],"texture":"#north","cullface":"north"},"up":{"uv":[10,11,11,12],"rotation":180,"texture":"#north","cullface":"north"},"down":{"uv":[10,12,11,13],"rotation":180,"texture":"#north","cullface":"north"}}},{"from":[-0.45,2,11],"to":[0.05,5,14],"rotation":{"angle":0,"axis":"x","origin":[0,8,12.5]},"faces":{"north":{"uv":[10,2,10.5,5],"rotation":180,"texture":"#north","cullface":"west"},"south":{"uv":[12.5,2,13,5],"rotation":180,"texture":"#north","cullface":"west"},"west":{"uv":[10,2,13,5],"rotation":180,"texture":"#north","cullface":"west"},"up":{"uv":[10,4.5,13,5],"rotation":270,"texture":"#north","cullface":"west"},"down":{"uv":[10,2,13,2.5],"rotation":90,"texture":"#north","cullface":"west"}}},{"from":[-1.45,2,12],"to":[-0.45,5,13],"rotation":{"angle":0,"axis":"x","origin":[0,8,12.5]},"faces":{"north":{"uv":[10,2,11,5],"rotation":180,"texture":"#north","cullface":"west"},"south":{"uv":[10,2,11,5],"rotation":180,"texture":"#north","cullface":"west"},"west":{"uv":[10,2,11,5],"rotation":180,"texture":"#north","cullface":"west"},"up":{"uv":[10,4,11,5],"rotation":270,"texture":"#north","cullface":"west"},"down":{"uv":[10,2,11,3],"rotation":90,"texture":"#north","cullface":"west"}}},{"from":[-0.45,3,12],"to":[0.05,14,13],"rotation":{"angle":0,"axis":"x","origin":[0,8,12.5]},"faces":{"north":{"uv":[11,3,12,14],"rotation":180,"texture":"#north","cullface":"west"},"south":{"uv":[11,3,12,14],"rotation":180,"texture":"#north","cullface":"west"},"west":{"uv":[11,3,12,14],"rotation":180,"texture":"#north","cullface":"west"},"up":{"uv":[11,13.5,12,14],"rotation":270,"texture":"#north","cullface":"west"},"down":{"uv":[11,3,12,3.5],"rotation":90,"texture":"#north","cullface":"west"}}},{"from":[-0.45,11,11],"to":[0.05,13,14],"rotation":{"angle":0,"axis":"x","origin":[0,8,12.5]},"faces":{"north":{"uv":[12.5,11,13,13],"rotation":180,"texture":"#north","cullface":"west"},"south":{"uv":[10,11,10.5,13],"rotation":180,"texture":"#north","cullface":"west"},"west":{"uv":[10,11,13,13],"rotation":180,"texture":"#north","cullface":"west"},"up":{"uv":[10,12.5,13,13],"rotation":270,"texture":"#north","cullface":"west"},"down":{"uv":[10,11,13,11.5],"rotation":90,"texture":"#north","cullface":"west"}}},{"from":[-1.45,11,12],"to":[-0.45,13,13],"rotation":{"angle":0,"axis":"x","origin":[0,8,12.5]},"faces":{"north":{"uv":[10,11,11,13],"rotation":180,"texture":"#north","cullface":"west"},"south":{"uv":[10,11,11,13],"rotation":180,"texture":"#north","cullface":"west"},"west":{"uv":[10,11,11,13],"rotation":180,"texture":"#north","cullface":"west"},"up":{"uv":[10,12,11,13],"rotation":270,"texture":"#north","cullface":"west"},"down":{"uv":[10,11,11,12],"rotation":90,"texture":"#north","cullface":"west"}}},{"from":[15.95,2,2],"to":[16.45,5,5],"rotation":{"angle":0,"axis":"x","origin":[16,8,3.5]},"faces":{"north":{"uv":[12.5,2,13,5],"rotation":180,"texture":"#north","cullface":"east"},"east":{"uv":[10,2,13,5],"rotation":180,"texture":"#north","cullface":"east"},"south":{"uv":[10,2,10.5,5],"rotation":180,"texture":"#north","cullface":"east"},"up":{"uv":[10,2,13,2.5],"rotation":90,"texture":"#north","cullface":"east"},"down":{"uv":[10,2,13,2.5],"rotation":270,"texture":"#north","cullface":"east"}}},{"from":[16.45,2,3],"to":[17.45,5,4],"rotation":{"angle":0,"axis":"x","origin":[16,8,3.5]},"faces":{"north":{"uv":[10,2,11,5],"rotation":180,"texture":"#north","cullface":"east"},"east":{"uv":[10,2,11,5],"rotation":180,"texture":"#north","cullface":"east"},"south":{"uv":[10,2,11,5],"rotation":180,"texture":"#north","cullface":"east"},"up":{"uv":[10,4,11,5],"rotation":90,"texture":"#north","cullface":"east"},"down":{"uv":[10,2,11,3],"rotation":270,"texture":"#north","cullface":"east"}}},{"from":[15.95,3,3],"to":[16.45,14,4],"rotation":{"angle":0,"axis":"x","origin":[16,8,3.5]},"faces":{"north":{"uv":[11,3,12,14],"rotation":180,"texture":"#north","cullface":"east"},"east":{"uv":[11,3,12,14],"rotation":180,"texture":"#north","cullface":"east"},"south":{"uv":[11,3,12,14],"rotation":180,"texture":"#north","cullface":"east"},"up":{"uv":[11,13.5,12,14],"rotation":90,"texture":"#north","cullface":"east"},"down":{"uv":[11,3,12,3.5],"rotation":270,"texture":"#north","cullface":"east"}}},{"from":[15.95,11,2],"to":[16.45,13,5],"rotation":{"angle":0,"axis":"x","origin":[16,8,3.5]},"faces":{"north":{"uv":[10,11,10.5,13],"rotation":180,"texture":"#north","cullface":"east"},"east":{"uv":[10,11,13,13],"rotation":180,"texture":"#north","cullface":"east"},"south":{"uv":[12.5,11,13,13],"rotation":180,"texture":"#north","cullface":"east"},"up":{"uv":[10,12.5,13,13],"rotation":90,"texture":"#north","cullface":"east"},"down":{"uv":[10,11,13,11.5],"rotation":270,"texture":"#north","cullface":"east"}}},{"from":[16.45,11,3],"to":[17.45,13,4],"rotation":{"angle":0,"axis":"x","origin":[16,8,3.5]},"faces":{"north":{"uv":[10,11,11,13],"rotation":180,"texture":"#north","cullface":"east"},"east":{"uv":[10,11,11,13],"rotation":180,"texture":"#north","cullface":"east"},"south":{"uv":[10,11,11,13],"rotation":180,"texture":"#north","cullface":"east"},"up":{"uv":[10,12,11,13],"rotation":90,"texture":"#north","cullface":"east"},"down":{"uv":[10,11,11,12],"rotation":270,"texture":"#north","cullface":"east"}}},{"from":[4,12,16],"to":[6,14,16.5],"faces":{"east":{"uv":[5,2,6,4],"texture":"#north","cullface":"south"},"south":{"uv":[4,2,6,4],"texture":"#north","cullface":"south"},"west":{"uv":[5,2,4,4],"texture":"#north","cullface":"south"},"up":{"uv":[4,3,6,2],"texture":"#north","cullface":"south"},"down":{"uv":[2,11,3,12],"texture":"#north","cullface":"south"}}},{"from":[0,8,-1],"to":[16,9,0],"faces":{"north":{"uv":[0,7,16,8],"texture":"#north","cullface":"north"},"east":{"uv":[0,7,1,8],"texture":"#north","cullface":"north"},"west":{"uv":[16,7,15,8],"texture":"#north","cullface":"north"},"up":{"uv":[0,8,16,7],"texture":"#north","cullface":"north"},"down":{"uv":[0,7,16,8],"texture":"#north","cullface":"north"}}},{"from":[16,4,7],"to":[17,5,13],"faces":{"north":{"uv":[4,4,3,5],"texture":"#east","cullface":"east"},"east":{"uv":[3,11,9,12],"texture":"#east","cullface":"east"},"south":{"uv":[9,4,8,5],"texture":"#east","cullface":"east"},"down":{"uv":[9,11,3,12],"rotation":270,"texture":"#east","cullface":"east"}}},{"from":[-1,8,0],"to":[0,9,16],"faces":{"north":{"uv":[1,7,0,8],"texture":"#east","cullface":"west"},"south":{"uv":[16,7,15,8],"texture":"#north","cullface":"west"},"west":{"uv":[0,7,16,8],"texture":"#east","cullface":"west"},"up":{"uv":[16,8,0,7],"rotation":270,"texture":"#east","cullface":"west"},"down":{"uv":[16,7,0,8],"rotation":90,"texture":"#east","cullface":"west"}}},{"from":[-1,4,3],"to":[0,5,9],"faces":{"north":{"uv":[4,4,3,5],"texture":"#east","cullface":"west"},"south":{"uv":[9,4,8,5],"texture":"#east","cullface":"west"},"west":{"uv":[3,11,9,12],"texture":"#east","cullface":"west"},"down":{"uv":[9,11,3,12],"rotation":270,"texture":"#east","cullface":"west"}}},{"from":[16,5,6],"to":[17,11,14],"faces":{"north":{"uv":[3,5,2,11],"texture":"#east","cullface":"east"},"east":{"uv":[2,5,10,11],"texture":"#east","cullface":"east"},"south":{"uv":[10,5,9,11],"texture":"#east","cullface":"east"},"up":{"uv":[10,6,2,5],"rotation":270,"texture":"#east","cullface":"east"},"down":{"uv":[9,11,3,12],"rotation":270,"texture":"#east","cullface":"east"}}},{"from":[16,11,7],"to":[17,12,13],"faces":{"north":{"uv":[4,4,3,5],"texture":"#east","cullface":"east"},"east":{"uv":[3,4,9,5],"texture":"#east","cullface":"east"},"south":{"uv":[9,4,8,5],"texture":"#east","cullface":"east"},"up":{"uv":[9,5,3,4],"rotation":270,"texture":"#east","cullface":"east"}}},{"from":[-1,5,2],"to":[0,11,10],"faces":{"north":{"uv":[3,5,2,11],"texture":"#east","cullface":"west"},"south":{"uv":[10,5,9,11],"texture":"#east","cullface":"west"},"west":{"uv":[2,5,10,11],"texture":"#east","cullface":"west"},"up":{"uv":[10,6,2,5],"rotation":270,"texture":"#east","cullface":"west"},"down":{"uv":[9,11,3,12],"rotation":270,"texture":"#east","cullface":"west"}}},{"from":[-1,11,3],"to":[0,12,9],"faces":{"north":{"uv":[4,4,3,5],"texture":"#east","cullface":"west"},"south":{"uv":[9,4,8,5],"texture":"#east","cullface":"west"},"west":{"uv":[3,4,9,5],"texture":"#east","cullface":"west"},"up":{"uv":[9,5,3,4],"rotation":270,"texture":"#east","cullface":"west"}}},{"from":[0,8,16],"to":[16,9,17],"faces":{"east":{"uv":[0,7,1,8],"texture":"#north","cullface":"south"},"south":{"uv":[0,7,16,8],"texture":"#north","cullface":"south"},"west":{"uv":[16,7,15,8],"texture":"#north","cullface":"south"},"up":{"uv":[0,8,16,7],"texture":"#north","cullface":"south"},"down":{"uv":[0,7,16,8],"texture":"#north","cullface":"south"}}},{"from":[13,4,-0.5],"to":[14,12,0],"faces":{"north":{"uv":[2,4,3,12],"texture":"#north","cullface":"north"},"east":{"uv":[3,4,2,12],"texture":"#north","cullface":"north"},"west":{"uv":[2,4,3,12],"texture":"#north","cullface":"north"},"up":{"uv":[2,5,3,4],"rotation":180,"texture":"#north","cullface":"north"},"down":{"uv":[2,11,3,12],"rotation":180,"texture":"#north","cullface":"north"}}},{"from":[12,2,-0.5],"to":[13,5,0],"faces":{"north":{"uv":[3,11,4,14],"texture":"#north","cullface":"north"},"east":{"uv":[4,11,3,14],"texture":"#north","cullface":"north"},"west":{"uv":[3,11,4,14],"texture":"#north","cullface":"north"},"up":{"uv":[2,5,3,4],"rotation":180,"texture":"#north","cullface":"north"},"down":{"uv":[2,11,3,12],"rotation":180,"texture":"#north","cullface":"north"}}},{"from":[12,10,-0.5],"to":[13,13,0],"faces":{"north":{"uv":[3,11,4,14],"texture":"#north","cullface":"north"},"east":{"uv":[4,11,3,14],"texture":"#north","cullface":"north"},"west":{"uv":[3,11,4,14],"texture":"#north","cullface":"north"},"up":{"uv":[2,5,3,4],"rotation":180,"texture":"#north","cullface":"north"},"down":{"uv":[2,11,3,12],"rotation":180,"texture":"#north","cullface":"north"}}},{"from":[10,12,-0.5],"to":[12,14,0],"faces":{"north":{"uv":[4,2,6,4],"texture":"#north","cullface":"north"},"east":{"uv":[5,13,4,15],"texture":"#north","cullface":"north"},"west":{"uv":[5,13,6,15],"texture":"#north","cullface":"north"},"up":{"uv":[2,5,3,4],"rotation":180,"texture":"#north","cullface":"north"},"down":{"uv":[2,11,3,12],"rotation":180,"texture":"#north","cullface":"north"}}},{"from":[2,4,16],"to":[3,12,16.5],"faces":{"east":{"uv":[2,4,3,12],"texture":"#north","cullface":"south"},"south":{"uv":[2,4,3,12],"texture":"#north","cullface":"south"},"west":{"uv":[3,4,2,12],"texture":"#north","cullface":"south"},"up":{"uv":[2,5,3,4],"texture":"#north","cullface":"south"},"down":{"uv":[2,11,3,12],"texture":"#north","cullface":"south"}}},{"from":[3,2,16],"to":[4,5,16.5],"faces":{"east":{"uv":[3,11,4,14],"texture":"#north","cullface":"south"},"south":{"uv":[3,11,4,14],"texture":"#north","cullface":"south"},"west":{"uv":[4,11,3,14],"texture":"#north","cullface":"south"},"up":{"uv":[2,5,3,4],"texture":"#north","cullface":"south"},"down":{"uv":[2,11,3,12],"texture":"#north","cullface":"south"}}},{"from":[3,10,16],"to":[4,13,16.5],"faces":{"east":{"uv":[3,11,4,14],"texture":"#north","cullface":"south"},"south":{"uv":[3,11,4,14],"texture":"#north","cullface":"south"},"west":{"uv":[4,11,3,14],"texture":"#north","cullface":"south"},"up":{"uv":[2,5,3,4],"texture":"#north","cullface":"south"},"down":{"uv":[2,11,3,12],"texture":"#north","cullface":"south"}}},{"from":[4,1,16],"to":[6,3,16.5],"faces":{"east":{"uv":[5,13,6,15],"texture":"#north","cullface":"south"},"south":{"uv":[4,13,6,15],"texture":"#north","cullface":"south"},"west":{"uv":[5,13,4,15],"texture":"#north","cullface":"south"},"up":{"uv":[2,5,3,4],"texture":"#north","cullface":"south"},"down":{"uv":[2,11,3,12],"texture":"#north","cullface":"south"}}},{"from":[10,1,-0.5],"to":[12,3,0],"faces":{"north":{"uv":[4,13,6,15],"texture":"#north","cullface":"north"},"east":{"uv":[5,13,4,15],"texture":"#north","cullface":"north"},"west":{"uv":[5,13,6,15],"texture":"#north","cullface":"north"},"up":{"uv":[2,5,3,4],"rotation":180,"texture":"#north","cullface":"north"},"down":{"uv":[2,11,3,12],"rotation":180,"texture":"#north","cullface":"north"}}}],"groups":[0,1,2,3,4,5,6,7,8,9,10,11,12,{"name":"group","origin":[11,0,17.7],"color":0,"children":[13,14,15,16,17]},{"name":"group","origin":[11,0,17.7],"color":0,"children":[18,19,20,21,22]},{"name":"group","origin":[11,0,17.7],"color":0,"children":[23,24,25,26,27]},{"name":"group","origin":[11,0,17.7],"color":0,"children":[28,29,30,31,32]},33,34,35,36,37,38,39,40,41,42,43,44,45,46,47,48,49,50,51]}