{"__comment":"Designed by GeForceLegend","parent":"block/cube_all","textures":{"all":"block/gold_ore"},"elements":[{"from":[0.5,0.5,0.5],"to":[15.5,15.5,15.5],"faces":{"north":{"uv":[0.4706,0.4706,15.5294,15.5294],"texture":"#all","cullface":"north"},"east":{"uv":[0.4706,0.4706,15.5294,15.5294],"texture":"#all","cullface":"east"},"south":{"uv":[0.4706,0.4706,15.5294,15.5294],"texture":"#all","cullface":"south"},"west":{"uv":[0.4706,0.4706,15.5294,15.5294],"texture":"#all","cullface":"west"},"up":{"uv":[0.4706,0.4706,15.5294,15.5294],"texture":"#all","cullface":"up"},"down":{"uv":[0.4706,0.4706,15.5294,15.5294],"texture":"#all","cullface":"down"}}},{"from":[0,15,0],"to":[16,16,1],"faces":{"north":{"uv":[0,0,16,1],"texture":"#all","cullface":"north"},"east":{"uv":[15,0,16,1],"texture":"#all","cullface":"east"},"south":{"uv":[0,0,16,1],"texture":"#all","cullface":"up"},"west":{"uv":[0,0,1,1],"texture":"#all","cullface":"west"},"up":{"uv":[0,0,16,1],"texture":"#all","cullface":"up"},"down":{"uv":[16,0,0,1],"texture":"#all","cullface":"north"}}},{"from":[0,15,15],"to":[16,16,16],"faces":{"north":{"uv":[16,15,0,16],"texture":"#all","cullface":"up"},"east":{"uv":[0,0,1,1],"texture":"#all","cullface":"east"},"south":{"uv":[0,0,16,1],"texture":"#all","cullface":"south"},"up":{"uv":[0,15,16,16],"texture":"#all","cullface":"up"},"down":{"uv":[0,1,16,0],"texture":"#all","cullface":"south"}}},{"from":[0,15,1],"to":[1,16,16],"faces":{"east":{"uv":[0,1,1,16],"rotation":90,"texture":"#all","cullface":"up"},"west":{"uv":[1,0,16,1],"texture":"#all","cullface":"west"},"up":{"uv":[0,1,1,16],"texture":"#all","cullface":"up"},"down":{"uv":[16,0,1,1],"rotation":90,"texture":"#all","cullface":"west"}}},{"from":[15,15,1],"to":[16,16,15],"faces":{"east":{"uv":[1,0,15,1],"texture":"#all","cullface":"east"},"west":{"uv":[15,15,16,1],"rotation":90,"texture":"#all","cullface":"up"},"up":{"uv":[15,1,16,15],"texture":"#all","cullface":"up"},"down":{"uv":[1,1,15,0],"rotation":90,"texture":"#all","cullface":"east"}}},{"from":[1,15,14],"to":[3,16,15],"faces":{"north":{"uv":[3,14,1,15],"texture":"#all","cullface":"up"},"east":{"uv":[2,14,3,15],"texture":"#all","cullface":"up"},"up":{"uv":[1,14,3,15],"texture":"#all","cullface":"up"}}},{"from":[5,15,14],"to":[14,16,15],"faces":{"north":{"uv":[14,14,5,15],"texture":"#all","cullface":"up"},"east":{"uv":[13,14,14,15],"texture":"#all","cullface":"up"},"west":{"uv":[5,14,6,15],"texture":"#all","cullface":"up"},"up":{"uv":[5,14,14,15],"texture":"#all","cullface":"up"}}},{"from":[12,15,13],"to":[15,16,14],"faces":{"north":{"uv":[15,13,12,14],"texture":"#all","cullface":"up"},"south":{"uv":[12,13,15,14],"texture":"#all","cullface":"up"},"west":{"uv":[12,13,13,14],"texture":"#all","cullface":"up"},"up":{"uv":[12,13,15,14],"texture":"#all","cullface":"up"}}},{"from":[13,15,12],"to":[15,16,13],"faces":{"north":{"uv":[15,12,13,13],"texture":"#all","cullface":"up"},"west":{"uv":[13,12,14,13],"texture":"#all","cullface":"up"},"up":{"uv":[13,12,15,13],"texture":"#all","cullface":"up"}}},{"from":[8,15,12],"to":[10,16,14],"faces":{"north":{"uv":[10,12,8,13],"texture":"#all","cullface":"up"},"east":{"uv":[9,12,10,14],"rotation":90,"texture":"#all","cullface":"up"},"west":{"uv":[8,14,9,12],"rotation":90,"texture":"#all","cullface":"up"},"up":{"uv":[8,12,10,14],"texture":"#all","cullface":"up"}}},{"from":[6,15,13],"to":[8,16,14],"faces":{"north":{"uv":[8,13,6,14],"texture":"#all","cullface":"up"},"west":{"uv":[6,13,7,14],"texture":"#all","cullface":"up"},"up":{"uv":[6,13,8,14],"texture":"#all","cullface":"up"}}},{"from":[5,15,12],"to":[7,16,13],"faces":{"east":{"uv":[6,12,7,13],"texture":"#all","cullface":"up"},"south":{"uv":[5,12,7,13],"texture":"#all","cullface":"up"},"west":{"uv":[5,12,6,13],"texture":"#all","cullface":"up"},"up":{"uv":[5,12,7,13],"texture":"#all","cullface":"up"}}},{"from":[1,15,8],"to":[2,16,13],"faces":{"east":{"uv":[1,8,2,13],"rotation":90,"texture":"#all","cullface":"up"},"south":{"uv":[1,12,2,13],"texture":"#all","cullface":"up"},"up":{"uv":[1,8,2,13],"texture":"#all","cullface":"up"}}},{"from":[2,15,10],"to":[9,16,12],"faces":{"north":{"uv":[9,10,2,11],"texture":"#all","cullface":"up"},"east":{"uv":[8,10,9,12],"rotation":90,"texture":"#all","cullface":"up"},"south":{"uv":[2,11,9,12],"texture":"#all","cullface":"up"},"up":{"uv":[2,10,9,12],"texture":"#all","cullface":"up"}}},{"from":[13,15,8],"to":[15,16,11],"faces":{"north":{"uv":[15,8,13,9],"texture":"#all","cullface":"up"},"south":{"uv":[13,10,15,11],"texture":"#all","cullface":"up"},"west":{"uv":[13,11,14,8],"rotation":90,"texture":"#all","cullface":"up"},"up":{"uv":[13,8,15,11],"texture":"#all","cullface":"up"}}},{"from":[7,15,7],"to":[13,16,10],"faces":{"north":{"uv":[13,7,7,8],"texture":"#all","cullface":"up"},"east":{"uv":[12,7,13,10],"rotation":90,"texture":"#all","cullface":"up"},"south":{"uv":[7,9,13,10],"texture":"#all","cullface":"up"},"west":{"uv":[7,10,8,7],"rotation":90,"texture":"#all","cullface":"up"},"up":{"uv":[7,7,13,10],"texture":"#all","cullface":"up"}}},{"from":[6,15,9],"to":[10,15.99,11],"faces":{"north":{"uv":[6,9,7,10],"texture":"#all","cullface":"up"},"east":{"uv":[9,9,10,11],"rotation":90,"texture":"#all","cullface":"up"},"south":{"uv":[6,10,10,11],"texture":"#all","cullface":"up"},"up":{"uv":[6,9,10,11],"texture":"#all","cullface":"up"}}},{"from":[4,15,7],"to":[6,16,10],"faces":{"north":{"uv":[6,7,4,8],"texture":"#all","cullface":"up"},"east":{"uv":[5,7,6,10],"rotation":90,"texture":"#all","cullface":"up"},"west":{"uv":[4,10,5,7],"rotation":90,"texture":"#all","cullface":"up"},"up":{"uv":[4,7,6,10],"texture":"#all","cullface":"up"}}},{"from":[4,15,6],"to":[5,16,7],"faces":{"north":{"uv":[4,6,5,7],"texture":"#all","cullface":"up"},"east":{"uv":[4,6,5,7],"texture":"#all","cullface":"up"},"up":{"uv":[4,6,5,7],"texture":"#all","cullface":"up"}}},{"from":[1,15,1],"to":[4,16,8],"faces":{"east":{"uv":[3,1,4,8],"rotation":90,"texture":"#all","cullface":"up"},"south":{"uv":[1,7,4,8],"texture":"#all","cullface":"up"},"up":{"uv":[1,1,4,8],"texture":"#all","cullface":"up"}}},{"from":[4,15,2],"to":[5,16,5],"faces":{"north":{"uv":[4,2,5,3],"texture":"#all","cullface":"up"},"east":{"uv":[4,2,5,5],"rotation":90,"texture":"#all","cullface":"up"},"south":{"uv":[4,4,5,5],"texture":"#all","cullface":"up"},"up":{"uv":[4,2,5,5],"texture":"#all","cullface":"up"}}},{"from":[5,15,3],"to":[6,16,4],"faces":{"east":{"uv":[5,3,6,4],"texture":"#all","cullface":"up"},"south":{"uv":[5,3,6,4],"texture":"#all","cullface":"up"},"up":{"uv":[5,3,6,4],"texture":"#all","cullface":"up"}}},{"from":[5,15,2],"to":[7,16,3],"faces":{"east":{"uv":[6,2,7,3],"texture":"#all","cullface":"up"},"south":{"uv":[5,2,7,3],"texture":"#all","cullface":"up"},"up":{"uv":[5,2,7,3],"texture":"#all","cullface":"up"}}},{"from":[5,15,1],"to":[15,16,2],"faces":{"south":{"uv":[5,1,15,2],"texture":"#all","cullface":"up"},"west":{"uv":[5,1,6,2],"texture":"#all","cullface":"up"},"up":{"uv":[5,1,15,2],"texture":"#all","cullface":"up"}}},{"from":[8,15,2],"to":[13,16,3],"faces":{"east":{"uv":[12,2,13,3],"texture":"#all","cullface":"up"},"south":{"uv":[8,2,13,3],"texture":"#all","cullface":"up"},"west":{"uv":[8,2,9,3],"texture":"#all","cullface":"up"},"up":{"uv":[8,2,13,3],"texture":"#all","cullface":"up"}}},{"from":[9,15,3],"to":[12,16,7],"faces":{"east":{"uv":[11,3,12,7],"rotation":90,"texture":"#all","cullface":"up"},"west":{"uv":[9,7,10,3],"rotation":90,"texture":"#all","cullface":"up"},"up":{"uv":[9,3,12,7],"texture":"#all","cullface":"up"}}},{"from":[12,15,5],"to":[15,16,7],"faces":{"north":{"uv":[15,5,12,6],"texture":"#all","cullface":"up"},"south":{"uv":[12,6,15,7],"texture":"#all","cullface":"up"},"up":{"uv":[12,5,15,7],"texture":"#all","cullface":"up"}}},{"from":[14,15,4],"to":[15,16,5],"faces":{"north":{"uv":[14,4,15,5],"texture":"#all","cullface":"up"},"west":{"uv":[14,4,15,5],"texture":"#all","cullface":"up"},"up":{"uv":[14,4,15,5],"texture":"#all","cullface":"up"}}},{"from":[14,0,11],"to":[15,1,12],"faces":{"south":{"uv":[15,4,14,5],"texture":"#all","cullface":"down"},"west":{"uv":[14,4,15,5],"rotation":180,"texture":"#all","cullface":"down"},"down":{"uv":[14,4,15,5],"texture":"#all","cullface":"down"}}},{"from":[12,0,9],"to":[15,1,11],"faces":{"north":{"uv":[15,6,12,7],"texture":"#all","cullface":"down"},"south":{"uv":[12,5,15,6],"texture":"#all","cullface":"down"},"down":{"uv":[12,5,15,7],"texture":"#all","cullface":"down"}}},{"from":[9,0,9],"to":[12,1,13],"faces":{"east":{"uv":[11,3,12,7],"rotation":270,"texture":"#all","cullface":"down"},"west":{"uv":[9,7,10,3],"rotation":270,"texture":"#all","cullface":"down"},"down":{"uv":[9,3,12,7],"texture":"#all","cullface":"down"}}},{"from":[8,0,13],"to":[13,1,14],"faces":{"north":{"uv":[13,2,8,3],"texture":"#all","cullface":"down"},"east":{"uv":[12,2,13,3],"rotation":180,"texture":"#all","cullface":"down"},"west":{"uv":[8,2,9,3],"rotation":180,"texture":"#all","cullface":"down"},"down":{"uv":[8,2,13,3],"texture":"#all","cullface":"down"}}},{"from":[5,0,14],"to":[15,1,15],"faces":{"north":{"uv":[15,1,5,2],"texture":"#all","cullface":"down"},"west":{"uv":[5,1,6,2],"rotation":180,"texture":"#all","cullface":"down"},"down":{"uv":[5,1,15,2],"texture":"#all","cullface":"down"}}},{"from":[5,0,13],"to":[7,1,14],"faces":{"north":{"uv":[7,2,5,3],"texture":"#all","cullface":"down"},"east":{"uv":[6,2,7,3],"rotation":180,"texture":"#all","cullface":"down"},"down":{"uv":[5,2,7,3],"texture":"#all","cullface":"down"}}},{"from":[5,0,12],"to":[6,1,13],"faces":{"north":{"uv":[6,3,5,4],"texture":"#all","cullface":"down"},"east":{"uv":[5,3,6,4],"rotation":180,"texture":"#all","cullface":"down"},"down":{"uv":[5,3,6,4],"texture":"#all","cullface":"down"}}},{"from":[4,0,11],"to":[5,1,14],"faces":{"north":{"uv":[5,4,4,5],"texture":"#all","cullface":"down"},"east":{"uv":[4,2,5,5],"rotation":270,"texture":"#all","cullface":"down"},"south":{"uv":[5,2,4,3],"texture":"#all","cullface":"down"},"down":{"uv":[4,2,5,5],"texture":"#all","cullface":"down"}}},{"from":[2,0,8],"to":[4,1,15],"faces":{"north":{"uv":[4,7,2,8],"texture":"#all","cullface":"down"},"east":{"uv":[3,1,4,8],"rotation":270,"texture":"#all","cullface":"down"},"down":{"uv":[2,1,4,8],"texture":"#all","cullface":"down"}}},{"from":[4,0,9],"to":[5,1,10],"faces":{"east":{"uv":[4,6,5,7],"rotation":180,"texture":"#all","cullface":"down"},"south":{"uv":[5,6,4,7],"texture":"#all","cullface":"down"},"down":{"uv":[4,6,5,7],"texture":"#all","cullface":"down"}}},{"from":[4,0,6],"to":[6,1,9],"faces":{"east":{"uv":[5,7,6,10],"rotation":270,"texture":"#all","cullface":"down"},"south":{"uv":[4,7,6,8],"texture":"#all","cullface":"down"},"west":{"uv":[4,10,5,7],"rotation":270,"texture":"#all","cullface":"down"},"down":{"uv":[4,7,6,10],"texture":"#all","cullface":"down"}}},{"from":[6,0.01,5],"to":[10,1,7],"faces":{"north":{"uv":[10,10,9,11],"texture":"#all","cullface":"down"},"east":{"uv":[9,11,10,9],"rotation":90,"texture":"#all","cullface":"down"},"south":{"uv":[7,9,6,10],"texture":"#all","cullface":"down"},"down":{"uv":[6,9,10,11],"texture":"#all","cullface":"down"}}},{"from":[13,0,5],"to":[15,1,8],"faces":{"north":{"uv":[15,10,13,11],"texture":"#all","cullface":"down"},"south":{"uv":[13,8,15,9],"texture":"#all","cullface":"down"},"west":{"uv":[13,11,14,8],"rotation":270,"texture":"#all","cullface":"down"},"down":{"uv":[13,8,15,11],"texture":"#all","cullface":"down"}}},{"from":[7,0,6],"to":[13,1,9],"faces":{"north":{"uv":[13,9,7,10],"texture":"#all","cullface":"down"},"east":{"uv":[12,7,13,10],"rotation":270,"texture":"#all","cullface":"down"},"south":{"uv":[7,7,13,8],"texture":"#all","cullface":"down"},"west":{"uv":[7,10,8,7],"rotation":270,"texture":"#all","cullface":"down"},"down":{"uv":[7,7,13,10],"texture":"#all","cullface":"down"}}},{"from":[0,0,3],"to":[2,1,15],"faces":{"north":{"uv":[2,12,1,13],"texture":"#all","cullface":"down"},"east":{"uv":[1,13,2,1],"rotation":90,"texture":"#all","cullface":"down"},"west":{"uv":[3,15,15,16],"texture":"#all","cullface":"west"},"up":{"uv":[3,15,15,16],"rotation":90,"texture":"#all","cullface":"west"},"down":{"uv":[0,1,2,13],"texture":"#all","cullface":"down"}}},{"from":[5,0,3],"to":[7,1,4],"faces":{"north":{"uv":[7,12,5,13],"texture":"#all","cullface":"down"},"east":{"uv":[6,12,7,13],"rotation":180,"texture":"#all","cullface":"down"},"west":{"uv":[5,12,6,13],"rotation":180,"texture":"#all","cullface":"down"},"down":{"uv":[5,12,7,13],"texture":"#all","cullface":"down"}}},{"from":[6,0,2],"to":[8,1,3],"faces":{"south":{"uv":[6,13,8,14],"texture":"#all","cullface":"down"},"west":{"uv":[6,13,7,14],"rotation":180,"texture":"#all","cullface":"down"},"down":{"uv":[6,13,8,14],"texture":"#all","cullface":"down"}}},{"from":[8,0,2],"to":[10,1,4],"faces":{"east":{"uv":[9,12,10,14],"rotation":270,"texture":"#all","cullface":"down"},"south":{"uv":[8,12,10,13],"texture":"#all","cullface":"down"},"west":{"uv":[8,14,9,12],"rotation":270,"texture":"#all","cullface":"down"},"down":{"uv":[8,12,10,14],"texture":"#all","cullface":"down"}}},{"from":[13,0,3],"to":[15,1,4],"faces":{"south":{"uv":[13,12,15,13],"texture":"#all","cullface":"down"},"west":{"uv":[13,12,14,13],"rotation":180,"texture":"#all","cullface":"down"},"down":{"uv":[13,12,15,13],"texture":"#all","cullface":"down"}}},{"from":[12,0,2],"to":[15,1,3],"faces":{"north":{"uv":[15,13,12,14],"texture":"#all","cullface":"down"},"south":{"uv":[12,13,15,14],"texture":"#all","cullface":"down"},"west":{"uv":[12,13,13,14],"rotation":180,"texture":"#all","cullface":"down"},"down":{"uv":[12,13,15,14],"texture":"#all","cullface":"down"}}},{"from":[5,0,1],"to":[14,1,2],"faces":{"east":{"uv":[13,14,14,15],"rotation":180,"texture":"#all","cullface":"down"},"south":{"uv":[5,14,14,15],"texture":"#all","cullface":"down"},"west":{"uv":[5,14,6,15],"rotation":180,"texture":"#all","cullface":"down"},"down":{"uv":[5,14,14,15],"texture":"#all","cullface":"down"}}},{"from":[1,0,1],"to":[3,1,2],"faces":{"east":{"uv":[2,14,3,15],"rotation":180,"texture":"#all","cullface":"down"},"south":{"uv":[1,14,3,15],"texture":"#all","cullface":"down"},"down":{"uv":[1,14,3,15],"texture":"#all","cullface":"down"}}},{"from":[15,0,1],"to":[16,1,16],"faces":{"east":{"uv":[0,15,15,16],"texture":"#all","cullface":"east"},"south":{"uv":[15,15,16,16],"texture":"#all","cullface":"south"},"west":{"uv":[15,15,16,0],"rotation":270,"texture":"#all","cullface":"down"},"up":{"uv":[15,16,0,15],"rotation":90,"texture":"#all","cullface":"east"},"down":{"uv":[15,0,16,15],"texture":"#all","cullface":"down"}}},{"from":[0,0,0],"to":[16,1,1],"faces":{"north":{"uv":[0,15,16,16],"texture":"#all","cullface":"north"},"east":{"uv":[15,15,16,16],"texture":"#all","cullface":"east"},"south":{"uv":[16,15,0,16],"rotation":180,"texture":"#all","cullface":"down"},"west":{"uv":[0,15,1,16],"texture":"#all","cullface":"west"},"up":{"uv":[16,15,0,16],"texture":"#all","cullface":"north"},"down":{"uv":[0,15,16,16],"texture":"#all","cullface":"down"}}},{"from":[0,0,15],"to":[15,1,16],"faces":{"north":{"uv":[15,0,0,1],"texture":"#all","cullface":"down"},"south":{"uv":[0,15,15,16],"texture":"#all","cullface":"south"},"west":{"uv":[15,15,16,16],"texture":"#all","cullface":"west"},"up":{"uv":[0,15,15,16],"texture":"#all","cullface":"south"},"down":{"uv":[0,0,15,1],"texture":"#all","cullface":"down"}}},{"from":[2,0,4],"to":[9,1,6],"faces":{"north":{"uv":[9,11,2,12],"texture":"#all","cullface":"down"},"east":{"uv":[8,10,9,12],"rotation":270,"texture":"#all","cullface":"down"},"south":{"uv":[2,10,9,11],"texture":"#all","cullface":"down"},"down":{"uv":[2,10,9,12],"texture":"#all","cullface":"down"}}},{"from":[0,1,0],"to":[1,15,1],"faces":{"north":{"uv":[15,1,16,15],"texture":"#all","cullface":"north"},"east":{"uv":[15,1,16,15],"texture":"#all","cullface":"north"},"south":{"uv":[0,1,1,15],"texture":"#all","cullface":"west"},"west":{"uv":[0,1,1,15],"texture":"#all","cullface":"west"}}},{"from":[0,1,15],"to":[3,2,16],"faces":{"north":{"uv":[15,14,16,15],"texture":"#all","cullface":"west"},"east":{"uv":[2,14,3,15],"texture":"#all","cullface":"south"},"south":{"uv":[0,14,3,15],"texture":"#all","cullface":"south"},"west":{"uv":[15,14,16,15],"texture":"#all","cullface":"west"},"up":{"uv":[0,14,3,15],"texture":"#all","cullface":"south"}}},{"from":[0,3,15],"to":[2,15,16],"faces":{"north":{"uv":[15,1,16,13],"texture":"#all","cullface":"west"},"east":{"uv":[1,1,2,13],"texture":"#all","cullface":"south"},"south":{"uv":[0,1,2,13],"texture":"#all","cullface":"south"},"west":{"uv":[15,1,16,13],"texture":"#all","cullface":"west"},"down":{"uv":[0,12,2,13],"texture":"#all","cullface":"south"}}},{"from":[2,8,15],"to":[4,15,16],"faces":{"east":{"uv":[3,1,4,8],"texture":"#all","cullface":"south"},"south":{"uv":[2,1,4,8],"texture":"#all","cullface":"south"},"down":{"uv":[2,7,4,8],"texture":"#all","cullface":"south"}}},{"from":[4,11,15],"to":[5,14,16],"faces":{"east":{"uv":[4,2,5,5],"texture":"#all","cullface":"south"},"south":{"uv":[4,2,5,5],"texture":"#all","cullface":"south"},"up":{"uv":[5,2,4,3],"texture":"#all","cullface":"south"},"down":{"uv":[4,4,5,5],"texture":"#all","cullface":"south"}}},{"from":[5,13,15],"to":[7,14,16],"faces":{"east":{"uv":[6,2,7,3],"texture":"#all","cullface":"south"},"south":{"uv":[5,2,7,3],"texture":"#all","cullface":"south"},"down":{"uv":[5,2,7,3],"texture":"#all","cullface":"south"}}},{"from":[5,12,15],"to":[6,13,16],"faces":{"east":{"uv":[5,3,6,4],"texture":"#all","cullface":"south"},"south":{"uv":[5,3,6,4],"texture":"#all","cullface":"south"},"down":{"uv":[5,3,6,4],"texture":"#all","cullface":"south"}}},{"from":[5,14,15],"to":[15,15,16],"faces":{"south":{"uv":[5,1,15,2],"texture":"#all","cullface":"south"},"west":{"uv":[5,2,6,1],"texture":"#all","cullface":"south"},"down":{"uv":[5,1,15,2],"texture":"#all","cullface":"south"}}},{"from":[8,13,15],"to":[13,14,16],"faces":{"east":{"uv":[12,2,13,3],"texture":"#all","cullface":"south"},"south":{"uv":[8,2,13,3],"texture":"#all","cullface":"south"},"west":{"uv":[8,3,9,2],"texture":"#all","cullface":"south"},"down":{"uv":[8,2,13,3],"texture":"#all","cullface":"south"}}},{"from":[9,9,15],"to":[12,13,16],"faces":{"east":{"uv":[11,3,12,7],"texture":"#all","cullface":"south"},"south":{"uv":[9,3,12,7],"texture":"#all","cullface":"south"},"west":{"uv":[9,3,10,7],"texture":"#all","cullface":"south"}}},{"from":[12,9,15],"to":[15,11,16],"faces":{"south":{"uv":[12,5,15,7],"texture":"#all","cullface":"south"},"up":{"uv":[12,5,15,6],"texture":"#all","cullface":"south"},"down":{"uv":[12,6,15,7],"texture":"#all","cullface":"south"}}},{"from":[14,11,15],"to":[15,12,16],"faces":{"south":{"uv":[14,4,15,5],"texture":"#all","cullface":"south"},"west":{"uv":[14,5,15,4],"texture":"#all","cullface":"south"},"up":{"uv":[15,4,14,5],"texture":"#all","cullface":"south"}}},{"from":[7,6,15],"to":[13,9,16],"faces":{"east":{"uv":[12,7,13,10],"texture":"#all","cullface":"south"},"south":{"uv":[7,7,13,10],"texture":"#all","cullface":"south"},"west":{"uv":[7,7,8,10],"texture":"#all","cullface":"south"},"up":{"uv":[7,7,13,8],"texture":"#all","cullface":"south"},"down":{"uv":[7,9,13,10],"texture":"#all","cullface":"south"}}},{"from":[2,4,15],"to":[9,6,16],"faces":{"east":{"uv":[8,10,9,12],"texture":"#all","cullface":"south"},"south":{"uv":[2,10,9,12],"texture":"#all","cullface":"south"},"up":{"uv":[2,10,9,11],"texture":"#all","cullface":"south"},"down":{"uv":[2,11,9,12],"texture":"#all","cullface":"south"}}},{"from":[4,6,15],"to":[6,9,16],"faces":{"east":{"uv":[5,7,6,10],"texture":"#all","cullface":"south"},"south":{"uv":[4,7,6,10],"texture":"#all","cullface":"south"},"west":{"uv":[4,7,5,10],"texture":"#all","cullface":"south"},"up":{"uv":[4,7,6,8],"texture":"#all","cullface":"south"}}},{"from":[4,9,15],"to":[5,10,16],"faces":{"east":{"uv":[4,6,5,7],"texture":"#all","cullface":"south"},"south":{"uv":[4,6,5,7],"texture":"#all","cullface":"south"},"up":{"uv":[5,6,4,7],"texture":"#all","cullface":"south"}}},{"from":[6,2,15],"to":[8,3,16],"faces":{"south":{"uv":[6,13,8,14],"texture":"#all","cullface":"south"},"west":{"uv":[6,14,7,13],"texture":"#all","cullface":"south"},"up":{"uv":[6,13,8,14],"texture":"#all","cullface":"south"}}},{"from":[5,3,15],"to":[7,4,16],"faces":{"east":{"uv":[6,12,7,13],"texture":"#all","cullface":"south"},"south":{"uv":[5,12,7,13],"texture":"#all","cullface":"south"},"west":{"uv":[5,13,6,12],"texture":"#all","cullface":"south"},"down":{"uv":[5,12,7,13],"texture":"#all","cullface":"south"}}},{"from":[5,1,15],"to":[14,2,16],"faces":{"east":{"uv":[13,14,14,15],"texture":"#all","cullface":"south"},"south":{"uv":[5,14,14,15],"texture":"#all","cullface":"south"},"west":{"uv":[5,15,6,14],"texture":"#all","cullface":"south"},"up":{"uv":[5,14,14,15],"texture":"#all","cullface":"south"}}},{"from":[8,2,15],"to":[10,4,16],"faces":{"east":{"uv":[9,12,10,14],"texture":"#all","cullface":"south"},"south":{"uv":[8,12,10,14],"texture":"#all","cullface":"south"},"west":{"uv":[8,12,9,14],"texture":"#all","cullface":"south"},"up":{"uv":[8,12,10,13],"texture":"#all","cullface":"south"}}},{"from":[12,2,15],"to":[16,3,16],"faces":{"north":{"uv":[0,13,1,14],"texture":"#all","cullface":"east"},"east":{"uv":[0,13,1,14],"texture":"#all","cullface":"east"},"south":{"uv":[12,13,16,14],"texture":"#all","cullface":"south"},"west":{"uv":[12,14,13,13],"texture":"#all","cullface":"south"},"up":{"uv":[12,13,16,14],"texture":"#all","cullface":"south"},"down":{"uv":[12,13,16,14],"texture":"#all","cullface":"south"}}},{"from":[13,3,15],"to":[15,4,16],"faces":{"south":{"uv":[13,12,15,13],"texture":"#all","cullface":"south"},"west":{"uv":[13,13,14,12],"texture":"#all","cullface":"south"},"up":{"uv":[13,12,15,13],"texture":"#all","cullface":"south"}}},{"from":[13,5,15],"to":[15,8,16],"faces":{"south":{"uv":[13,8,15,11],"texture":"#all","cullface":"south"},"west":{"uv":[13,8,14,11],"texture":"#all","cullface":"south"},"up":{"uv":[13,8,15,9],"texture":"#all","cullface":"south"},"down":{"uv":[13,10,15,11],"texture":"#all","cullface":"south"}}},{"from":[6,5,15],"to":[10,7,15.99],"faces":{"east":{"uv":[9,9,10,11],"texture":"#all","cullface":"south"},"south":{"uv":[6,9,10,11],"texture":"#all","cullface":"south"},"up":{"uv":[6,9,7,10],"texture":"#all","cullface":"south"},"down":{"uv":[9,10,10,11],"texture":"#all","cullface":"south"}}},{"from":[15,1,13],"to":[16,2,16],"faces":{"north":{"uv":[2,14,3,15],"texture":"#all","cullface":"east"},"east":{"uv":[0,14,3,15],"texture":"#all","cullface":"east"},"south":{"uv":[15,14,16,15],"texture":"#all","cullface":"south"},"west":{"uv":[15,14,16,15],"texture":"#all","cullface":"south"},"up":{"uv":[0,14,3,15],"rotation":270,"texture":"#all","cullface":"east"}}},{"from":[15,3,14],"to":[16,15,16],"faces":{"north":{"uv":[1,1,2,13],"texture":"#all","cullface":"east"},"east":{"uv":[0,1,2,13],"texture":"#all","cullface":"east"},"south":{"uv":[15,1,16,13],"texture":"#all","cullface":"south"},"west":{"uv":[15,1,16,13],"texture":"#all","cullface":"south"},"down":{"uv":[0,12,2,13],"rotation":90,"texture":"#all","cullface":"east"}}},{"from":[15,8,12],"to":[16,15,14],"faces":{"north":{"uv":[3,1,4,8],"texture":"#all","cullface":"east"},"east":{"uv":[2,1,4,8],"texture":"#all","cullface":"east"},"down":{"uv":[2,7,4,8],"rotation":90,"texture":"#all","cullface":"east"}}},{"from":[15,11,11],"to":[16,14,12],"faces":{"north":{"uv":[4,2,5,5],"texture":"#all","cullface":"east"},"east":{"uv":[4,2,5,5],"texture":"#all","cullface":"east"},"up":{"uv":[5,2,4,3],"rotation":270,"texture":"#all","cullface":"east"},"down":{"uv":[4,4,5,5],"rotation":90,"texture":"#all","cullface":"east"}}},{"from":[15,13,9],"to":[16,14,11],"faces":{"north":{"uv":[6,2,7,3],"texture":"#all","cullface":"east"},"east":{"uv":[5,2,7,3],"texture":"#all","cullface":"east"},"down":{"uv":[5,2,7,3],"rotation":90,"texture":"#all","cullface":"east"}}},{"from":[15,12,10],"to":[16,13,11],"faces":{"north":{"uv":[5,3,6,4],"texture":"#all","cullface":"east"},"east":{"uv":[5,3,6,4],"texture":"#all","cullface":"east"},"down":{"uv":[5,3,6,4],"rotation":90,"texture":"#all","cullface":"east"}}},{"from":[15,14,1],"to":[16,15,11],"faces":{"east":{"uv":[5,1,15,2],"texture":"#all","cullface":"east"},"south":{"uv":[5,2,6,1],"texture":"#all","cullface":"east"},"down":{"uv":[5,1,15,2],"rotation":90,"texture":"#all","cullface":"east"}}},{"from":[15,13,3],"to":[16,14,8],"faces":{"north":{"uv":[12,2,13,3],"texture":"#all","cullface":"east"},"east":{"uv":[8,2,13,3],"texture":"#all","cullface":"east"},"south":{"uv":[8,3,9,2],"texture":"#all","cullface":"east"},"down":{"uv":[8,2,13,3],"rotation":90,"texture":"#all","cullface":"east"}}},{"from":[15,9,4],"to":[16,13,7],"faces":{"north":{"uv":[11,3,12,7],"texture":"#all","cullface":"east"},"east":{"uv":[9,3,12,7],"texture":"#all","cullface":"east"},"south":{"uv":[9,3,10,7],"texture":"#all","cullface":"east"}}},{"from":[15,9,1],"to":[16,11,4],"faces":{"east":{"uv":[12,5,15,7],"texture":"#all","cullface":"east"},"up":{"uv":[12,5,15,6],"rotation":270,"texture":"#all","cullface":"east"},"down":{"uv":[12,6,15,7],"rotation":90,"texture":"#all","cullface":"east"}}},{"from":[15,11,1],"to":[16,12,2],"faces":{"east":{"uv":[14,4,15,5],"texture":"#all","cullface":"east"},"south":{"uv":[14,5,15,4],"texture":"#all","cullface":"east"},"up":{"uv":[15,4,14,5],"rotation":270,"texture":"#all","cullface":"east"}}},{"from":[15,6,3],"to":[16,9,9],"faces":{"north":{"uv":[12,7,13,10],"texture":"#all","cullface":"east"},"east":{"uv":[7,7,13,10],"texture":"#all","cullface":"east"},"south":{"uv":[7,7,8,10],"texture":"#all","cullface":"east"},"up":{"uv":[7,7,13,8],"rotation":270,"texture":"#all","cullface":"east"},"down":{"uv":[7,9,13,10],"rotation":90,"texture":"#all","cullface":"east"}}},{"from":[15,4,7],"to":[16,6,14],"faces":{"north":{"uv":[8,10,9,12],"texture":"#all","cullface":"east"},"east":{"uv":[2,10,9,12],"texture":"#all","cullface":"east"},"up":{"uv":[2,10,9,11],"rotation":270,"texture":"#all","cullface":"east"},"down":{"uv":[2,11,9,12],"rotation":90,"texture":"#all","cullface":"east"}}},{"from":[15,6,10],"to":[16,9,12],"faces":{"north":{"uv":[5,7,6,10],"texture":"#all","cullface":"east"},"east":{"uv":[4,7,6,10],"texture":"#all","cullface":"east"},"south":{"uv":[4,7,5,10],"texture":"#all","cullface":"east"},"up":{"uv":[4,7,6,8],"rotation":270,"texture":"#all","cullface":"east"}}},{"from":[15,9,11],"to":[16,10,12],"faces":{"north":{"uv":[4,6,5,7],"texture":"#all","cullface":"east"},"east":{"uv":[4,6,5,7],"texture":"#all","cullface":"east"},"up":{"uv":[5,6,4,7],"rotation":270,"texture":"#all","cullface":"east"}}},{"from":[15,2,8],"to":[16,3,10],"faces":{"east":{"uv":[6,13,8,14],"texture":"#all","cullface":"east"},"south":{"uv":[6,14,7,13],"texture":"#all","cullface":"east"},"up":{"uv":[6,13,8,14],"rotation":270,"texture":"#all","cullface":"east"}}},{"from":[15,3,9],"to":[16,4,11],"faces":{"north":{"uv":[6,12,7,13],"texture":"#all","cullface":"east"},"east":{"uv":[5,12,7,13],"texture":"#all","cullface":"east"},"south":{"uv":[5,13,6,12],"texture":"#all","cullface":"east"},"down":{"uv":[5,12,7,13],"rotation":90,"texture":"#all","cullface":"east"}}},{"from":[15,1,2],"to":[16,2,11],"faces":{"north":{"uv":[13,14,14,15],"texture":"#all","cullface":"east"},"east":{"uv":[5,14,14,15],"texture":"#all","cullface":"east"},"south":{"uv":[5,15,6,14],"texture":"#all","cullface":"east"},"up":{"uv":[5,14,14,15],"rotation":270,"texture":"#all","cullface":"east"}}},{"from":[15,2,6],"to":[16,4,8],"faces":{"north":{"uv":[9,12,10,14],"texture":"#all","cullface":"east"},"east":{"uv":[8,12,10,14],"texture":"#all","cullface":"east"},"south":{"uv":[8,12,9,14],"texture":"#all","cullface":"east"},"up":{"uv":[8,12,10,13],"rotation":270,"texture":"#all","cullface":"east"}}},{"from":[15,2,0],"to":[16,3,4],"faces":{"north":{"uv":[0,13,1,14],"texture":"#all","cullface":"north"},"east":{"uv":[12,13,16,14],"texture":"#all","cullface":"east"},"south":{"uv":[12,14,13,13],"texture":"#all","cullface":"east"},"west":{"uv":[0,13,1,14],"texture":"#all","cullface":"north"},"up":{"uv":[12,13,16,14],"rotation":270,"texture":"#all","cullface":"east"},"down":{"uv":[12,13,15,14],"rotation":90,"texture":"#all","cullface":"east"}}},{"from":[15,3,1],"to":[16,4,3],"faces":{"east":{"uv":[13,12,15,13],"texture":"#all","cullface":"east"},"south":{"uv":[13,13,14,12],"texture":"#all","cullface":"east"},"up":{"uv":[13,12,15,13],"rotation":270,"texture":"#all","cullface":"east"}}},{"from":[15,5,1],"to":[16,8,3],"faces":{"east":{"uv":[13,8,15,11],"texture":"#all","cullface":"east"},"south":{"uv":[13,8,14,11],"texture":"#all","cullface":"east"},"up":{"uv":[13,8,15,9],"rotation":270,"texture":"#all","cullface":"east"},"down":{"uv":[13,10,15,11],"rotation":90,"texture":"#all","cullface":"east"}}},{"from":[15,5,6],"to":[15.99,7,10],"faces":{"north":{"uv":[9,9,10,11],"texture":"#all","cullface":"east"},"east":{"uv":[6,9,10,11],"texture":"#all","cullface":"east"},"up":{"uv":[6,9,7,10],"texture":"#all","cullface":"east"},"down":{"uv":[6,10,10,11],"rotation":90,"texture":"#all","cullface":"east"}}},{"from":[6,5,0.01],"to":[10,7,1],"faces":{"north":{"uv":[6,9,10,11],"texture":"#all","cullface":"north"},"west":{"uv":[9,10,10,11],"texture":"#all","cullface":"north"},"up":{"uv":[6,9,7,10],"texture":"#all","cullface":"north"},"down":{"uv":[9,10,10,11],"texture":"#all","cullface":"north"}}},{"from":[1,5,0],"to":[3,8,1],"faces":{"north":{"uv":[13,8,15,11],"texture":"#all","cullface":"north"},"east":{"uv":[13,8,14,11],"texture":"#all","cullface":"north"},"up":{"uv":[15,8,13,9],"texture":"#all","cullface":"north"},"down":{"uv":[15,10,13,11],"texture":"#all","cullface":"north"}}},{"from":[1,3,0],"to":[3,4,1],"faces":{"north":{"uv":[13,12,15,13],"texture":"#all","cullface":"north"},"east":{"uv":[13,13,14,12],"texture":"#all","cullface":"north"},"up":{"uv":[15,12,13,13],"texture":"#all","cullface":"north"}}},{"from":[1,2,0],"to":[4,3,1],"faces":{"north":{"uv":[12,13,15,14],"texture":"#all","cullface":"north"},"east":{"uv":[12,14,13,13],"texture":"#all","cullface":"north"},"up":{"uv":[15,13,12,14],"texture":"#all","cullface":"north"},"down":{"uv":[15,13,12,14],"texture":"#all","cullface":"north"}}},{"from":[6,2,0],"to":[8,4,1],"faces":{"north":{"uv":[8,12,10,14],"texture":"#all","cullface":"north"},"east":{"uv":[8,12,9,14],"texture":"#all","cullface":"north"},"west":{"uv":[9,12,10,14],"texture":"#all","cullface":"north"},"up":{"uv":[10,12,8,13],"texture":"#all","cullface":"north"}}},{"from":[2,1,0],"to":[11,2,1],"faces":{"north":{"uv":[5,14,14,15],"texture":"#all","cullface":"north"},"east":{"uv":[5,15,6,14],"texture":"#all","cullface":"north"},"west":{"uv":[13,14,14,15],"texture":"#all","cullface":"north"},"up":{"uv":[14,14,5,15],"texture":"#all","cullface":"north"}}},{"from":[9,3,0],"to":[11,4,1],"faces":{"north":{"uv":[5,12,7,13],"texture":"#all","cullface":"north"},"east":{"uv":[5,13,6,12],"texture":"#all","cullface":"north"},"west":{"uv":[6,12,7,13],"texture":"#all","cullface":"north"},"down":{"uv":[7,12,5,13],"texture":"#all","cullface":"north"}}},{"from":[8,2,0],"to":[10,3,1],"faces":{"north":{"uv":[6,13,8,14],"texture":"#all","cullface":"north"},"east":{"uv":[6,14,7,13],"texture":"#all","cullface":"north"},"up":{"uv":[8,13,6,14],"texture":"#all","cullface":"north"}}},{"from":[11,9,0],"to":[12,10,1],"faces":{"north":{"uv":[4,6,5,7],"texture":"#all","cullface":"north"},"west":{"uv":[4,6,5,7],"texture":"#all","cullface":"north"},"up":{"uv":[4,6,5,7],"texture":"#all","cullface":"north"}}},{"from":[10,6,0],"to":[12,9,1],"faces":{"north":{"uv":[4,7,6,10],"texture":"#all","cullface":"north"},"east":{"uv":[4,7,5,10],"texture":"#all","cullface":"north"},"west":{"uv":[5,7,6,10],"texture":"#all","cullface":"north"},"up":{"uv":[6,7,4,8],"texture":"#all","cullface":"north"}}},{"from":[7,4,0],"to":[14,6,1],"faces":{"north":{"uv":[2,10,9,12],"texture":"#all","cullface":"north"},"west":{"uv":[8,10,9,12],"texture":"#all","cullface":"north"},"up":{"uv":[9,10,2,11],"texture":"#all","cullface":"north"},"down":{"uv":[9,11,2,12],"texture":"#all","cullface":"north"}}},{"from":[3,6,0],"to":[9,9,1],"faces":{"north":{"uv":[7,7,13,10],"texture":"#all","cullface":"north"},"east":{"uv":[7,7,8,10],"texture":"#all","cullface":"north"},"west":{"uv":[12,7,13,10],"texture":"#all","cullface":"north"},"up":{"uv":[13,7,7,8],"texture":"#all","cullface":"north"},"down":{"uv":[13,9,7,10],"texture":"#all","cullface":"north"}}},{"from":[1,11,0],"to":[2,12,1],"faces":{"north":{"uv":[14,4,15,5],"texture":"#all","cullface":"north"},"east":{"uv":[14,5,15,4],"texture":"#all","cullface":"north"},"up":{"uv":[14,4,15,5],"texture":"#all","cullface":"north"}}},{"from":[1,9,0],"to":[4,11,1],"faces":{"north":{"uv":[12,5,15,7],"texture":"#all","cullface":"north"},"up":{"uv":[15,5,12,6],"texture":"#all","cullface":"north"},"down":{"uv":[15,6,12,7],"texture":"#all","cullface":"north"}}},{"from":[4,9,0],"to":[7,13,1],"faces":{"north":{"uv":[9,3,12,7],"texture":"#all","cullface":"north"},"east":{"uv":[9,3,10,7],"texture":"#all","cullface":"north"},"west":{"uv":[11,3,12,7],"texture":"#all","cullface":"north"}}},{"from":[3,13,0],"to":[8,14,1],"faces":{"north":{"uv":[8,2,13,3],"texture":"#all","cullface":"north"},"east":{"uv":[8,3,9,2],"texture":"#all","cullface":"north"},"west":{"uv":[12,2,13,3],"texture":"#all","cullface":"north"},"down":{"uv":[13,2,8,3],"texture":"#all","cullface":"north"}}},{"from":[1,14,0],"to":[11,15,1],"faces":{"north":{"uv":[5,1,15,2],"texture":"#all","cullface":"north"},"east":{"uv":[5,2,6,1],"texture":"#all","cullface":"north"},"down":{"uv":[15,1,5,2],"texture":"#all","cullface":"north"}}},{"from":[10,12,0],"to":[11,13,1],"faces":{"north":{"uv":[5,3,6,4],"texture":"#all","cullface":"north"},"west":{"uv":[5,3,6,4],"texture":"#all","cullface":"north"},"down":{"uv":[6,3,5,4],"texture":"#all","cullface":"north"}}},{"from":[9,13,0],"to":[11,14,1],"faces":{"north":{"uv":[5,2,7,3],"texture":"#all","cullface":"north"},"west":{"uv":[6,2,7,3],"texture":"#all","cullface":"north"},"down":{"uv":[7,2,5,3],"texture":"#all","cullface":"north"}}},{"from":[11,11,0],"to":[12,14,1],"faces":{"north":{"uv":[4,2,5,5],"texture":"#all","cullface":"north"},"west":{"uv":[4,2,5,5],"texture":"#all","cullface":"north"},"up":{"uv":[4,2,5,3],"texture":"#all","cullface":"north"},"down":{"uv":[5,4,4,5],"texture":"#all","cullface":"north"}}},{"from":[12,8,0],"to":[14,15,1],"faces":{"north":{"uv":[2,1,4,8],"texture":"#all","cullface":"north"},"west":{"uv":[3,1,4,8],"texture":"#all","cullface":"north"},"down":{"uv":[4,7,2,8],"texture":"#all","cullface":"north"}}},{"from":[14,3,0],"to":[16,15,1],"faces":{"north":{"uv":[0,1,2,13],"texture":"#all","cullface":"north"},"east":{"uv":[15,1,16,13],"texture":"#all","cullface":"east"},"south":{"uv":[15,1,16,13],"texture":"#all","cullface":"east"},"west":{"uv":[1,1,2,13],"texture":"#all","cullface":"north"},"down":{"uv":[2,12,0,13],"texture":"#all","cullface":"north"}}},{"from":[13,1,0],"to":[16,2,1],"faces":{"north":{"uv":[0,14,3,15],"texture":"#all","cullface":"north"},"east":{"uv":[15,14,16,15],"texture":"#all","cullface":"east"},"south":{"uv":[15,14,16,15],"texture":"#all","cullface":"east"},"west":{"uv":[2,14,3,15],"texture":"#all","cullface":"north"},"up":{"uv":[3,14,0,15],"texture":"#all","cullface":"north"}}},{"from":[0.01,5,6],"to":[1,7,10],"faces":{"south":{"uv":[9,10,10,11],"rotation":270,"texture":"#all","cullface":"west"},"west":{"uv":[6,9,10,11],"texture":"#all","cullface":"west"},"up":{"uv":[6,9,7,10],"rotation":270,"texture":"#all","cullface":"west"},"down":{"uv":[9,10,10,11],"rotation":270,"texture":"#all","cullface":"west"}}},{"from":[0,5,13],"to":[1,8,15],"faces":{"north":{"uv":[13,8,14,11],"texture":"#all","cullface":"west"},"west":{"uv":[13,8,15,11],"texture":"#all","cullface":"west"},"up":{"uv":[15,8,13,9],"rotation":270,"texture":"#all","cullface":"west"},"down":{"uv":[15,10,13,11],"rotation":90,"texture":"#all","cullface":"west"}}},{"from":[0,3,13],"to":[1,4,15],"faces":{"north":{"uv":[13,13,14,12],"texture":"#all","cullface":"west"},"west":{"uv":[13,12,15,13],"texture":"#all","cullface":"west"},"up":{"uv":[15,12,13,13],"rotation":270,"texture":"#all","cullface":"west"}}},{"from":[0,2,12],"to":[1,3,16],"faces":{"north":{"uv":[12,14,13,13],"texture":"#all","cullface":"west"},"east":{"uv":[0,13,1,14],"texture":"#all","cullface":"south"},"south":{"uv":[0,13,1,14],"texture":"#all","cullface":"south"},"west":{"uv":[12,13,16,14],"texture":"#all","cullface":"west"},"up":{"uv":[12,13,16,14],"rotation":90,"texture":"#all","cullface":"west"},"down":{"uv":[15,13,12,14],"rotation":90,"texture":"#all","cullface":"west"}}},{"from":[0,2,8],"to":[1,4,10],"faces":{"north":{"uv":[8,12,9,14],"texture":"#all","cullface":"west"},"south":{"uv":[9,12,10,14],"texture":"#all","cullface":"west"},"west":{"uv":[8,12,10,14],"texture":"#all","cullface":"west"},"up":{"uv":[10,12,8,13],"rotation":270,"texture":"#all","cullface":"west"}}},{"from":[0,1,5],"to":[1,2,14],"faces":{"north":{"uv":[5,15,6,14],"texture":"#all","cullface":"west"},"south":{"uv":[13,14,14,15],"texture":"#all","cullface":"west"},"west":{"uv":[5,14,14,15],"texture":"#all","cullface":"west"},"up":{"uv":[14,14,5,15],"rotation":270,"texture":"#all","cullface":"west"}}},{"from":[0,3,5],"to":[1,4,7],"faces":{"north":{"uv":[5,13,6,12],"texture":"#all","cullface":"west"},"south":{"uv":[6,12,7,13],"texture":"#all","cullface":"west"},"west":{"uv":[5,12,7,13],"texture":"#all","cullface":"west"},"down":{"uv":[7,12,5,13],"rotation":90,"texture":"#all","cullface":"west"}}},{"from":[0,2,6],"to":[1,3,8],"faces":{"north":{"uv":[6,14,7,13],"texture":"#all","cullface":"west"},"west":{"uv":[6,13,8,14],"texture":"#all","cullface":"west"},"up":{"uv":[8,13,6,14],"rotation":270,"texture":"#all","cullface":"west"}}},{"from":[0,9,4],"to":[1,10,5],"faces":{"south":{"uv":[4,6,5,7],"texture":"#all","cullface":"west"},"west":{"uv":[4,6,5,7],"texture":"#all","cullface":"west"},"up":{"uv":[4,6,5,7],"rotation":270,"texture":"#all","cullface":"west"}}},{"from":[0,6,4],"to":[1,9,6],"faces":{"north":{"uv":[4,7,5,10],"texture":"#all","cullface":"west"},"south":{"uv":[5,7,6,10],"texture":"#all","cullface":"west"},"west":{"uv":[4,7,6,10],"texture":"#all","cullface":"west"},"up":{"uv":[6,7,4,8],"rotation":270,"texture":"#all","cullface":"west"}}},{"from":[0,4,2],"to":[1,6,9],"faces":{"south":{"uv":[8,10,9,12],"texture":"#all","cullface":"west"},"west":{"uv":[2,10,9,12],"texture":"#all","cullface":"west"},"up":{"uv":[9,10,2,11],"rotation":270,"texture":"#all","cullface":"west"},"down":{"uv":[9,11,2,12],"rotation":90,"texture":"#all","cullface":"west"}}},{"from":[0,6,7],"to":[1,9,13],"faces":{"north":{"uv":[7,7,8,10],"texture":"#all","cullface":"west"},"south":{"uv":[12,7,13,10],"texture":"#all","cullface":"west"},"west":{"uv":[7,7,13,10],"texture":"#all","cullface":"west"},"up":{"uv":[13,7,7,8],"rotation":270,"texture":"#all","cullface":"west"},"down":{"uv":[13,9,7,10],"rotation":90,"texture":"#all","cullface":"west"}}},{"from":[0,11,14],"to":[1,12,15],"faces":{"north":{"uv":[14,5,15,4],"texture":"#all","cullface":"west"},"west":{"uv":[14,4,15,5],"texture":"#all","cullface":"west"},"up":{"uv":[14,4,15,5],"rotation":270,"texture":"#all","cullface":"west"}}},{"from":[0,9,12],"to":[1,11,15],"faces":{"west":{"uv":[12,5,15,7],"texture":"#all","cullface":"west"},"up":{"uv":[15,5,12,6],"rotation":270,"texture":"#all","cullface":"west"},"down":{"uv":[15,6,12,7],"rotation":90,"texture":"#all","cullface":"west"}}},{"from":[0,9,9],"to":[1,13,12],"faces":{"north":{"uv":[9,3,10,7],"texture":"#all","cullface":"west"},"south":{"uv":[11,3,12,7],"texture":"#all","cullface":"west"},"west":{"uv":[9,3,12,7],"texture":"#all","cullface":"west"}}},{"from":[0,13,8],"to":[1,14,13],"faces":{"north":{"uv":[8,3,9,2],"texture":"#all","cullface":"west"},"south":{"uv":[12,2,13,3],"texture":"#all","cullface":"west"},"west":{"uv":[8,2,13,3],"texture":"#all","cullface":"west"},"down":{"uv":[13,2,8,3],"rotation":90,"texture":"#all","cullface":"west"}}},{"from":[0,14,5],"to":[1,15,15],"faces":{"north":{"uv":[5,2,6,1],"texture":"#all","cullface":"west"},"west":{"uv":[5,1,15,2],"texture":"#all","cullface":"west"},"down":{"uv":[15,1,5,2],"rotation":90,"texture":"#all","cullface":"west"}}},{"from":[0,12,5],"to":[1,13,6],"faces":{"south":{"uv":[5,3,6,4],"texture":"#all","cullface":"west"},"west":{"uv":[5,3,6,4],"texture":"#all","cullface":"west"},"down":{"uv":[6,3,5,4],"rotation":90,"texture":"#all","cullface":"west"}}},{"from":[0,13,5],"to":[1,14,7],"faces":{"south":{"uv":[6,2,7,3],"texture":"#all","cullface":"west"},"west":{"uv":[5,2,7,3],"texture":"#all","cullface":"west"},"down":{"uv":[7,2,5,3],"rotation":90,"texture":"#all","cullface":"west"}}},{"from":[0,11,4],"to":[1,14,5],"faces":{"south":{"uv":[4,2,5,5],"texture":"#all","cullface":"west"},"west":{"uv":[4,2,5,5],"texture":"#all","cullface":"west"},"up":{"uv":[4,2,5,3],"rotation":270,"texture":"#all","cullface":"west"},"down":{"uv":[5,4,4,5],"rotation":90,"texture":"#all","cullface":"west"}}},{"from":[0,8,1],"to":[1,15,4],"faces":{"south":{"uv":[3,1,4,8],"texture":"#all","cullface":"west"},"west":{"uv":[1,1,4,8],"texture":"#all","cullface":"west"},"down":{"uv":[4,7,1,8],"rotation":90,"texture":"#all","cullface":"west"}}},{"from":[0,3,1],"to":[1,8,2],"faces":{"south":{"uv":[1,8,2,13],"texture":"#all","cullface":"west"},"west":{"uv":[1,8,2,13],"texture":"#all","cullface":"west"},"down":{"uv":[2,12,1,13],"rotation":90,"texture":"#all","cullface":"west"}}},{"from":[0,0,1],"to":[1,2,3],"faces":{"east":{"uv":[0,15,1,13],"rotation":90,"texture":"#all","cullface":"down"},"south":{"uv":[2,14,3,16],"texture":"#all","cullface":"west"},"west":{"uv":[1,14,3,16],"texture":"#all","cullface":"west"},"up":{"uv":[3,14,1,15],"rotation":270,"texture":"#all","cullface":"west"},"down":{"uv":[0,13,1,15],"texture":"#all","cullface":"down"}}}]}