{"__comment":"Designed by GeForceLegend","ambientocclusion":false,"textures":{"inside":"block/furnace_in","stylus":"block/diamond_block","disc":"block/jukebox_disc","top":"block/jukebox_top","particle":"block/jukebox_top","side":"block/jukebox_side"},"elements":[{"from":[0.5,0.5,0.5],"to":[7,15.5,15.5],"faces":{"north":{"uv":[9,0.5,15.5,15.5],"texture":"#side","cullface":"north"},"east":{"uv":[0.5,0.5,15.5,15.5],"texture":"#inside","cullface":"up"},"south":{"uv":[0.5,0.5,7,15.5],"texture":"#side","cullface":"south"},"west":{"uv":[0.5,0.5,15.5,15.5],"texture":"#side","cullface":"west"},"up":{"uv":[0.5,0.5,7,15.5],"texture":"#top","cullface":"up"}}},{"from":[9,0.5,0.5],"to":[15.5,15.5,15.5],"faces":{"north":{"uv":[0.5,0.5,7,15.5],"texture":"#side","cullface":"north"},"east":{"uv":[0.5,0.5,15.5,15.5],"texture":"#side","cullface":"east"},"south":{"uv":[9,0.5,15.5,15.5],"texture":"#side","cullface":"south"},"west":{"uv":[0.5,0.5,15.5,15.5],"texture":"#inside","cullface":"up"},"up":{"uv":[9,0.5,15.5,15.5],"texture":"#top","cullface":"up"}}},{"from":[0.5,0.5,0.5],"to":[15.5,6,15.5],"faces":{"up":{"uv":[0.5,0.5,15.5,15.5],"texture":"#inside","cullface":"up"},"down":{"uv":[0.5,0.5,15.5,15.5],"texture":"#side","cullface":"down"}}},{"from":[7,0.5,0.5],"to":[9,15.5,3],"faces":{"north":{"uv":[7,0.5,9,15.5],"texture":"#side","cullface":"north"},"south":{"uv":[7,0.5,9,15.5],"texture":"#inside","cullface":"up"},"up":{"uv":[7,0.5,9,3],"texture":"#top","cullface":"up"}}},{"from":[7,0.5,13],"to":[9,15.5,15.5],"faces":{"north":{"uv":[7,0.5,9,15.5],"texture":"#inside","cullface":"up"},"south":{"uv":[7,0.5,9,15.5],"texture":"#side","cullface":"south"},"up":{"uv":[7,13,9,15.5],"texture":"#top","cullface":"up"}}},{"from":[15,0,0],"to":[16,16,16],"faces":{"north":{"uv":[0,0,1,16],"texture":"#side","cullface":"north"},"south":{"uv":[15,0,16,16],"texture":"#side","cullface":"south"},"west":{"uv":[0,0,16,16],"texture":"#side"},"up":{"uv":[15,0,16,16],"texture":"#side","cullface":"up"},"down":{"uv":[15,0,16,16],"texture":"#side","cullface":"down"}}},{"from":[0,0,0],"to":[1,16,16],"faces":{"north":{"uv":[15,0,16,16],"texture":"#side","cullface":"north"},"east":{"uv":[0,0,16,16],"texture":"#side"},"south":{"uv":[0,0,1,16],"texture":"#side","cullface":"south"},"up":{"uv":[0,0,1,16],"texture":"#side","cullface":"up"},"down":{"uv":[0,0,1,16],"texture":"#side","cullface":"down"}}},{"from":[0,0,0],"to":[16,16,1],"faces":{"east":{"uv":[15,0,16,16],"texture":"#side","cullface":"east"},"south":{"uv":[0,0,16,16],"texture":"#side"},"west":{"uv":[0,0,1,16],"texture":"#side","cullface":"west"},"up":{"uv":[0,0,16,1],"texture":"#side","cullface":"up"},"down":{"uv":[0,15,16,16],"texture":"#side","cullface":"down"}}},{"from":[0,0,0],"to":[16,1,16],"faces":{"north":{"uv":[0,15,16,16],"texture":"#side","cullface":"north"},"east":{"uv":[0,15,16,16],"texture":"#side","cullface":"east"},"south":{"uv":[0,15,16,16],"texture":"#side","cullface":"south"},"west":{"uv":[0,15,16,16],"texture":"#side","cullface":"west"},"up":{"uv":[0,0,16,16],"texture":"#side"}}},{"from":[0,0,15],"to":[16,16,16],"faces":{"north":{"uv":[0,0,16,16],"texture":"#side"},"east":{"uv":[0,0,1,16],"texture":"#side","cullface":"east"},"west":{"uv":[15,0,16,16],"texture":"#side","cullface":"west"},"up":{"uv":[0,15,16,16],"texture":"#side","cullface":"up"},"down":{"uv":[0,0,16,1],"texture":"#side","cullface":"down"}}},{"from":[1,15,0],"to":[15,16,1],"faces":{"north":{"uv":[1,0,15,1],"texture":"#side","cullface":"north"},"down":{"uv":[1,0,15,1],"texture":"#side","cullface":"north"}}},{"from":[1,15,15],"to":[15,16,16],"faces":{"south":{"uv":[1,0,15,1],"texture":"#side","cullface":"south"},"down":{"uv":[1,0,15,1],"texture":"#side","cullface":"south"}}},{"from":[15,15,1],"to":[16,16,15],"faces":{"east":{"uv":[1,0,15,1],"texture":"#side","cullface":"east"},"down":{"uv":[1,0,15,1],"texture":"#side","cullface":"east"}}},{"from":[0,15,1],"to":[1,16,15],"faces":{"west":{"uv":[1,0,15,1],"texture":"#side","cullface":"west"},"down":{"uv":[1,0,15,1],"texture":"#side","cullface":"west"}}},{"from":[7,10,4],"to":[8,11,5],"faces":{"north":{"uv":[15,7,16,8],"texture":"#stylus","cullface":"up"},"south":{"uv":[15,7,16,8],"texture":"#stylus","cullface":"up"},"up":{"uv":[15,7,16,8],"texture":"#stylus","cullface":"up"},"down":{"uv":[15,7,16,8],"texture":"#stylus","cullface":"up"}}},{"from":[8,5.5,6],"to":[9,15.5,10],"faces":{"north":{"uv":[6,3,7,13],"texture":"#disc","cullface":"up"},"south":{"uv":[9,3,10,13],"texture":"#disc","cullface":"up"},"west":{"uv":[6,3,10,13],"texture":"#disc","cullface":"up"},"up":{"uv":[6,3,10,4],"texture":"#disc","cullface":"up"}}},{"from":[8,6.5,5],"to":[9,14.5,11],"faces":{"north":{"uv":[5,4,6,12],"texture":"#disc","cullface":"up"},"south":{"uv":[10,4,11,12],"texture":"#disc","cullface":"up"},"west":{"uv":[5,4,11,12],"texture":"#disc","cullface":"up"},"up":{"uv":[6,3,10,4],"texture":"#disc","cullface":"up"},"down":{"uv":[6,12,10,13],"texture":"#disc","cullface":"up"}}},{"from":[8,7.5,4],"to":[9,13.5,12],"faces":{"north":{"uv":[4,5,5,11],"texture":"#disc","cullface":"up"},"south":{"uv":[11,5,12,11],"texture":"#disc","cullface":"up"},"west":{"uv":[4,5,12,11],"texture":"#disc","cullface":"up"},"up":{"uv":[6,3,10,4],"texture":"#disc","cullface":"up"},"down":{"uv":[6,12,10,13],"texture":"#disc","cullface":"up"}}},{"from":[8,8.5,3],"to":[9,12.5,13],"faces":{"west":{"uv":[3,6,13,10],"texture":"#disc","cullface":"up"},"up":{"uv":[6,3,10,4],"texture":"#disc","cullface":"up"},"down":{"uv":[6,12,10,13],"texture":"#disc","cullface":"up"}}}],"display":{"thirdperson_righthand":{"rotation":[75,45,0],"translation":[0,2.5,0],"scale":[0.375,0.375,0.375]},"firstperson_righthand":{"rotation":[0,45,0],"scale":[0.4,0.4,0.4]},"firstperson_lefthand":{"rotation":[0,225,0],"scale":[0.4,0.4,0.4]},"ground":{"translation":[0,3,0],"scale":[0.25,0.25,0.25]},"gui":{"rotation":[30,225,0],"scale":[0.625,0.625,0.625]},"fixed":{"scale":[0.5,0.5,0.5]}}}