{"__comment":"Designed by GeForceLegend","ambientocclusion":false,"textures":{"layer1":"block/jungle_trapdoor1","layer2":"block/jungle_trapdoor2","particle":"block/jungle_trapdoor"},"elements":[{"from":[3,13,13],"to":[13,16,16],"faces":{"north":{"uv":[13,3,3,6],"texture":"#layer1"},"south":{"uv":[3,0,13,3],"texture":"#layer1","cullface":"south"},"up":{"uv":[3,3,13,0],"texture":"#particle","cullface":"up"},"down":{"uv":[3,0,13,3],"texture":"#particle"}}},{"from":[11,13,12],"to":[12,16,13],"faces":{"north":{"uv":[11,6,12,9],"texture":"#layer1"},"west":{"uv":[11,6,12,9],"texture":"#layer1"},"up":{"uv":[11,4,12,3],"texture":"#particle","cullface":"up"},"down":{"uv":[11,3,12,4],"texture":"#particle"}}},{"from":[3,13,11],"to":[4,16,13],"faces":{"north":{"uv":[3,6,4,9],"texture":"#layer1"},"east":{"uv":[3,6,4,9],"texture":"#layer1"},"up":{"uv":[3,5,4,3],"texture":"#particle","cullface":"up"},"down":{"uv":[3,3,4,5],"texture":"#particle"}}},{"from":[13,13,0],"to":[16,16,16],"faces":{"north":{"uv":[16,13,13,16],"texture":"#layer1","cullface":"north"},"east":{"uv":[13,16,16,0],"rotation":90,"texture":"#layer2","cullface":"east"},"south":{"uv":[13,0,16,3],"texture":"#layer1","cullface":"south"},"west":{"uv":[10,0,13,16],"rotation":90,"texture":"#layer2"},"up":{"uv":[13,0,16,16],"texture":"#particle","cullface":"up"},"down":{"uv":[13,0,16,16],"texture":"#particle"}}},{"from":[3,14,7],"to":[13,15,9],"faces":{"north":{"uv":[13,8,3,9],"texture":"#particle"},"south":{"uv":[3,7,13,8],"texture":"#particle"},"up":{"uv":[3,9,13,7],"texture":"#particle","cullface":"up"},"down":{"uv":[3,7,13,9],"texture":"#particle"}}},{"from":[12,13,5],"to":[13,16,7],"faces":{"south":{"uv":[12,6,13,9],"texture":"#layer1"},"west":{"uv":[11,6,13,9],"texture":"#layer1"},"up":{"uv":[12,11,13,9],"texture":"#particle","cullface":"up"},"down":{"uv":[12,9,13,11],"texture":"#particle"}}},{"from":[11,13,4],"to":[13,16,5],"faces":{"south":{"uv":[15,6,16,9],"texture":"#layer1"},"west":{"uv":[15,6,16,9],"texture":"#layer1"},"up":{"uv":[11,12,13,11],"texture":"#particle","cullface":"up"},"down":{"uv":[11,11,13,12],"texture":"#particle"}}},{"from":[3,13,0],"to":[13,16,4],"faces":{"north":{"uv":[13,13,3,16],"texture":"#layer1","cullface":"north"},"south":{"uv":[3,10,13,13],"texture":"#layer1"},"up":{"uv":[3,16,13,12],"texture":"#particle","cullface":"up"},"down":{"uv":[3,12,13,16],"texture":"#particle"}}},{"from":[5.01,12.01,1.01],"to":[10.99,16.99,1.99],"faces":{"north":{"uv":[11,14,5,15],"texture":"#particle"},"east":{"uv":[5,14,6,15],"texture":"#particle"},"south":{"uv":[5,14,11,15],"texture":"#particle"},"west":{"uv":[10,14,11,15],"texture":"#particle"},"up":{"uv":[5,14,11,15],"texture":"#particle","cullface":"up"},"down":{"uv":[5,14,11,15],"texture":"#particle"}}},{"from":[9,14,9],"to":[10,15,13],"faces":{"east":{"uv":[9,7,10,3],"rotation":90,"texture":"#particle"},"west":{"uv":[9,3,10,7],"rotation":90,"texture":"#particle"},"up":{"uv":[9,7,10,3],"texture":"#particle","cullface":"up"},"down":{"uv":[9,3,10,7],"texture":"#particle"}}},{"from":[9,14,4],"to":[10,15,7],"faces":{"east":{"uv":[9,12,10,9],"rotation":90,"texture":"#particle"},"west":{"uv":[9,9,10,12],"rotation":90,"texture":"#particle"},"up":{"uv":[9,12,10,9],"texture":"#particle","cullface":"up"},"down":{"uv":[9,9,10,12],"texture":"#particle"}}},{"from":[6,14,9],"to":[7,15,13],"faces":{"east":{"uv":[6,7,7,3],"rotation":90,"texture":"#particle"},"west":{"uv":[6,3,7,7],"rotation":90,"texture":"#particle"},"up":{"uv":[6,7,7,3],"texture":"#particle","cullface":"up"},"down":{"uv":[6,3,7,7],"texture":"#particle"}}},{"from":[6,14,4],"to":[7,15,7],"faces":{"east":{"uv":[6,12,7,9],"rotation":90,"texture":"#particle"},"west":{"uv":[6,9,7,12],"rotation":90,"texture":"#particle"},"up":{"uv":[6,12,7,9],"texture":"#particle","cullface":"up"},"down":{"uv":[6,9,7,12],"texture":"#particle"}}},{"from":[4,13,12],"to":[5,16,13],"faces":{"north":{"uv":[4,6,5,9],"texture":"#layer1"},"east":{"uv":[4,6,5,9],"texture":"#layer1"},"up":{"uv":[4,4,5,3],"texture":"#particle","cullface":"up"},"down":{"uv":[4,3,5,4],"texture":"#particle"}}},{"from":[3,13,4],"to":[5,16,5],"faces":{"east":{"uv":[0,6,1,9],"texture":"#layer1"},"south":{"uv":[0,6,1,9],"texture":"#layer1"},"up":{"uv":[3,12,5,11],"texture":"#particle","cullface":"up"},"down":{"uv":[3,11,5,12],"texture":"#particle"}}},{"from":[12,13,11],"to":[13,16,13],"faces":{"north":{"uv":[12,6,13,9],"texture":"#layer1"},"west":{"uv":[12,6,13,9],"texture":"#layer1"},"up":{"uv":[12,5,13,3],"texture":"#particle","cullface":"up"},"down":{"uv":[12,3,13,5],"texture":"#particle"}}},{"from":[3,13,5],"to":[4,16,7],"faces":{"east":{"uv":[3,6,1,9],"texture":"#layer1"},"south":{"uv":[2,6,3,9],"texture":"#layer1"},"up":{"uv":[3,11,4,9],"texture":"#particle","cullface":"up"},"down":{"uv":[3,9,4,11],"texture":"#particle"}}},{"from":[0,13,0],"to":[3,16,16],"faces":{"north":{"uv":[3,13,0,16],"texture":"#layer1","cullface":"north"},"east":{"uv":[3,16,6,0],"rotation":90,"texture":"#layer2"},"south":{"uv":[0,0,3,3],"texture":"#layer1","cullface":"south"},"west":{"uv":[0,0,3,16],"rotation":90,"texture":"#layer2","cullface":"west"},"up":{"uv":[0,0,3,16],"texture":"#particle","cullface":"up"},"down":{"uv":[0,0,3,16],"texture":"#particle"}}}]}