{"__comment":"Designed by GeForceLegend","ambientocclusion":false,"textures":{"layer1":"block/jungle_door_top1","layer2":"block/jungle_door_top2","particle":"block/jungle_door_top"},"elements":[{"from":[-0.99,0.01,4.01],"to":[3.99,1.99,4.99],"faces":{"north":{"uv":[12,14,11,16],"texture":"#particle"},"east":{"uv":[12,14,11,16],"texture":"#particle"},"south":{"uv":[12,14,11,16],"texture":"#particle"},"west":{"uv":[12,14,11,16],"texture":"#particle","cullface":"west"},"up":{"uv":[11,15,12,14],"texture":"#particle"},"down":{"uv":[11,16,12,15],"texture":"#particle"}}},{"from":[-0.99,1.01,2.01],"to":[3.99,1.99,4.01],"faces":{"north":{"uv":[14,14,13,15],"texture":"#particle"},"east":{"uv":[12,14,14,15],"texture":"#particle"},"west":{"uv":[14,14,12,15],"texture":"#particle","cullface":"west"},"up":{"uv":[14,14,12,15],"rotation":90,"texture":"#particle"},"down":{"uv":[12,14,14,15],"rotation":90,"texture":"#particle"}}},{"from":[0,0,12],"to":[3,16,16],"faces":{"north":{"uv":[6,0,3,16],"texture":"#layer1"},"east":{"uv":[0,0,4,16],"texture":"#particle"},"south":{"uv":[3,0,0,16],"texture":"#layer1","cullface":"south"},"west":{"uv":[4,0,0,16],"texture":"#particle","cullface":"west"},"up":{"uv":[6,4,9,0],"texture":"#layer1","cullface":"up"}}},{"from":[0,0,11],"to":[3,7,12],"faces":{"north":{"uv":[5,9,4,10],"texture":"#particle"},"east":{"uv":[5,9,4,16],"texture":"#particle"},"west":{"uv":[5,9,4,16],"texture":"#particle","cullface":"west"},"up":{"uv":[4,10,5,9],"texture":"#particle"}}},{"from":[0,0,6],"to":[3,5,7],"faces":{"east":{"uv":[10,11,9,16],"texture":"#particle"},"south":{"uv":[6,3,3,4],"texture":"#layer2"},"west":{"uv":[10,11,9,16],"texture":"#particle","cullface":"west"},"up":{"uv":[3,4,6,3],"texture":"#layer2"}}},{"from":[0,0,10],"to":[3,6,11],"faces":{"north":{"uv":[6,10,5,11],"texture":"#particle"},"east":{"uv":[6,10,5,16],"texture":"#particle"},"west":{"uv":[6,10,5,16],"texture":"#particle","cullface":"west"},"up":{"uv":[5,11,6,10],"texture":"#particle"}}},{"from":[0,0,9],"to":[3,5,10],"faces":{"north":{"uv":[6,0,3,1],"texture":"#layer2"},"east":{"uv":[7,11,6,16],"texture":"#particle"},"west":{"uv":[7,11,6,16],"texture":"#particle","cullface":"west"},"up":{"uv":[3,1,6,0],"texture":"#layer2"}}},{"from":[0,0,7],"to":[3,4,9],"faces":{"east":{"uv":[7,12,9,16],"texture":"#particle"},"west":{"uv":[9,12,7,16],"texture":"#particle","cullface":"west"},"up":{"uv":[3,3,6,1],"texture":"#layer2"}}},{"from":[0,0,0],"to":[3,16,4],"faces":{"north":{"uv":[16,0,13,16],"texture":"#layer1","cullface":"north"},"east":{"uv":[12,0,16,16],"texture":"#particle"},"south":{"uv":[13,0,10,16],"texture":"#layer1"},"west":{"uv":[16,0,12,16],"texture":"#particle","cullface":"west"},"up":{"uv":[6,16,9,12],"texture":"#layer1","cullface":"up"}}},{"from":[0,0,5],"to":[3,6,6],"faces":{"east":{"uv":[11,10,10,16],"texture":"#particle"},"south":{"uv":[11,10,10,11],"texture":"#particle"},"west":{"uv":[11,10,10,16],"texture":"#particle","cullface":"west"},"up":{"uv":[10,11,11,10],"texture":"#particle"}}},{"from":[0,0,4],"to":[3,7,5],"faces":{"east":{"uv":[12,9,11,16],"texture":"#particle"},"south":{"uv":[12,9,11,10],"texture":"#particle"},"west":{"uv":[12,9,11,16],"texture":"#particle","cullface":"west"},"up":{"uv":[11,10,12,9],"texture":"#particle"}}},{"from":[0,11,11],"to":[3,13,12],"faces":{"north":{"uv":[3,7,0,8],"texture":"#layer2"},"east":{"uv":[5,2,4,5],"texture":"#particle"},"west":{"uv":[5,2,4,5],"texture":"#particle","cullface":"west"},"down":{"uv":[0,8,3,7],"texture":"#layer2"}}},{"from":[0,11,4],"to":[3,13,5],"faces":{"east":{"uv":[12,3,11,5],"texture":"#particle"},"south":{"uv":[3,0,0,1],"texture":"#layer2"},"west":{"uv":[12,3,11,5],"texture":"#particle","cullface":"west"},"down":{"uv":[0,1,3,0],"texture":"#layer2"}}},{"from":[0,12,9],"to":[3,13,11],"faces":{"north":{"uv":[3,5,0,6],"texture":"#layer2"},"east":{"uv":[5,3,7,4],"texture":"#particle"},"west":{"uv":[7,3,5,4],"texture":"#particle","cullface":"west"},"down":{"uv":[0,7,3,5],"texture":"#layer2"}}},{"from":[0,12,5],"to":[3,13,7],"faces":{"east":{"uv":[9,3,11,4],"texture":"#particle"},"south":{"uv":[3,2,0,3],"texture":"#layer2"},"west":{"uv":[11,3,9,4],"texture":"#particle","cullface":"west"},"down":{"uv":[0,3,3,1],"texture":"#layer2"}}},{"from":[0,13,4],"to":[3,16,12],"faces":{"east":{"uv":[4,0,12,3],"texture":"#particle"},"west":{"uv":[12,0,4,3],"texture":"#particle","cullface":"west"},"up":{"uv":[6,12,9,4],"texture":"#layer1","cullface":"up"},"down":{"uv":[0,5,3,3],"texture":"#layer2"}}},{"from":[1,6,4],"to":[2,8,12],"faces":{"east":{"uv":[4,8,12,10],"texture":"#particle"},"west":{"uv":[12,8,4,10],"texture":"#particle","cullface":"west"},"up":{"uv":[12,8,4,9],"rotation":90,"texture":"#particle"},"down":{"uv":[4,9,12,10],"rotation":90,"texture":"#particle"}}},{"from":[1,8,9],"to":[2,12,10],"faces":{"north":{"uv":[7,4,6,8],"texture":"#particle"},"east":{"uv":[7,4,6,8],"texture":"#particle"},"south":{"uv":[7,4,6,8],"texture":"#particle"},"west":{"uv":[7,4,6,8],"texture":"#particle","cullface":"west"}}},{"from":[1,8,6],"to":[2,12,7],"faces":{"north":{"uv":[10,4,9,8],"texture":"#particle"},"east":{"uv":[10,4,9,8],"texture":"#particle"},"south":{"uv":[10,4,9,8],"texture":"#particle"},"west":{"uv":[10,4,9,8],"texture":"#particle","cullface":"west"}}}]}