{"__comment":"Designed by GeForceLegend","parent":"block/display_orientable","textures":{"bottom":"block/oak_planks","base":"block/lectern_base","front":"block/lectern_front","sides":"block/lectern_sides","particle":"block/lectern_sides","top":"block/lectern_top"},"elements":[{"from":[0,0,0],"to":[16,2,16],"faces":{"north":{"uv":[0,14,16,16],"texture":"#base","cullface":"north"},"east":{"uv":[0,6,16,8],"texture":"#base","cullface":"east"},"south":{"uv":[0,6,16,8],"texture":"#base","cullface":"south"},"west":{"uv":[0,6,16,8],"texture":"#base","cullface":"west"},"up":{"uv":[0,0,16,16],"rotation":180,"texture":"#base"},"down":{"uv":[0,0,16,16],"texture":"#bottom","cullface":"down"}}},{"from":[11,2,4],"to":[12,15,12],"faces":{"north":{"uv":[0,0,1,13],"texture":"#front"},"east":{"uv":[2,16,15,8],"rotation":90,"texture":"#sides"},"west":{"uv":[2,8,15,16],"rotation":90,"texture":"#sides"}}},{"from":[4,2,4],"to":[5,15,12],"faces":{"north":{"uv":[7,0,8,13],"texture":"#front"},"east":{"uv":[2,16,15,8],"rotation":90,"texture":"#sides"},"west":{"uv":[2,8,15,16],"rotation":90,"texture":"#sides"}}},{"from":[0.01,12,3],"to":[15.99,16,16],"rotation":{"angle":-22.5,"axis":"x","origin":[8,8,8]},"faces":{"north":{"uv":[0,0,16,4],"texture":"#sides"},"east":{"uv":[0,4,13,8],"texture":"#sides"},"south":{"uv":[0,4,16,8],"texture":"#sides"},"west":{"uv":[0,4,13,8],"texture":"#sides"},"up":{"uv":[0,1,16,14],"rotation":180,"texture":"#top"},"down":{"uv":[0,0,16,13],"texture":"#bottom"}}},{"from":[4,2,11],"to":[12,15,12],"faces":{"north":{"uv":[8,3,16,16],"texture":"#front"},"south":{"uv":[8,3,16,16],"texture":"#front"}}},{"from":[5,2,4],"to":[11,3,11],"faces":{"north":{"uv":[1,12,7,13],"texture":"#front"},"up":{"uv":[9,7,15,0],"texture":"#front"}}},{"from":[5,8,4],"to":[11,15,11],"faces":{"north":{"uv":[9,0,15,7],"texture":"#front"},"down":{"uv":[9,0,15,7],"texture":"#front"}}},{"from":[8,3,5.5],"to":[11,6.5,11],"faces":{"north":{"uv":[1,8,4,12],"texture":"#front"},"up":{"uv":[4,8,1,9],"texture":"#front"}}},{"from":[6,3,5],"to":[8,7,11],"faces":{"north":{"uv":[4,8,6,12],"texture":"#front"},"east":{"uv":[4,8,5,12],"texture":"#front"},"west":{"uv":[5,8,6,12],"texture":"#front"},"up":{"uv":[6,8,4,9],"texture":"#front"}}},{"from":[5,3,6],"to":[6,6,11],"faces":{"north":{"uv":[6,9,7,12],"texture":"#front"},"up":{"uv":[6,9,7,10],"texture":"#front"}}}]}