{"__comment":"Designed by GeForceLegend","ambientocclusion":false,"textures":{"layer0":"block/oak_door_bottom1","particle":"block/oak_door_bottom"},"elements":[{"from":[0,0,3],"to":[3,3,13],"faces":{"east":{"uv":[13,13,3,16],"texture":"#particle"},"west":{"uv":[3,13,13,16],"texture":"#particle","cullface":"west"},"up":{"uv":[3,13,13,14],"rotation":90,"texture":"#particle"},"down":{"uv":[7,3,10,13],"texture":"#layer0","cullface":"down"}}},{"from":[0,0,0],"to":[3,16,3],"faces":{"north":{"uv":[0,0,3,16],"texture":"#layer0","cullface":"north"},"east":{"uv":[3,0,0,16],"texture":"#particle"},"south":{"uv":[2,0,3,16],"texture":"#particle"},"west":{"uv":[0,0,3,16],"texture":"#particle","cullface":"west"},"down":{"uv":[7,13,10,16],"texture":"#layer0","cullface":"down"}}},{"from":[0,0,13],"to":[3,16,16],"faces":{"north":{"uv":[13,0,14,16],"texture":"#particle"},"east":{"uv":[16,0,13,16],"texture":"#particle"},"south":{"uv":[13,0,16,16],"texture":"#layer0","cullface":"south"},"west":{"uv":[13,0,16,16],"texture":"#particle","cullface":"west"},"down":{"uv":[7,0,10,3],"texture":"#layer0","cullface":"down"}}},{"from":[0,3,7],"to":[3,6,9],"faces":{"north":{"uv":[7,10,8,13],"texture":"#particle"},"east":{"uv":[9,10,7,13],"texture":"#particle"},"south":{"uv":[8,10,9,13],"texture":"#particle"},"west":{"uv":[7,10,9,13],"texture":"#particle","cullface":"west"}}},{"from":[0,9,7],"to":[3,12,9],"faces":{"north":{"uv":[7,4,8,7],"texture":"#particle"},"east":{"uv":[9,4,7,7],"texture":"#particle"},"south":{"uv":[8,4,9,7],"texture":"#particle"},"west":{"uv":[7,4,9,7],"texture":"#particle","cullface":"west"}}},{"from":[0,15,7],"to":[3,16,9],"faces":{"north":{"uv":[7,0,8,1],"texture":"#particle"},"east":{"uv":[9,0,7,1],"texture":"#particle"},"south":{"uv":[8,0,9,1],"texture":"#particle"},"west":{"uv":[7,0,9,1],"texture":"#particle","cullface":"west"}}},{"from":[1,3,3],"to":[2,16,13],"faces":{"east":{"uv":[13,0,3,13],"texture":"#particle"},"west":{"uv":[3,0,13,13],"texture":"#particle"}}},{"from":[0,6,3],"to":[3,9,13],"faces":{"east":{"uv":[13,7,3,10],"texture":"#particle"},"west":{"uv":[3,7,13,10],"texture":"#particle","cullface":"west"},"up":{"uv":[3,7,13,8],"rotation":90,"texture":"#particle"},"down":{"uv":[13,9,3,10],"rotation":90,"texture":"#particle"}}},{"from":[0,12,3],"to":[3,15,13],"faces":{"east":{"uv":[13,1,3,4],"texture":"#particle"},"west":{"uv":[3,1,13,4],"texture":"#particle","cullface":"west"},"up":{"uv":[3,1,13,2],"rotation":90,"texture":"#particle"},"down":{"uv":[13,3,3,4],"rotation":90,"texture":"#particle"}}}]}