{"__comment":"Designed by GeForceLegend","ambientocclusion":false,"textures":{"texture":"block/pale_oak_trapdoor1","particle":"block/pale_oak_trapdoor"},"elements":[{"from":[3,0,13],"to":[13,3,16],"faces":{"north":{"uv":[3,0,13,3],"rotation":180,"texture":"#particle"},"south":{"uv":[3,3,13,0],"texture":"#particle","cullface":"south"},"up":{"uv":[13,3,3,2],"rotation":180,"texture":"#particle"},"down":{"uv":[3,3,13,0],"texture":"#texture","cullface":"down"}}},{"from":[13,0,13],"to":[16,16,16],"faces":{"north":{"uv":[13,0,16,16],"rotation":180,"texture":"#particle"},"east":{"uv":[0,3,16,6],"rotation":90,"texture":"#texture","cullface":"east"},"south":{"uv":[13,16,16,0],"texture":"#particle","cullface":"south"},"west":{"uv":[14,2,13,14],"rotation":270,"texture":"#particle"},"up":{"uv":[16,16,13,13],"rotation":180,"texture":"#texture","cullface":"up"},"down":{"uv":[13,3,16,0],"texture":"#texture","cullface":"down"}}},{"from":[3,13,13],"to":[13,16,16],"faces":{"north":{"uv":[3,13,13,16],"rotation":180,"texture":"#particle"},"south":{"uv":[3,16,13,13],"texture":"#particle","cullface":"south"},"up":{"uv":[13,16,3,13],"rotation":180,"texture":"#texture","cullface":"up"},"down":{"uv":[3,10,13,9],"texture":"#texture"}}},{"from":[3,3,14],"to":[13,13,15],"faces":{"north":{"uv":[3,3,13,13],"rotation":180,"texture":"#particle"},"south":{"uv":[3,13,13,3],"texture":"#particle","cullface":"south"}}},{"from":[0,0,13],"to":[3,16,16],"faces":{"north":{"uv":[0,0,3,16],"rotation":180,"texture":"#particle"},"east":{"uv":[2,0,3,16],"rotation":180,"texture":"#particle"},"south":{"uv":[0,16,3,0],"texture":"#particle","cullface":"south"},"west":{"uv":[16,10,0,13],"rotation":270,"texture":"#texture","cullface":"west"},"up":{"uv":[3,16,0,13],"rotation":180,"texture":"#texture","cullface":"up"},"down":{"uv":[0,3,3,0],"texture":"#texture","cullface":"down"}}},{"from":[6.01,14.01,12.01],"to":[9.99,14.99,16.99],"faces":{"north":{"uv":[6,15,10,14],"rotation":180,"texture":"#particle"},"east":{"uv":[7,14,6,15],"rotation":90,"texture":"#particle"},"south":{"uv":[6,15,10,14],"texture":"#particle","cullface":"south"},"west":{"uv":[10,14,9,15],"rotation":270,"texture":"#particle"},"up":{"uv":[10,15,6,14],"rotation":180,"texture":"#particle"},"down":{"uv":[6,15,10,14],"texture":"#particle"}}},{"from":[7.01,13.03,12.01],"to":[8.99,14.01,16.99],"faces":{"north":{"uv":[9,14,7,13],"rotation":180,"texture":"#particle"},"east":{"uv":[8,13,7,14],"rotation":90,"texture":"#particle"},"south":{"uv":[9,14,7,13],"texture":"#particle","cullface":"south"},"west":{"uv":[9,13,8,14],"rotation":270,"texture":"#particle"},"down":{"uv":[9,14,7,13],"texture":"#particle"}}}]}