{"__comment":"Designed by GeForceLegend","parent":"block/block","textures":{"bottom":"block/piston_bottom","side":"block/piston_side","top":"block/piston_top","particle":"block/piston_side"},"elements":[{"from":[0.5,0.5,0.5],"to":[15.5,11.5,15.5],"faces":{"north":{"uv":[0.5,4.5,15.5,15.5],"texture":"#side"},"east":{"uv":[0.5,4.5,15.5,15.5],"texture":"#side"},"south":{"uv":[0.5,4.5,15.5,15.5],"texture":"#side"},"west":{"uv":[0.5,4.5,15.5,15.5],"texture":"#side"},"down":{"uv":[0.5,0.5,15.5,15.5],"texture":"#bottom"}}},{"from":[0,11,0],"to":[16,16,16],"faces":{"north":{"uv":[0,0,16,5],"texture":"#side"},"east":{"uv":[0,0,16,5],"texture":"#side"},"south":{"uv":[0,0,16,5],"texture":"#side"},"west":{"uv":[0,0,16,5],"texture":"#side"},"up":{"uv":[0,0,16,16],"texture":"#top"},"down":{"uv":[0,0,16,16],"texture":"#bottom"}}},{"from":[1,0,0],"to":[15,1,1],"faces":{"south":{"uv":[1,15,15,16],"texture":"#side"},"down":{"uv":[1,15,15,16],"texture":"#bottom"}}},{"from":[1,0,15],"to":[15,1,16],"faces":{"north":{"uv":[1,15,15,16],"texture":"#side"},"down":{"uv":[1,0,15,1],"texture":"#bottom"}}},{"from":[1,0,0],"to":[15,1,16],"faces":{"north":{"uv":[1,15,15,16],"texture":"#side"},"south":{"uv":[1,15,15,16],"texture":"#side"}}},{"from":[0,0,0],"to":[1,11,16],"faces":{"north":{"uv":[15,5,16,16],"texture":"#side"},"east":{"uv":[0,4,16,16],"texture":"#side"},"south":{"uv":[0,5,1,16],"texture":"#side"},"down":{"uv":[0,0,1,16],"texture":"#bottom"}}},{"from":[0,0,0],"to":[16,1,16],"faces":{"east":{"uv":[0,15,16,16],"texture":"#side"},"west":{"uv":[0,15,16,16],"texture":"#side"},"up":{"uv":[0,0,16,16],"texture":"#bottom"}}},{"from":[15,0,0],"to":[16,11,16],"faces":{"north":{"uv":[0,5,1,16],"texture":"#side"},"south":{"uv":[15,5,16,16],"texture":"#side"},"west":{"uv":[0,5,16,16],"texture":"#side"},"down":{"uv":[15,0,16,16],"texture":"#bottom"}}},{"from":[0,1,0],"to":[16,11,1],"faces":{"east":{"uv":[15,5,16,15],"texture":"#side"},"south":{"uv":[0,5,16,15],"texture":"#side"},"west":{"uv":[0,5,1,15],"texture":"#side"}}},{"from":[0,1,15],"to":[16,11,16],"faces":{"north":{"uv":[0,5,16,15],"texture":"#side"},"east":{"uv":[0,5,1,15],"texture":"#side"},"west":{"uv":[15,5,16,15],"texture":"#side"}}}]}