{"__comment":"Designed by GeForceLegend","parent":"block/display_orientable","ambientocclusion":false,"textures":{"inside":"block/furnace_in","bottom":"block/smoker_bottom","top":"block/smoker_top","front":"block/smoker_front","particle":"block/smoker_side","side":"block/smoker_side"},"elements":[{"from":[0,0,0],"to":[16,16,16],"faces":{"east":{"uv":[0,0,16,16],"texture":"#side","cullface":"east"},"south":{"uv":[0,0,16,16],"texture":"#side","cullface":"south"},"west":{"uv":[0,0,16,16],"texture":"#side","cullface":"west"},"up":{"uv":[0,0,16,16],"texture":"#top","cullface":"up"},"down":{"uv":[0,0,16,16],"texture":"#bottom","cullface":"down"}}},{"from":[2,7,0],"to":[14,1,1],"faces":{"south":{"uv":[2,15,14,9],"texture":"#front","cullface":"north"},"up":{"uv":[14,15,2,16],"texture":"#front","cullface":"north"},"down":{"uv":[14,8,2,9],"texture":"#front","cullface":"north"}}},{"from":[0,7,0],"to":[11,8,1],"faces":{"north":{"uv":[5,8,16,9],"texture":"#front","cullface":"north"},"south":{"uv":[0,8,11,9],"texture":"#inside","cullface":"north"},"up":{"uv":[16,8,5,9],"texture":"#front","cullface":"north"}}},{"from":[0,8,0],"to":[4,16,1],"faces":{"north":{"uv":[12,0,16,8],"texture":"#front","cullface":"north"},"east":{"uv":[12,1,13,8],"texture":"#front","cullface":"north"},"south":{"uv":[0,0,4,8],"texture":"#inside","cullface":"north"}}},{"from":[11,7,0],"to":[16,16,2],"faces":{"north":{"uv":[0,0,5,9],"texture":"#front","cullface":"north"},"south":{"uv":[11,0,16,9],"texture":"#inside","cullface":"north"},"west":{"uv":[12,0,14,9],"texture":"#front","cullface":"north"}}},{"from":[4,12,0],"to":[11,16,1],"faces":{"north":{"uv":[5,0,12,4],"texture":"#front","cullface":"north"},"south":{"uv":[4,0,11,4],"texture":"#inside","cullface":"north"},"down":{"uv":[3,3,12,4],"texture":"#front","cullface":"north"}}},{"from":[0,0,0],"to":[16,1,1],"faces":{"north":{"uv":[0,15,16,16],"texture":"#front","cullface":"north"}}},{"from":[0,1,0],"to":[2,7,1],"faces":{"north":{"uv":[14,9,16,15],"texture":"#front","cullface":"north"},"east":{"uv":[14,9,15,15],"texture":"#front","cullface":"north"}}},{"from":[14,1,0],"to":[16,7,1],"faces":{"north":{"uv":[0,9,2,15],"texture":"#front","cullface":"north"},"west":{"uv":[1,9,2,15],"texture":"#front","cullface":"north"}}},{"from":[11.025,8.025,-0.975],"to":[12.975,11.975,0],"faces":{"north":{"uv":[3,4,5,8],"texture":"#front","cullface":"north"},"east":{"uv":[3,4,4,8],"texture":"#front","cullface":"north"},"west":{"uv":[4,4,5,8],"texture":"#front","cullface":"north"},"up":{"uv":[3,4,5,5],"texture":"#front","cullface":"north"},"down":{"uv":[5,7,3,8],"texture":"#front","cullface":"north"}}},{"from":[1,15,1],"to":[15,7,15],"faces":{"east":{"uv":[1,9,15,1],"texture":"#inside","cullface":"north"},"south":{"uv":[1,9,15,1],"texture":"#inside","cullface":"north"},"west":{"uv":[1,9,15,1],"texture":"#inside","cullface":"north"},"up":{"uv":[1,1,15,15],"texture":"#inside","cullface":"north"},"down":{"uv":[1,1,15,15],"texture":"#inside","cullface":"north"}}}]}