{"__comment":"Designed by GeForceLegend","ambientocclusion":false,"textures":{"particle":"#torch"},"elements":[{"from":[-1,3.5,7],"to":[1,13.5,9],"shade":false,"rotation":{"angle":-22.5,"axis":"z","origin":[0,3.5,8]},"faces":{"north":{"uv":[7,6,9,16],"texture":"#torch"},"east":{"uv":[7,6,9,16],"texture":"#torch"},"south":{"uv":[7,6,9,16],"texture":"#torch"},"west":{"uv":[7,6,9,16],"texture":"#torch"},"up":{"uv":[7,6,9,8],"texture":"#torch"},"down":{"uv":[7,13,9,15],"texture":"#torch"}}},{"from":[-1.5,14,6.5],"to":[1.5,11,9.5],"shade":false,"rotation":{"angle":-22.5,"axis":"z","origin":[0,3.5,8]},"faces":{"north":{"uv":[6,5,7,6],"texture":"#torch"},"east":{"uv":[6,5,7,6],"texture":"#torch"},"south":{"uv":[6,5,7,6],"texture":"#torch"},"west":{"uv":[6,5,7,6],"texture":"#torch"},"up":{"uv":[6,5,7,6],"texture":"#torch"},"down":{"uv":[6,5,7,6],"texture":"#torch"}}}]}