{"__comment":"Designed by GeForceLegend","parent":"block/block","textures":{"particle":"#side"},"elements":[{"from":[0.5,1,1],"to":[15.5,15,15],"faces":{"east":{"uv":[1,1,15,15],"texture":"#top","cullface":"east"},"west":{"uv":[1,1,15,15],"texture":"#top","cullface":"west"}}},{"from":[0,0,0],"to":[16,16,1],"faces":{"north":{"uv":[0,0,16,16],"rotation":90,"texture":"#side","cullface":"north"},"east":{"uv":[15,0,16,16],"texture":"#top","cullface":"east"},"south":{"uv":[0,0,16,16],"rotation":270,"texture":"#top"},"west":{"uv":[0,0,1,16],"texture":"#top","cullface":"west"},"up":{"uv":[15,0,16,16],"rotation":270,"texture":"#side","cullface":"up"},"down":{"uv":[0,0,1,16],"rotation":270,"texture":"#side","cullface":"down"}}},{"from":[0,0,15],"to":[16,16,16],"faces":{"north":{"uv":[16,16,0,0],"rotation":90,"texture":"#top"},"east":{"uv":[0,0,1,16],"texture":"#top","cullface":"east"},"south":{"uv":[0,0,16,16],"rotation":270,"texture":"#side","cullface":"south"},"west":{"uv":[15,0,16,16],"texture":"#top","cullface":"west"},"up":{"uv":[0,0,1,16],"rotation":270,"texture":"#side","cullface":"up"},"down":{"uv":[15,0,16,16],"rotation":270,"texture":"#side","cullface":"down"}}},{"from":[0,0,1],"to":[16,1,15],"faces":{"east":{"uv":[1,15,15,16],"texture":"#top","cullface":"east"},"west":{"uv":[1,15,15,16],"texture":"#top","cullface":"west"},"up":{"uv":[0,1,1,15],"texture":"#top"},"down":{"uv":[1,0,15,16],"rotation":270,"texture":"#side","cullface":"down"}}},{"from":[0,15,1],"to":[16,16,15],"faces":{"east":{"uv":[1,0,15,1],"texture":"#top","cullface":"east"},"west":{"uv":[1,0,15,1],"texture":"#top","cullface":"west"},"up":{"uv":[1,0,15,16],"rotation":270,"texture":"#side","cullface":"up"},"down":{"uv":[15,15,16,1],"texture":"#top"}}},{"from":[0,1,7],"to":[16,15,9],"faces":{"north":{"uv":[9,1,7,15],"texture":"#top","cullface":"west"},"east":{"uv":[7,1,9,15],"texture":"#top","cullface":"east"},"south":{"uv":[9,1,7,15],"texture":"#top","cullface":"west"},"west":{"uv":[7,1,9,15],"texture":"#top","cullface":"west"}}},{"from":[0,7,1],"to":[16,9,15],"faces":{"east":{"uv":[1,7,15,9],"texture":"#top","cullface":"east"},"west":{"uv":[1,7,15,9],"texture":"#top","cullface":"west"},"up":{"uv":[1,7,15,8],"texture":"#top"},"down":{"uv":[1,8,15,9],"texture":"#top"}}},{"from":[0,3,1],"to":[16,5,7],"faces":{"east":{"uv":[9,11,15,13],"texture":"#top","cullface":"east"},"west":{"uv":[1,11,7,13],"texture":"#top","cullface":"west"},"up":{"uv":[1,11,7,12],"texture":"#top"},"down":{"uv":[1,12,7,13],"texture":"#top"}}},{"from":[0,11,1],"to":[16,13,7],"faces":{"east":{"uv":[9,3,15,5],"texture":"#top","cullface":"east"},"west":{"uv":[1,3,7,5],"texture":"#top","cullface":"west"},"up":{"uv":[1,3,7,4],"texture":"#top"},"down":{"uv":[1,4,7,5],"texture":"#top"}}},{"from":[0,3,9],"to":[16,5,15],"faces":{"east":{"uv":[1,11,7,13],"texture":"#top","cullface":"east"},"west":{"uv":[9,11,15,13],"texture":"#top","cullface":"west"},"up":{"uv":[9,11,15,12],"texture":"#top"},"down":{"uv":[9,12,15,13],"texture":"#top"}}},{"from":[0,11,9],"to":[16,13,15],"faces":{"east":{"uv":[1,3,7,5],"texture":"#top","cullface":"east"},"west":{"uv":[9,3,15,5],"texture":"#top","cullface":"west"},"up":{"uv":[9,3,15,4],"texture":"#top"},"down":{"uv":[9,4,15,5],"texture":"#top"}}},{"from":[0,1,3],"to":[16,7,5],"faces":{"north":{"uv":[13,9,3,15],"texture":"#top"},"east":{"uv":[11,9,13,15],"texture":"#top","cullface":"east"},"south":{"uv":[4,9,12,15],"texture":"#top"},"west":{"uv":[3,9,5,15],"texture":"#top","cullface":"west"}}},{"from":[0,9,3],"to":[16,15,5],"faces":{"north":{"uv":[13,1,3,7],"texture":"#top"},"east":{"uv":[11,1,13,7],"texture":"#top","cullface":"east"},"south":{"uv":[4,1,12,7],"texture":"#top"},"west":{"uv":[3,1,5,7],"texture":"#top","cullface":"west"}}},{"from":[0,1,11],"to":[16,7,13],"faces":{"north":{"uv":[4,9,12,15],"texture":"#top"},"east":{"uv":[3,9,5,15],"texture":"#top","cullface":"east"},"south":{"uv":[13,9,3,15],"texture":"#top"},"west":{"uv":[11,9,13,15],"texture":"#top","cullface":"west"}}},{"from":[0,9,11],"to":[16,15,13],"faces":{"north":{"uv":[4,1,12,7],"texture":"#top"},"east":{"uv":[3,1,5,7],"texture":"#top","cullface":"east"},"south":{"uv":[13,1,3,7],"texture":"#top"},"west":{"uv":[11,1,13,7],"texture":"#top","cullface":"west"}}}]}