{"__comment":"Designed by GeForceLegend","textures":{"particle":"#side"},"elements":[{"from":[1,1,0.5],"to":[15,15,15.5],"faces":{"north":{"uv":[1,1,15,15],"texture":"#top","cullface":"north"},"south":{"uv":[1,1,15,15],"texture":"#top","cullface":"south"}}},{"from":[15,0,0],"to":[16,16,16],"faces":{"north":{"uv":[0,0,1,16],"texture":"#top","cullface":"north"},"east":{"uv":[0,0,16,16],"rotation":90,"texture":"#side","cullface":"east"},"south":{"uv":[15,0,16,16],"texture":"#top","cullface":"south"},"west":{"uv":[0,0,16,16],"rotation":270,"texture":"#top"},"up":{"uv":[15,0,16,16],"texture":"#side","cullface":"up"},"down":{"uv":[0,0,1,16],"rotation":180,"texture":"#side","cullface":"down"}}},{"from":[0,0,0],"to":[1,16,16],"faces":{"north":{"uv":[15,0,16,16],"texture":"#top","cullface":"north"},"east":{"uv":[16,16,0,0],"rotation":90,"texture":"#top"},"south":{"uv":[0,0,1,16],"texture":"#top","cullface":"south"},"west":{"uv":[0,0,16,16],"rotation":270,"texture":"#side","cullface":"west"},"up":{"uv":[0,0,1,16],"texture":"#side","cullface":"up"},"down":{"uv":[15,0,16,16],"rotation":180,"texture":"#side","cullface":"down"}}},{"from":[1,0,0],"to":[15,1,16],"faces":{"north":{"uv":[1,15,15,16],"texture":"#top","cullface":"north"},"south":{"uv":[1,15,15,16],"texture":"#top","cullface":"south"},"up":{"uv":[0,1,1,15],"rotation":90,"texture":"#top"},"down":{"uv":[1,0,15,16],"rotation":180,"texture":"#side","cullface":"down"}}},{"from":[1,15,0],"to":[15,16,16],"faces":{"north":{"uv":[1,0,15,1],"texture":"#top","cullface":"north"},"south":{"uv":[1,0,15,1],"texture":"#top","cullface":"south"},"up":{"uv":[1,0,15,16],"texture":"#side","cullface":"up"},"down":{"uv":[15,15,16,1],"rotation":270,"texture":"#top"}}},{"from":[7,1,0],"to":[9,15,16],"faces":{"north":{"uv":[7,1,9,15],"texture":"#top","cullface":"north"},"east":{"uv":[9,1,7,15],"texture":"#top","cullface":"west"},"south":{"uv":[7,1,9,15],"texture":"#top","cullface":"south"},"west":{"uv":[9,1,7,15],"texture":"#top","cullface":"west"}}},{"from":[1,7,0],"to":[15,9,16],"faces":{"north":{"uv":[1,7,15,9],"texture":"#top","cullface":"north"},"south":{"uv":[1,7,15,9],"texture":"#top","cullface":"south"},"up":{"uv":[1,7,15,8],"rotation":90,"texture":"#top"},"down":{"uv":[1,8,15,9],"rotation":270,"texture":"#top"}}},{"from":[9,3,0],"to":[15,5,16],"faces":{"north":{"uv":[1,11,7,13],"texture":"#top","cullface":"north"},"south":{"uv":[9,11,15,13],"texture":"#top","cullface":"south"},"up":{"uv":[1,11,7,12],"rotation":90,"texture":"#top"},"down":{"uv":[1,12,7,13],"rotation":270,"texture":"#top"}}},{"from":[9,11,0],"to":[15,13,16],"faces":{"north":{"uv":[1,3,7,5],"texture":"#top","cullface":"north"},"south":{"uv":[9,3,15,5],"texture":"#top","cullface":"south"},"up":{"uv":[1,3,7,4],"rotation":90,"texture":"#top"},"down":{"uv":[1,4,7,5],"rotation":270,"texture":"#top"}}},{"from":[1,3,0],"to":[7,5,16],"faces":{"north":{"uv":[9,11,15,13],"texture":"#top","cullface":"north"},"south":{"uv":[1,11,7,13],"texture":"#top","cullface":"south"},"up":{"uv":[9,11,15,12],"rotation":90,"texture":"#top"},"down":{"uv":[9,12,15,13],"rotation":270,"texture":"#top"}}},{"from":[1,11,0],"to":[7,13,16],"faces":{"north":{"uv":[9,3,15,5],"texture":"#top","cullface":"north"},"south":{"uv":[1,3,7,5],"texture":"#top","cullface":"south"},"up":{"uv":[9,3,15,4],"rotation":90,"texture":"#top"},"down":{"uv":[9,4,15,5],"rotation":270,"texture":"#top"}}},{"from":[11,1,0],"to":[13,7,16],"faces":{"north":{"uv":[3,9,5,15],"texture":"#top","cullface":"north"},"east":{"uv":[13,9,3,15],"texture":"#top"},"south":{"uv":[11,9,13,15],"texture":"#top","cullface":"south"},"west":{"uv":[4,9,12,15],"texture":"#top"}}},{"from":[11,9,0],"to":[13,15,16],"faces":{"north":{"uv":[3,1,5,7],"texture":"#top","cullface":"north"},"east":{"uv":[13,1,3,7],"texture":"#top"},"south":{"uv":[11,1,13,7],"texture":"#top","cullface":"south"},"west":{"uv":[4,1,12,7],"texture":"#top"}}},{"from":[3,1,0],"to":[5,7,16],"faces":{"north":{"uv":[11,9,13,15],"texture":"#top","cullface":"north"},"east":{"uv":[4,9,12,15],"texture":"#top"},"south":{"uv":[3,9,5,15],"texture":"#top","cullface":"south"},"west":{"uv":[13,9,3,15],"texture":"#top"}}},{"from":[3,9,0],"to":[5,15,16],"faces":{"north":{"uv":[11,1,13,7],"texture":"#top","cullface":"north"},"east":{"uv":[4,1,12,7],"texture":"#top"},"south":{"uv":[3,1,5,7],"texture":"#top","cullface":"south"},"west":{"uv":[13,1,3,7],"texture":"#top"}}}]}