{"__comment":"Designed by GeForceLegend","ambientocclusion":false,"textures":{"particle":"#pane"},"elements":[{"from":[7,0,0],"to":[9,16,7],"faces":{"north":{"uv":[7,0,9,16],"texture":"#edge","cullface":"north"},"east":{"uv":[9,0,16,16],"texture":"#pane"},"west":{"uv":[0,0,7,16],"texture":"#pane"},"up":{"uv":[7,0,9,7],"texture":"#edge"},"down":{"uv":[7,0,9,7],"texture":"#edge"}}},{"from":[9,0,0],"to":[7,16,7],"faces":{"east":{"uv":[9,0,16,16],"texture":"#pane"},"west":{"uv":[0,0,7,16],"texture":"#pane"}}}]}