{
	"parent": "block/block",
	"texture_size": [32, 32],
	"textures": {
		"0": "entity/decorated_pot/decorated_pot_base",
		"particle": "minecraft:block/terracotta"
	},
	"elements": [
		{
			"from": [1, 0, 1],
			"to": [15, 16, 15],
			"faces": {
				"up": {"uv": [0, 6.5, 7, 13.5], "texture": "#0", "cullface": "up"},
				"down": {"uv": [7, 6.5, 14, 13.5], "texture": "#0", "cullface": "down"}
			}
		},
		{
			"from": [4.8, 15.8, 4.8],
			"to": [11.2, 17.2, 11.2],
			"faces": {
				"north": {"uv": [3, 5.5, 6, 6], "texture": "#0"},
				"east": {"uv": [0, 5.5, 3, 6], "texture": "#0"},
				"south": {"uv": [9, 5.5, 12, 6], "texture": "#0"},
				"west": {"uv": [6, 5.5, 9, 6], "texture": "#0"}
			}
		},
		{
			"from": [4.1, 17.1, 4.1],
			"to": [11.9, 19.9, 11.9],
			"faces": {
				"north": {"uv": [4, 4, 8, 5.5], "texture": "#0", "cullface": "up"},
				"east": {"uv": [0, 4, 4, 5.5], "texture": "#0", "cullface": "up"},
				"south": {"uv": [12, 4, 16, 5.5], "texture": "#0", "cullface": "up"},
				"west": {"uv": [8, 4, 12, 5.5], "texture": "#0", "cullface": "up"},
				"up": {"uv": [4, 0, 8, 4], "texture": "#0", "cullface": "up"},
				"down": {"uv": [8, 0, 12, 4], "texture": "#0", "cullface": "up"}
			}
		}
	]
}