{
  "credit": "Made by Enchanted Games (https://enchanted.games)",
  "parent": "item/generated",
  "display": {
    "thirdperson_righthand": {
      "rotation": [10.07, 47.18, 64.17],
      "translation": [-2, 1.5, 2.75],
      "scale": [0.55, 0.55, 0.55]
    },
    "thirdperson_lefthand": {
      "rotation": [-173.8, -48.63, 112],
      "translation": [-2, 1.5, 2.75],
      "scale": [0.55, 0.55, 0.55]
    },
    "firstperson_righthand": {
      "rotation": [-73.7, -56.59, 75.61],
      "translation": [1.63, 4.2, 3.13],
      "scale": [0.68, 0.68, 0.68]
    },
    "firstperson_lefthand": {
      "rotation": [-73.7, 111.59, -75.61],
      "translation": [1.63, 4.2, 3.13],
      "scale": [0.68, 0.68, 0.68]
    }
  }
}
