{
  "parent": "minecraft:block/big_dripleaf",
  "display": {
    "firstperson_righthand": {
      "rotation": [0, 180, 0],
      "translation": [-1.5, 1.5, 0],
      "scale": [0.4, 0.4, 0.4]
    },
    "thirdperson_righthand": {
      "rotation": [0, 180, 0],
      "translation": [0, 2.5, 2.75],
      "scale": [0.4, 0.4, 0.4]
    },
    "fixed": {
      "scale": [0.75, 0.75, 0.75],
      "translation": [0, 0, -3.5]
    },
    "gui": {
      "rotation": [30, 225, 0],
      "translation": [0, -2, 0],
      "scale": [0.625, 0.625, 0.625]
    }
  }
}