{
  "credit": "Made with Blockbench by Minecraft_hyr",
  "parent": "block/flower_pot",
  "display": {
    "thirdperson_righthand": {
      "rotation": [75, 135, 0],
      "translation": [0, 2.5, 0],
      "scale": [0.5, 0.5, 0.5]
    },
    "firstperson_righthand": {
      "rotation": [0, 135, 0],
      "translation": [0, 3.5, 0],
      "scale": [0.75, 0.75, 0.75]
    },
    "ground": {
      "translation": [0, 2, 0],
      "scale": [0.5, 0.5, 0.5]
    },
    "gui": {
      "rotation": [30, 225, 0],
      "translation": [0, 4, 0],
      "scale": [0.9, 0.9, 0.9]
    },
    "head": {
      "translation": [0, 14.5, 0]
    },
    "fixed": {
      "rotation": [0, 180, 0]
    }
  }
}