{
  "parent":"block/tripwire_hook",
  "display":{
    "firstperson_lefthand":{
      "rotation":[0,-225,0],
      "scale":[0.5,0.5,0.5],
      "translation":[0,1,0]
    },
    "firstperson_righthand":{
      "rotation":[0,-225,0],
      "scale":[0.5,0.5,0.5],
      "translation":[0,1,0]
    },
    "fixed":{
      "rotation":[0,0,0],
      "scale":[1,1,1],
      "translation":[0,2,-7]
    },
    "ground":{
      "scale":[0.25,0.25,0.25],
      "translation":[0,3,-1.75]
    },
    "gui":{
      "rotation":[30,225,0],
      "translation":[3,0,0]
    },
    "thirdperson_lefthand":{
      "rotation":[20,180,0],
      "scale":[0.5,0.5,0.5],
      "translation":[0,2,5]
    },
    "thirdperson_righthand":{
      "rotation":[20,180,0],
      "scale":[0.5,0.5,0.5],
      "translation":[0,2,5]
    },
    "head": {
      "rotation": [0, 180, 0],
      "translation":[0,1,14.5]
    }
}}