{
	"parent":"minecraft:block/turtle_egg",
	"display": {
		"thirdperson_righthand": {
			"rotation": [75, 135, 0],
			"translation": [0, 0.5, 0],
			"scale": [0.6, 0.6, 0.6]
		},
		"firstperson_righthand": {
			"rotation": [0, 135, 0],
			"translation": [0.75, 0, 0],
			"scale": [1.1, 1.1, 1.1]
		},
		"ground": {
			"translation": [0, 1, 0],
			"scale": [0.45, 0.45, 0.45]
		},
		"gui": {
			"rotation": [30, 45, 0],
			"scale": [1.25, 1.25, 1.25]
		},
		"head": {
			"translation": [0, 8.75, 0]
		},
		"fixed": {
			"scale": [1.25, 1.25, 1.25]
		}
	}
}