{
  "credit": "Made with Blockbench by Minecraft_hyr",
	"gui_light": "front",
  "parent": "res_fixes:block/template/display",
  "elements": [
    {
      "from": [7, 8, 7],
      "to": [9, 10, 9],
      "shade": false,
      "faces": {
        "north": {"uv": [7, 6, 9, 8], "texture": "#torch"},
        "east": {"uv": [7, 6, 9, 8], "texture": "#torch"},
        "south": {"uv": [7, 6, 9, 8], "texture": "#torch"},
        "west": {"uv": [7, 6, 9, 8], "texture": "#torch"},
        "up": {"uv": [7, 6, 9, 8], "texture": "#torch"}
      }
    },
    {
      "from": [7, 0, 7],
      "to": [9, 8, 9],
      "faces": {
        "north": {"uv": [7, 8, 9, 16], "texture": "#torch"},
        "east": {"uv": [7, 8, 9, 16], "texture": "#torch"},
        "south": {"uv": [7, 8, 9, 16], "texture": "#torch"},
        "west": {"uv": [7, 8, 9, 16], "texture": "#torch"},
        "down": {"uv": [7, 13, 9, 15], "texture": "#torch", "cullface": "down"}
      }
    },
    {
      "from": [9.5, 10.5, 9.5],
      "to": [6.5, 7.5, 6.5],
      "shade": false,
      "faces": {
        "north": {"uv": [7, 7, 6, 6], "texture": "#torch"},
        "east": {"uv": [10, 8, 9, 7], "texture": "#torch"},
        "south": {"uv": [10, 7, 9, 6], "texture": "#torch"},
        "west": {"uv": [7, 8, 6, 7], "texture": "#torch"},
        "up": {"uv": [8, 5, 9, 6], "texture": "#torch"},
        "down": {"uv": [8, 6, 7, 5], "texture": "#torch"}
      }
    }
  ]
}