{
	"credit": "Made with Blockbench by Minecraft_hyr",
	"ambientocclusion": false,
	"textures": {
		"particle": "block/iron_bars",
		"bars": "block/iron_bars"
	},
	"elements": [
		{
			"from": [8, 0, 8],
			"to": [8, 16, 16],
			"faces": {
				"east": {"uv": [0, 0, 8, 16], "texture": "#bars"},
				"west": {"uv": [8, 0, 0, 16], "texture": "#bars"}
			}
		},
		{
			"from": [7, 0, 15.99],
			"to": [9, 16, 16],
			"faces": {
				"north": {"uv": [7, 0, 9, 16], "texture": "#bars", "cullface": "south"},
				"south": {"uv": [7, 0, 9, 16], "texture": "#bars", "cullface": "south"}
			}
		},
		{
			"from": [7, 0, 9],
			"to": [9, 0.01, 16],
			"faces": {
				"up": {"uv": [7, 9, 9, 16], "texture": "#bars"},
				"down": {"uv": [9, 9, 7, 16], "texture": "#bars"}
			}
		},
		{
			"from": [7, 15.99, 9],
			"to": [9, 16, 16],
			"faces": {
				"up": {"uv": [7, 9, 9, 16], "texture": "#bars"},
				"down": {"uv": [7, 9, 9, 16], "texture": "#bars"}
			}
		}
	]
}