{
	"credit": "Made with Blockbench",
	"elements": [
		{
			"from": [3, 3, 15.5],
			"to": [13, 13, 16],
			"faces": {
				"north": {"uv": [3, 3, 13, 13], "texture": "#back"},
				"south": {"uv": [3, 3, 13, 13], "texture": "#back", "cullface": "south"}
			}
		},
		{
			"from": [2, 2, 15],
			"to": [14, 3, 16],
			"faces": {
				"north": {"uv": [2, 13, 14, 14], "texture": "#wood"},
				"south": {"uv": [2, 13, 14, 14], "texture": "#wood", "cullface": "south"},
				"up": {"uv": [3, 15, 13, 16], "texture": "#wood"},
				"down": {"uv": [3, 0, 13, 1], "texture": "#wood"}
			}
		},
		{
			"from": [2, 2, 15],
			"to": [3, 14, 16],
			"faces": {
				"north": {"uv": [13, 2, 14, 14], "texture": "#wood"},
				"east": {"uv": [0, 2, 1, 14], "texture": "#wood"},
				"south": {"uv": [2, 2, 3, 14], "texture": "#wood", "cullface": "south"},
				"west": {"uv": [15, 2, 16, 14], "texture": "#wood"}
			}
		},
		{
			"from": [2, 13, 15],
			"to": [14, 14, 16],
			"faces": {
				"north": {"uv": [2, 2, 14, 3], "texture": "#wood"},
				"south": {"uv": [2, 2, 14, 3], "texture": "#wood", "cullface": "south"},
				"up": {"uv": [3, 15, 13, 16], "texture": "#wood"},
				"down": {"uv": [3, 0, 13, 1], "texture": "#wood"}
			}
		},
		{
			"from": [13, 2, 15],
			"to": [14, 14, 16],
			"faces": {
				"north": {"uv": [2, 2, 3, 14], "texture": "#wood"},
				"east": {"uv": [0, 2, 1, 14], "texture": "#wood"},
				"south": {"uv": [13, 2, 14, 14], "texture": "#wood", "cullface": "south"},
				"west": {"uv": [15, 2, 16, 14], "texture": "#wood"}
			}
		}
	]
}