{
	"parent": "minecraft:block/button",
	"display": {
		"thirdperson_righthand": {
			"rotation": [90, 0, 0],
			"translation": [0, 1, 4],
			"scale": [0.5, 0.5, 0.5]
		},
		"firstperson_righthand": {
			"rotation": [90, 0, 0],
			"translation": [0, 2, 4],
			"scale": [0.375, 0.375, 0.375]
		},
		"firstperson_lefthand": {
			"rotation": [90, 0, 0],
			"translation": [0, 2, 4],
			"scale": [0.375, 0.375, 0.375]
		},
		"ground": {
			"translation": [0, 3, 0],
			"scale": [0.5, 0.5, 0.5]
		},
		"gui": {
			"rotation": [30, 225, 0],
			"scale": [0.8, 0.8, 0.8]
		},
		"head": {
			"translation": [0, 14.5, 0]
		},
		"fixed": {
			"scale": [0.75, 0.75, 0.75]
		}
	}
}