{
	"credit": "Made with Blockbench",
  "parent": "minecraft:block/block",
	"ambientocclusion": false,
	"textures": {
		"inside": "block/hopper_inside",
		"particle": "block/hopper_outside",
		"side": "block/hopper_outside",
		"top": "block/hopper_top"
	},
	"elements": [
		{
			"from": [0, 10, 0],
			"to": [16, 16, 16],
			"faces": {
				"north": {"uv": [0, 0, 16, 6], "texture": "#side", "cullface": "north"},
				"east": {"uv": [0, 0, 16, 6], "texture": "#side", "cullface": "east"},
				"south": {"uv": [0, 0, 16, 6], "texture": "#side", "cullface": "south"},
				"west": {"uv": [0, 0, 16, 6], "texture": "#side", "cullface": "west"},
				"down": {"uv": [0, 0, 16, 16], "texture": "#inside"}
			}
		},
		{
			"from": [0, 11, 0],
			"to": [2, 16, 16],
			"faces": {
				"up": {"uv": [0, 0, 2, 16], "texture": "#top", "cullface": "up"}
			}
		},
		{
			"from": [14, 11, 0],
			"to": [16, 16, 16],
			"faces": {
				"up": {"uv": [14, 0, 16, 16], "texture": "#top", "cullface": "up"}
			}
		},
		{
			"from": [2, 11, 0],
			"to": [14, 16, 2],
			"faces": {
				"up": {"uv": [2, 0, 14, 2], "texture": "#top", "cullface": "up"}
			}
		},
		{
			"from": [2, 11, 14],
			"to": [14, 16, 16],
			"faces": {
				"up": {"uv": [2, 14, 14, 16], "texture": "#top", "cullface": "up"}
			}
		},
		{
			"from": [4, 4, 4],
			"to": [12, 10, 12],
			"faces": {
				"north": {"uv": [4, 6, 12, 12], "texture": "#side"},
				"east": {"uv": [4, 6, 12, 12], "texture": "#side"},
				"south": {"uv": [4, 6, 12, 12], "texture": "#side"},
				"west": {"uv": [4, 6, 12, 12], "texture": "#side"},
				"down": {"uv": [4, 4, 12, 12], "texture": "#inside"}
			}
		},
		{
			"from": [6, 0, 6],
			"to": [10, 4, 10],
			"faces": {
				"north": {"uv": [6, 12, 10, 16], "texture": "#side"},
				"east": {"uv": [6, 12, 10, 16], "texture": "#side"},
				"south": {"uv": [6, 12, 10, 16], "texture": "#side"},
				"west": {"uv": [6, 12, 10, 16], "texture": "#side"},
				"down": {"uv": [6, 6, 10, 10], "texture": "#inside", "cullface": "down"}
			}
		},
		{
			"from": [14, 16, 14],
			"to": [2, 11, 2],
			"faces": {
				"north": {"uv": [14, 5, 2, 0], "texture": "#side", "cullface": "up"},
				"east": {"uv": [14, 5, 2, 0], "texture": "#side", "cullface": "up"},
				"south": {"uv": [14, 5, 2, 0], "texture": "#side", "cullface": "up"},
				"west": {"uv": [14, 5, 2, 0], "texture": "#side", "cullface": "up"},
				"up": {"uv": [14, 14, 2, 2], "texture": "#inside", "cullface": "up"}
			}
		}
	],
  "display": {
    "firstperson_lefthand": {
      "rotation":[0,225,0],
      "scale":[0.375,0.375,0.375]
    },
    "firstperson_righthand": {
      "rotation":[0,45,0],
      "scale":[0.375,0.375,0.375]
    },
    "thirdperson_righthand": {
      "rotation":[75,45,0],
      "scale":[0.375,0.375,0.375],
      "translation":[0,0,-2.5]
    },
    "head": {
      "rotation": [180, 0, 0],
      "translation": [0, 10, 0],
      "scale": [1.09, 1.09, 1.09]
    }
  }
}