{
  "parent": "block/block",
  "ambientocclusion": false,
  "display": {
      "head": {
          "rotation": [ -180, 0, 0 ],
          "translation": [ 8.5, 4, 0 ]
      },
      "thirdperson_righthand": {
          "translation": [ 0, 2, 0.5],
          "scale": [ 0.40, 0.40, 0.40 ]
      }
  },
  "textures": {
      "particle": "#texture"
  },
  "elements": [
      {   "from": [ 6, 12, 6 ],
          "to": [ 10, 16, 10 ],
          "faces": {
              "north": { "uv": [ 0, 0, 4, 4 ],"texture": "#texture" },
              "south": { "uv": [ 0, 0, 4, 4 ],"texture": "#texture" },
              "west":  { "uv": [ 0, 0, 4, 4 ],"texture": "#texture" },
              "east":  { "uv": [ 0, 0, 4, 4 ],"texture": "#texture" },
              "down": { "uv": [ 0, 0, 4, 4 ], "texture": "#texture" },
              "up":   { "uv": [ 4, 4, 0, 0 ], "texture": "#texture", "cullface": "up" }
          }
      },
      {   "from": [ 7, 0, 7 ],
          "to": [ 9, 12, 9 ],
          "faces": {
              "north": { "uv": [ 0, 4, 2, 16 ],"texture": "#texture" },
              "south": { "uv": [ 0, 4, 2, 16 ],"texture": "#texture" },
              "west":  { "uv": [ 0, 4, 2, 16 ],"texture": "#texture" },
              "east":  { "uv": [ 0, 4, 2, 16 ],"texture": "#texture" },
              "down": { "uv": [ 0, 4, 2, 6 ], "texture": "#texture", "cullface": "down" }
          }
      }
  ]
}
