{"display":{"firstperson_righthand":{"rotation":[0,135,0],"scale":[0.4,0.4,0.4],"translation":[0,0,0]},"gui":{"rotation":[30,45,0],"scale":[0.8,0.8,0.8],"translation":[0,-1,0]},"head":{"rotation":[0,0,0],"scale":[1,1,1],"translation":[0,-3,-6]}},"elements":[{"faces":{"down":{"texture":"#texture","uv":[0,7,2,9]},"east":{"texture":"#texture","uv":[7,0,9,11]},"north":{"texture":"#texture","uv":[14,0,16,11]},"south":{"texture":"#texture","uv":[0,0,2,11]},"up":{"cullface":"up","texture":"#texture","uv":[0,7,2,9]},"west":{"cullface":"west","texture":"#texture","uv":[7,0,9,11]}},"from":[0,5,7],"to":[2,16,9]},{"faces":{"down":{"texture":"#texture","uv":[14,7,16,9]},"east":{"cullface":"east","texture":"#texture","uv":[7,0,9,11]},"north":{"texture":"#texture","uv":[0,0,2,11]},"south":{"texture":"#texture","uv":[14,0,16,11]},"up":{"cullface":"up","texture":"#texture","uv":[14,7,16,9]},"west":{"texture":"#texture","uv":[7,0,9,11]}},"from":[14,5,7],"to":[16,16,9]},{"faces":{"down":{"texture":"#texture","uv":[2,7,14,9]},"north":{"texture":"#texture","uv":[2,7,14,10]},"south":{"texture":"#texture","uv":[2,7,14,10]},"up":{"texture":"#texture","uv":[2,7,14,9]}},"from":[2,6,7],"to":[14,9,9]},{"faces":{"down":{"texture":"#texture","uv":[2,7,14,9]},"north":{"texture":"#texture","uv":[2,1,14,4]},"south":{"texture":"#texture","uv":[2,1,14,4]},"up":{"texture":"#texture","uv":[2,7,14,9]}},"from":[2,12,7],"to":[14,15,9]},{"faces":{"east":{"texture":"#texture","uv":[7,4,9,7]},"north":{"texture":"#texture","uv":[6,4,10,7]},"south":{"texture":"#texture","uv":[6,4,10,7]},"west":{"texture":"#texture","uv":[7,4,9,7]}},"from":[6,9,7],"to":[10,12,9]}],"parent":"minecraft:block/block","textures":{"particle":"#texture"}}