[{"path":"3D Default 1.21.2+ v1.13.0.zip","includes":[{"path":"README.md","out_path":"README/GeForceLegend's 3D Default.md"}],"excludes":["pack.mcmeta",{"path":"assets/minecraft/models/block","extras":["bamboo_large_leaves.json","bamboo_small_leaves.json","flower_pot_cross.json","flower_pot.json","lightning_rod_on.json","lightning_rod.json","potted_allium.json","potted_azure_bluet.json","potted_blue_orchid.json","potted_cornflower.json","potted_fern.json","potted_lily_of_the_valley.json","potted_orange_tulip.json","potted_oxeye_daisy.json","potted_pink_tulip.json","potted_poppy.json","potted_red_tulip.json","potted_white_tulip.json","potted_wither_rose.json","redstone_dust_dot.json","redstone_dust_side_alt.json","redstone_dust_side_alt0.json","redstone_dust_side_alt1.json","redstone_dust_side.json","redstone_dust_side0.json","redstone_dust_side1.json","redstone_dust_up.json","template_campfire.json","template_redstone_torch_wall.json","template_redstone_torch.json","brewing_stand.json","brewing_stand_bottle0.json","brewing_stand_bottle1.json","brewing_stand_bottle2.json","brewing_stand_empty0.json","brewing_stand_empty1.json","brewing_stand_empty2.json","end_rod.json","ladder.json","template_anvil.json"]},{"path":"assets/minecraft/models/item","extras":["black_candle.json","blue_candle.json","brown_candle.json","candle.json","comparator.json","cyan_candle.json","flower_pot.json","gray_candle.json","green_candle.json","light_blue_candle.json","light_gray_candle.json","lightning_rod.json","lime_candle.json","magenta_candle.json","orange_candle.json","pink_candle.json","repeater.json","torch.json","soul_torch.json","redstone_torch.json","copper_torch.json","lantern.json","soul_lantern.json","copper_lantern.json","exposed_copper_lantern.json","oxidized_copper_lantern.json","weathered_copper_lantern.json","potion.json","splash_potion.json","lingering_potion.json","honey_bottle.json","ominous_bottle.json","ladder.json","end_rod.json","tripwire_hook.json","lever.json","glass_bottle.json"]},{"path":"assets/minecraft/textures/item","extras":["potion.png","potion_splash.png","honey_bottle.png"]}]},"3D_Default","3D_Default.Respackopts","UltiCraft-Models3D","Respackopts"]