{"variants":{"face=ceiling,facing=east,powered=false":{"model":"res_fixes:block/lever/off","x":180,"y":270},"face=ceiling,facing=east,powered=true":{"model":"res_fixes:block/lever/on","x":180,"y":270},"face=ceiling,facing=north,powered=false":{"model":"res_fixes:block/lever/off","x":180,"y":180},"face=ceiling,facing=north,powered=true":{"model":"res_fixes:block/lever/on","x":180,"y":180},"face=ceiling,facing=south,powered=false":{"model":"res_fixes:block/lever/off","x":180},"face=ceiling,facing=south,powered=true":{"model":"res_fixes:block/lever/on","x":180},"face=ceiling,facing=west,powered=false":{"model":"res_fixes:block/lever/off","x":180,"y":90},"face=ceiling,facing=west,powered=true":{"model":"res_fixes:block/lever/on","x":180,"y":90},"face=floor,facing=east,powered=false":{"model":"res_fixes:block/lever/off","y":90},"face=floor,facing=east,powered=true":{"model":"res_fixes:block/lever/on","y":90},"face=floor,facing=north,powered=false":{"model":"res_fixes:block/lever/off"},"face=floor,facing=north,powered=true":{"model":"res_fixes:block/lever/on"},"face=floor,facing=south,powered=false":{"model":"res_fixes:block/lever/off","y":180},"face=floor,facing=south,powered=true":{"model":"res_fixes:block/lever/on","y":180},"face=floor,facing=west,powered=false":{"model":"res_fixes:block/lever/off","y":270},"face=floor,facing=west,powered=true":{"model":"res_fixes:block/lever/on","y":270},"face=wall,facing=east,powered=false":{"model":"res_fixes:block/lever/off","x":270,"y":270},"face=wall,facing=east,powered=true":{"model":"res_fixes:block/lever/on","x":270,"y":270},"face=wall,facing=north,powered=false":{"model":"res_fixes:block/lever/off","x":270,"y":180},"face=wall,facing=north,powered=true":{"model":"res_fixes:block/lever/on","x":270,"y":180},"face=wall,facing=south,powered=false":{"model":"res_fixes:block/lever/off","x":270},"face=wall,facing=south,powered=true":{"model":"res_fixes:block/lever/on","x":270},"face=wall,facing=west,powered=false":{"model":"res_fixes:block/lever/off","x":270,"y":90},"face=wall,facing=west,powered=true":{"model":"res_fixes:block/lever/on","x":270,"y":90}}}