{"multipart":[{"apply":{"model":"res_fixes:block/vine/full"},"when":{"east":"false","north":"false","south":"false","up":"false","west":"false"}},{"apply":{"model":"res_fixes:block/vine/side"},"when":{"north":"true"}},{"apply":{"model":"res_fixes:block/vine/side","uvlock":true,"y":90},"when":{"east":"true"}},{"apply":{"model":"res_fixes:block/vine/side","uvlock":true,"y":180},"when":{"south":"true"}},{"apply":{"model":"res_fixes:block/vine/side","uvlock":true,"y":270},"when":{"west":"true"}},{"apply":{"model":"res_fixes:block/vine/top"},"when":{"up":"true"}}]}