{"ambientocclusion":false,"credit":"Made with Blockbench by Minecraft_hyr","elements":[{"faces":{"east":{"texture":"#vine","tintindex":0,"uv":[0,0,16,16]},"west":{"texture":"#vine","tintindex":0,"uv":[16,0,0,16]}},"from":[0.1,0,0],"shade":false,"to":[0.1,16,16]},{"faces":{"north":{"texture":"#vine","tintindex":0,"uv":[16,0,0,16]},"south":{"texture":"#vine","tintindex":0,"uv":[0,0,16,16]}},"from":[0,0,0.1],"shade":false,"to":[16,16,0.1]},{"faces":{"north":{"texture":"#vine","tintindex":0,"uv":[0,0,16,16]},"south":{"texture":"#vine","tintindex":0,"uv":[16,0,0,16]}},"from":[0,0,15.9],"shade":false,"to":[16,16,15.9]},{"faces":{"east":{"texture":"#vine","tintindex":0,"uv":[16,0,0,16]},"west":{"texture":"#vine","tintindex":0,"uv":[0,0,16,16]}},"from":[15.9,0,0],"shade":false,"to":[15.9,16,16]},{"faces":{"down":{"texture":"#vine","tintindex":0,"uv":[0,0,16,16]},"up":{"texture":"#vine","tintindex":0,"uv":[0,16,16,0]}},"from":[0,15.9,0],"shade":false,"to":[16,15.9,16]}],"textures":{"particle":"block/vine","vine":"block/vine"}}