{
    "parent": "block/block",
    "display":{
        "firstperson_righthand": {
            "rotation": [0, -45, 0],
            "scale": [0.4, 0.4, 0.4],
            "translation": [0, 0.5, 0]
        },
        "thirdperson_righthand": {
          "rotation": [75, -45, 0],
          "scale": [0.4, 0.4, 0.4],
          "translation": [0, 2.5, 0]
        }
    },
    "textures": {
        "particle": "block/end_portal_frame_side",
        "bottom": "block/end_stone",
        "top": "block/end_portal_frame_top",
        "side": "block/end_portal_frame_side"
    },
    "elements": [
        {   "from": [ 0, 0, 0 ],
            "to": [ 16, 13, 16 ],
            "faces": {
                "down":  { "uv": [ 0, 0, 16, 16 ], "texture": "#bottom", "cullface": "down" },
                "up":    { "uv": [ 0, 0, 16, 16 ], "texture": "#top" },
                "north": { "uv": [ 0, 3, 16, 16 ], "texture": "#side", "cullface": "north" },
                "south": { "uv": [ 0, 3, 16, 16 ], "texture": "#side", "cullface": "south" },
                "west":  { "uv": [ 0, 3, 16, 16 ], "texture": "#side", "cullface": "west" },
                "east":  { "uv": [ 0, 3, 16, 16 ], "texture": "#side", "cullface": "east" }
            }
        }
    ]
}
