{
  "parent": "builtin/generated",
  "gui_light": "front",
  "display": {
    "ground": {
      "translation": [0, 2, 0],
      "scale": [0.5, 0.5, 0.5]
    },
    "head": {
      "rotation": [0, 180, 0],
      "translation": [0, 12, 7],
      "scale": [1, 1, 1]
    },
    "thirdperson_righthand": {
      "translation": [0, 3, 1],
      "scale": [0.55, 0.55, 0.55]
    },
    "firstperson_righthand": {
      "rotation": [0, -90, 25],
      "translation": [1.13, 3.2, 1.13],
      "scale": [0.68, 0.68, 0.68]
    },
    "fixed": {
      "rotation": [0, 180, 0]
    }
  }
}
