{
  "parent": "block/tripwire_hook",
  "display": {
    "fixed": {
      "translation": [0, 2, -7]
    },
    "gui": {
      "rotation": [30, 225, 0],
      "translation": [3, 0, 0]
    },
    "thirdperson_righthand": {
      "rotation": [0, 180, 0],
      "translation": [0, 3, 5],
      "scale": [0.7, 0.7, 0.7]
    },
    "firstperson_righthand": {
      "rotation": [0, 135, 0],
      "translation": [0, 1, -1],
      "scale": [0.6, 0.6, 0.6]
    },
    "head": {
      "rotation": [0, 180, 0],
      "translation": [0, 1, 14.5]
    },
    "ground": {
      "scale": [0.4, 0.4, 0.4],
      "translation": [0, 0, -2]
    }
  }
}
