{
  "credit": "Made with Blockbench",
  "textures": {
    "particle": "farmersdelight:block/tatami_mat_even",
    "even": "farmersdelight:block/tatami_mat_even",
    "odd": "farmersdelight:block/tatami_mat_odd",
    "half": "farmersdelight:block/tatami_mat_half",
    "side": "farmersdelight:block/tatami_mat_side"
  },
  "elements": [
    {
      "name": "tatami_mat_foot",
      "from": [0, 0, 0],
      "to": [16, 2, 16],
      "faces": {
        "north": {"uv": [0, 14, 16, 16], "rotation": 180, "texture": "#side", "cullface": "north"},
        "east": {"uv": [0, 14, 16, 16], "rotation": 180, "texture": "#side", "cullface": "north"},
        "south": {"uv": [0, 12, 16, 14], "rotation": 180, "texture": "#half", "cullface": "north"},
        "west": {"uv": [0, 14, 16, 16], "rotation": 180, "texture": "#side", "cullface": "north"},
        "up": {"uv": [0, 0, 16, 16], "rotation": 90, "texture": "#odd", "cullface": "north"},
        "down": {"uv": [0, 0, 16, 16], "rotation": 270, "texture": "#even", "cullface": "north"}
      }
    }
  ]
}