{"__comment":"Designed by GeForceLegend","textures":{"particle":"block/bamboo_fence_gate_particle","texture":"block/bamboo_fence_gate"},"elements":[{"from":[0,2,7],"to":[2,13,9],"faces":{"north":{"uv":[14,0,16,11],"texture":"#texture"},"east":{"uv":[14,0,16,11],"texture":"#texture"},"south":{"uv":[0,0,2,11],"texture":"#texture"},"west":{"uv":[14,0,16,11],"texture":"#texture","cullface":"west"},"up":{"uv":[8,0,6,2],"texture":"#texture"},"down":{"uv":[6,0,8,2],"texture":"#texture"}}},{"from":[14,2,7],"to":[16,13,9],"faces":{"north":{"uv":[14,0,16,11],"texture":"#texture"},"east":{"uv":[14,0,16,11],"texture":"#texture","cullface":"east"},"south":{"uv":[14,0,16,11],"texture":"#texture"},"west":{"uv":[14,0,16,11],"texture":"#texture"},"up":{"uv":[8,0,6,2],"texture":"#texture"},"down":{"uv":[14,7,16,9],"texture":"#texture"}}},{"from":[6,6,7],"to":[10,9,9],"faces":{"north":{"uv":[6,5,10,8],"texture":"#texture"},"east":{"uv":[8,5,10,8],"texture":"#texture"},"south":{"uv":[6,5,10,8],"texture":"#texture"},"west":{"uv":[8,5,10,8],"texture":"#texture"}}},{"from":[2,9,7],"to":[14,12,9],"faces":{"north":{"uv":[2,2,14,5],"texture":"#texture"},"south":{"uv":[2,2,14,5],"texture":"#texture"},"up":{"uv":[2,0,14,2],"texture":"#texture"},"down":{"uv":[2,0,14,2],"texture":"#texture"}}},{"from":[2,3,7],"to":[14,6,9],"faces":{"north":{"uv":[2,8,14,11],"texture":"#texture"},"south":{"uv":[2,8,14,11],"texture":"#texture"},"up":{"uv":[2,0,14,2],"texture":"#texture"},"down":{"uv":[2,0,14,2],"texture":"#texture"}}}],"display":{"gui":{"rotation":[30,45,0],"translation":[0,-1,0],"scale":[0.8,0.8,0.8]},"head":{"translation":[0,-3,-6]}}}