{"__comment":"Designed by GeForceLegend","parent":"block/trapdoor_display","textures":{"texture":"block/birch_trapdoor1","particle":"block/birch_trapdoor"},"elements":[{"from":[3,0,13],"to":[13,3,16],"faces":{"north":{"uv":[13,2,3,3],"texture":"#particle"},"south":{"uv":[3,3,13,6],"texture":"#texture","cullface":"south"},"up":{"uv":[3,3,13,0],"texture":"#particle"},"down":{"uv":[3,0,13,3],"texture":"#particle","cullface":"down"}}},{"from":[13,0,0],"to":[16,3,16],"faces":{"north":{"uv":[16,10,13,13],"texture":"#texture","cullface":"north"},"east":{"uv":[0,13,16,16],"texture":"#texture","cullface":"east"},"south":{"uv":[13,3,16,6],"texture":"#texture","cullface":"south"},"west":{"uv":[13,2,14,14],"texture":"#particle"},"up":{"uv":[13,16,16,0],"texture":"#particle"},"down":{"uv":[13,0,16,16],"texture":"#particle","cullface":"down"}}},{"from":[3,0,0],"to":[13,3,3],"faces":{"north":{"uv":[13,10,3,13],"texture":"#texture","cullface":"north"},"south":{"uv":[3,13,13,14],"texture":"#particle"},"up":{"uv":[3,16,13,13],"texture":"#particle"},"down":{"uv":[3,13,13,16],"texture":"#particle","cullface":"down"}}},{"from":[3,1,3],"to":[13,2,13],"faces":{"up":{"uv":[3,13,13,3],"texture":"#particle"},"down":{"uv":[3,3,13,13],"texture":"#particle","cullface":"down"}}},{"from":[5,0,3],"to":[11,3,4],"faces":{"east":{"uv":[10,12,11,13],"texture":"#particle"},"south":{"uv":[5,12,11,13],"texture":"#particle"},"west":{"uv":[5,12,6,13],"texture":"#particle"},"up":{"uv":[5,12,11,13],"texture":"#particle"},"down":{"uv":[5,12,11,13],"texture":"#particle","cullface":"down"}}},{"from":[6.01,-0.99,1.01],"to":[9.99,3.99,1.99],"faces":{"north":{"uv":[10,14,6,15],"texture":"#particle"},"east":{"uv":[6,14,7,15],"texture":"#particle"},"south":{"uv":[6,14,10,15],"texture":"#particle"},"west":{"uv":[9,14,10,15],"texture":"#particle"},"up":{"uv":[6,14,10,15],"texture":"#particle"},"down":{"uv":[6,14,10,15],"texture":"#particle","cullface":"down"}}},{"from":[0,0,0],"to":[3,3,16],"faces":{"north":{"uv":[3,10,0,13],"texture":"#texture","cullface":"north"},"east":{"uv":[2,16,3,0],"rotation":90,"texture":"#particle"},"south":{"uv":[0,3,3,6],"texture":"#texture","cullface":"south"},"west":{"uv":[0,0,16,3],"texture":"#texture","cullface":"west"},"up":{"uv":[0,16,3,0],"texture":"#particle"},"down":{"uv":[0,0,3,16],"texture":"#particle","cullface":"down"}}}]}