{"__comment":"Designed by GeForceLegend","textures":{"bottom":"block/cake_bottom","top":"block/cake_top","side":"block/cake_side","particle":"block/cake_side","inside":"block/cake_inner"},"elements":[{"from":[11,0,1],"to":[15,8,15],"faces":{"north":{"uv":[1,8,5,16],"texture":"#side"},"east":{"uv":[1,8,15,16],"texture":"#side"},"south":{"uv":[11,8,15,16],"texture":"#side"},"west":{"uv":[1,8,15,16],"texture":"#inside"},"up":{"uv":[11,1,15,15],"texture":"#top"},"down":{"uv":[11,1,15,15],"texture":"#bottom","cullface":"down"}}},{"from":[10.999,7.5,2],"to":[12,8.5,3],"faces":{"north":{"uv":[11,2,12,3],"texture":"#top"},"east":{"uv":[11,2,12,3],"texture":"#top"},"south":{"uv":[11,2,12,3],"texture":"#top"},"west":{"uv":[11,2,12,3],"texture":"#top"},"up":{"uv":[11,2,12,3],"texture":"#top"}}},{"from":[10.999,7.5,5],"to":[12,8.5,6],"faces":{"north":{"uv":[11,5,12,6],"texture":"#top"},"east":{"uv":[11,5,12,6],"texture":"#top"},"south":{"uv":[11,5,12,6],"texture":"#top"},"west":{"uv":[11,5,12,6],"texture":"#top"},"up":{"uv":[11,5,12,6],"texture":"#top"}}},{"from":[13,8,9],"to":[14,8.5,10],"faces":{"north":{"uv":[13,9,14,10],"texture":"#top"},"east":{"uv":[13,9,14,10],"texture":"#top"},"south":{"uv":[13,9,14,10],"texture":"#top"},"west":{"uv":[13,9,14,10],"texture":"#top"},"up":{"uv":[13,9,14,10],"texture":"#top"}}}]}