{"__comment":"Designed by GeForceLegend","parent":"block/display_orientable","ambientocclusion":false,"textures":{"top":"block/pumpkin_top","front":"block/carved_pumpkin","particle":"block/pumpkin_side","side":"block/pumpkin_side"},"elements":[{"from":[0,0,1],"to":[16,16,16],"faces":{"north":{"uv":[0,0,16,16],"texture":"#front","cullface":"north"},"south":{"uv":[0,0,16,16],"texture":"#side","cullface":"south"}}},{"from":[1,0,0],"to":[14,2,16],"faces":{"north":{"uv":[2,14,15,16],"texture":"#front","cullface":"north"},"up":{"uv":[15,14,2,15],"texture":"#front","cullface":"north"},"down":{"uv":[1,0,14,16],"texture":"#top","cullface":"down"}}},{"from":[5,2,0],"to":[9,3,1],"faces":{"north":{"uv":[7,13,11,14],"texture":"#front","cullface":"north"},"east":{"uv":[7,13,8,14],"texture":"#front","cullface":"north"},"west":{"uv":[10,13,11,14],"texture":"#front","cullface":"north"},"up":{"uv":[11,13,7,14],"texture":"#front","cullface":"north"}}},{"from":[14,0,0],"to":[16,16,16],"faces":{"north":{"uv":[0,0,2,16],"texture":"#front","cullface":"north"},"east":{"uv":[0,0,16,16],"texture":"#side","cullface":"east"},"west":{"uv":[1,0,2,16],"texture":"#front","cullface":"north"},"up":{"uv":[14,0,16,16],"texture":"#top","cullface":"up"},"down":{"uv":[14,0,16,16],"texture":"#top","cullface":"down"}}},{"from":[13,2,0],"to":[14,4,1],"faces":{"north":{"uv":[2,12,3,14],"texture":"#front","cullface":"north"},"west":{"uv":[2,12,3,14],"texture":"#front","cullface":"north"},"up":{"uv":[2,12,3,13],"texture":"#front","cullface":"north"}}},{"from":[10,2,0],"to":[11,4,1],"faces":{"north":{"uv":[5,12,6,14],"texture":"#front","cullface":"north"},"east":{"uv":[5,12,6,14],"texture":"#front","cullface":"north"},"west":{"uv":[5,12,6,14],"texture":"#front","cullface":"north"},"up":{"uv":[5,12,6,13],"texture":"#front","cullface":"north"}}},{"from":[11,2,0],"to":[12,3,1],"faces":{"north":{"uv":[4,13,5,14],"texture":"#front","cullface":"north"},"east":{"uv":[4,13,5,14],"texture":"#front","cullface":"north"},"up":{"uv":[4,13,5,14],"texture":"#front","cullface":"north"}}},{"from":[7,3,0],"to":[8,4,1],"faces":{"north":{"uv":[8,12,9,13],"texture":"#front","cullface":"north"},"east":{"uv":[8,12,9,13],"texture":"#front","cullface":"north"},"west":{"uv":[8,12,9,13],"texture":"#front","cullface":"north"},"up":{"uv":[8,12,9,13],"texture":"#front","cullface":"north"}}},{"from":[0,0,0],"to":[1,16,16],"faces":{"north":{"uv":[15,0,16,16],"texture":"#front","cullface":"north"},"east":{"uv":[15,0,16,16],"texture":"#front","cullface":"north"},"west":{"uv":[0,0,16,16],"texture":"#side","cullface":"west"},"up":{"uv":[0,0,1,16],"texture":"#top","cullface":"up"},"down":{"uv":[0,0,1,16],"texture":"#top","cullface":"down"}}},{"from":[1,2,0],"to":[3,3,1],"faces":{"north":{"uv":[13,13,15,14],"texture":"#front","cullface":"north"},"up":{"uv":[15,13,13,14],"texture":"#front","cullface":"north"}}},{"from":[3,2,0],"to":[4,4,1],"faces":{"north":{"uv":[12,12,13,14],"texture":"#front","cullface":"north"},"east":{"uv":[12,12,13,14],"texture":"#front","cullface":"north"},"west":{"uv":[12,12,13,14],"texture":"#front","cullface":"north"},"up":{"uv":[12,12,13,13],"texture":"#front","cullface":"north"}}},{"from":[1,5,0],"to":[2,14,1],"faces":{"north":{"uv":[14,2,15,11],"texture":"#front","cullface":"north"},"east":{"uv":[14,2,15,11],"texture":"#front","cullface":"north"},"down":{"uv":[14,10,15,11],"texture":"#front","cullface":"north"}}},{"from":[2,7,0],"to":[13,8,1],"faces":{"north":{"uv":[3,8,14,9],"texture":"#front","cullface":"north"},"up":{"uv":[14,8,3,9],"texture":"#front","cullface":"north"},"down":{"uv":[14,8,3,9],"texture":"#front","cullface":"north"}}},{"from":[13,6,0],"to":[14,14,1],"faces":{"north":{"uv":[2,2,3,10],"texture":"#front","cullface":"north"},"west":{"uv":[2,2,3,10],"texture":"#front","cullface":"north"},"down":{"uv":[2,9,3,10],"texture":"#front","cullface":"north"}}},{"from":[11,6,0],"to":[12,7,1],"faces":{"north":{"uv":[4,9,5,10],"texture":"#front","cullface":"north"},"east":{"uv":[4,9,5,10],"texture":"#front","cullface":"north"},"west":{"uv":[4,9,5,10],"texture":"#front","cullface":"north"},"down":{"uv":[4,9,5,10],"texture":"#front","cullface":"north"}}},{"from":[12,8,0],"to":[13,9,1],"faces":{"north":{"uv":[3,7,4,8],"texture":"#front","cullface":"north"},"west":{"uv":[3,7,4,8],"texture":"#front","cullface":"north"},"up":{"uv":[3,7,4,8],"texture":"#front","cullface":"north"}}},{"from":[8,6,0],"to":[10,7,1],"faces":{"north":{"uv":[6,9,8,10],"texture":"#front","cullface":"north"},"east":{"uv":[6,9,7,10],"texture":"#front","cullface":"north"},"west":{"uv":[7,9,8,10],"texture":"#front","cullface":"north"},"down":{"uv":[8,9,6,10],"texture":"#front","cullface":"north"}}},{"from":[5,6,0],"to":[7,7,1],"faces":{"north":{"uv":[9,9,11,10],"texture":"#front","cullface":"north"},"east":{"uv":[9,9,10,10],"texture":"#front","cullface":"north"},"west":{"uv":[10,9,11,10],"texture":"#front","cullface":"north"},"down":{"uv":[11,9,9,10],"texture":"#front","cullface":"north"}}},{"from":[3,6,0],"to":[4,7,1],"faces":{"north":{"uv":[12,9,13,10],"texture":"#front","cullface":"north"},"east":{"uv":[12,9,13,10],"texture":"#front","cullface":"north"},"west":{"uv":[12,9,13,10],"texture":"#front","cullface":"north"},"down":{"uv":[12,9,13,10],"texture":"#front","cullface":"north"}}},{"from":[12,12,0],"to":[13,14,1],"faces":{"north":{"uv":[3,2,4,4],"texture":"#front","cullface":"north"},"west":{"uv":[3,2,4,4],"texture":"#front","cullface":"north"},"down":{"uv":[3,3,4,4],"texture":"#front","cullface":"north"}}},{"from":[1,14,0],"to":[14,16,16],"faces":{"north":{"uv":[2,0,15,2],"texture":"#front","cullface":"north"},"up":{"uv":[1,0,14,16],"texture":"#top","cullface":"up"},"down":{"uv":[15,1,2,2],"texture":"#front","cullface":"north"}}},{"from":[6,8,0],"to":[10,9,1],"faces":{"north":{"uv":[6,7,10,8],"texture":"#front","cullface":"north"},"east":{"uv":[6,7,7,8],"texture":"#front","cullface":"north"},"west":{"uv":[9,7,10,8],"texture":"#front","cullface":"north"},"up":{"uv":[10,7,6,8],"texture":"#front","cullface":"north"}}},{"from":[6,13,0],"to":[10,14,1],"faces":{"north":{"uv":[6,2,10,3],"texture":"#front","cullface":"north"},"east":{"uv":[6,2,7,3],"texture":"#front","cullface":"north"},"west":{"uv":[9,2,10,3],"texture":"#front","cullface":"north"},"down":{"uv":[10,2,6,3],"texture":"#front","cullface":"north"}}},{"from":[7,9,0],"to":[9,13,1],"faces":{"north":{"uv":[7,3,9,7],"texture":"#front","cullface":"north"},"east":{"uv":[7,3,8,7],"texture":"#front","cullface":"north"},"west":{"uv":[8,3,9,7],"texture":"#front","cullface":"north"}}},{"from":[2,10,0],"to":[3,14,1],"faces":{"north":{"uv":[13,2,14,6],"texture":"#front","cullface":"north"},"east":{"uv":[13,2,14,6],"texture":"#front","cullface":"north"},"down":{"uv":[13,5,14,6],"texture":"#front","cullface":"north"}}},{"from":[3,12,0],"to":[4,14,1],"faces":{"north":{"uv":[12,2,13,4],"texture":"#front","cullface":"north"},"east":{"uv":[12,2,13,4],"texture":"#front","cullface":"north"},"down":{"uv":[12,3,13,4],"texture":"#front","cullface":"north"}}},{"from":[4,13,0],"to":[5,14,1],"faces":{"north":{"uv":[11,2,12,3],"texture":"#front","cullface":"north"},"east":{"uv":[11,2,12,3],"texture":"#front","cullface":"north"},"down":{"uv":[11,2,12,3],"texture":"#front","cullface":"north"}}},{"from":[7.025,16,6.025],"to":[8.975,16.9,9.975],"faces":{"north":{"uv":[8,5,6,6],"texture":"#top","cullface":"up"},"east":{"uv":[8,6,9,10],"rotation":90,"texture":"#top","cullface":"up"},"south":{"uv":[7,9,9,10],"texture":"#top","cullface":"up"},"west":{"uv":[5,6,9,7],"texture":"#top","cullface":"up"},"up":{"uv":[7,6,9,10],"texture":"#top","cullface":"up"}}},{"from":[5.025,16,5.025],"to":[7.975,16.9,7.975],"faces":{"north":{"uv":[8,5,5,6],"texture":"#top","cullface":"up"},"east":{"uv":[5,5,8,6],"texture":"#top","cullface":"up"},"south":{"uv":[8,5,5,6],"texture":"#top","cullface":"up"},"west":{"uv":[5,5,8,6],"texture":"#top","cullface":"up"},"up":{"uv":[5,5,8,8],"texture":"#top","cullface":"up"}}},{"from":[6.025,16,7.975],"to":[9.975,16.9,8.975],"faces":{"north":{"uv":[6,8,10,9],"texture":"#top","cullface":"up"},"east":{"uv":[9,8,10,9],"texture":"#top","cullface":"up"},"south":{"uv":[6,8,10,9],"texture":"#top","cullface":"up"},"west":{"uv":[6,8,7,9],"texture":"#top","cullface":"up"},"up":{"uv":[6,8,10,9],"texture":"#top","cullface":"up"}}}]}