{"__comment":"Designed by GeForceLegend","ambientocclusion":false,"textures":{"texture":"block/dark_oak_trapdoor1","particle":"block/dark_oak_trapdoor"},"elements":[{"from":[2,0,13],"to":[14,2,16],"faces":{"north":{"uv":[2,14,14,16],"texture":"#particle"},"south":{"uv":[14,14,2,16],"texture":"#particle","cullface":"south"},"up":{"uv":[14,14,2,15],"texture":"#particle"},"down":{"uv":[14,13,2,16],"texture":"#texture","cullface":"down"}}},{"from":[14,0,13],"to":[16,16,16],"faces":{"north":{"uv":[0,0,2,16],"texture":"#particle"},"east":{"uv":[16,13,0,10],"rotation":90,"texture":"#texture","cullface":"east"},"south":{"uv":[2,0,0,16],"texture":"#particle","cullface":"south"},"west":{"uv":[2,0,1,16],"texture":"#particle"},"up":{"uv":[2,0,0,3],"texture":"#texture","cullface":"up"},"down":{"uv":[2,13,0,16],"texture":"#texture","cullface":"down"}}},{"from":[2,6,13],"to":[14,10,16],"faces":{"north":{"uv":[2,6,14,10],"texture":"#particle"},"south":{"uv":[14,6,2,10],"texture":"#particle","cullface":"south"},"up":{"uv":[14,6,2,7],"texture":"#particle"},"down":{"uv":[14,9,2,10],"texture":"#particle"}}},{"from":[2,14,13],"to":[14,16,16],"faces":{"north":{"uv":[2,0,14,2],"texture":"#particle"},"south":{"uv":[14,0,2,2],"texture":"#particle","cullface":"south"},"up":{"uv":[14,0,2,3],"texture":"#texture","cullface":"up"},"down":{"uv":[14,1,2,2],"texture":"#particle"}}},{"from":[2,2,14],"to":[14,14,15],"faces":{"north":{"uv":[2,2,14,14],"texture":"#particle"},"south":{"uv":[14,2,2,14],"texture":"#particle","cullface":"south"}}},{"from":[6,2,13],"to":[10,14,16],"faces":{"north":{"uv":[6,2,10,14],"texture":"#particle"},"east":{"uv":[7,2,6,14],"texture":"#particle"},"south":{"uv":[10,2,6,14],"texture":"#particle","cullface":"south"},"west":{"uv":[10,2,9,14],"texture":"#particle"}}},{"from":[0,0,13],"to":[2,16,16],"faces":{"north":{"uv":[14,0,16,16],"texture":"#particle"},"east":{"uv":[15,0,14,16],"texture":"#particle"},"south":{"uv":[16,0,14,16],"texture":"#particle","cullface":"south"},"west":{"uv":[16,6,0,3],"rotation":270,"texture":"#texture","cullface":"west"},"up":{"uv":[16,0,14,3],"texture":"#texture","cullface":"up"},"down":{"uv":[16,13,14,16],"texture":"#texture","cullface":"down"}}}]}