{"__comment":"Designed by GeForceLegend","parent":"block/display_orientable","ambientocclusion":false,"textures":{"front":"block/dropper_front","side":"block/furnace_top","inside":"block/furnace_inside","particle":"block/dropper_front"},"elements":[{"from":[0,0,8],"to":[16,16,16],"faces":{"north":{"uv":[0,0,16,16],"rotation":90,"texture":"#inside","cullface":"north"},"south":{"uv":[0,0,16,16],"texture":"#side","cullface":"south"}}},{"from":[0,0,0],"to":[16,4,16],"faces":{"north":{"uv":[0,12,16,16],"texture":"#front","cullface":"north"},"east":{"uv":[0,12,16,16],"texture":"#side","cullface":"east"},"west":{"uv":[0,12,16,16],"texture":"#side","cullface":"west"},"up":{"uv":[0,0,16,16],"texture":"#inside","cullface":"north"},"down":{"uv":[0,0,16,16],"texture":"#side","cullface":"down"}}},{"from":[5,4,0],"to":[7,5,8],"faces":{"north":{"uv":[9,11,11,12],"texture":"#front","cullface":"north"},"east":{"uv":[7,0,8,8],"rotation":90,"texture":"#inside","cullface":"north"},"up":{"uv":[5,0,7,8],"texture":"#inside","cullface":"north"}}},{"from":[9,4,0],"to":[11,5,8],"faces":{"north":{"uv":[5,11,7,12],"texture":"#front","cullface":"north"},"west":{"uv":[7,8,8,16],"rotation":90,"texture":"#inside","cullface":"north"},"up":{"uv":[9,0,11,8],"texture":"#inside","cullface":"north"}}},{"from":[5,5,0],"to":[6,6,8],"faces":{"north":{"uv":[10,10,11,11],"texture":"#front","cullface":"north"},"east":{"uv":[9,0,10,8],"rotation":90,"texture":"#inside","cullface":"north"},"up":{"uv":[5,0,6,8],"texture":"#inside","cullface":"north"}}},{"from":[10,5,0],"to":[11,6,8],"faces":{"north":{"uv":[5,10,6,11],"texture":"#front","cullface":"north"},"west":{"uv":[8,8,9,16],"rotation":90,"texture":"#inside","cullface":"north"},"up":{"uv":[10,0,11,8],"texture":"#inside","cullface":"north"}}},{"from":[0,4,0],"to":[5,7,16],"faces":{"north":{"uv":[11,9,16,12],"texture":"#front","cullface":"north"},"east":{"uv":[5,0,8,16],"rotation":90,"texture":"#inside","cullface":"north"},"west":{"uv":[0,9,16,12],"texture":"#side","cullface":"west"}}},{"from":[11,4,0],"to":[16,7,16],"faces":{"north":{"uv":[0,9,5,12],"texture":"#front","cullface":"north"},"east":{"uv":[0,9,16,12],"texture":"#side","cullface":"east"},"west":{"uv":[8,0,11,16],"rotation":90,"texture":"#inside","cullface":"north"}}},{"from":[0,7,0],"to":[16,16,16],"faces":{"north":{"uv":[0,0,16,9],"texture":"#front","cullface":"north"},"east":{"uv":[0,0,16,9],"texture":"#side","cullface":"east"},"west":{"uv":[0,0,16,9],"texture":"#side","cullface":"west"},"up":{"uv":[0,0,16,16],"texture":"#side","cullface":"up"},"down":{"uv":[0,0,16,16],"texture":"#inside","cullface":"north"}}}]}