{"__comment":"Designed by GeForceLegend","textures":{"all":"block/sea_pickle","particle":"block/sea_pickle"},"elements":[{"from":[2,0,2],"to":[6,6,6],"faces":{"north":{"uv":[12,5,16,11],"texture":"#all"},"east":{"uv":[8,5,12,11],"texture":"#all"},"south":{"uv":[4,5,8,11],"texture":"#all"},"west":{"uv":[0,5,4,11],"texture":"#all"},"up":{"uv":[4,1,8,5],"texture":"#all"},"down":{"uv":[8,1,12,5],"texture":"#all","cullface":"down"}}},{"from":[3,6,3],"to":[5,5.2,5],"faces":{"north":{"uv":[13,5,15,6],"texture":"#all"},"east":{"uv":[9,5,11,6],"texture":"#all"},"south":{"uv":[5,5,7,6],"texture":"#all"},"west":{"uv":[1,5,3,6],"texture":"#all"},"up":{"uv":[9,2,11,4],"texture":"#all"}}},{"from":[9,0,10],"to":[13,4,14],"faces":{"north":{"uv":[4,5,8,9],"texture":"#all"},"east":{"uv":[0,5,4,9],"texture":"#all"},"south":{"uv":[12,5,16,9],"texture":"#all"},"west":{"uv":[8,5,12,9],"texture":"#all"},"up":{"uv":[4,1,8,5],"texture":"#all"},"down":{"uv":[8,1,12,5],"texture":"#all","cullface":"down"}}},{"from":[10,4,11],"to":[12,3.2,13],"faces":{"north":{"uv":[13,5,15,6],"texture":"#all"},"east":{"uv":[9,5,11,6],"texture":"#all"},"south":{"uv":[5,5,7,6],"texture":"#all"},"west":{"uv":[1,5,3,6],"texture":"#all"},"up":{"uv":[9,2,11,4],"texture":"#all"}}},{"from":[2,0,8],"to":[6,7,12],"faces":{"north":{"uv":[4,5,8,12],"texture":"#all"},"east":{"uv":[0,5,4,12],"texture":"#all"},"south":{"uv":[12,5,16,12],"texture":"#all"},"west":{"uv":[8,5,12,12],"texture":"#all"},"up":{"uv":[4,1,8,5],"texture":"#all"},"down":{"uv":[8,1,12,5],"texture":"#all","cullface":"down"}}},{"from":[3,7,9],"to":[5,6.2,11],"faces":{"north":{"uv":[13,5,15,6],"texture":"#all"},"east":{"uv":[9,5,11,6],"texture":"#all"},"south":{"uv":[5,5,7,6],"texture":"#all"},"west":{"uv":[1,5,3,6],"texture":"#all"},"up":{"uv":[9,2,11,4],"texture":"#all"}}},{"from":[9,0,2],"to":[13,6,6],"faces":{"north":{"uv":[12,5,16,11],"texture":"#all"},"east":{"uv":[8,5,12,11],"texture":"#all"},"south":{"uv":[4,5,8,11],"texture":"#all"},"west":{"uv":[0,5,4,11],"texture":"#all"},"up":{"uv":[4,1,8,5],"texture":"#all"},"down":{"uv":[8,1,12,5],"texture":"#all","cullface":"down"}}},{"from":[10,6,3],"to":[12,5.2,5],"faces":{"north":{"uv":[13,5,15,6],"texture":"#all"},"east":{"uv":[9,5,11,6],"texture":"#all"},"south":{"uv":[5,5,7,6],"texture":"#all"},"west":{"uv":[1,5,3,6],"texture":"#all"},"up":{"uv":[9,2,11,4],"texture":"#all"}}},{"from":[3.5,5.2,4],"to":[4.5,8.7,4],"shade":false,"light_emission":15,"rotation":{"angle":45,"axis":"y","origin":[4,8,4],"rescale":true},"faces":{"north":{"uv":[1,0,3,5],"texture":"#all"},"south":{"uv":[13,0,15,5],"texture":"#all"}}},{"from":[4,5.2,3.5],"to":[4,8.7,4.5],"shade":false,"light_emission":15,"rotation":{"angle":45,"axis":"y","origin":[4,8,4],"rescale":true},"faces":{"east":{"uv":[13,0,15,5],"texture":"#all"},"west":{"uv":[1,0,3,5],"texture":"#all"}}},{"from":[10.5,3.2,12],"to":[11.5,6.7,12],"shade":false,"light_emission":15,"rotation":{"angle":45,"axis":"y","origin":[11,8,12],"rescale":true},"faces":{"north":{"uv":[1,0,3,5],"texture":"#all"},"south":{"uv":[13,0,15,5],"texture":"#all"}}},{"from":[11,3.2,11.5],"to":[11,6.7,12.5],"shade":false,"light_emission":15,"rotation":{"angle":45,"axis":"y","origin":[11,8,12],"rescale":true},"faces":{"east":{"uv":[13,0,15,5],"texture":"#all"},"west":{"uv":[1,0,3,5],"texture":"#all"}}},{"from":[10.5,5.2,4],"to":[11.5,8.7,4],"shade":false,"light_emission":15,"rotation":{"angle":45,"axis":"y","origin":[11,8,4],"rescale":true},"faces":{"north":{"uv":[1,0,3,5],"texture":"#all"},"south":{"uv":[13,0,15,5],"texture":"#all"}}},{"from":[11,5.2,3.5],"to":[11,8.7,4.5],"shade":false,"light_emission":15,"rotation":{"angle":45,"axis":"y","origin":[11,8,4],"rescale":true},"faces":{"east":{"uv":[13,0,15,5],"texture":"#all"},"west":{"uv":[1,0,3,5],"texture":"#all"}}},{"from":[3.5,6.2,10],"to":[4.5,9.7,10],"shade":false,"light_emission":15,"rotation":{"angle":45,"axis":"y","origin":[4,8,10],"rescale":true},"faces":{"north":{"uv":[1,0,3,5],"texture":"#all"},"south":{"uv":[13,0,15,5],"texture":"#all"}}},{"from":[4,6.2,9.5],"to":[4,9.7,10.5],"shade":false,"light_emission":15,"rotation":{"angle":45,"axis":"y","origin":[4,8,10],"rescale":true},"faces":{"east":{"uv":[13,0,15,5],"texture":"#all"},"west":{"uv":[1,0,3,5],"texture":"#all"}}}]}