{"__comment":"Designed by GeForceLegend","parent":"block/cube_all","textures":{"all":"block/iron_ore"},"elements":[{"from":[0.5,0.5,0.5],"to":[15.5,15.5,15.5],"faces":{"north":{"uv":[0.4706,0.4706,15.5294,15.5294],"texture":"#all","cullface":"north"},"east":{"uv":[0.4706,0.4706,15.5294,15.5294],"texture":"#all","cullface":"east"},"south":{"uv":[0.4706,0.4706,15.5294,15.5294],"texture":"#all","cullface":"south"},"west":{"uv":[0.4706,0.4706,15.5294,15.5294],"texture":"#all","cullface":"west"},"up":{"uv":[0.4706,0.4706,15.5294,15.5294],"texture":"#all","cullface":"up"},"down":{"uv":[0.4706,0.4706,15.5294,15.5294],"texture":"#all","cullface":"down"}}},{"from":[0,15,0],"to":[16,16,1],"faces":{"north":{"uv":[0,0,16,1],"texture":"#all","cullface":"north"},"east":{"uv":[15,0,16,1],"texture":"#all","cullface":"east"},"south":{"uv":[0,0,16,1],"texture":"#all","cullface":"up"},"west":{"uv":[0,0,1,1],"texture":"#all","cullface":"west"},"up":{"uv":[0,0,16,1],"texture":"#all","cullface":"up"},"down":{"uv":[16,0,0,1],"texture":"#all","cullface":"north"}}},{"from":[0,15,15],"to":[16,16,16],"faces":{"north":{"uv":[16,15,0,16],"texture":"#all","cullface":"up"},"south":{"uv":[0,0,16,1],"texture":"#all","cullface":"south"},"up":{"uv":[0,15,16,16],"texture":"#all","cullface":"up"},"down":{"uv":[0,1,16,0],"texture":"#all","cullface":"south"}}},{"from":[0,15,1],"to":[1,16,16],"faces":{"east":{"uv":[0,1,1,16],"rotation":90,"texture":"#all","cullface":"up"},"west":{"uv":[1,0,16,1],"texture":"#all","cullface":"west"},"up":{"uv":[0,1,1,16],"texture":"#all","cullface":"up"},"down":{"uv":[16,0,1,1],"rotation":90,"texture":"#all","cullface":"west"}}},{"from":[15,15,1],"to":[16,16,16],"faces":{"east":{"uv":[0,0,15,1],"texture":"#all","cullface":"east"},"west":{"uv":[15,1,16,16],"rotation":90,"texture":"#all","cullface":"up"},"up":{"uv":[15,1,16,16],"texture":"#all","cullface":"up"},"down":{"uv":[0,0,15,1],"rotation":90,"texture":"#all","cullface":"east"}}},{"from":[13,15,13],"to":[15,16,15],"faces":{"north":{"uv":[15,13,13,14],"texture":"#all","cullface":"up"},"west":{"uv":[13,15,14,13],"rotation":90,"texture":"#all","cullface":"up"},"up":{"uv":[13,13,15,15],"texture":"#all","cullface":"up"}}},{"from":[4,15,14],"to":[13,16,15],"faces":{"north":{"uv":[13,14,4,15],"texture":"#all","cullface":"up"},"west":{"uv":[4,14,5,15],"texture":"#all","cullface":"up"},"up":{"uv":[4,14,13,15],"texture":"#all","cullface":"up"}}},{"from":[3,15,13],"to":[9,16,14],"faces":{"north":{"uv":[9,13,3,14],"texture":"#all","cullface":"up"},"east":{"uv":[8,13,9,14],"texture":"#all","cullface":"up"},"south":{"uv":[3,13,9,14],"texture":"#all","cullface":"up"},"west":{"uv":[3,13,4,14],"texture":"#all","cullface":"up"},"up":{"uv":[3,13,9,14],"texture":"#all","cullface":"up"}}},{"from":[1,15,14],"to":[2,16,15],"faces":{"north":{"uv":[1,14,2,15],"texture":"#all","cullface":"up"},"east":{"uv":[1,14,2,15],"texture":"#all","cullface":"up"},"up":{"uv":[1,14,2,15],"texture":"#all","cullface":"up"}}},{"from":[1,15,10],"to":[4,16,13],"faces":{"north":{"uv":[4,10,1,11],"texture":"#all","cullface":"up"},"east":{"uv":[3,10,4,13],"rotation":90,"texture":"#all","cullface":"up"},"south":{"uv":[1,12,4,13],"texture":"#all","cullface":"up"},"up":{"uv":[1,10,4,13],"texture":"#all","cullface":"up"}}},{"from":[6,15,12],"to":[8,16,13],"faces":{"east":{"uv":[7,12,8,13],"texture":"#all","cullface":"up"},"west":{"uv":[6,12,7,13],"texture":"#all","cullface":"up"},"up":{"uv":[6,12,8,13],"texture":"#all","cullface":"up"}}},{"from":[4,15,11],"to":[11,16,12],"faces":{"north":{"uv":[11,11,4,12],"texture":"#all","cullface":"up"},"east":{"uv":[10,11,11,12],"texture":"#all","cullface":"up"},"south":{"uv":[4,11,11,12],"texture":"#all","cullface":"up"},"up":{"uv":[4,11,11,12],"texture":"#all","cullface":"up"}}},{"from":[6,15,10],"to":[13,16,11],"faces":{"north":{"uv":[13,10,6,11],"texture":"#all","cullface":"up"},"south":{"uv":[6,10,13,11],"texture":"#all","cullface":"up"},"west":{"uv":[6,10,7,11],"texture":"#all","cullface":"up"},"up":{"uv":[6,10,13,11],"texture":"#all","cullface":"up"}}},{"from":[13,15,8],"to":[15,16,12],"faces":{"south":{"uv":[13,11,15,12],"texture":"#all","cullface":"up"},"west":{"uv":[13,12,14,8],"rotation":90,"texture":"#all","cullface":"up"},"up":{"uv":[13,8,15,12],"texture":"#all","cullface":"up"}}},{"from":[12,15,9],"to":[13,16,10],"faces":{"north":{"uv":[12,9,13,10],"texture":"#all","cullface":"up"},"west":{"uv":[12,9,13,10],"texture":"#all","cullface":"up"},"up":{"uv":[12,9,13,10],"texture":"#all","cullface":"up"}}},{"from":[9,15,6],"to":[15,16,8],"faces":{"north":{"uv":[15,6,9,7],"texture":"#all","cullface":"up"},"south":{"uv":[9,7,15,8],"texture":"#all","cullface":"up"},"west":{"uv":[9,6,10,7],"texture":"#all","cullface":"up"},"up":{"uv":[9,6,15,8],"texture":"#all","cullface":"up"}}},{"from":[5,15,7],"to":[9,16,9],"faces":{"north":{"uv":[9,7,5,8],"texture":"#all","cullface":"up"},"east":{"uv":[8,8,9,9],"texture":"#all","cullface":"up"},"south":{"uv":[5,8,9,9],"texture":"#all","cullface":"up"},"west":{"uv":[5,8,6,9],"texture":"#all","cullface":"up"},"up":{"uv":[5,7,9,9],"texture":"#all","cullface":"up"}}},{"from":[7,15,9],"to":[10,16,10],"faces":{"north":{"uv":[10,9,7,10],"texture":"#all","cullface":"up"},"east":{"uv":[9,9,10,10],"texture":"#all","cullface":"up"},"west":{"uv":[7,9,8,10],"texture":"#all","cullface":"up"},"up":{"uv":[7,9,10,10],"texture":"#all","cullface":"up"}}},{"from":[1,15,9],"to":[2,16,10],"faces":{"east":{"uv":[1,9,2,10],"texture":"#all","cullface":"up"},"up":{"uv":[1,9,2,10],"texture":"#all","cullface":"up"}}},{"from":[1,15,6],"to":[3,16,9],"faces":{"east":{"uv":[2,6,3,9],"rotation":90,"texture":"#all","cullface":"up"},"south":{"uv":[1,8,3,9],"texture":"#all","cullface":"up"},"up":{"uv":[1,6,3,9],"texture":"#all","cullface":"up"}}},{"from":[1,15,4],"to":[4,16,6],"faces":{"north":{"uv":[4,4,1,5],"texture":"#all","cullface":"up"},"east":{"uv":[3,4,4,6],"rotation":90,"texture":"#all","cullface":"up"},"up":{"uv":[1,4,4,6],"texture":"#all","cullface":"up"}}},{"from":[3,15,6],"to":[6,16,8],"faces":{"north":{"uv":[6,6,3,7],"texture":"#all","cullface":"up"},"east":{"uv":[5,6,6,7],"texture":"#all","cullface":"up"},"south":{"uv":[3,7,6,8],"texture":"#all","cullface":"up"},"up":{"uv":[3,6,6,8],"texture":"#all","cullface":"up"}}},{"from":[4,15,4],"to":[7,16,5],"faces":{"east":{"uv":[6,4,7,5],"texture":"#all","cullface":"up"},"south":{"uv":[4,4,7,5],"texture":"#all","cullface":"up"},"up":{"uv":[4,4,7,5],"texture":"#all","cullface":"up"}}},{"from":[4,15,3],"to":[15,16,4],"faces":{"north":{"uv":[15,3,4,4],"texture":"#all","cullface":"up"},"south":{"uv":[4,3,15,4],"texture":"#all","cullface":"up"},"west":{"uv":[4,3,5,4],"texture":"#all","cullface":"up"},"up":{"uv":[4,3,15,4],"texture":"#all","cullface":"up"}}},{"from":[5,15,2],"to":[11,16,3],"faces":{"north":{"uv":[11,2,5,3],"texture":"#all","cullface":"up"},"east":{"uv":[10,2,11,3],"texture":"#all","cullface":"up"},"west":{"uv":[5,2,6,3],"texture":"#all","cullface":"up"},"up":{"uv":[5,2,11,3],"texture":"#all","cullface":"up"}}},{"from":[2,15,1],"to":[10,16,2],"faces":{"east":{"uv":[9,1,10,2],"texture":"#all","cullface":"up"},"south":{"uv":[2,1,10,2],"texture":"#all","cullface":"up"},"up":{"uv":[2,1,10,2],"texture":"#all","cullface":"up"}}},{"from":[1,15,1],"to":[2,16,3],"faces":{"east":{"uv":[1,1,2,3],"rotation":90,"texture":"#all","cullface":"up"},"south":{"uv":[1,2,2,3],"texture":"#all","cullface":"up"},"up":{"uv":[1,1,2,3],"texture":"#all","cullface":"up"}}},{"from":[14,15,1],"to":[15,16,3],"faces":{"west":{"uv":[14,3,15,1],"rotation":90,"texture":"#all","cullface":"up"},"up":{"uv":[14,1,15,3],"texture":"#all","cullface":"up"}}},{"from":[13,15,2],"to":[14,16,3],"faces":{"north":{"uv":[13,2,14,3],"texture":"#all","cullface":"up"},"west":{"uv":[13,2,14,3],"texture":"#all","cullface":"up"},"up":{"uv":[13,2,14,3],"texture":"#all","cullface":"up"}}},{"from":[12,15,4],"to":[15,16,5],"faces":{"south":{"uv":[12,4,15,5],"texture":"#all","cullface":"up"},"west":{"uv":[12,4,13,5],"texture":"#all","cullface":"up"},"up":{"uv":[12,4,15,5],"texture":"#all","cullface":"up"}}},{"from":[11,15,5],"to":[13,16,6],"faces":{"north":{"uv":[13,5,11,6],"texture":"#all","cullface":"up"},"east":{"uv":[12,5,13,6],"texture":"#all","cullface":"up"},"west":{"uv":[11,5,12,6],"texture":"#all","cullface":"up"},"up":{"uv":[11,5,13,6],"texture":"#all","cullface":"up"}}},{"from":[11,0,10],"to":[13,1,11],"faces":{"east":{"uv":[12,5,13,6],"rotation":180,"texture":"#all","cullface":"down"},"south":{"uv":[11,5,13,6],"texture":"#all","cullface":"down"},"west":{"uv":[11,5,12,6],"rotation":180,"texture":"#all","cullface":"down"},"down":{"uv":[11,5,13,6],"texture":"#all","cullface":"down"}}},{"from":[12,0,11],"to":[15,1,12],"faces":{"north":{"uv":[15,4,12,5],"texture":"#all","cullface":"down"},"west":{"uv":[12,4,13,5],"rotation":180,"texture":"#all","cullface":"down"},"down":{"uv":[12,4,15,5],"texture":"#all","cullface":"down"}}},{"from":[13,0,12],"to":[16,1,14],"faces":{"east":{"uv":[2,15,4,16],"texture":"#all","cullface":"east"},"south":{"uv":[13,2,16,3],"texture":"#all","cullface":"down"},"west":{"uv":[13,2,14,4],"rotation":90,"texture":"#all","cullface":"down"},"up":{"uv":[2,15,4,16],"rotation":270,"texture":"#all","cullface":"east"},"down":{"uv":[13,2,16,4],"texture":"#all","cullface":"down"}}},{"from":[1,0,13],"to":[2,1,16],"faces":{"north":{"uv":[2,2,1,3],"texture":"#all","cullface":"down"},"east":{"uv":[1,0,2,3],"rotation":270,"texture":"#all","cullface":"down"},"down":{"uv":[1,0,2,3],"texture":"#all","cullface":"down"}}},{"from":[2,0,14],"to":[10,1,15],"faces":{"north":{"uv":[10,1,2,2],"texture":"#all","cullface":"down"},"east":{"uv":[9,1,10,2],"rotation":180,"texture":"#all","cullface":"down"},"down":{"uv":[2,1,10,2],"texture":"#all","cullface":"down"}}},{"from":[5,0,13],"to":[11,1,14],"faces":{"east":{"uv":[10,2,11,3],"rotation":180,"texture":"#all","cullface":"down"},"south":{"uv":[5,2,11,3],"texture":"#all","cullface":"down"},"west":{"uv":[5,2,6,3],"rotation":180,"texture":"#all","cullface":"down"},"down":{"uv":[5,2,11,3],"texture":"#all","cullface":"down"}}},{"from":[4,0,12],"to":[13,1,13],"faces":{"north":{"uv":[13,3,4,4],"texture":"#all","cullface":"down"},"south":{"uv":[4,3,13,4],"texture":"#all","cullface":"down"},"west":{"uv":[4,3,5,4],"rotation":180,"texture":"#all","cullface":"down"},"down":{"uv":[4,3,13,4],"texture":"#all","cullface":"down"}}},{"from":[4,0,11],"to":[7,1,12],"faces":{"north":{"uv":[7,4,4,5],"texture":"#all","cullface":"down"},"east":{"uv":[6,4,7,5],"rotation":180,"texture":"#all","cullface":"down"},"down":{"uv":[4,4,7,5],"texture":"#all","cullface":"down"}}},{"from":[3,0,8],"to":[6,1,10],"faces":{"north":{"uv":[6,7,3,8],"texture":"#all","cullface":"down"},"east":{"uv":[5,6,6,7],"rotation":180,"texture":"#all","cullface":"down"},"south":{"uv":[3,6,6,7],"texture":"#all","cullface":"down"},"down":{"uv":[3,6,6,8],"texture":"#all","cullface":"down"}}},{"from":[1,0,10],"to":[4,1,12],"faces":{"east":{"uv":[3,4,4,6],"rotation":270,"texture":"#all","cullface":"down"},"south":{"uv":[1,4,4,5],"texture":"#all","cullface":"down"},"down":{"uv":[1,4,4,6],"texture":"#all","cullface":"down"}}},{"from":[1,0,7],"to":[3,1,10],"faces":{"north":{"uv":[3,8,1,9],"texture":"#all","cullface":"down"},"east":{"uv":[2,6,3,9],"rotation":270,"texture":"#all","cullface":"down"},"down":{"uv":[1,6,3,9],"texture":"#all","cullface":"down"}}},{"from":[1,0,6],"to":[2,1,7],"faces":{"east":{"uv":[1,9,2,10],"rotation":180,"texture":"#all","cullface":"down"},"down":{"uv":[1,9,2,10],"texture":"#all","cullface":"down"}}},{"from":[7,0,6],"to":[10,1,7],"faces":{"east":{"uv":[9,9,10,10],"texture":"#all","cullface":"down"},"south":{"uv":[7,9,10,10],"texture":"#all","cullface":"down"},"west":{"uv":[7,9,8,10],"texture":"#all","cullface":"down"},"down":{"uv":[7,9,10,10],"texture":"#all","cullface":"down"}}},{"from":[5,0,7],"to":[9,1,9],"faces":{"north":{"uv":[9,8,5,9],"texture":"#all","cullface":"down"},"east":{"uv":[8,8,9,9],"texture":"#all","cullface":"down"},"south":{"uv":[5,7,9,8],"texture":"#all","cullface":"down"},"west":{"uv":[5,8,6,9],"texture":"#all","cullface":"down"},"down":{"uv":[5,7,9,9],"texture":"#all","cullface":"down"}}},{"from":[9,0,8],"to":[15,1,10],"faces":{"north":{"uv":[15,7,9,8],"texture":"#all","cullface":"down"},"south":{"uv":[9,6,15,7],"texture":"#all","cullface":"down"},"west":{"uv":[9,6,10,7],"rotation":180,"texture":"#all","cullface":"down"},"down":{"uv":[9,6,15,8],"texture":"#all","cullface":"down"}}},{"from":[12,0,6],"to":[13,1,7],"faces":{"south":{"uv":[12,9,13,10],"texture":"#all","cullface":"down"},"west":{"uv":[12,9,13,10],"texture":"#all","cullface":"down"},"down":{"uv":[12,9,13,10],"texture":"#all","cullface":"down"}}},{"from":[13,0,4],"to":[15,1,8],"faces":{"north":{"uv":[15,11,13,12],"texture":"#all","cullface":"down"},"west":{"uv":[13,12,14,8],"rotation":270,"texture":"#all","cullface":"down"},"down":{"uv":[13,8,15,12],"texture":"#all","cullface":"down"}}},{"from":[6,0,5],"to":[13,1,6],"faces":{"north":{"uv":[13,10,6,11],"texture":"#all","cullface":"down"},"south":{"uv":[6,10,13,11],"texture":"#all","cullface":"down"},"west":{"uv":[6,10,7,11],"rotation":180,"texture":"#all","cullface":"down"},"down":{"uv":[6,10,13,11],"texture":"#all","cullface":"down"}}},{"from":[4,0,4],"to":[11,1,5],"faces":{"north":{"uv":[11,11,4,12],"texture":"#all","cullface":"down"},"east":{"uv":[10,11,11,12],"rotation":180,"texture":"#all","cullface":"down"},"south":{"uv":[4,11,11,12],"texture":"#all","cullface":"down"},"down":{"uv":[4,11,11,12],"texture":"#all","cullface":"down"}}},{"from":[6,0,3],"to":[8,1,4],"faces":{"east":{"uv":[7,12,8,13],"rotation":180,"texture":"#all","cullface":"down"},"west":{"uv":[6,12,7,13],"rotation":180,"texture":"#all","cullface":"down"},"down":{"uv":[6,12,8,13],"texture":"#all","cullface":"down"}}},{"from":[1,0,3],"to":[4,1,6],"faces":{"north":{"uv":[4,12,1,13],"texture":"#all","cullface":"down"},"east":{"uv":[3,10,4,13],"rotation":270,"texture":"#all","cullface":"down"},"south":{"uv":[1,10,4,11],"texture":"#all","cullface":"down"},"down":{"uv":[1,10,4,13],"texture":"#all","cullface":"down"}}},{"from":[4,0,1],"to":[13,1,2],"faces":{"south":{"uv":[4,14,13,15],"texture":"#all","cullface":"down"},"west":{"uv":[4,14,5,15],"texture":"#all","cullface":"down"},"down":{"uv":[4,14,13,15],"texture":"#all","cullface":"down"}}},{"from":[0,0,1],"to":[2,1,2],"faces":{"east":{"uv":[1,14,2,15],"rotation":180,"texture":"#all","cullface":"down"},"south":{"uv":[2,14,0,15],"texture":"#all","cullface":"down"},"down":{"uv":[0,14,2,15],"texture":"#all","cullface":"down"}}},{"from":[3,0,2],"to":[9,1,3],"faces":{"north":{"uv":[9,13,3,14],"texture":"#all","cullface":"down"},"east":{"uv":[8,13,9,14],"texture":"#all","cullface":"down"},"south":{"uv":[3,13,9,14],"texture":"#all","cullface":"down"},"west":{"uv":[3,13,4,14],"rotation":180,"texture":"#all","cullface":"down"},"down":{"uv":[3,13,9,14],"texture":"#all","cullface":"down"}}},{"from":[13,0,1],"to":[16,1,3],"faces":{"south":{"uv":[13,13,16,14],"texture":"#all","cullface":"down"},"west":{"uv":[13,15,14,13],"rotation":270,"texture":"#all","cullface":"down"},"down":{"uv":[13,13,16,15],"texture":"#all","cullface":"down"}}},{"from":[0,0,2],"to":[1,1,16],"faces":{"east":{"uv":[0,0,1,14],"rotation":270,"texture":"#all","cullface":"down"},"west":{"uv":[2,15,16,16],"texture":"#all","cullface":"west"},"up":{"uv":[2,15,16,16],"rotation":90,"texture":"#all","cullface":"west"},"down":{"uv":[0,0,1,14],"texture":"#all","cullface":"down"}}},{"from":[2,0,15],"to":[16,1,16],"faces":{"north":{"uv":[16,0,2,1],"texture":"#all","cullface":"down"},"east":{"uv":[0,15,1,16],"texture":"#all","cullface":"east"},"south":{"uv":[2,15,16,16],"texture":"#all","cullface":"south"},"up":{"uv":[2,15,16,16],"texture":"#all","cullface":"south"},"down":{"uv":[2,0,16,1],"texture":"#all","cullface":"down"}}},{"from":[0,0,0],"to":[16,1,1],"faces":{"north":{"uv":[0,15,16,16],"texture":"#all","cullface":"north"},"south":{"uv":[0,15,16,16],"texture":"#all","cullface":"down"},"up":{"uv":[16,15,0,16],"texture":"#all","cullface":"north"},"down":{"uv":[0,15,16,16],"texture":"#all","cullface":"down"}}},{"from":[13,1,15],"to":[16,3,16],"faces":{"north":{"uv":[0,13,1,15],"texture":"#all","cullface":"east"},"east":{"uv":[0,13,1,15],"texture":"#all","cullface":"east"},"south":{"uv":[13,13,16,15],"texture":"#all","cullface":"south"},"west":{"uv":[13,13,14,15],"texture":"#all","cullface":"south"},"up":{"uv":[13,13,16,14],"texture":"#all","cullface":"south"}}},{"from":[4,1,15],"to":[13,2,16],"faces":{"south":{"uv":[4,14,13,15],"texture":"#all","cullface":"south"},"west":{"uv":[4,15,5,14],"texture":"#all","cullface":"south"},"up":{"uv":[4,14,13,15],"texture":"#all","cullface":"south"}}},{"from":[3,2,15],"to":[9,3,16],"faces":{"east":{"uv":[8,13,9,14],"texture":"#all","cullface":"south"},"south":{"uv":[3,13,9,14],"texture":"#all","cullface":"south"},"west":{"uv":[3,14,4,13],"texture":"#all","cullface":"south"},"up":{"uv":[3,13,9,14],"texture":"#all","cullface":"south"},"down":{"uv":[3,13,9,14],"texture":"#all","cullface":"south"}}},{"from":[0,0,15],"to":[2,2,16],"faces":{"east":{"uv":[1,14,2,16],"texture":"#all","cullface":"south"},"south":{"uv":[0,14,2,16],"texture":"#all","cullface":"south"},"up":{"uv":[0,14,2,15],"texture":"#all","cullface":"south"}}},{"from":[0,3,15],"to":[4,6,16],"faces":{"north":{"uv":[15,10,16,13],"texture":"#all","cullface":"west"},"east":{"uv":[3,10,4,13],"texture":"#all","cullface":"south"},"south":{"uv":[0,10,4,13],"texture":"#all","cullface":"south"},"west":{"uv":[15,10,16,13],"texture":"#all","cullface":"west"},"up":{"uv":[0,10,4,11],"texture":"#all","cullface":"south"},"down":{"uv":[0,12,4,13],"texture":"#all","cullface":"south"}}},{"from":[4,4,15],"to":[11,5,16],"faces":{"east":{"uv":[10,11,11,12],"texture":"#all","cullface":"south"},"south":{"uv":[4,11,11,12],"texture":"#all","cullface":"south"},"up":{"uv":[4,11,11,12],"texture":"#all","cullface":"south"},"down":{"uv":[4,11,11,12],"texture":"#all","cullface":"south"}}},{"from":[6,3,15],"to":[8,4,16],"faces":{"east":{"uv":[7,12,8,13],"texture":"#all","cullface":"south"},"south":{"uv":[6,12,8,13],"texture":"#all","cullface":"south"},"west":{"uv":[6,13,7,12],"texture":"#all","cullface":"south"}}},{"from":[6,5,15],"to":[13,6,16],"faces":{"south":{"uv":[6,10,13,11],"texture":"#all","cullface":"south"},"west":{"uv":[6,11,7,10],"texture":"#all","cullface":"south"},"up":{"uv":[6,10,13,11],"texture":"#all","cullface":"south"},"down":{"uv":[6,10,13,11],"texture":"#all","cullface":"south"}}},{"from":[13,4,15],"to":[15,8,16],"faces":{"south":{"uv":[13,8,15,12],"texture":"#all","cullface":"south"},"west":{"uv":[13,8,14,12],"texture":"#all","cullface":"south"},"down":{"uv":[13,11,15,12],"texture":"#all","cullface":"south"}}},{"from":[12,6,14],"to":[16,7,16],"faces":{"north":{"uv":[1,9,2,10],"texture":"#all","cullface":"east"},"east":{"uv":[0,9,2,10],"texture":"#all","cullface":"east"},"south":{"uv":[12,9,16,10],"texture":"#all","cullface":"south"},"west":{"uv":[12,9,13,10],"texture":"#all","cullface":"south"},"up":{"uv":[12,9,16,10],"texture":"#all","cullface":"south"}}},{"from":[9,8,15],"to":[15,10,16],"faces":{"south":{"uv":[9,6,15,8],"texture":"#all","cullface":"south"},"west":{"uv":[9,7,10,6],"texture":"#all","cullface":"south"},"up":{"uv":[9,6,15,7],"texture":"#all","cullface":"south"},"down":{"uv":[9,7,15,8],"texture":"#all","cullface":"south"}}},{"from":[7,6,15],"to":[10,7,16],"faces":{"east":{"uv":[9,9,10,10],"texture":"#all","cullface":"south"},"south":{"uv":[7,9,10,10],"texture":"#all","cullface":"south"},"west":{"uv":[7,9,8,10],"texture":"#all","cullface":"south"},"up":{"uv":[7,9,10,10],"texture":"#all","cullface":"south"}}},{"from":[5,7,15],"to":[9,9,16],"faces":{"east":{"uv":[8,9,9,8],"texture":"#all","cullface":"south"},"south":{"uv":[5,7,9,9],"texture":"#all","cullface":"south"},"west":{"uv":[5,9,6,8],"texture":"#all","cullface":"south"},"up":{"uv":[5,7,9,8],"texture":"#all","cullface":"south"},"down":{"uv":[5,8,9,9],"texture":"#all","cullface":"south"}}},{"from":[0,7,15],"to":[3,11,16],"faces":{"north":{"uv":[15,5,16,9],"texture":"#all","cullface":"west"},"east":{"uv":[2,5,3,9],"texture":"#all","cullface":"south"},"south":{"uv":[0,5,3,9],"texture":"#all","cullface":"south"},"west":{"uv":[15,5,16,9],"texture":"#all","cullface":"west"},"down":{"uv":[0,8,3,9],"texture":"#all","cullface":"south"}}},{"from":[3,10,15],"to":[4,11,16],"faces":{"east":{"uv":[3,5,4,6],"texture":"#all","cullface":"south"},"south":{"uv":[3,5,4,6],"texture":"#all","cullface":"south"}}},{"from":[3,8,15],"to":[6,10,16],"faces":{"east":{"uv":[5,6,6,7],"texture":"#all","cullface":"south"},"south":{"uv":[3,6,6,8],"texture":"#all","cullface":"south"},"up":{"uv":[3,6,6,7],"texture":"#all","cullface":"south"},"down":{"uv":[3,7,6,8],"texture":"#all","cullface":"south"}}},{"from":[0,11,15],"to":[7,12,16],"faces":{"east":{"uv":[6,4,7,5],"texture":"#all","cullface":"south"},"south":{"uv":[0,4,7,5],"texture":"#all","cullface":"south"},"up":{"uv":[0,4,7,5],"texture":"#all","cullface":"south"},"down":{"uv":[0,4,7,5],"texture":"#all","cullface":"south"}}},{"from":[4,12,15],"to":[16,13,16],"faces":{"north":{"uv":[0,3,1,4],"texture":"#all","cullface":"east"},"east":{"uv":[0,3,1,4],"texture":"#all","cullface":"east"},"south":{"uv":[4,3,16,4],"texture":"#all","cullface":"south"},"west":{"uv":[4,4,5,3],"texture":"#all","cullface":"south"},"up":{"uv":[4,3,16,4],"texture":"#all","cullface":"south"},"down":{"uv":[4,3,16,4],"texture":"#all","cullface":"south"}}},{"from":[5,13,15],"to":[11,14,16],"faces":{"east":{"uv":[10,2,11,3],"texture":"#all","cullface":"south"},"south":{"uv":[5,2,11,3],"texture":"#all","cullface":"south"},"west":{"uv":[5,3,6,2],"texture":"#all","cullface":"south"},"up":{"uv":[5,2,11,3],"texture":"#all","cullface":"south"}}},{"from":[13,13,14],"to":[16,14,16],"faces":{"north":{"uv":[1,2,2,3],"texture":"#all","cullface":"east"},"east":{"uv":[0,2,2,3],"texture":"#all","cullface":"east"},"south":{"uv":[13,2,16,3],"texture":"#all","cullface":"south"},"west":{"uv":[13,3,14,2],"texture":"#all","cullface":"south"},"up":{"uv":[13,2,16,3],"texture":"#all","cullface":"south"},"down":{"uv":[0,2,2,3],"rotation":90,"texture":"#all","cullface":"east"}}},{"from":[0,14,14],"to":[10,15,16],"faces":{"north":{"uv":[14,1,15,2],"texture":"#all","cullface":"west"},"east":{"uv":[9,1,10,2],"texture":"#all","cullface":"south"},"south":{"uv":[0,1,10,2],"texture":"#all","cullface":"south"},"west":{"uv":[14,1,16,2],"texture":"#all","cullface":"west"},"down":{"uv":[0,1,10,2],"texture":"#all","cullface":"south"}}},{"from":[12,11,15],"to":[16,12,16],"faces":{"south":{"uv":[12,4,16,5],"texture":"#all","cullface":"south"},"west":{"uv":[12,5,13,4],"texture":"#all","cullface":"south"},"down":{"uv":[12,4,16,5],"texture":"#all","cullface":"south"}}},{"from":[11,10,15],"to":[13,11,16],"faces":{"east":{"uv":[12,5,13,6],"texture":"#all","cullface":"south"},"south":{"uv":[11,5,13,6],"texture":"#all","cullface":"south"},"west":{"uv":[11,6,12,5],"texture":"#all","cullface":"south"},"up":{"uv":[11,5,13,6],"texture":"#all","cullface":"south"}}},{"from":[15,0,0],"to":[16,3,3],"faces":{"north":{"uv":[0,13,1,16],"texture":"#all","cullface":"north"},"east":{"uv":[13,13,16,16],"texture":"#all","cullface":"east"},"south":{"uv":[13,13,14,16],"texture":"#all","cullface":"east"},"west":{"uv":[0,13,1,16],"texture":"#all","cullface":"north"},"up":{"uv":[13,13,16,14],"rotation":270,"texture":"#all","cullface":"east"}}},{"from":[15,0,3],"to":[16,2,12],"faces":{"east":{"uv":[4,14,13,16],"texture":"#all","cullface":"east"},"south":{"uv":[4,14,5,16],"texture":"#all","cullface":"east"},"west":{"uv":[15,4,16,13],"rotation":90,"texture":"#all","cullface":"down"},"up":{"uv":[4,14,13,15],"rotation":270,"texture":"#all","cullface":"east"},"down":{"uv":[15,4,16,13],"texture":"#all","cullface":"down"}}},{"from":[15,2,7],"to":[16,3,13],"faces":{"north":{"uv":[8,13,9,14],"texture":"#all","cullface":"east"},"east":{"uv":[3,13,9,14],"texture":"#all","cullface":"east"},"south":{"uv":[3,14,4,13],"texture":"#all","cullface":"east"},"up":{"uv":[3,13,9,14],"rotation":270,"texture":"#all","cullface":"east"},"down":{"uv":[3,13,9,14],"rotation":90,"texture":"#all","cullface":"east"}}},{"from":[14,0,14],"to":[16,2,15],"faces":{"north":{"uv":[1,14,2,16],"texture":"#all","cullface":"east"},"east":{"uv":[1,14,2,16],"texture":"#all","cullface":"east"},"west":{"uv":[14,1,15,2],"texture":"#all","cullface":"down"},"up":{"uv":[2,14,1,15],"rotation":270,"texture":"#all","cullface":"east"},"down":{"uv":[14,1,16,2],"texture":"#all","cullface":"down"}}},{"from":[15,3,12],"to":[16,6,16],"faces":{"north":{"uv":[3,10,4,13],"texture":"#all","cullface":"east"},"east":{"uv":[0,10,4,13],"texture":"#all","cullface":"east"},"south":{"uv":[15,10,16,13],"texture":"#all","cullface":"south"},"west":{"uv":[15,10,16,13],"texture":"#all","cullface":"south"},"up":{"uv":[0,10,4,11],"rotation":270,"texture":"#all","cullface":"east"},"down":{"uv":[0,12,4,13],"rotation":90,"texture":"#all","cullface":"east"}}},{"from":[15,4,5],"to":[16,5,12],"faces":{"north":{"uv":[10,11,11,12],"texture":"#all","cullface":"east"},"east":{"uv":[4,11,11,12],"texture":"#all","cullface":"east"},"up":{"uv":[4,11,11,12],"rotation":270,"texture":"#all","cullface":"east"},"down":{"uv":[4,11,11,12],"rotation":90,"texture":"#all","cullface":"east"}}},{"from":[15,3,8],"to":[16,4,10],"faces":{"north":{"uv":[7,12,8,13],"texture":"#all","cullface":"east"},"east":{"uv":[6,12,8,13],"texture":"#all","cullface":"east"},"south":{"uv":[6,13,7,12],"texture":"#all","cullface":"east"}}},{"from":[15,5,3],"to":[16,6,10],"faces":{"east":{"uv":[6,10,13,11],"texture":"#all","cullface":"east"},"south":{"uv":[6,11,7,10],"texture":"#all","cullface":"east"},"up":{"uv":[6,10,13,11],"rotation":270,"texture":"#all","cullface":"east"},"down":{"uv":[6,10,13,11],"rotation":90,"texture":"#all","cullface":"east"}}},{"from":[15,4,1],"to":[16,8,3],"faces":{"east":{"uv":[13,8,15,12],"texture":"#all","cullface":"east"},"south":{"uv":[13,8,14,12],"texture":"#all","cullface":"east"},"down":{"uv":[13,11,15,12],"rotation":90,"texture":"#all","cullface":"east"}}},{"from":[14,6,0],"to":[16,7,4],"faces":{"north":{"uv":[0,9,2,10],"texture":"#all","cullface":"north"},"east":{"uv":[12,9,16,10],"texture":"#all","cullface":"east"},"south":{"uv":[12,9,13,10],"texture":"#all","cullface":"east"},"west":{"uv":[1,9,2,10],"texture":"#all","cullface":"north"},"up":{"uv":[12,9,16,10],"rotation":270,"texture":"#all","cullface":"east"}}},{"from":[15,8,1],"to":[16,10,7],"faces":{"east":{"uv":[9,6,15,8],"texture":"#all","cullface":"east"},"south":{"uv":[9,7,10,6],"texture":"#all","cullface":"east"},"up":{"uv":[9,6,15,7],"rotation":270,"texture":"#all","cullface":"east"},"down":{"uv":[9,7,15,8],"rotation":90,"texture":"#all","cullface":"east"}}},{"from":[15,6,6],"to":[16,7,9],"faces":{"north":{"uv":[9,9,10,10],"texture":"#all","cullface":"east"},"east":{"uv":[7,9,10,10],"texture":"#all","cullface":"east"},"south":{"uv":[7,9,8,10],"texture":"#all","cullface":"east"},"up":{"uv":[7,9,10,10],"rotation":270,"texture":"#all","cullface":"east"}}},{"from":[15,7,7],"to":[16,9,11],"faces":{"north":{"uv":[8,9,9,8],"texture":"#all","cullface":"east"},"east":{"uv":[5,7,9,9],"texture":"#all","cullface":"east"},"south":{"uv":[5,9,6,8],"texture":"#all","cullface":"east"},"up":{"uv":[9,7,5,8],"rotation":90,"texture":"#all","cullface":"east"},"down":{"uv":[5,8,9,9],"rotation":90,"texture":"#all","cullface":"east"}}},{"from":[15,7,13],"to":[16,11,16],"faces":{"north":{"uv":[2,5,3,9],"texture":"#all","cullface":"east"},"east":{"uv":[0,5,3,9],"texture":"#all","cullface":"east"},"south":{"uv":[15,5,16,9],"texture":"#all","cullface":"south"},"west":{"uv":[15,5,16,9],"texture":"#all","cullface":"south"},"down":{"uv":[0,8,3,9],"rotation":90,"texture":"#all","cullface":"east"}}},{"from":[15,10,12],"to":[16,11,13],"faces":{"north":{"uv":[3,5,4,6],"texture":"#all","cullface":"east"},"east":{"uv":[3,5,4,6],"texture":"#all","cullface":"east"}}},{"from":[15,8,10],"to":[16,10,13],"faces":{"north":{"uv":[5,6,6,7],"texture":"#all","cullface":"east"},"east":{"uv":[3,6,6,8],"texture":"#all","cullface":"east"},"up":{"uv":[3,6,6,7],"rotation":270,"texture":"#all","cullface":"east"},"down":{"uv":[3,7,6,8],"rotation":90,"texture":"#all","cullface":"east"}}},{"from":[15,11,9],"to":[16,12,16],"faces":{"north":{"uv":[6,4,7,5],"texture":"#all","cullface":"east"},"east":{"uv":[0,4,7,5],"texture":"#all","cullface":"east"},"up":{"uv":[7,4,0,5],"rotation":90,"texture":"#all","cullface":"east"},"down":{"uv":[0,4,7,5],"rotation":90,"texture":"#all","cullface":"east"}}},{"from":[15,12,0],"to":[16,13,12],"faces":{"north":{"uv":[0,3,1,4],"texture":"#all","cullface":"north"},"east":{"uv":[4,3,16,4],"texture":"#all","cullface":"east"},"south":{"uv":[4,4,5,3],"texture":"#all","cullface":"east"},"west":{"uv":[0,3,1,4],"texture":"#all","cullface":"north"},"up":{"uv":[4,3,16,4],"rotation":270,"texture":"#all","cullface":"east"},"down":{"uv":[4,3,16,4],"rotation":90,"texture":"#all","cullface":"east"}}},{"from":[15,13,5],"to":[16,14,11],"faces":{"north":{"uv":[10,2,11,3],"texture":"#all","cullface":"east"},"east":{"uv":[5,2,11,3],"texture":"#all","cullface":"east"},"south":{"uv":[5,3,6,2],"texture":"#all","cullface":"east"},"up":{"uv":[5,2,11,3],"rotation":270,"texture":"#all","cullface":"east"}}},{"from":[14,13,0],"to":[16,14,3],"faces":{"north":{"uv":[0,2,2,3],"texture":"#all","cullface":"north"},"east":{"uv":[13,2,16,3],"texture":"#all","cullface":"east"},"south":{"uv":[13,3,14,2],"texture":"#all","cullface":"east"},"west":{"uv":[1,2,2,3],"texture":"#all","cullface":"north"},"up":{"uv":[13,2,16,3],"rotation":270,"texture":"#all","cullface":"east"},"down":{"uv":[2,2,0,3],"texture":"#all","cullface":"north"}}},{"from":[14,14,6],"to":[16,15,16],"faces":{"north":{"uv":[9,1,10,2],"texture":"#all","cullface":"east"},"east":{"uv":[0,1,10,2],"texture":"#all","cullface":"east"},"south":{"uv":[14,1,16,2],"texture":"#all","cullface":"south"},"west":{"uv":[14,1,15,2],"texture":"#all","cullface":"south"},"down":{"uv":[0,1,10,2],"rotation":90,"texture":"#all","cullface":"east"}}},{"from":[15,11,0],"to":[16,12,4],"faces":{"east":{"uv":[12,4,16,5],"texture":"#all","cullface":"east"},"south":{"uv":[12,5,13,4],"texture":"#all","cullface":"east"},"down":{"uv":[12,4,16,5],"rotation":90,"texture":"#all","cullface":"east"}}},{"from":[15,10,3],"to":[16,11,5],"faces":{"north":{"uv":[12,5,13,6],"texture":"#all","cullface":"east"},"east":{"uv":[11,5,13,6],"texture":"#all","cullface":"east"},"south":{"uv":[11,6,12,5],"texture":"#all","cullface":"east"},"up":{"uv":[11,5,13,6],"rotation":270,"texture":"#all","cullface":"east"}}},{"from":[3,10,0],"to":[5,11,1],"faces":{"north":{"uv":[11,5,13,6],"texture":"#all","cullface":"north"},"east":{"uv":[11,6,12,5],"texture":"#all","cullface":"north"},"west":{"uv":[12,5,13,6],"texture":"#all","cullface":"north"},"up":{"uv":[13,5,11,6],"texture":"#all","cullface":"north"}}},{"from":[0,11,0],"to":[4,12,1],"faces":{"north":{"uv":[12,4,16,5],"texture":"#all","cullface":"north"},"east":{"uv":[12,5,13,4],"texture":"#all","cullface":"north"},"down":{"uv":[16,4,12,5],"texture":"#all","cullface":"north"}}},{"from":[6,14,0],"to":[16,15,2],"faces":{"north":{"uv":[0,1,10,2],"texture":"#all","cullface":"north"},"east":{"uv":[14,1,16,2],"texture":"#all","cullface":"east"},"south":{"uv":[14,1,15,2],"texture":"#all","cullface":"east"},"west":{"uv":[9,1,10,2],"texture":"#all","cullface":"north"},"down":{"uv":[10,1,0,2],"texture":"#all","cullface":"north"}}},{"from":[0,13,0],"to":[3,14,2],"faces":{"north":{"uv":[13,2,16,3],"texture":"#all","cullface":"north"},"east":{"uv":[13,3,14,2],"texture":"#all","cullface":"north"},"south":{"uv":[1,2,2,3],"texture":"#all","cullface":"west"},"west":{"uv":[0,2,2,3],"texture":"#all","cullface":"west"},"up":{"uv":[16,2,13,3],"texture":"#all","cullface":"north"},"down":{"uv":[0,2,2,3],"rotation":270,"texture":"#all","cullface":"west"}}},{"from":[5,13,0],"to":[11,14,1],"faces":{"north":{"uv":[5,2,11,3],"texture":"#all","cullface":"north"},"east":{"uv":[5,3,6,2],"texture":"#all","cullface":"north"},"west":{"uv":[10,2,11,3],"texture":"#all","cullface":"north"},"up":{"uv":[11,2,5,3],"texture":"#all","cullface":"north"}}},{"from":[0,12,0],"to":[12,13,1],"faces":{"north":{"uv":[4,3,16,4],"texture":"#all","cullface":"north"},"east":{"uv":[4,4,5,3],"texture":"#all","cullface":"north"},"south":{"uv":[0,3,1,4],"texture":"#all","cullface":"west"},"west":{"uv":[0,3,1,4],"texture":"#all","cullface":"west"},"up":{"uv":[16,3,4,4],"texture":"#all","cullface":"north"},"down":{"uv":[16,3,4,4],"texture":"#all","cullface":"north"}}},{"from":[9,11,0],"to":[16,12,1],"faces":{"north":{"uv":[0,4,7,5],"texture":"#all","cullface":"north"},"west":{"uv":[6,4,7,5],"texture":"#all","cullface":"north"},"up":{"uv":[7,4,0,5],"texture":"#all","cullface":"north"},"down":{"uv":[7,4,0,5],"texture":"#all","cullface":"north"}}},{"from":[10,8,0],"to":[13,10,1],"faces":{"north":{"uv":[3,6,6,8],"texture":"#all","cullface":"north"},"west":{"uv":[5,6,6,7],"texture":"#all","cullface":"north"},"up":{"uv":[6,6,3,7],"texture":"#all","cullface":"north"},"down":{"uv":[6,7,3,8],"texture":"#all","cullface":"north"}}},{"from":[12,10,0],"to":[13,11,1],"faces":{"north":{"uv":[3,5,4,6],"texture":"#all","cullface":"north"},"west":{"uv":[3,5,4,6],"texture":"#all","cullface":"north"}}},{"from":[13,7,0],"to":[16,11,1],"faces":{"north":{"uv":[0,5,3,9],"texture":"#all","cullface":"north"},"east":{"uv":[15,5,16,9],"texture":"#all","cullface":"east"},"south":{"uv":[15,5,16,9],"texture":"#all","cullface":"east"},"west":{"uv":[2,5,3,9],"texture":"#all","cullface":"north"},"down":{"uv":[3,8,0,9],"texture":"#all","cullface":"north"}}},{"from":[7,7,0],"to":[11,9,1],"faces":{"north":{"uv":[5,7,9,9],"texture":"#all","cullface":"north"},"east":{"uv":[5,9,6,8],"texture":"#all","cullface":"north"},"west":{"uv":[8,9,9,8],"texture":"#all","cullface":"north"},"up":{"uv":[9,7,5,8],"texture":"#all","cullface":"north"},"down":{"uv":[9,8,5,9],"texture":"#all","cullface":"north"}}},{"from":[6,6,0],"to":[9,7,1],"faces":{"north":{"uv":[7,9,10,10],"texture":"#all","cullface":"north"},"east":{"uv":[7,9,8,10],"texture":"#all","cullface":"north"},"west":{"uv":[9,9,10,10],"texture":"#all","cullface":"north"},"up":{"uv":[10,9,7,10],"texture":"#all","cullface":"north"}}},{"from":[1,8,0],"to":[7,10,1],"faces":{"north":{"uv":[9,6,15,8],"texture":"#all","cullface":"north"},"east":{"uv":[9,7,10,6],"texture":"#all","cullface":"north"},"up":{"uv":[15,6,9,7],"texture":"#all","cullface":"north"},"down":{"uv":[15,7,9,8],"texture":"#all","cullface":"north"}}},{"from":[0,6,0],"to":[4,7,2],"faces":{"north":{"uv":[12,9,16,10],"texture":"#all","cullface":"north"},"east":{"uv":[12,9,13,10],"texture":"#all","cullface":"north"},"south":{"uv":[1,9,2,10],"texture":"#all","cullface":"west"},"west":{"uv":[0,9,2,10],"texture":"#all","cullface":"west"},"up":{"uv":[16,9,12,10],"texture":"#all","cullface":"north"}}},{"from":[1,4,0],"to":[3,8,1],"faces":{"north":{"uv":[13,8,15,12],"texture":"#all","cullface":"north"},"east":{"uv":[13,8,14,12],"texture":"#all","cullface":"north"},"down":{"uv":[15,11,13,12],"texture":"#all","cullface":"north"}}},{"from":[3,5,0],"to":[10,6,1],"faces":{"north":{"uv":[6,10,13,11],"texture":"#all","cullface":"north"},"east":{"uv":[6,11,7,10],"texture":"#all","cullface":"north"},"up":{"uv":[13,10,6,11],"texture":"#all","cullface":"north"},"down":{"uv":[13,10,6,11],"texture":"#all","cullface":"north"}}},{"from":[8,3,0],"to":[10,4,1],"faces":{"north":{"uv":[6,12,8,13],"texture":"#all","cullface":"north"},"east":{"uv":[6,13,7,12],"texture":"#all","cullface":"north"},"west":{"uv":[7,12,8,13],"texture":"#all","cullface":"north"}}},{"from":[5,4,0],"to":[12,5,1],"faces":{"north":{"uv":[4,11,11,12],"texture":"#all","cullface":"north"},"west":{"uv":[10,11,11,12],"texture":"#all","cullface":"north"},"up":{"uv":[11,11,4,12],"texture":"#all","cullface":"north"},"down":{"uv":[11,11,4,12],"texture":"#all","cullface":"north"}}},{"from":[12,3,0],"to":[16,6,1],"faces":{"north":{"uv":[0,10,4,13],"texture":"#all","cullface":"north"},"east":{"uv":[15,10,16,13],"texture":"#all","cullface":"east"},"south":{"uv":[15,10,16,13],"texture":"#all","cullface":"east"},"west":{"uv":[3,10,4,13],"texture":"#all","cullface":"north"},"up":{"uv":[4,10,0,11],"texture":"#all","cullface":"north"},"down":{"uv":[4,12,0,13],"texture":"#all","cullface":"north"}}},{"from":[14,1,0],"to":[15,2,1],"faces":{"north":{"uv":[1,14,2,15],"texture":"#all","cullface":"north"},"west":{"uv":[1,14,2,15],"texture":"#all","cullface":"north"},"up":{"uv":[1,14,2,15],"texture":"#all","cullface":"north"}}},{"from":[7,2,0],"to":[13,3,1],"faces":{"north":{"uv":[3,13,9,14],"texture":"#all","cullface":"north"},"east":{"uv":[3,14,4,13],"texture":"#all","cullface":"north"},"west":{"uv":[8,13,9,14],"texture":"#all","cullface":"north"},"up":{"uv":[9,13,3,14],"texture":"#all","cullface":"north"},"down":{"uv":[9,13,3,14],"texture":"#all","cullface":"north"}}},{"from":[0,1,0],"to":[12,2,1],"faces":{"north":{"uv":[4,14,16,15],"texture":"#all","cullface":"north"},"east":{"uv":[4,15,5,14],"texture":"#all","cullface":"north"},"up":{"uv":[16,14,4,15],"texture":"#all","cullface":"north"}}},{"from":[0,2,0],"to":[3,3,1],"faces":{"north":{"uv":[13,13,16,14],"texture":"#all","cullface":"north"},"east":{"uv":[13,13,14,14],"texture":"#all","cullface":"north"},"south":{"uv":[0,13,1,14],"texture":"#all","cullface":"west"},"west":{"uv":[0,13,1,14],"texture":"#all","cullface":"west"},"up":{"uv":[16,13,13,14],"texture":"#all","cullface":"north"}}},{"from":[0,10,11],"to":[1,11,13],"faces":{"north":{"uv":[11,6,12,5],"texture":"#all","cullface":"west"},"south":{"uv":[12,5,13,6],"texture":"#all","cullface":"west"},"west":{"uv":[11,5,13,6],"texture":"#all","cullface":"west"},"up":{"uv":[13,5,11,6],"rotation":270,"texture":"#all","cullface":"west"}}},{"from":[0,11,12],"to":[1,12,16],"faces":{"north":{"uv":[12,5,13,4],"texture":"#all","cullface":"west"},"west":{"uv":[12,4,16,5],"texture":"#all","cullface":"west"},"down":{"uv":[16,4,12,5],"rotation":90,"texture":"#all","cullface":"west"}}},{"from":[0,14,0],"to":[2,15,10],"faces":{"north":{"uv":[14,1,16,2],"texture":"#all","cullface":"north"},"east":{"uv":[14,1,15,2],"texture":"#all","cullface":"north"},"south":{"uv":[9,1,10,2],"texture":"#all","cullface":"west"},"west":{"uv":[0,1,10,2],"texture":"#all","cullface":"west"},"down":{"uv":[0,1,10,2],"rotation":270,"texture":"#all","cullface":"west"}}},{"from":[0,13,13],"to":[2,14,16],"faces":{"north":{"uv":[13,3,14,2],"texture":"#all","cullface":"west"},"east":{"uv":[1,2,2,3],"texture":"#all","cullface":"south"},"south":{"uv":[0,2,2,3],"texture":"#all","cullface":"south"},"west":{"uv":[13,2,16,3],"texture":"#all","cullface":"west"},"up":{"uv":[13,2,16,3],"rotation":90,"texture":"#all","cullface":"west"},"down":{"uv":[0,2,2,3],"texture":"#all","cullface":"south"}}},{"from":[0,13,5],"to":[1,14,11],"faces":{"north":{"uv":[5,3,6,2],"texture":"#all","cullface":"west"},"south":{"uv":[10,2,11,3],"texture":"#all","cullface":"west"},"west":{"uv":[5,2,11,3],"texture":"#all","cullface":"west"},"up":{"uv":[11,2,5,3],"rotation":270,"texture":"#all","cullface":"west"}}},{"from":[0,12,4],"to":[1,13,16],"faces":{"north":{"uv":[4,4,5,3],"texture":"#all","cullface":"west"},"east":{"uv":[0,3,1,4],"texture":"#all","cullface":"south"},"south":{"uv":[0,3,1,4],"texture":"#all","cullface":"south"},"west":{"uv":[4,3,16,4],"texture":"#all","cullface":"west"},"up":{"uv":[4,3,16,4],"rotation":90,"texture":"#all","cullface":"west"},"down":{"uv":[4,3,16,4],"rotation":270,"texture":"#all","cullface":"west"}}},{"from":[0,11,0],"to":[1,12,7],"faces":{"south":{"uv":[6,4,7,5],"texture":"#all","cullface":"west"},"west":{"uv":[0,4,7,5],"texture":"#all","cullface":"west"},"up":{"uv":[0,4,7,5],"rotation":90,"texture":"#all","cullface":"west"},"down":{"uv":[7,4,0,5],"rotation":90,"texture":"#all","cullface":"west"}}},{"from":[0,8,3],"to":[1,10,6],"faces":{"south":{"uv":[5,6,6,7],"texture":"#all","cullface":"west"},"west":{"uv":[3,6,6,8],"texture":"#all","cullface":"west"},"up":{"uv":[6,6,3,7],"rotation":270,"texture":"#all","cullface":"west"},"down":{"uv":[3,7,6,8],"rotation":270,"texture":"#all","cullface":"west"}}},{"from":[0,10,3],"to":[1,11,4],"faces":{"south":{"uv":[3,5,4,6],"texture":"#all","cullface":"west"},"west":{"uv":[3,5,4,6],"texture":"#all","cullface":"west"}}},{"from":[0,7,0],"to":[1,11,3],"faces":{"north":{"uv":[15,5,16,9],"texture":"#all","cullface":"north"},"east":{"uv":[15,5,16,9],"texture":"#all","cullface":"north"},"south":{"uv":[2,5,3,9],"texture":"#all","cullface":"west"},"west":{"uv":[0,5,3,9],"texture":"#all","cullface":"west"},"down":{"uv":[3,8,0,9],"rotation":90,"texture":"#all","cullface":"west"}}},{"from":[0,7,5],"to":[1,9,9],"faces":{"north":{"uv":[5,8,6,9],"texture":"#all","cullface":"west"},"south":{"uv":[8,8,9,9],"texture":"#all","cullface":"west"},"west":{"uv":[5,7,9,9],"texture":"#all","cullface":"west"},"up":{"uv":[5,7,9,8],"rotation":90,"texture":"#all","cullface":"west"},"down":{"uv":[9,8,5,9],"rotation":90,"texture":"#all","cullface":"west"}}},{"from":[0,6,7],"to":[1,7,10],"faces":{"north":{"uv":[7,9,8,10],"texture":"#all","cullface":"west"},"south":{"uv":[9,9,10,10],"texture":"#all","cullface":"west"},"west":{"uv":[7,9,10,10],"texture":"#all","cullface":"west"},"up":{"uv":[7,9,10,10],"rotation":90,"texture":"#all","cullface":"west"}}},{"from":[0,8,9],"to":[1,10,15],"faces":{"north":{"uv":[9,7,10,6],"texture":"#all","cullface":"west"},"west":{"uv":[9,6,15,8],"texture":"#all","cullface":"west"},"up":{"uv":[15,6,9,7],"rotation":270,"texture":"#all","cullface":"west"},"down":{"uv":[9,7,15,8],"rotation":270,"texture":"#all","cullface":"west"}}},{"from":[0,6,12],"to":[2,7,16],"faces":{"north":{"uv":[12,9,13,10],"texture":"#all","cullface":"west"},"east":{"uv":[1,9,2,10],"texture":"#all","cullface":"south"},"south":{"uv":[0,9,2,10],"texture":"#all","cullface":"south"},"west":{"uv":[12,9,16,10],"texture":"#all","cullface":"west"},"up":{"uv":[12,9,16,10],"rotation":90,"texture":"#all","cullface":"west"}}},{"from":[0,4,13],"to":[1,8,15],"faces":{"north":{"uv":[13,8,14,12],"texture":"#all","cullface":"west"},"west":{"uv":[13,8,15,12],"texture":"#all","cullface":"west"},"down":{"uv":[15,11,13,12],"rotation":90,"texture":"#all","cullface":"west"}}},{"from":[0,5,6],"to":[1,6,13],"faces":{"north":{"uv":[6,11,7,10],"texture":"#all","cullface":"west"},"west":{"uv":[6,10,13,11],"texture":"#all","cullface":"west"},"up":{"uv":[13,10,6,11],"rotation":270,"texture":"#all","cullface":"west"},"down":{"uv":[13,10,6,11],"rotation":90,"texture":"#all","cullface":"west"}}},{"from":[0,3,6],"to":[1,4,8],"faces":{"north":{"uv":[6,13,7,12],"texture":"#all","cullface":"west"},"south":{"uv":[7,12,8,13],"texture":"#all","cullface":"west"},"west":{"uv":[6,12,8,13],"texture":"#all","cullface":"west"}}},{"from":[0,4,4],"to":[1,5,11],"faces":{"south":{"uv":[10,11,11,12],"texture":"#all","cullface":"west"},"west":{"uv":[4,11,11,12],"texture":"#all","cullface":"west"},"up":{"uv":[11,11,4,12],"rotation":270,"texture":"#all","cullface":"west"},"down":{"uv":[11,11,4,12],"rotation":90,"texture":"#all","cullface":"west"}}},{"from":[0,3,0],"to":[1,6,4],"faces":{"north":{"uv":[15,10,16,13],"texture":"#all","cullface":"north"},"east":{"uv":[15,10,16,13],"texture":"#all","cullface":"north"},"south":{"uv":[3,10,4,13],"texture":"#all","cullface":"west"},"west":{"uv":[0,10,4,13],"texture":"#all","cullface":"west"},"up":{"uv":[4,10,0,11],"rotation":270,"texture":"#all","cullface":"west"},"down":{"uv":[4,12,0,13],"rotation":90,"texture":"#all","cullface":"west"}}},{"from":[0,0,0],"to":[1,2,2],"faces":{"south":{"uv":[1,14,2,16],"texture":"#all","cullface":"west"},"west":{"uv":[0,14,2,16],"texture":"#all","cullface":"west"},"up":{"uv":[0,14,2,15],"rotation":90,"texture":"#all","cullface":"west"}}},{"from":[0,2,3],"to":[1,3,9],"faces":{"north":{"uv":[3,14,4,13],"texture":"#all","cullface":"west"},"south":{"uv":[8,13,9,14],"texture":"#all","cullface":"west"},"west":{"uv":[3,13,9,14],"texture":"#all","cullface":"west"},"up":{"uv":[9,13,3,14],"rotation":270,"texture":"#all","cullface":"west"},"down":{"uv":[9,13,3,14],"rotation":90,"texture":"#all","cullface":"west"}}},{"from":[0,1,4],"to":[1,2,16],"faces":{"north":{"uv":[4,15,5,14],"texture":"#all","cullface":"west"},"west":{"uv":[4,14,16,15],"texture":"#all","cullface":"west"},"up":{"uv":[16,14,4,15],"rotation":270,"texture":"#all","cullface":"west"}}},{"from":[0,2,13],"to":[1,3,16],"faces":{"north":{"uv":[13,13,14,14],"texture":"#all","cullface":"west"},"east":{"uv":[0,13,1,14],"texture":"#all","cullface":"south"},"south":{"uv":[0,13,1,14],"texture":"#all","cullface":"south"},"west":{"uv":[13,13,16,14],"texture":"#all","cullface":"west"},"up":{"uv":[16,13,13,14],"rotation":270,"texture":"#all","cullface":"west"}}}]}