{"__comment":"Designed by GeForceLegend","parent":"block/cube_all","elements":[{"from":[0,0,0],"to":[16,16,0.2],"faces":{"north":{"texture":"#all","tintindex":0,"cullface":"north"},"south":{"texture":"#all","tintindex":0,"cullface":"north"}}},{"from":[0,0,15.8],"to":[16,16,16],"faces":{"north":{"texture":"#all","tintindex":0,"cullface":"south"},"south":{"texture":"#all","tintindex":0,"cullface":"south"}}},{"from":[0,0,0],"to":[0.2,16,16],"faces":{"east":{"texture":"#all","tintindex":0,"cullface":"west"},"west":{"texture":"#all","tintindex":0,"cullface":"west"}}},{"from":[15.8,0,0],"to":[16,16,16],"faces":{"east":{"texture":"#all","tintindex":0,"cullface":"east"},"west":{"texture":"#all","tintindex":0,"cullface":"east"}}},{"from":[0,0,0],"to":[16,0.2,16],"faces":{"up":{"texture":"#all","tintindex":0,"cullface":"down"},"down":{"texture":"#all","tintindex":0,"cullface":"down"}}},{"from":[0,15.8,0],"to":[16,16,16],"faces":{"up":{"texture":"#all","tintindex":0,"cullface":"up"},"down":{"texture":"#all","tintindex":0,"cullface":"up"}}}]}