{"__comment":"Designed by GeForceLegend","ambientocclusion":false,"textures":{"layer1":"block/mangrove_door_bottom1","particle":"block/mangrove_door_bottom"},"elements":[{"from":[0,0,0],"to":[3,16,3],"faces":{"north":{"uv":[0,0,3,16],"texture":"#layer1","cullface":"north"},"east":{"uv":[3,0,0,16],"texture":"#particle"},"south":{"uv":[3,0,2,16],"texture":"#particle"},"west":{"uv":[0,0,3,16],"texture":"#particle","cullface":"west"},"down":{"uv":[3,3,6,0],"texture":"#layer1","cullface":"down"}}},{"from":[0,0,3],"to":[3,3,13],"faces":{"east":{"uv":[13,13,3,16],"texture":"#particle"},"west":{"uv":[3,13,13,16],"texture":"#particle","cullface":"west"},"up":{"uv":[3,13,13,14],"rotation":90,"texture":"#particle"},"down":{"uv":[3,13,6,3],"texture":"#layer1","cullface":"down"}}},{"from":[0,0,13],"to":[3,16,16],"faces":{"north":{"uv":[12,0,13,16],"texture":"#layer1"},"east":{"uv":[16,0,13,16],"texture":"#particle"},"south":{"uv":[13,0,16,16],"texture":"#layer1","cullface":"south"},"west":{"uv":[13,0,16,16],"texture":"#particle","cullface":"west"},"down":{"uv":[6,16,3,13],"rotation":90,"texture":"#layer1","cullface":"down"}}},{"from":[0.5,3,3],"to":[2.5,5,13],"faces":{"east":{"uv":[13,11,3,13],"texture":"#particle"},"west":{"uv":[3,11,13,13],"texture":"#particle"},"up":{"uv":[3,11,13,12],"rotation":90,"texture":"#particle"}}},{"from":[0.5,5,3],"to":[2.5,16,5],"faces":{"east":{"uv":[5,0,3,11],"texture":"#particle"},"south":{"uv":[4,0,5,11],"texture":"#particle"},"west":{"uv":[3,0,5,11],"texture":"#particle"}}},{"from":[0.5,5,11],"to":[2.5,16,13],"faces":{"north":{"uv":[11,0,12,11],"texture":"#particle"},"east":{"uv":[12,0,10,11],"texture":"#layer1"},"west":{"uv":[10,0,12,11],"texture":"#layer1"}}},{"from":[1,5,5],"to":[2,16,11],"faces":{"east":{"uv":[11,0,5,11],"texture":"#particle"},"west":{"uv":[5,0,11,11],"texture":"#particle"}}},{"from":[0.5,8,6],"to":[2.5,10,10],"faces":{"north":{"uv":[6,6,7,8],"texture":"#particle"},"east":{"uv":[10,6,6,8],"texture":"#particle"},"south":{"uv":[9,6,10,8],"texture":"#particle"},"west":{"uv":[6,6,10,8],"texture":"#particle"},"up":{"uv":[6,6,10,7],"rotation":90,"texture":"#particle"},"down":{"uv":[10,7,6,8],"rotation":90,"texture":"#particle"}}},{"from":[0.5,7,7],"to":[2.5,11,9],"faces":{"north":{"uv":[7,5,8,9],"texture":"#particle"},"east":{"uv":[9,5,7,9],"texture":"#particle"},"south":{"uv":[8,5,9,9],"texture":"#particle"},"west":{"uv":[7,5,9,9],"texture":"#particle"},"up":{"uv":[7,5,9,6],"rotation":90,"texture":"#particle"},"down":{"uv":[9,8,7,9],"rotation":90,"texture":"#particle"}}},{"from":[0.5,15,6],"to":[2.5,16,10],"faces":{"north":{"uv":[6,0,7,1],"texture":"#particle"},"east":{"uv":[10,0,6,1],"texture":"#particle"},"south":{"uv":[9,0,10,1],"texture":"#particle"},"west":{"uv":[6,0,10,1],"texture":"#particle"},"down":{"uv":[10,0,6,1],"rotation":90,"texture":"#particle"}}},{"from":[0.5,14,7],"to":[2.5,15,9],"faces":{"north":{"uv":[7,1,8,2],"texture":"#particle"},"east":{"uv":[9,1,7,2],"texture":"#particle"},"south":{"uv":[8,1,9,2],"texture":"#particle"},"west":{"uv":[7,1,9,2],"texture":"#particle"},"down":{"uv":[9,1,7,2],"rotation":90,"texture":"#particle"}}},{"from":[3.01,13.01,12.01],"to":[3.7,13.99,13.01],"faces":{"north":{"uv":[12,2,13,3],"texture":"#particle"},"east":{"uv":[12,2,13,3],"texture":"#particle"},"south":{"uv":[12,2,13,3],"texture":"#particle"},"west":{"uv":[12,2,13,3],"texture":"#particle"},"up":{"uv":[12,2,13,3],"texture":"#particle"},"down":{"uv":[12,2,13,3],"texture":"#particle"}}},{"from":[-0.7,13.01,12.01],"to":[-0.01,13.99,13.01],"faces":{"north":{"uv":[12,2,13,3],"texture":"#particle","cullface":"west"},"east":{"uv":[12,2,13,3],"texture":"#particle","cullface":"west"},"south":{"uv":[12,2,13,3],"texture":"#particle","cullface":"west"},"west":{"uv":[12,2,13,3],"texture":"#particle","cullface":"west"},"up":{"uv":[12,2,13,3],"texture":"#particle","cullface":"west"},"down":{"uv":[12,2,13,3],"texture":"#particle","cullface":"west"}}},{"from":[-0.7,13.01,13.01],"to":[3.7,16,13.99],"faces":{"north":{"uv":[13,0,14,3],"texture":"#particle"},"east":{"uv":[13,0,14,3],"texture":"#particle"},"south":{"uv":[13,0,14,3],"texture":"#particle"},"west":{"uv":[13,0,14,3],"texture":"#particle","cullface":"west"},"down":{"uv":[13,2,14,3],"texture":"#particle"}}}]}