{"__comment":"Designed by GeForceLegend","parent":"block/block","textures":{"particle":"block/nether_quartz_ore","all":"block/nether_quartz_ore"},"elements":[{"from":[0.5,0.5,0.5],"to":[15.5,15.5,15.5],"faces":{"north":{"uv":[0.4706,0.4706,15.5294,15.5294],"texture":"#all","cullface":"north"},"east":{"uv":[0.4706,0.4706,15.5294,15.5294],"texture":"#all","cullface":"east"},"south":{"uv":[0.4706,0.4706,15.5294,15.5294],"texture":"#all","cullface":"south"},"west":{"uv":[0.4706,0.4706,15.5294,15.5294],"texture":"#all","cullface":"west"},"up":{"uv":[0.4706,0.4706,15.5294,15.5294],"texture":"#all","cullface":"up"},"down":{"uv":[0.4706,0.4706,15.5294,15.5294],"texture":"#all","cullface":"down"}}},{"from":[3,14,0],"to":[15,16,2],"faces":{"north":{"uv":[1,0,13,2],"texture":"#all","cullface":"north"},"south":{"uv":[3,1,15,2],"texture":"#all","cullface":"up"},"up":{"uv":[3,0,15,2],"texture":"#all","cullface":"up"},"down":{"uv":[13,1,1,2],"texture":"#all","cullface":"north"}}},{"from":[3,15,2],"to":[7,16,3],"faces":{"east":{"uv":[7,3,6,2],"texture":"#all","cullface":"up"},"south":{"uv":[3,2,7,3],"texture":"#all","cullface":"up"},"up":{"uv":[3,2,7,3],"texture":"#all","cullface":"up"}}},{"from":[3,15,3],"to":[5,16,4],"faces":{"east":{"uv":[5,4,4,3],"texture":"#all","cullface":"up"},"south":{"uv":[3,3,5,4],"texture":"#all","cullface":"up"},"up":{"uv":[3,3,5,4],"texture":"#all","cullface":"up"}}},{"from":[3,15,4],"to":[4,16,5],"faces":{"east":{"uv":[3,4,4,5],"texture":"#all","cullface":"up"},"south":{"uv":[3,4,4,5],"texture":"#all","cullface":"up"},"up":{"uv":[3,4,4,5],"texture":"#all","cullface":"up"}}},{"from":[0,14,0],"to":[3,16,16],"faces":{"north":{"uv":[13,0,16,2],"texture":"#all","cullface":"north"},"east":{"uv":[3,16,2,0],"rotation":270,"texture":"#all","cullface":"up"},"south":{"uv":[0,0,3,2],"texture":"#all","cullface":"south"},"west":{"uv":[0,0,16,2],"texture":"#all","cullface":"west"},"up":{"uv":[0,0,3,16],"texture":"#all","cullface":"up"},"down":{"uv":[16,1,0,2],"rotation":90,"texture":"#all","cullface":"west"}}},{"from":[3,15,6],"to":[4,16,10],"faces":{"north":{"uv":[4,6,3,7],"texture":"#all","cullface":"up"},"east":{"uv":[4,10,3,6],"rotation":270,"texture":"#all","cullface":"up"},"south":{"uv":[3,9,4,10],"texture":"#all","cullface":"up"},"up":{"uv":[3,6,4,10],"texture":"#all","cullface":"up"}}},{"from":[3,15,12],"to":[7,16,15],"faces":{"north":{"uv":[7,12,3,13],"texture":"#all","cullface":"up"},"east":{"uv":[6,15,7,12],"rotation":270,"texture":"#all","cullface":"up"},"up":{"uv":[3,12,7,15],"texture":"#all","cullface":"up"}}},{"from":[4,15,7],"to":[5,16,8],"faces":{"north":{"uv":[5,7,4,8],"texture":"#all","cullface":"up"},"east":{"uv":[5,8,4,7],"texture":"#all","cullface":"up"},"south":{"uv":[4,7,5,8],"texture":"#all","cullface":"up"},"up":{"uv":[4,7,5,8],"texture":"#all","cullface":"up"}}},{"from":[5,15,6],"to":[6,16,7],"faces":{"north":{"uv":[6,6,5,7],"texture":"#all","cullface":"up"},"east":{"uv":[6,7,5,6],"texture":"#all","cullface":"up"},"south":{"uv":[5,6,6,7],"texture":"#all","cullface":"up"},"west":{"uv":[5,6,6,7],"texture":"#all","cullface":"up"},"up":{"uv":[5,6,6,7],"texture":"#all","cullface":"up"}}},{"from":[5,15,11],"to":[8,16,12],"faces":{"north":{"uv":[8,11,5,12],"texture":"#all","cullface":"up"},"east":{"uv":[7,11,8,12],"texture":"#all","cullface":"up"},"south":{"uv":[5,11,8,12],"texture":"#all","cullface":"up"},"west":{"uv":[5,11,6,12],"texture":"#all","cullface":"up"},"up":{"uv":[5,11,8,12],"texture":"#all","cullface":"up"}}},{"from":[6,15,5],"to":[8,16,6],"faces":{"north":{"uv":[8,5,6,6],"texture":"#all","cullface":"up"},"east":{"uv":[8,6,7,5],"texture":"#all","cullface":"up"},"south":{"uv":[6,5,8,6],"texture":"#all","cullface":"up"},"west":{"uv":[6,5,7,6],"texture":"#all","cullface":"up"},"up":{"uv":[6,5,8,6],"texture":"#all","cullface":"up"}}},{"from":[6,15,9],"to":[9,16,11],"faces":{"north":{"uv":[9,9,6,10],"texture":"#all","cullface":"up"},"east":{"uv":[8,10,9,11],"texture":"#all","cullface":"up"},"south":{"uv":[6,10,9,11],"texture":"#all","cullface":"up"},"west":{"uv":[6,9,7,11],"rotation":270,"texture":"#all","cullface":"up"},"up":{"uv":[6,9,9,11],"texture":"#all","cullface":"up"}}},{"from":[7,15,4],"to":[12,16,5],"faces":{"north":{"uv":[12,4,7,5],"texture":"#all","cullface":"up"},"south":{"uv":[7,4,12,5],"texture":"#all","cullface":"up"},"west":{"uv":[7,4,8,5],"texture":"#all","cullface":"up"},"up":{"uv":[7,4,12,5],"texture":"#all","cullface":"up"}}},{"from":[7,15,8],"to":[10,16,10],"faces":{"north":{"uv":[10,8,7,9],"texture":"#all","cullface":"up"},"south":{"uv":[7,9,10,10],"texture":"#all","cullface":"up"},"west":{"uv":[7,8,8,9],"texture":"#all","cullface":"up"},"up":{"uv":[7,8,10,10],"texture":"#all","cullface":"up"}}},{"from":[7,15,14],"to":[8,16,15],"faces":{"north":{"uv":[7,14,8,15],"texture":"#all","cullface":"up"},"east":{"uv":[7,14,8,15],"texture":"#all","cullface":"up"},"up":{"uv":[7,14,8,15],"texture":"#all","cullface":"up"}}},{"from":[3,14,15],"to":[16,16,16],"faces":{"north":{"uv":[16,15,3,16],"texture":"#all","cullface":"up"},"south":{"uv":[3,0,16,2],"texture":"#all","cullface":"south"},"up":{"uv":[3,15,16,16],"texture":"#all","cullface":"up"},"down":{"uv":[3,1,16,2],"texture":"#all","cullface":"south"}}},{"from":[9,15,3],"to":[12,16,4],"faces":{"north":{"uv":[12,3,9,4],"texture":"#all","cullface":"up"},"west":{"uv":[9,3,10,4],"texture":"#all","cullface":"up"},"up":{"uv":[9,3,12,4],"texture":"#all","cullface":"up"}}},{"from":[9,15,7],"to":[13,16,8],"faces":{"north":{"uv":[13,7,9,8],"texture":"#all","cullface":"up"},"east":{"uv":[13,8,12,7],"texture":"#all","cullface":"up"},"south":{"uv":[9,7,13,8],"texture":"#all","cullface":"up"},"west":{"uv":[9,7,10,8],"texture":"#all","cullface":"up"},"up":{"uv":[9,7,13,8],"texture":"#all","cullface":"up"}}},{"from":[9,15,13],"to":[11,16,15],"faces":{"north":{"uv":[11,13,9,14],"texture":"#all","cullface":"up"},"east":{"uv":[11,15,10,13],"rotation":270,"texture":"#all","cullface":"up"},"west":{"uv":[9,13,10,15],"rotation":270,"texture":"#all","cullface":"up"},"up":{"uv":[9,13,11,15],"texture":"#all","cullface":"up"}}},{"from":[10,15,2],"to":[15,16,3],"faces":{"west":{"uv":[10,2,11,3],"texture":"#all","cullface":"up"},"up":{"uv":[10,2,15,3],"texture":"#all","cullface":"up"}}},{"from":[10,15,8],"to":[12,16,13],"faces":{"east":{"uv":[12,13,11,8],"rotation":270,"texture":"#all","cullface":"up"},"south":{"uv":[10,12,12,13],"texture":"#all","cullface":"up"},"west":{"uv":[10,8,11,13],"rotation":270,"texture":"#all","cullface":"up"},"up":{"uv":[10,8,12,13],"texture":"#all","cullface":"up"}}},{"from":[11,15,6],"to":[14,16,7],"faces":{"north":{"uv":[14,6,11,7],"texture":"#all","cullface":"up"},"east":{"uv":[14,7,13,6],"texture":"#all","cullface":"up"},"south":{"uv":[11,6,14,7],"texture":"#all","cullface":"up"},"west":{"uv":[11,6,12,7],"texture":"#all","cullface":"up"},"up":{"uv":[11,6,14,7],"texture":"#all","cullface":"up"}}},{"from":[11,15,14],"to":[15,16,15],"faces":{"north":{"uv":[15,14,11,15],"texture":"#all","cullface":"up"},"up":{"uv":[11,14,15,15],"texture":"#all","cullface":"up"}}},{"from":[12,15,3],"to":[15,16,6],"faces":{"south":{"uv":[12,5,15,6],"texture":"#all","cullface":"up"},"west":{"uv":[12,5,13,6],"texture":"#all","cullface":"up"},"up":{"uv":[12,3,15,6],"texture":"#all","cullface":"up"}}},{"from":[12,15,11],"to":[13,16,13],"faces":{"north":{"uv":[12,11,13,12],"texture":"#all","cullface":"up"},"east":{"uv":[12,12,13,13],"texture":"#all","cullface":"up"},"south":{"uv":[12,12,13,13],"texture":"#all","cullface":"up"},"up":{"uv":[12,11,13,13],"texture":"#all","cullface":"up"}}},{"from":[13,15,10],"to":[15,16,12],"faces":{"north":{"uv":[15,10,13,11],"texture":"#all","cullface":"up"},"south":{"uv":[13,11,15,12],"texture":"#all","cullface":"up"},"west":{"uv":[13,10,14,11],"texture":"#all","cullface":"up"},"up":{"uv":[13,10,15,12],"texture":"#all","cullface":"up"}}},{"from":[13,15,13],"to":[15,16,14],"faces":{"north":{"uv":[15,13,13,14],"texture":"#all","cullface":"up"},"west":{"uv":[13,13,14,14],"texture":"#all","cullface":"up"},"up":{"uv":[13,13,15,14],"texture":"#all","cullface":"up"}}},{"from":[14,15,12],"to":[15,16,13],"faces":{"west":{"uv":[14,12,15,13],"texture":"#all","cullface":"up"},"up":{"uv":[14,12,15,13],"texture":"#all","cullface":"up"}}},{"from":[15,14,0],"to":[16,16,16],"faces":{"north":{"uv":[0,0,1,2],"texture":"#all","cullface":"north"},"east":{"uv":[0,0,16,2],"texture":"#all","cullface":"east"},"west":{"uv":[15,0,16,16],"rotation":270,"texture":"#all","cullface":"up"},"up":{"uv":[15,0,16,16],"texture":"#all","cullface":"up"},"down":{"uv":[0,1,16,2],"rotation":90,"texture":"#all","cullface":"east"}}},{"from":[3,11,15],"to":[4,12,16],"faces":{"east":{"uv":[4,5,3,4],"texture":"#all","cullface":"south"},"south":{"uv":[3,4,4,5],"texture":"#all","cullface":"south"},"down":{"uv":[3,4,4,5],"texture":"#all","cullface":"south"}}},{"from":[0,6,15],"to":[4,10,16],"faces":{"north":{"uv":[15,6,16,10],"texture":"#all","cullface":"west"},"east":{"uv":[3,6,4,10],"texture":"#all","cullface":"south"},"south":{"uv":[0,6,4,10],"texture":"#all","cullface":"south"},"west":{"uv":[15,6,16,10],"texture":"#all","cullface":"west"},"up":{"uv":[3,6,4,7],"texture":"#all","cullface":"south"},"down":{"uv":[3,9,4,10],"texture":"#all","cullface":"south"}}},{"from":[0,0,14],"to":[7,4,16],"faces":{"north":{"uv":[14,12,15,16],"texture":"#all","cullface":"west"},"east":{"uv":[7,12,6,16],"texture":"#all","cullface":"south"},"south":{"uv":[0,12,7,16],"texture":"#all","cullface":"south"},"west":{"uv":[14,12,16,16],"texture":"#all","cullface":"west"},"up":{"uv":[0,12,7,13],"texture":"#all","cullface":"south"}}},{"from":[4,8,15],"to":[5,9,16],"faces":{"east":{"uv":[4,7,5,8],"texture":"#all","cullface":"south"},"south":{"uv":[4,7,5,8],"texture":"#all","cullface":"south"},"up":{"uv":[4,7,5,8],"texture":"#all","cullface":"south"},"down":{"uv":[4,7,5,8],"texture":"#all","cullface":"south"}}},{"from":[5,9,15],"to":[6,10,16],"faces":{"east":{"uv":[5,6,6,7],"texture":"#all","cullface":"south"},"south":{"uv":[5,6,6,7],"texture":"#all","cullface":"south"},"west":{"uv":[5,6,6,7],"texture":"#all","cullface":"south"},"up":{"uv":[5,6,6,7],"texture":"#all","cullface":"south"},"down":{"uv":[5,6,6,7],"texture":"#all","cullface":"south"}}},{"from":[5,4,15],"to":[8,5,16],"faces":{"east":{"uv":[7,11,8,12],"texture":"#all","cullface":"south"},"south":{"uv":[5,11,8,12],"texture":"#all","cullface":"south"},"west":{"uv":[5,11,6,12],"texture":"#all","cullface":"south"},"up":{"uv":[5,11,8,12],"texture":"#all","cullface":"south"},"down":{"uv":[5,11,8,12],"texture":"#all","cullface":"south"}}},{"from":[6,10,15],"to":[8,11,16],"faces":{"east":{"uv":[7,5,8,6],"texture":"#all","cullface":"south"},"south":{"uv":[6,5,8,6],"texture":"#all","cullface":"south"},"west":{"uv":[6,5,7,6],"texture":"#all","cullface":"south"},"up":{"uv":[6,5,8,6],"texture":"#all","cullface":"south"},"down":{"uv":[6,5,8,6],"texture":"#all","cullface":"south"}}},{"from":[6,5,15],"to":[9,7,16],"faces":{"east":{"uv":[8,9,9,11],"texture":"#all","cullface":"south"},"south":{"uv":[6,9,9,11],"texture":"#all","cullface":"south"},"west":{"uv":[6,9,7,11],"texture":"#all","cullface":"south"},"up":{"uv":[6,9,9,10],"texture":"#all","cullface":"south"},"down":{"uv":[6,10,9,11],"texture":"#all","cullface":"south"}}},{"from":[7,11,15],"to":[12,12,16],"faces":{"south":{"uv":[7,4,12,5],"texture":"#all","cullface":"south"},"west":{"uv":[7,4,8,5],"texture":"#all","cullface":"south"},"up":{"uv":[7,4,12,5],"texture":"#all","cullface":"south"},"down":{"uv":[7,4,12,5],"texture":"#all","cullface":"south"}}},{"from":[7,6,15],"to":[10,8,16],"faces":{"south":{"uv":[7,8,10,10],"texture":"#all","cullface":"south"},"west":{"uv":[7,8,8,10],"texture":"#all","cullface":"south"},"up":{"uv":[7,8,10,9],"texture":"#all","cullface":"south"},"down":{"uv":[7,9,10,10],"texture":"#all","cullface":"south"}}},{"from":[7,1,15],"to":[8,2,16],"faces":{"east":{"uv":[8,15,7,14],"texture":"#all","cullface":"south"},"south":{"uv":[7,14,8,15],"texture":"#all","cullface":"south"},"up":{"uv":[8,14,7,15],"texture":"#all","cullface":"south"}}},{"from":[9,12,11],"to":[16,13,16],"faces":{"north":{"uv":[4,3,5,4],"texture":"#all","cullface":"east"},"east":{"uv":[0,3,5,4],"texture":"#all","cullface":"east"},"south":{"uv":[9,3,16,4],"texture":"#all","cullface":"south"},"west":{"uv":[9,3,10,4],"texture":"#all","cullface":"south"},"up":{"uv":[9,3,16,4],"texture":"#all","cullface":"south"},"down":{"uv":[4,3,5,4],"texture":"#all","cullface":"east"}}},{"from":[9,8,15],"to":[13,9,16],"faces":{"east":{"uv":[12,7,13,8],"texture":"#all","cullface":"south"},"south":{"uv":[9,7,13,8],"texture":"#all","cullface":"south"},"west":{"uv":[9,7,10,8],"texture":"#all","cullface":"south"},"up":{"uv":[9,7,13,8],"texture":"#all","cullface":"south"},"down":{"uv":[9,7,13,8],"texture":"#all","cullface":"south"}}},{"from":[9,1,15],"to":[11,3,16],"faces":{"east":{"uv":[10,13,11,15],"texture":"#all","cullface":"south"},"south":{"uv":[9,13,11,15],"texture":"#all","cullface":"south"},"west":{"uv":[9,13,10,15],"texture":"#all","cullface":"south"},"up":{"uv":[9,13,11,14],"texture":"#all","cullface":"south"}}},{"from":[10,13,9],"to":[16,14,16],"faces":{"north":{"uv":[6,2,7,3],"texture":"#all","cullface":"east"},"east":{"uv":[0,2,7,3],"texture":"#all","cullface":"east"},"south":{"uv":[10,2,16,3],"texture":"#all","cullface":"south"},"west":{"uv":[10,2,11,3],"texture":"#all","cullface":"south"},"down":{"uv":[0,2,7,3],"rotation":90,"texture":"#all","cullface":"east"}}},{"from":[10,3,15],"to":[12,8,16],"faces":{"east":{"uv":[11,8,12,13],"texture":"#all","cullface":"south"},"south":{"uv":[10,8,12,13],"texture":"#all","cullface":"south"},"west":{"uv":[10,8,11,13],"texture":"#all","cullface":"south"},"down":{"uv":[10,12,12,13],"texture":"#all","cullface":"south"}}},{"from":[11,9,15],"to":[14,10,16],"faces":{"east":{"uv":[13,6,14,7],"texture":"#all","cullface":"south"},"south":{"uv":[11,6,14,7],"texture":"#all","cullface":"south"},"west":{"uv":[11,6,12,7],"texture":"#all","cullface":"south"},"up":{"uv":[11,6,14,7],"texture":"#all","cullface":"south"},"down":{"uv":[11,6,14,7],"texture":"#all","cullface":"south"}}},{"from":[12,10,13],"to":[16,12,16],"faces":{"north":{"uv":[2,4,3,6],"texture":"#all","cullface":"east"},"east":{"uv":[0,4,3,6],"texture":"#all","cullface":"east"},"south":{"uv":[12,4,16,6],"texture":"#all","cullface":"south"},"west":{"uv":[12,5,13,6],"texture":"#all","cullface":"south"},"down":{"uv":[12,5,16,6],"texture":"#all","cullface":"south"}}},{"from":[12,3,15],"to":[13,5,16],"faces":{"east":{"uv":[12,12,13,13],"texture":"#all","cullface":"south"},"south":{"uv":[12,11,13,13],"texture":"#all","cullface":"south"},"up":{"uv":[12,11,13,12],"texture":"#all","cullface":"south"},"down":{"uv":[12,12,13,13],"texture":"#all","cullface":"south"}}},{"from":[13,4,13],"to":[16,6,16],"faces":{"north":{"uv":[2,10,3,12],"texture":"#all","cullface":"east"},"east":{"uv":[0,10,3,12],"texture":"#all","cullface":"east"},"south":{"uv":[13,10,16,12],"texture":"#all","cullface":"south"},"west":{"uv":[13,10,14,11],"texture":"#all","cullface":"south"},"up":{"uv":[13,10,16,11],"texture":"#all","cullface":"south"},"down":{"uv":[13,11,15,12],"texture":"#all","cullface":"south"}}},{"from":[13,2,15],"to":[14,3,16],"faces":{"south":{"uv":[13,13,14,14],"texture":"#all","cullface":"south"},"west":{"uv":[13,13,14,14],"texture":"#all","cullface":"south"},"up":{"uv":[13,13,14,14],"texture":"#all","cullface":"south"}}},{"from":[15,6,12],"to":[16,10,16],"faces":{"north":{"uv":[3,6,4,10],"texture":"#all","cullface":"east"},"east":{"uv":[0,6,4,10],"texture":"#all","cullface":"east"},"south":{"uv":[15,6,16,10],"texture":"#all","cullface":"south"},"west":{"uv":[15,6,16,10],"texture":"#all","cullface":"south"},"up":{"uv":[3,6,4,7],"texture":"#all","cullface":"east"},"down":{"uv":[3,9,4,10],"texture":"#all","cullface":"east"}}},{"from":[15,11,12],"to":[16,12,13],"faces":{"north":{"uv":[4,5,3,4],"texture":"#all","cullface":"east"},"east":{"uv":[3,4,4,5],"texture":"#all","cullface":"east"},"down":{"uv":[3,4,4,5],"texture":"#all","cullface":"east"}}},{"from":[15,10,8],"to":[16,11,10],"faces":{"north":{"uv":[7,5,8,6],"texture":"#all","cullface":"east"},"east":{"uv":[6,5,8,6],"texture":"#all","cullface":"east"},"south":{"uv":[6,5,7,6],"texture":"#all","cullface":"east"},"up":{"uv":[6,5,7,6],"texture":"#all","cullface":"east"},"down":{"uv":[6,5,8,6],"rotation":90,"texture":"#all","cullface":"east"}}},{"from":[15,4,8],"to":[16,5,11],"faces":{"north":{"uv":[7,11,8,12],"texture":"#all","cullface":"east"},"east":{"uv":[5,11,8,12],"texture":"#all","cullface":"east"},"south":{"uv":[5,11,6,12],"texture":"#all","cullface":"east"},"up":{"uv":[5,11,6,12],"texture":"#all","cullface":"east"},"down":{"uv":[7,11,8,12],"texture":"#all","cullface":"east"}}},{"from":[15,9,10],"to":[16,10,11],"faces":{"north":{"uv":[5,6,6,7],"texture":"#all","cullface":"east"},"east":{"uv":[5,6,6,7],"texture":"#all","cullface":"east"},"south":{"uv":[5,6,6,7],"texture":"#all","cullface":"east"},"up":{"uv":[5,6,6,7],"texture":"#all","cullface":"east"},"down":{"uv":[5,6,6,7],"texture":"#all","cullface":"east"}}},{"from":[15,8,11],"to":[16,9,12],"faces":{"north":{"uv":[4,7,5,8],"texture":"#all","cullface":"east"},"east":{"uv":[4,7,5,8],"texture":"#all","cullface":"east"},"up":{"uv":[4,7,5,8],"texture":"#all","cullface":"east"},"down":{"uv":[4,7,5,8],"texture":"#all","cullface":"east"}}},{"from":[14,1,9],"to":[16,4,16],"faces":{"north":{"uv":[7,12,6,15],"texture":"#all","cullface":"east"},"east":{"uv":[0,12,7,15],"texture":"#all","cullface":"east"},"south":{"uv":[14,12,16,15],"texture":"#all","cullface":"south"},"west":{"uv":[14,12,15,15],"texture":"#all","cullface":"south"},"up":{"uv":[0,12,7,13],"rotation":270,"texture":"#all","cullface":"east"}}},{"from":[15,0,0],"to":[16,3,3],"faces":{"east":{"uv":[13,13,16,16],"texture":"#all","cullface":"east"},"south":{"uv":[13,13,14,14],"texture":"#all","cullface":"east"},"up":{"uv":[13,13,14,14],"texture":"#all","cullface":"east"}}},{"from":[13,4,0],"to":[16,6,3],"faces":{"north":{"uv":[0,10,3,12],"texture":"#all","cullface":"north"},"east":{"uv":[13,10,16,12],"texture":"#all","cullface":"east"},"south":{"uv":[13,10,14,11],"texture":"#all","cullface":"east"},"west":{"uv":[2,10,3,12],"texture":"#all","cullface":"north"},"up":{"uv":[13,10,16,11],"rotation":270,"texture":"#all","cullface":"east"},"down":{"uv":[13,11,14,12],"texture":"#all","cullface":"east"}}},{"from":[15,3,3],"to":[16,5,4],"faces":{"north":{"uv":[12,12,13,13],"texture":"#all","cullface":"east"},"east":{"uv":[12,11,13,13],"texture":"#all","cullface":"east"},"up":{"uv":[13,11,12,12],"texture":"#all","cullface":"east"},"down":{"uv":[12,12,13,13],"texture":"#all","cullface":"east"}}},{"from":[13,10,0],"to":[16,12,4],"faces":{"north":{"uv":[0,4,3,6],"texture":"#all","cullface":"north"},"east":{"uv":[12,4,16,6],"texture":"#all","cullface":"east"},"south":{"uv":[12,5,13,6],"texture":"#all","cullface":"east"},"west":{"uv":[2,4,3,6],"texture":"#all","cullface":"north"},"down":{"uv":[12,5,16,6],"rotation":90,"texture":"#all","cullface":"east"}}},{"from":[15,9,2],"to":[16,10,5],"faces":{"north":{"uv":[13,6,14,7],"texture":"#all","cullface":"east"},"east":{"uv":[11,6,14,7],"texture":"#all","cullface":"east"},"south":{"uv":[11,6,12,7],"texture":"#all","cullface":"east"},"up":{"uv":[11,6,12,7],"texture":"#all","cullface":"east"},"down":{"uv":[13,6,14,7],"texture":"#all","cullface":"east"}}},{"from":[15,3,4],"to":[16,8,6],"faces":{"north":{"uv":[11,8,12,13],"texture":"#all","cullface":"east"},"east":{"uv":[10,8,12,13],"texture":"#all","cullface":"east"},"south":{"uv":[10,8,11,13],"texture":"#all","cullface":"east"},"down":{"uv":[11,12,12,13],"texture":"#all","cullface":"east"}}},{"from":[9,13,0],"to":[16,14,6],"faces":{"north":{"uv":[0,2,7,3],"texture":"#all","cullface":"north"},"east":{"uv":[10,2,16,3],"texture":"#all","cullface":"east"},"south":{"uv":[10,2,11,3],"texture":"#all","cullface":"east"},"west":{"uv":[6,2,7,3],"texture":"#all","cullface":"north"},"down":{"uv":[7,2,0,3],"texture":"#all","cullface":"north"}}},{"from":[15,1,5],"to":[16,3,7],"faces":{"north":{"uv":[10,13,11,15],"texture":"#all","cullface":"east"},"east":{"uv":[9,13,11,15],"texture":"#all","cullface":"east"},"south":{"uv":[9,13,10,15],"texture":"#all","cullface":"east"},"up":{"uv":[9,13,10,14],"texture":"#all","cullface":"east"}}},{"from":[15,8,3],"to":[16,9,7],"faces":{"north":{"uv":[12,7,13,8],"texture":"#all","cullface":"east"},"east":{"uv":[9,7,13,8],"texture":"#all","cullface":"east"},"south":{"uv":[9,7,10,8],"texture":"#all","cullface":"east"},"up":{"uv":[9,7,13,8],"rotation":270,"texture":"#all","cullface":"east"},"down":{"uv":[12,7,13,8],"texture":"#all","cullface":"east"}}},{"from":[11,12,0],"to":[16,13,7],"faces":{"north":{"uv":[0,3,5,4],"texture":"#all","cullface":"north"},"east":{"uv":[9,3,16,4],"texture":"#all","cullface":"east"},"south":{"uv":[9,3,10,4],"texture":"#all","cullface":"east"},"west":{"uv":[4,3,5,4],"texture":"#all","cullface":"north"},"up":{"uv":[9,3,10,4],"texture":"#all","cullface":"east"},"down":{"uv":[4,3,5,4],"texture":"#all","cullface":"north"}}},{"from":[15,1,8],"to":[16,2,9],"faces":{"north":{"uv":[8,15,7,14],"texture":"#all","cullface":"east"},"east":{"uv":[7,14,8,15],"texture":"#all","cullface":"east"},"up":{"uv":[8,14,7,15],"texture":"#all","cullface":"east"}}},{"from":[15,6,6],"to":[16,8,9],"faces":{"east":{"uv":[7,8,10,10],"texture":"#all","cullface":"east"},"south":{"uv":[7,8,8,10],"texture":"#all","cullface":"east"},"up":{"uv":[7,8,10,9],"rotation":270,"texture":"#all","cullface":"east"},"down":{"uv":[7,9,10,10],"rotation":90,"texture":"#all","cullface":"east"}}},{"from":[15,11,4],"to":[16,12,9],"faces":{"east":{"uv":[7,4,12,5],"texture":"#all","cullface":"east"},"south":{"uv":[7,4,8,5],"texture":"#all","cullface":"east"},"up":{"uv":[7,4,12,5],"rotation":270,"texture":"#all","cullface":"east"},"down":{"uv":[7,4,12,5],"rotation":90,"texture":"#all","cullface":"east"}}},{"from":[15,5,7],"to":[16,7,10],"faces":{"north":{"uv":[8,9,9,11],"texture":"#all","cullface":"east"},"east":{"uv":[6,9,9,11],"texture":"#all","cullface":"east"},"south":{"uv":[6,9,7,11],"texture":"#all","cullface":"east"},"up":{"uv":[6,9,7,10],"texture":"#all","cullface":"east"},"down":{"uv":[8,10,9,11],"texture":"#all","cullface":"east"}}},{"from":[7,5,0],"to":[10,7,1],"faces":{"north":{"uv":[6,9,9,11],"texture":"#all","cullface":"north"},"east":{"uv":[6,9,7,11],"texture":"#all","cullface":"north"},"west":{"uv":[8,9,9,11],"texture":"#all","cullface":"north"},"up":{"uv":[9,9,6,10],"texture":"#all","cullface":"north"},"down":{"uv":[9,10,6,11],"texture":"#all","cullface":"north"}}},{"from":[4,11,0],"to":[9,12,1],"faces":{"north":{"uv":[7,4,12,5],"texture":"#all","cullface":"north"},"east":{"uv":[7,4,8,5],"texture":"#all","cullface":"north"},"up":{"uv":[12,4,7,5],"texture":"#all","cullface":"north"},"down":{"uv":[12,4,7,5],"texture":"#all","cullface":"north"}}},{"from":[6,6,0],"to":[9,8,1],"faces":{"north":{"uv":[7,8,10,10],"texture":"#all","cullface":"north"},"east":{"uv":[7,8,8,10],"texture":"#all","cullface":"north"},"up":{"uv":[10,8,7,9],"texture":"#all","cullface":"north"},"down":{"uv":[10,9,7,10],"texture":"#all","cullface":"north"}}},{"from":[8,0,0],"to":[16,2,1],"faces":{"north":{"uv":[0,14,8,16],"texture":"#all","cullface":"north"},"south":{"uv":[8,15,16,16],"texture":"#all","cullface":"down"},"west":{"uv":[8,15,7,14],"texture":"#all","cullface":"north"},"up":{"uv":[7,14,8,15],"texture":"#all","cullface":"north"},"down":{"uv":[8,15,16,16],"texture":"#all","cullface":"down"}}},{"from":[0,12,0],"to":[7,13,5],"faces":{"north":{"uv":[9,3,16,4],"texture":"#all","cullface":"north"},"east":{"uv":[9,3,10,4],"texture":"#all","cullface":"north"},"south":{"uv":[4,3,5,4],"texture":"#all","cullface":"west"},"west":{"uv":[0,3,5,4],"texture":"#all","cullface":"west"},"up":{"uv":[16,3,9,4],"texture":"#all","cullface":"north"},"down":{"uv":[4,3,5,4],"texture":"#all","cullface":"west"}}},{"from":[3,8,0],"to":[7,9,1],"faces":{"north":{"uv":[9,7,13,8],"texture":"#all","cullface":"north"},"east":{"uv":[9,7,10,8],"texture":"#all","cullface":"north"},"west":{"uv":[12,7,13,8],"texture":"#all","cullface":"north"},"up":{"uv":[13,7,9,8],"texture":"#all","cullface":"north"},"down":{"uv":[13,7,9,8],"texture":"#all","cullface":"north"}}},{"from":[5,0,0],"to":[7,3,1],"faces":{"north":{"uv":[9,13,11,16],"texture":"#all","cullface":"north"},"east":{"uv":[9,13,10,16],"texture":"#all","cullface":"north"},"west":{"uv":[10,13,11,16],"texture":"#all","cullface":"north"},"up":{"uv":[11,13,9,14],"texture":"#all","cullface":"north"}}},{"from":[0,13,0],"to":[6,14,7],"faces":{"north":{"uv":[10,2,16,3],"texture":"#all","cullface":"north"},"east":{"uv":[10,2,11,3],"texture":"#all","cullface":"north"},"south":{"uv":[6,2,7,3],"texture":"#all","cullface":"west"},"west":{"uv":[0,2,7,3],"texture":"#all","cullface":"west"},"down":{"uv":[7,2,0,3],"rotation":90,"texture":"#all","cullface":"west"}}},{"from":[4,3,0],"to":[6,8,1],"faces":{"north":{"uv":[10,8,12,13],"texture":"#all","cullface":"north"},"east":{"uv":[10,8,11,13],"texture":"#all","cullface":"north"},"west":{"uv":[11,8,12,13],"texture":"#all","cullface":"north"},"down":{"uv":[12,12,10,13],"texture":"#all","cullface":"north"}}},{"from":[2,9,0],"to":[5,10,1],"faces":{"north":{"uv":[11,6,14,7],"texture":"#all","cullface":"north"},"east":{"uv":[11,6,12,7],"texture":"#all","cullface":"north"},"west":{"uv":[13,6,14,7],"texture":"#all","cullface":"north"},"up":{"uv":[14,6,11,7],"texture":"#all","cullface":"north"},"down":{"uv":[14,6,11,7],"texture":"#all","cullface":"north"}}},{"from":[0,0,0],"to":[5,2,1],"faces":{"north":{"uv":[11,14,16,16],"texture":"#all","cullface":"north"},"up":{"uv":[16,14,11,15],"texture":"#all","cullface":"north"}}},{"from":[0,10,0],"to":[4,12,3],"faces":{"north":{"uv":[12,4,16,6],"texture":"#all","cullface":"north"},"east":{"uv":[12,5,13,6],"texture":"#all","cullface":"north"},"south":{"uv":[2,4,3,6],"texture":"#all","cullface":"west"},"west":{"uv":[0,4,3,6],"texture":"#all","cullface":"west"},"down":{"uv":[16,5,12,6],"texture":"#all","cullface":"north"}}},{"from":[3,3,0],"to":[4,5,1],"faces":{"north":{"uv":[12,11,13,13],"texture":"#all","cullface":"north"},"west":{"uv":[12,12,13,13],"texture":"#all","cullface":"north"},"up":{"uv":[13,11,12,12],"texture":"#all","cullface":"north"},"down":{"uv":[13,12,12,13],"texture":"#all","cullface":"north"}}},{"from":[0,4,0],"to":[3,6,3],"faces":{"north":{"uv":[13,10,16,12],"texture":"#all","cullface":"north"},"east":{"uv":[13,10,14,11],"texture":"#all","cullface":"north"},"south":{"uv":[2,10,3,12],"texture":"#all","cullface":"west"},"west":{"uv":[0,10,3,12],"texture":"#all","cullface":"west"},"up":{"uv":[16,10,13,11],"texture":"#all","cullface":"north"},"down":{"uv":[15,11,13,12],"texture":"#all","cullface":"north"}}},{"from":[2,2,0],"to":[3,3,1],"faces":{"north":{"uv":[13,13,14,14],"texture":"#all","cullface":"north"},"east":{"uv":[13,13,14,14],"texture":"#all","cullface":"north"},"up":{"uv":[13,13,14,14],"texture":"#all","cullface":"north"}}},{"from":[9,2,0],"to":[16,4,2],"faces":{"north":{"uv":[0,12,7,14],"texture":"#all","cullface":"north"},"east":{"uv":[14,12,16,14],"texture":"#all","cullface":"east"},"south":{"uv":[14,12,15,14],"texture":"#all","cullface":"east"},"west":{"uv":[7,12,6,14],"texture":"#all","cullface":"north"},"up":{"uv":[7,12,0,13],"texture":"#all","cullface":"north"}}},{"from":[11,8,0],"to":[12,9,1],"faces":{"north":{"uv":[4,7,5,8],"texture":"#all","cullface":"north"},"west":{"uv":[4,7,5,8],"texture":"#all","cullface":"north"},"up":{"uv":[5,7,4,8],"texture":"#all","cullface":"north"},"down":{"uv":[5,7,4,8],"texture":"#all","cullface":"north"}}},{"from":[10,9,0],"to":[11,10,1],"faces":{"north":{"uv":[5,6,6,7],"texture":"#all","cullface":"north"},"east":{"uv":[5,6,6,7],"texture":"#all","cullface":"north"},"west":{"uv":[5,6,6,7],"texture":"#all","cullface":"north"},"up":{"uv":[6,6,5,7],"texture":"#all","cullface":"north"},"down":{"uv":[6,6,5,7],"texture":"#all","cullface":"north"}}},{"from":[8,4,0],"to":[11,5,1],"faces":{"north":{"uv":[5,11,8,12],"texture":"#all","cullface":"north"},"east":{"uv":[5,11,6,12],"texture":"#all","cullface":"north"},"west":{"uv":[7,11,8,12],"texture":"#all","cullface":"north"},"up":{"uv":[8,11,5,12],"texture":"#all","cullface":"north"},"down":{"uv":[8,11,5,12],"texture":"#all","cullface":"north"}}},{"from":[8,10,0],"to":[10,11,1],"faces":{"north":{"uv":[6,5,8,6],"texture":"#all","cullface":"north"},"east":{"uv":[6,5,7,6],"texture":"#all","cullface":"north"},"west":{"uv":[7,5,8,6],"texture":"#all","cullface":"north"},"up":{"uv":[8,5,6,6],"texture":"#all","cullface":"north"},"down":{"uv":[8,5,6,6],"texture":"#all","cullface":"north"}}},{"from":[12,11,0],"to":[13,12,1],"faces":{"north":{"uv":[3,4,4,5],"texture":"#all","cullface":"north"},"west":{"uv":[4,5,3,4],"texture":"#all","cullface":"north"},"down":{"uv":[4,4,3,5],"texture":"#all","cullface":"north"}}},{"from":[12,6,0],"to":[16,10,1],"faces":{"north":{"uv":[0,6,4,10],"texture":"#all","cullface":"north"},"east":{"uv":[15,6,16,10],"texture":"#all","cullface":"east"},"south":{"uv":[15,6,16,10],"texture":"#all","cullface":"east"},"west":{"uv":[3,6,4,10],"texture":"#all","cullface":"north"},"up":{"uv":[4,6,3,7],"texture":"#all","cullface":"north"},"down":{"uv":[4,9,3,10],"texture":"#all","cullface":"north"}}},{"from":[0,5,6],"to":[1,7,9],"faces":{"north":{"uv":[6,9,7,11],"texture":"#all","cullface":"west"},"south":{"uv":[8,9,9,11],"texture":"#all","cullface":"west"},"west":{"uv":[6,9,9,11],"texture":"#all","cullface":"west"},"up":{"uv":[6,9,7,10],"texture":"#all","cullface":"west"},"down":{"uv":[8,10,9,11],"texture":"#all","cullface":"west"}}},{"from":[0,11,7],"to":[1,12,12],"faces":{"north":{"uv":[7,4,8,5],"texture":"#all","cullface":"west"},"west":{"uv":[7,4,12,5],"texture":"#all","cullface":"west"},"up":{"uv":[12,4,7,5],"rotation":270,"texture":"#all","cullface":"west"},"down":{"uv":[7,4,12,5],"rotation":270,"texture":"#all","cullface":"west"}}},{"from":[0,6,7],"to":[1,8,10],"faces":{"north":{"uv":[7,8,8,10],"texture":"#all","cullface":"west"},"west":{"uv":[7,8,10,10],"texture":"#all","cullface":"west"},"up":{"uv":[10,8,7,9],"rotation":270,"texture":"#all","cullface":"west"},"down":{"uv":[9,9,10,10],"rotation":90,"texture":"#all","cullface":"west"}}},{"from":[0,0,0],"to":[3,2,8],"faces":{"east":{"uv":[2,16,3,8],"rotation":90,"texture":"#all","cullface":"down"},"south":{"uv":[8,15,7,14],"texture":"#all","cullface":"west"},"west":{"uv":[0,14,8,16],"texture":"#all","cullface":"west"},"up":{"uv":[7,14,8,15],"texture":"#all","cullface":"west"},"down":{"uv":[0,8,3,16],"texture":"#all","cullface":"down"}}},{"from":[0,12,9],"to":[5,13,16],"faces":{"north":{"uv":[9,3,10,4],"texture":"#all","cullface":"west"},"east":{"uv":[4,3,5,4],"texture":"#all","cullface":"south"},"south":{"uv":[0,3,5,4],"texture":"#all","cullface":"south"},"west":{"uv":[9,3,16,4],"texture":"#all","cullface":"west"},"up":{"uv":[9,3,10,4],"texture":"#all","cullface":"west"},"down":{"uv":[4,3,5,4],"texture":"#all","cullface":"south"}}},{"from":[0,8,9],"to":[1,9,13],"faces":{"north":{"uv":[9,7,10,8],"texture":"#all","cullface":"west"},"south":{"uv":[12,7,13,8],"texture":"#all","cullface":"west"},"west":{"uv":[9,7,13,8],"texture":"#all","cullface":"west"},"up":{"uv":[13,7,9,8],"rotation":270,"texture":"#all","cullface":"west"},"down":{"uv":[12,7,13,8],"texture":"#all","cullface":"west"}}},{"from":[0,0,9],"to":[3,3,11],"faces":{"north":{"uv":[9,13,10,16],"texture":"#all","cullface":"west"},"east":{"uv":[2,5,3,6],"texture":"#all","cullface":"down"},"south":{"uv":[10,13,11,16],"texture":"#all","cullface":"west"},"west":{"uv":[9,13,11,16],"texture":"#all","cullface":"west"},"up":{"uv":[9,13,10,14],"texture":"#all","cullface":"west"},"down":{"uv":[0,5,3,7],"texture":"#all","cullface":"down"}}},{"from":[0,13,10],"to":[7,14,16],"faces":{"north":{"uv":[10,2,11,3],"texture":"#all","cullface":"west"},"east":{"uv":[6,2,7,3],"texture":"#all","cullface":"south"},"south":{"uv":[0,2,7,3],"texture":"#all","cullface":"south"},"west":{"uv":[10,2,16,3],"texture":"#all","cullface":"west"},"down":{"uv":[0,2,7,3],"texture":"#all","cullface":"south"}}},{"from":[0,3,10],"to":[1,8,12],"faces":{"north":{"uv":[10,8,11,13],"texture":"#all","cullface":"west"},"south":{"uv":[11,8,12,13],"texture":"#all","cullface":"west"},"west":{"uv":[10,8,12,13],"texture":"#all","cullface":"west"},"down":{"uv":[11,12,12,13],"texture":"#all","cullface":"west"}}},{"from":[0,9,11],"to":[1,10,14],"faces":{"north":{"uv":[11,6,12,7],"texture":"#all","cullface":"west"},"south":{"uv":[13,6,14,7],"texture":"#all","cullface":"west"},"west":{"uv":[11,6,14,7],"texture":"#all","cullface":"west"},"up":{"uv":[11,6,12,7],"texture":"#all","cullface":"west"},"down":{"uv":[13,6,14,7],"texture":"#all","cullface":"west"}}},{"from":[0,0,11],"to":[4,2,13],"faces":{"east":{"uv":[3,4,4,5],"texture":"#all","cullface":"down"},"west":{"uv":[11,14,13,16],"texture":"#all","cullface":"west"},"up":{"uv":[13,14,11,15],"rotation":270,"texture":"#all","cullface":"west"},"down":{"uv":[0,3,4,5],"texture":"#all","cullface":"down"}}},{"from":[0,10,12],"to":[3,12,16],"faces":{"north":{"uv":[12,5,13,6],"texture":"#all","cullface":"west"},"east":{"uv":[2,4,3,6],"texture":"#all","cullface":"south"},"south":{"uv":[0,4,3,6],"texture":"#all","cullface":"south"},"west":{"uv":[12,4,16,6],"texture":"#all","cullface":"west"},"down":{"uv":[12,5,16,6],"rotation":270,"texture":"#all","cullface":"west"}}},{"from":[0,3,12],"to":[1,5,13],"faces":{"south":{"uv":[12,12,13,13],"texture":"#all","cullface":"west"},"west":{"uv":[12,11,13,13],"texture":"#all","cullface":"west"},"up":{"uv":[12,11,13,12],"rotation":90,"texture":"#all","cullface":"west"},"down":{"uv":[12,12,13,13],"rotation":270,"texture":"#all","cullface":"west"}}},{"from":[0,4,13],"to":[3,6,16],"faces":{"north":{"uv":[13,10,14,11],"texture":"#all","cullface":"west"},"east":{"uv":[2,10,3,12],"texture":"#all","cullface":"south"},"south":{"uv":[0,10,3,12],"texture":"#all","cullface":"south"},"west":{"uv":[13,10,16,12],"texture":"#all","cullface":"west"},"up":{"uv":[16,10,13,11],"rotation":270,"texture":"#all","cullface":"west"},"down":{"uv":[13,11,14,12],"texture":"#all","cullface":"west"}}},{"from":[0,0,13],"to":[1,3,14],"faces":{"north":{"uv":[13,13,14,14],"texture":"#all","cullface":"west"},"west":{"uv":[13,13,14,16],"texture":"#all","cullface":"west"},"up":{"uv":[13,13,14,14],"texture":"#all","cullface":"west"}}},{"from":[0,2,0],"to":[2,4,7],"faces":{"north":{"uv":[14,12,16,14],"texture":"#all","cullface":"north"},"east":{"uv":[14,12,15,14],"texture":"#all","cullface":"north"},"south":{"uv":[7,12,6,14],"texture":"#all","cullface":"west"},"west":{"uv":[0,12,7,14],"texture":"#all","cullface":"west"},"up":{"uv":[0,12,7,13],"rotation":90,"texture":"#all","cullface":"west"}}},{"from":[0,8,4],"to":[1,9,5],"faces":{"south":{"uv":[4,7,5,8],"texture":"#all","cullface":"west"},"west":{"uv":[4,7,5,8],"texture":"#all","cullface":"west"},"up":{"uv":[5,7,4,8],"texture":"#all","cullface":"west"},"down":{"uv":[4,7,5,8],"texture":"#all","cullface":"west"}}},{"from":[0,9,5],"to":[1,10,6],"faces":{"north":{"uv":[5,6,6,7],"texture":"#all","cullface":"west"},"south":{"uv":[5,6,6,7],"texture":"#all","cullface":"west"},"west":{"uv":[5,6,6,7],"texture":"#all","cullface":"west"},"up":{"uv":[6,6,5,7],"texture":"#all","cullface":"west"},"down":{"uv":[5,6,6,7],"texture":"#all","cullface":"west"}}},{"from":[0,4,5],"to":[1,5,8],"faces":{"north":{"uv":[5,11,6,12],"texture":"#all","cullface":"west"},"south":{"uv":[7,11,8,12],"texture":"#all","cullface":"west"},"west":{"uv":[5,11,8,12],"texture":"#all","cullface":"west"},"up":{"uv":[5,11,6,12],"texture":"#all","cullface":"west"},"down":{"uv":[7,11,8,12],"texture":"#all","cullface":"west"}}},{"from":[0,10,6],"to":[1,11,8],"faces":{"north":{"uv":[6,5,7,6],"texture":"#all","cullface":"west"},"south":{"uv":[7,5,8,6],"texture":"#all","cullface":"west"},"west":{"uv":[6,5,8,6],"texture":"#all","cullface":"west"},"up":{"uv":[6,5,7,6],"texture":"#all","cullface":"west"},"down":{"uv":[6,5,8,6],"rotation":270,"texture":"#all","cullface":"west"}}},{"from":[0,11,3],"to":[1,12,4],"faces":{"south":{"uv":[4,5,3,4],"texture":"#all","cullface":"west"},"west":{"uv":[3,4,4,5],"texture":"#all","cullface":"west"},"down":{"uv":[3,4,4,5],"texture":"#all","cullface":"west"}}},{"from":[0,6,0],"to":[1,10,4],"faces":{"north":{"uv":[15,6,16,10],"texture":"#all","cullface":"north"},"east":{"uv":[15,6,16,10],"texture":"#all","cullface":"north"},"south":{"uv":[3,6,4,10],"texture":"#all","cullface":"west"},"west":{"uv":[0,6,4,10],"texture":"#all","cullface":"west"},"up":{"uv":[4,6,3,7],"texture":"#all","cullface":"west"},"down":{"uv":[3,9,4,10],"texture":"#all","cullface":"west"}}},{"from":[7,0,14],"to":[10,1,16],"faces":{"north":{"uv":[10,1,7,2],"texture":"#all","cullface":"down"},"south":{"uv":[7,15,10,16],"texture":"#all","cullface":"south"},"up":{"uv":[7,15,10,16],"texture":"#all","cullface":"south"},"down":{"uv":[7,0,10,2],"texture":"#all","cullface":"down"}}},{"from":[0,0,13],"to":[7,1,16],"faces":{"north":{"uv":[7,2,0,3],"texture":"#all","cullface":"down"},"east":{"uv":[7,3,6,2],"texture":"#all","cullface":"down"},"down":{"uv":[0,0,7,3],"texture":"#all","cullface":"down"}}},{"from":[4,0,12],"to":[5,1,13],"faces":{"north":{"uv":[4,3,5,4],"texture":"#all","cullface":"down"},"east":{"uv":[4,3,5,4],"texture":"#all","cullface":"down"},"down":{"uv":[4,3,5,4],"texture":"#all","cullface":"down"}}},{"from":[3,0,6],"to":[4,1,10],"faces":{"north":{"uv":[4,9,3,10],"texture":"#all","cullface":"down"},"east":{"uv":[4,10,3,6],"rotation":90,"texture":"#all","cullface":"down"},"south":{"uv":[3,6,4,7],"texture":"#all","cullface":"down"},"down":{"uv":[3,6,4,10],"texture":"#all","cullface":"down"}}},{"from":[3,0,0],"to":[7,1,4],"faces":{"east":{"uv":[6,16,7,12],"rotation":90,"texture":"#all","cullface":"down"},"south":{"uv":[3,12,7,13],"texture":"#all","cullface":"down"},"down":{"uv":[3,12,7,16],"texture":"#all","cullface":"down"}}},{"from":[0,0,8],"to":[5,1,9],"faces":{"north":{"uv":[5,7,4,8],"texture":"#all","cullface":"down"},"east":{"uv":[5,8,4,7],"texture":"#all","cullface":"down"},"south":{"uv":[4,7,5,8],"texture":"#all","cullface":"down"},"west":{"uv":[8,15,9,16],"texture":"#all","cullface":"west"},"up":{"uv":[8,15,9,16],"texture":"#all","cullface":"west"},"down":{"uv":[0,7,5,8],"texture":"#all","cullface":"down"}}},{"from":[5,0,9],"to":[6,1,10],"faces":{"north":{"uv":[6,6,5,7],"texture":"#all","cullface":"down"},"east":{"uv":[6,7,5,6],"texture":"#all","cullface":"down"},"south":{"uv":[5,6,6,7],"texture":"#all","cullface":"down"},"west":{"uv":[5,6,6,7],"texture":"#all","cullface":"down"},"down":{"uv":[5,6,6,7],"texture":"#all","cullface":"down"}}},{"from":[5,0,4],"to":[8,1,5],"faces":{"north":{"uv":[8,11,5,12],"texture":"#all","cullface":"down"},"east":{"uv":[8,12,7,11],"texture":"#all","cullface":"down"},"south":{"uv":[5,11,8,12],"texture":"#all","cullface":"down"},"west":{"uv":[5,11,6,12],"texture":"#all","cullface":"down"},"down":{"uv":[5,11,8,12],"texture":"#all","cullface":"down"}}},{"from":[6,0,10],"to":[8,1,11],"faces":{"north":{"uv":[8,5,6,6],"texture":"#all","cullface":"down"},"east":{"uv":[8,6,7,5],"texture":"#all","cullface":"down"},"south":{"uv":[6,5,8,6],"texture":"#all","cullface":"down"},"west":{"uv":[6,5,7,6],"texture":"#all","cullface":"down"},"down":{"uv":[6,5,8,6],"texture":"#all","cullface":"down"}}},{"from":[6,0,5],"to":[9,1,7],"faces":{"north":{"uv":[9,10,6,11],"texture":"#all","cullface":"down"},"east":{"uv":[8,10,9,11],"texture":"#all","cullface":"down"},"south":{"uv":[6,9,9,10],"texture":"#all","cullface":"down"},"west":{"uv":[6,9,7,11],"rotation":90,"texture":"#all","cullface":"down"},"down":{"uv":[6,9,9,11],"texture":"#all","cullface":"down"}}},{"from":[7,0,11],"to":[12,1,12],"faces":{"north":{"uv":[12,4,7,5],"texture":"#all","cullface":"down"},"south":{"uv":[7,4,12,5],"texture":"#all","cullface":"down"},"west":{"uv":[7,4,8,5],"texture":"#all","cullface":"down"},"down":{"uv":[7,4,12,5],"texture":"#all","cullface":"down"}}},{"from":[7,0,6],"to":[10,1,8],"faces":{"north":{"uv":[10,9,7,10],"texture":"#all","cullface":"down"},"south":{"uv":[7,8,10,9],"texture":"#all","cullface":"down"},"west":{"uv":[7,8,8,9],"texture":"#all","cullface":"down"},"down":{"uv":[7,8,10,10],"texture":"#all","cullface":"down"}}},{"from":[7,0,0],"to":[8,1,2],"faces":{"north":{"uv":[8,15,9,16],"texture":"#all","cullface":"north"},"east":{"uv":[7,14,8,15],"texture":"#all","cullface":"down"},"south":{"uv":[7,14,8,15],"texture":"#all","cullface":"down"},"up":{"uv":[8,15,9,16],"texture":"#all","cullface":"north"},"down":{"uv":[7,14,8,16],"texture":"#all","cullface":"down"}}},{"from":[9,0,12],"to":[12,1,13],"faces":{"south":{"uv":[9,3,12,4],"texture":"#all","cullface":"down"},"west":{"uv":[9,3,10,4],"texture":"#all","cullface":"down"},"down":{"uv":[9,3,12,4],"texture":"#all","cullface":"down"}}},{"from":[9,0,8],"to":[13,1,9],"faces":{"north":{"uv":[13,7,9,8],"texture":"#all","cullface":"down"},"east":{"uv":[13,8,12,7],"texture":"#all","cullface":"down"},"south":{"uv":[9,7,13,8],"texture":"#all","cullface":"down"},"west":{"uv":[9,7,10,8],"texture":"#all","cullface":"down"},"down":{"uv":[9,7,13,8],"texture":"#all","cullface":"down"}}},{"from":[9,0,1],"to":[11,1,3],"faces":{"east":{"uv":[10,13,11,14],"texture":"#all","cullface":"down"},"south":{"uv":[9,13,11,14],"texture":"#all","cullface":"down"},"west":{"uv":[9,13,10,15],"rotation":90,"texture":"#all","cullface":"down"},"down":{"uv":[9,13,11,15],"texture":"#all","cullface":"down"}}},{"from":[10,0,13],"to":[15,2,16],"faces":{"south":{"uv":[10,14,15,16],"texture":"#all","cullface":"south"},"west":{"uv":[10,2,11,3],"texture":"#all","cullface":"down"},"up":{"uv":[10,14,15,15],"texture":"#all","cullface":"south"},"down":{"uv":[10,0,15,3],"texture":"#all","cullface":"down"}}},{"from":[10,0,3],"to":[12,1,8],"faces":{"north":{"uv":[12,12,10,13],"texture":"#all","cullface":"down"},"east":{"uv":[12,13,11,8],"rotation":90,"texture":"#all","cullface":"down"},"west":{"uv":[10,8,11,13],"rotation":90,"texture":"#all","cullface":"down"},"down":{"uv":[10,8,12,13],"texture":"#all","cullface":"down"}}},{"from":[11,0,9],"to":[14,1,10],"faces":{"north":{"uv":[14,6,11,7],"texture":"#all","cullface":"down"},"east":{"uv":[14,7,13,6],"texture":"#all","cullface":"down"},"south":{"uv":[11,6,14,7],"texture":"#all","cullface":"down"},"west":{"uv":[11,6,12,7],"texture":"#all","cullface":"down"},"down":{"uv":[11,6,14,7],"texture":"#all","cullface":"down"}}},{"from":[11,0,1],"to":[13,1,2],"faces":{"south":{"uv":[11,14,13,15],"texture":"#all","cullface":"down"},"down":{"uv":[11,14,13,15],"texture":"#all","cullface":"down"}}},{"from":[12,0,10],"to":[15,1,13],"faces":{"north":{"uv":[15,5,12,6],"texture":"#all","cullface":"down"},"west":{"uv":[12,5,13,6],"texture":"#all","cullface":"down"},"down":{"uv":[12,3,15,6],"texture":"#all","cullface":"down"}}},{"from":[12,0,3],"to":[13,1,5],"faces":{"north":{"uv":[13,12,12,13],"texture":"#all","cullface":"down"},"east":{"uv":[13,13,12,12],"texture":"#all","cullface":"down"},"south":{"uv":[12,11,13,12],"texture":"#all","cullface":"down"},"down":{"uv":[12,11,13,13],"texture":"#all","cullface":"down"}}},{"from":[13,0,4],"to":[15,1,6],"faces":{"north":{"uv":[15,11,13,12],"texture":"#all","cullface":"down"},"south":{"uv":[13,10,15,11],"texture":"#all","cullface":"down"},"west":{"uv":[13,10,14,11],"texture":"#all","cullface":"down"},"down":{"uv":[13,10,15,12],"texture":"#all","cullface":"down"}}},{"from":[13,0,1],"to":[16,1,3],"faces":{"south":{"uv":[13,13,14,14],"texture":"#all","cullface":"down"},"west":{"uv":[13,13,14,14],"texture":"#all","cullface":"down"},"down":{"uv":[13,13,16,15],"texture":"#all","cullface":"down"}}},{"from":[14,0,3],"to":[16,2,5],"faces":{"east":{"uv":[11,14,13,16],"texture":"#all","cullface":"east"},"west":{"uv":[14,12,15,13],"texture":"#all","cullface":"down"},"up":{"uv":[13,14,11,15],"rotation":90,"texture":"#all","cullface":"east"},"down":{"uv":[14,11,16,13],"texture":"#all","cullface":"down"}}},{"from":[15,0,5],"to":[16,1,16],"faces":{"east":{"uv":[0,15,11,16],"texture":"#all","cullface":"east"},"south":{"uv":[15,15,16,16],"texture":"#all","cullface":"south"},"west":{"uv":[15,0,16,11],"rotation":90,"texture":"#all","cullface":"down"},"up":{"uv":[11,15,0,16],"rotation":90,"texture":"#all","cullface":"east"},"down":{"uv":[15,0,16,11],"texture":"#all","cullface":"down"}}}]}