{"__comment":"Designed by GeForceLegend","ambientocclusion":false,"textures":{"top1":"block/pale_oak_door_top1","particle":"block/pale_oak_door_top","top":"block/pale_oak_door_top"},"elements":[{"from":[0,0,4],"to":[3,2,12],"faces":{"east":{"uv":[4,14,12,16],"texture":"#top"},"west":{"uv":[12,14,4,16],"texture":"#top","cullface":"west"},"up":{"uv":[12,14,4,15],"rotation":90,"texture":"#top","cullface":"west"}}},{"from":[0,0,12],"to":[3,11,16],"faces":{"north":{"uv":[4,5,3,16],"texture":"#top"},"east":{"uv":[0,5,4,16],"texture":"#top"},"south":{"uv":[3,5,0,16],"texture":"#top1","cullface":"south"},"west":{"uv":[4,5,0,16],"texture":"#top","cullface":"west"}}},{"from":[0,0,0],"to":[3,11,4],"faces":{"north":{"uv":[16,5,13,16],"texture":"#top1","cullface":"north"},"east":{"uv":[12,5,16,16],"texture":"#top"},"south":{"uv":[13,5,12,16],"texture":"#top"},"west":{"uv":[16,5,12,16],"texture":"#top","cullface":"west"}}},{"from":[0,11,0],"to":[3,16,16],"faces":{"north":{"uv":[16,0,13,5],"texture":"#top1","cullface":"north"},"east":{"uv":[0,0,16,5],"texture":"#top"},"south":{"uv":[3,0,0,5],"texture":"#top1","cullface":"south"},"west":{"uv":[16,0,0,5],"texture":"#top","cullface":"west"},"up":{"uv":[7,16,10,0],"texture":"#top1"},"down":{"uv":[11,0,12,8],"texture":"#top1"}}},{"from":[0.6,2,4],"to":[2.4,10,12],"faces":{"east":{"uv":[4,6,12,14],"texture":"#top"},"west":{"uv":[12,6,4,14],"texture":"#top","cullface":"west"}}},{"from":[-0.4,10.01,3.01],"to":[3.4,11.99,15.99],"faces":{"north":{"uv":[13,4,12,6],"texture":"#top"},"east":{"uv":[0,4,13,6],"texture":"#top"},"south":{"uv":[1,4,0,6],"texture":"#top"},"west":{"uv":[13,4,0,6],"texture":"#top","cullface":"west"},"up":{"uv":[13,4,0,5],"rotation":90,"texture":"#top"},"down":{"uv":[0,5,13,6],"rotation":90,"texture":"#top"}}},{"from":[-0.4,9.01,5.01],"to":[3.4,10.01,6.99],"faces":{"north":{"uv":[11,6,10,7],"texture":"#top"},"east":{"uv":[9,6,11,7],"texture":"#top"},"south":{"uv":[10,6,9,7],"texture":"#top"},"west":{"uv":[11,6,9,7],"texture":"#top","cullface":"west"},"down":{"uv":[9,6,11,7],"rotation":90,"texture":"#top"}}},{"from":[-0.4,11.99,5.01],"to":[3.4,12.99,6.99],"faces":{"north":{"uv":[11,3,10,4],"texture":"#top"},"east":{"uv":[9,3,11,4],"texture":"#top"},"south":{"uv":[10,3,9,4],"texture":"#top"},"west":{"uv":[11,3,9,4],"texture":"#top","cullface":"west"},"up":{"uv":[11,3,9,4],"rotation":90,"texture":"#top"}}},{"from":[-0.99,0,3.01],"to":[3.99,0.99,4.99],"faces":{"north":{"uv":[13,15,12,16],"texture":"#top"},"east":{"uv":[11,15,13,16],"texture":"#top"},"south":{"uv":[12,15,11,16],"texture":"#top"},"west":{"uv":[13,15,11,16],"texture":"#top","cullface":"west"},"up":{"uv":[13,15,11,16],"rotation":90,"texture":"#top"}}}]}