{"__comment":"Designed by GeForceLegend","ambientocclusion":false,"textures":{"particle":"block/powered_rail","rail":"block/powered_rail","wood":"block/rail_wood_redstone"},"elements":[{"from":[1,0.01,1],"to":[15,0.99,3],"faces":{"north":{"uv":[15,1,1,2],"texture":"#wood"},"east":{"uv":[15,1,14,3],"rotation":90,"texture":"#wood"},"south":{"uv":[1,2,15,3],"texture":"#wood"},"west":{"uv":[2,3,1,1],"rotation":90,"texture":"#wood"},"up":{"uv":[1,1,15,3],"texture":"#wood"},"down":{"uv":[1,3,15,1],"texture":"#wood","cullface":"down"}}},{"from":[1,0.01,5],"to":[15,0.99,7],"faces":{"north":{"uv":[15,5,1,6],"texture":"#wood"},"east":{"uv":[15,5,14,7],"rotation":90,"texture":"#wood"},"south":{"uv":[1,6,15,7],"texture":"#wood"},"west":{"uv":[2,7,1,5],"rotation":90,"texture":"#wood"},"up":{"uv":[1,5,15,7],"texture":"#wood"},"down":{"uv":[1,7,15,5],"texture":"#wood","cullface":"down"}}},{"from":[1,0.01,9],"to":[15,0.99,11],"faces":{"north":{"uv":[15,9,1,10],"texture":"#wood"},"east":{"uv":[15,5,14,7],"rotation":90,"texture":"#wood"},"south":{"uv":[1,10,15,11],"texture":"#wood"},"west":{"uv":[2,11,1,9],"rotation":90,"texture":"#wood"},"up":{"uv":[1,9,15,11],"texture":"#wood"},"down":{"uv":[1,11,15,9],"texture":"#wood","cullface":"down"}}},{"from":[1,0.01,13],"to":[15,0.99,15],"faces":{"north":{"uv":[15,13,1,14],"texture":"#wood"},"east":{"uv":[15,13,14,15],"rotation":90,"texture":"#wood"},"south":{"uv":[1,14,15,15],"texture":"#wood"},"west":{"uv":[2,15,1,13],"rotation":90,"texture":"#wood"},"up":{"uv":[1,13,15,15],"texture":"#wood"},"down":{"uv":[1,15,15,13],"texture":"#wood","cullface":"down"}}},{"from":[7,0,3],"to":[9,0.99,5],"faces":{"east":{"uv":[8,3,9,5],"rotation":90,"texture":"#wood"},"west":{"uv":[8,5,7,3],"rotation":90,"texture":"#wood"},"up":{"uv":[7,3,9,5],"texture":"#wood"},"down":{"uv":[7,5,9,3],"texture":"#wood","cullface":"down"}}},{"from":[7,0,7],"to":[9,0.99,9],"faces":{"east":{"uv":[8,7,9,9],"rotation":90,"texture":"#wood"},"west":{"uv":[8,9,7,7],"rotation":90,"texture":"#wood"},"up":{"uv":[7,7,9,9],"texture":"#wood"},"down":{"uv":[7,9,9,7],"texture":"#wood","cullface":"down"}}},{"from":[7,0,11],"to":[9,0.99,13],"faces":{"east":{"uv":[8,11,9,13],"rotation":90,"texture":"#wood"},"west":{"uv":[8,13,7,11],"rotation":90,"texture":"#wood"},"up":{"uv":[7,11,9,13],"texture":"#wood"},"down":{"uv":[7,13,9,11],"texture":"#wood","cullface":"down"}}},{"from":[2,0,0],"to":[4,2,16],"faces":{"north":{"uv":[4,0,2,1],"texture":"#rail","cullface":"north"},"east":{"uv":[4,16,3,0],"rotation":270,"texture":"#rail"},"south":{"uv":[2,15,4,16],"texture":"#rail","cullface":"south"},"west":{"uv":[2,0,3,16],"rotation":270,"texture":"#rail"},"up":{"uv":[2,0,4,16],"texture":"#rail"},"down":{"uv":[2,16,4,0],"texture":"#rail","cullface":"down"}}},{"from":[12,0,0],"to":[14,2,16],"faces":{"north":{"uv":[14,0,12,1],"texture":"#rail","cullface":"north"},"east":{"uv":[14,16,13,0],"rotation":270,"texture":"#rail"},"south":{"uv":[12,15,14,16],"texture":"#rail","cullface":"south"},"west":{"uv":[12,0,13,16],"rotation":270,"texture":"#rail"},"up":{"uv":[12,0,14,16],"texture":"#rail"},"down":{"uv":[12,16,14,0],"texture":"#rail","cullface":"down"}}},{"from":[4,0,0],"to":[5,1,16],"faces":{"north":{"uv":[4,0,5,1],"texture":"#rail","cullface":"north"},"east":{"uv":[4,0,5,16],"rotation":90,"texture":"#rail"},"south":{"uv":[4,15,5,16],"texture":"#rail","cullface":"south"},"up":{"uv":[4,0,5,16],"texture":"#rail"},"down":{"uv":[4,16,5,0],"texture":"#rail","cullface":"down"}}},{"from":[11,0,0],"to":[12,1,16],"faces":{"north":{"uv":[11,0,12,1],"texture":"#rail","cullface":"north"},"south":{"uv":[11,15,12,16],"texture":"#rail","cullface":"south"},"west":{"uv":[11,16,12,0],"rotation":90,"texture":"#rail"},"up":{"uv":[11,0,12,16],"texture":"#rail"},"down":{"uv":[11,16,12,0],"texture":"#rail","cullface":"down"}}}]}