{"__comment":"Designed by GeForceLegend","ambientocclusion":false,"textures":{"particle":"block/resin_clump","texture":"block/resin_clump"},"elements":[{"from":[2,13,0],"to":[3,14,0.5],"faces":{"north":{"uv":[2,2,3,3],"texture":"#texture","cullface":"north"},"east":{"uv":[2,2,3,3],"texture":"#texture"},"south":{"uv":[2,2,3,3],"texture":"#texture"},"west":{"uv":[2,2,3,3],"texture":"#texture"},"up":{"uv":[2,2,3,3],"texture":"#texture"},"down":{"uv":[2,2,3,3],"texture":"#texture"}}},{"from":[9,12,0],"to":[11,14,0.5],"faces":{"north":{"uv":[11,2,9,4],"texture":"#texture","cullface":"north"},"east":{"uv":[10,2,11,4],"texture":"#texture"},"south":{"uv":[9,2,11,4],"texture":"#texture"},"west":{"uv":[9,2,10,4],"texture":"#texture"},"up":{"uv":[9,2,11,3],"texture":"#texture"},"down":{"uv":[9,3,11,4],"texture":"#texture"}}},{"from":[13,9,0],"to":[15,11,0.5],"faces":{"north":{"uv":[15,5,13,7],"texture":"#texture","cullface":"north"},"east":{"uv":[14,5,15,7],"texture":"#texture"},"south":{"uv":[13,5,15,7],"texture":"#texture"},"west":{"uv":[13,5,14,7],"texture":"#texture"},"up":{"uv":[13,5,15,6],"texture":"#texture"},"down":{"uv":[13,6,15,7],"texture":"#texture"}}},{"from":[14,8,0],"to":[15,9,0.5],"faces":{"north":{"uv":[14,7,15,8],"texture":"#texture","cullface":"north"},"east":{"uv":[14,7,15,8],"texture":"#texture"},"south":{"uv":[14,7,15,8],"texture":"#texture"},"west":{"uv":[14,7,15,8],"texture":"#texture"},"down":{"uv":[14,7,15,8],"texture":"#texture"}}},{"from":[3,10,0],"to":[4,11,0.5],"faces":{"north":{"uv":[3,5,4,6],"texture":"#texture","cullface":"north"},"east":{"uv":[3,5,4,6],"texture":"#texture"},"south":{"uv":[3,5,4,6],"texture":"#texture"},"west":{"uv":[3,5,4,6],"texture":"#texture"},"up":{"uv":[3,5,4,6],"texture":"#texture"}}},{"from":[3,8,0],"to":[5,10,0.5],"faces":{"north":{"uv":[5,6,3,8],"texture":"#texture","cullface":"north"},"east":{"uv":[4,6,5,8],"texture":"#texture"},"south":{"uv":[3,6,5,8],"texture":"#texture"},"west":{"uv":[3,6,4,8],"texture":"#texture"},"up":{"uv":[3,6,5,7],"texture":"#texture"},"down":{"uv":[3,7,5,8],"texture":"#texture"}}},{"from":[6,7,0],"to":[7,8,0.5],"faces":{"north":{"uv":[6,8,7,9],"texture":"#texture","cullface":"north"},"east":{"uv":[6,8,7,9],"texture":"#texture"},"south":{"uv":[6,8,7,9],"texture":"#texture"},"west":{"uv":[6,8,7,9],"texture":"#texture"},"up":{"uv":[6,8,7,9],"texture":"#texture"},"down":{"uv":[6,8,7,9],"texture":"#texture"}}},{"from":[10,5,0],"to":[12,7,0.5],"faces":{"north":{"uv":[12,9,10,11],"texture":"#texture","cullface":"north"},"east":{"uv":[11,9,12,11],"texture":"#texture"},"south":{"uv":[10,9,12,11],"texture":"#texture"},"west":{"uv":[10,9,11,11],"texture":"#texture"},"up":{"uv":[10,9,12,10],"texture":"#texture"},"down":{"uv":[10,10,12,11],"texture":"#texture"}}},{"from":[9,4,0],"to":[10,6,0.5],"faces":{"north":{"uv":[9,10,10,12],"texture":"#texture","cullface":"north"},"south":{"uv":[9,10,10,12],"texture":"#texture"},"west":{"uv":[9,10,10,12],"texture":"#texture"},"up":{"uv":[9,10,10,11],"texture":"#texture"},"down":{"uv":[9,11,10,12],"texture":"#texture"}}},{"from":[10,4,0],"to":[11,5,0.5],"faces":{"north":{"uv":[10,11,11,12],"texture":"#texture","cullface":"north"},"east":{"uv":[10,11,11,12],"texture":"#texture"},"south":{"uv":[10,11,11,12],"texture":"#texture"},"down":{"uv":[10,11,11,12],"texture":"#texture"}}},{"from":[13,3,0],"to":[14,4,0.5],"faces":{"north":{"uv":[13,12,14,13],"texture":"#texture","cullface":"north"},"east":{"uv":[13,12,14,13],"texture":"#texture"},"south":{"uv":[13,12,14,13],"texture":"#texture"},"west":{"uv":[13,12,14,13],"texture":"#texture"},"up":{"uv":[13,12,14,13],"texture":"#texture"},"down":{"uv":[13,12,14,13],"texture":"#texture"}}},{"from":[5,1,0],"to":[7,3,0.5],"faces":{"north":{"uv":[7,13,5,15],"texture":"#texture","cullface":"north"},"east":{"uv":[6,13,7,15],"texture":"#texture"},"south":{"uv":[5,13,7,15],"texture":"#texture"},"west":{"uv":[5,13,6,15],"texture":"#texture"},"up":{"uv":[5,13,7,14],"texture":"#texture"},"down":{"uv":[5,14,7,15],"texture":"#texture"}}}]}