{"__comment":"Designed by GeForceLegend","parent":"block/block","textures":{"particle":"block/stonecutter_bottom","bottom":"block/stonecutter_bottom","top":"block/stonecutter_top","side":"block/stonecutter_side","saw":"block/stonecutter_saw"},"elements":[{"from":[0,0,0],"to":[16,1,16],"faces":{"north":{"uv":[0,15,16,16],"texture":"#side","cullface":"north"},"east":{"uv":[0,15,16,16],"texture":"#side","cullface":"east"},"south":{"uv":[0,15,16,16],"texture":"#side","cullface":"south"},"west":{"uv":[0,15,16,16],"texture":"#side","cullface":"west"},"up":{"uv":[0,0,16,16],"texture":"#bottom"},"down":{"uv":[0,0,16,16],"texture":"#bottom","cullface":"down"}}},{"from":[1,8,8],"to":[15,15,8],"faces":{"north":{"uv":[1,9,15,16],"texture":"#saw","tintindex":0},"south":{"uv":[1,9,15,16],"texture":"#saw","tintindex":0}}},{"from":[0,1,0],"to":[3,9,3],"faces":{"north":{"uv":[13,7,16,15],"texture":"#side","cullface":"north"},"east":{"uv":[13,7,16,15],"texture":"#side"},"south":{"uv":[0,7,3,15],"texture":"#side"},"west":{"uv":[0,7,3,15],"texture":"#side","cullface":"west"},"up":{"uv":[0,0,3,3],"texture":"#top"}}},{"from":[0,1,13],"to":[3,9,16],"faces":{"north":{"uv":[13,7,16,15],"texture":"#side"},"east":{"uv":[0,7,3,15],"texture":"#side"},"south":{"uv":[0,7,3,15],"texture":"#side","cullface":"south"},"west":{"uv":[13,7,16,15],"texture":"#side","cullface":"west"},"up":{"uv":[0,13,3,16],"texture":"#top"}}},{"from":[13,1,13],"to":[16,9,16],"faces":{"north":{"uv":[0,7,3,15],"texture":"#side"},"east":{"uv":[0,7,3,15],"texture":"#side","cullface":"east"},"south":{"uv":[13,7,16,15],"texture":"#side","cullface":"south"},"west":{"uv":[13,7,16,15],"texture":"#side"},"up":{"uv":[13,13,16,16],"texture":"#top"}}},{"from":[13,1,0],"to":[16,9,3],"faces":{"north":{"uv":[0,7,3,15],"texture":"#side","cullface":"north"},"east":{"uv":[13,7,16,15],"texture":"#side","cullface":"east"},"south":{"uv":[13,7,16,15],"texture":"#side"},"west":{"uv":[0,7,3,15],"texture":"#side"},"up":{"uv":[13,0,16,3],"texture":"#top"}}},{"from":[7,8,7],"to":[9,9,9],"faces":{"north":{"uv":[7,15,9,16],"texture":"#saw"},"east":{"uv":[7,15,9,16],"texture":"#saw"},"south":{"uv":[7,15,9,16],"texture":"#saw"},"west":{"uv":[7,15,9,16],"texture":"#saw"},"up":{"uv":[7,15,9,16],"texture":"#saw"}}},{"from":[1,1,1],"to":[15,5,15],"faces":{"north":{"uv":[1,11,15,15],"texture":"#side","cullface":"north"},"east":{"uv":[1,11,15,15],"texture":"#side","cullface":"east"},"south":{"uv":[1,11,15,15],"texture":"#side","cullface":"south"},"west":{"uv":[1,11,15,15],"texture":"#side","cullface":"west"}}},{"from":[13,5,3],"to":[16,8,13],"faces":{"east":{"uv":[3,8,13,11],"texture":"#side","cullface":"east"},"up":{"uv":[13,3,16,13],"texture":"#top"},"down":{"uv":[3,10,13,11],"rotation":90,"texture":"#side","cullface":"east"}}},{"from":[3,5,0],"to":[13,8,16],"faces":{"north":{"uv":[3,8,13,11],"texture":"#side","cullface":"north"},"south":{"uv":[3,8,13,11],"texture":"#side","cullface":"south"},"up":{"uv":[3,0,13,16],"texture":"#top"},"down":{"uv":[13,9,3,11],"texture":"#side"}}},{"from":[0,5,3],"to":[3,8,13],"faces":{"west":{"uv":[3,8,13,11],"texture":"#side","cullface":"west"},"up":{"uv":[0,3,3,13],"texture":"#top"},"down":{"uv":[13,10,3,11],"rotation":90,"texture":"#side","cullface":"west"}}}]}