{"__comment":"Designed by GeForceLegend","parent":"block/block","textures":{"particle":"#all"},"elements":[{"from":[0,4,14],"to":[16,12,14],"faces":{"north":{"uv":[8,12,16,16],"texture":"#all"}}},{"from":[0,5,13],"to":[1,11,14],"faces":{"north":{"uv":[15.5,12.5,16,15.5],"texture":"#all"},"east":{"uv":[15.5,12.5,16,15.5],"texture":"#all"}}},{"from":[15,5,13],"to":[16,11,14],"faces":{"north":{"uv":[8,12.5,8.5,15.5],"texture":"#all"},"west":{"uv":[8,12.5,8.5,15.5],"texture":"#all"}}},{"from":[0,11,13],"to":[16,12,14],"faces":{"north":{"uv":[8,12,16,12.5],"texture":"#all"},"down":{"uv":[16,12,8,12.5],"texture":"#all"}}},{"from":[0,4,13],"to":[16,5,14],"faces":{"north":{"uv":[8,15.5,16,16],"texture":"#all"},"up":{"uv":[16,15.5,8,16],"texture":"#all"}}}]}