{"__comment":"Designed by GeForceLegend","parent":"block/block","textures":{"particle":"#all"},"elements":[{"from":[0,0,14],"to":[16,16,16],"faces":{"north":{"uv":[0,2,8,6],"texture":"#all"},"south":{"uv":[8,0,16,8],"texture":"#all","cullface":"south"}}},{"from":[0,4,13],"to":[1,12,16],"faces":{"north":{"uv":[7.5,2,8,6],"texture":"#all"},"east":{"uv":[7.5,2,8,6],"texture":"#all"},"west":{"uv":[14.5,2,16,6],"texture":"#all"}}},{"from":[15,4,13],"to":[16,12,16],"faces":{"north":{"uv":[0,2,0.5,6],"texture":"#all"},"east":{"uv":[8,2,9.5,6],"texture":"#all","cullface":"east"},"west":{"uv":[0,2,0.5,6],"texture":"#all"}}},{"from":[10,4,13],"to":[11,12,14],"faces":{"north":{"uv":[2.5,2,3,6],"texture":"#all"},"east":{"uv":[2.5,2,3,6],"texture":"#all"},"west":{"uv":[2.5,2,3,6],"texture":"#all"}}},{"from":[5,4,13],"to":[6,12,14],"faces":{"north":{"uv":[5,2,5.5,6],"texture":"#all"},"east":{"uv":[5,2,5.5,6],"texture":"#all"},"west":{"uv":[5,2,5.5,6],"texture":"#all"}}},{"from":[0,0,11],"to":[16,4,16],"faces":{"north":{"uv":[0,6,8,8],"texture":"#all"},"east":{"uv":[8,6,10.5,8],"texture":"#all","cullface":"east"},"west":{"uv":[13.5,6,16,8],"texture":"#all","cullface":"west"},"up":{"uv":[8,3.5,16,6],"texture":"#all"},"down":{"uv":[16,5,8,3.5],"texture":"#all","cullface":"down"}}},{"from":[0,12,11],"to":[16,16,16],"faces":{"north":{"uv":[0,0,8,2],"texture":"#all"},"east":{"uv":[8,0,10.5,2],"texture":"#all","cullface":"east"},"west":{"uv":[13.5,0,16,2],"texture":"#all","cullface":"west"},"up":{"uv":[16,6,8,4.5],"texture":"#all","cullface":"up"},"down":{"uv":[8,3.5,16,6],"texture":"#all"}}}],"display":{"thirdperson_righthand":{"rotation":[-100,135,0],"translation":[0,5,-1],"scale":[0.4,0.4,0.4]},"firstperson_righthand":{"rotation":[0,135,0],"translation":[0,-2,0],"scale":[0.5,0.5,0.5]},"gui":{"rotation":[30,-135,0],"translation":[2.5,-1.5,0],"scale":[0.625,0.625,0.625]},"fixed":{"translation":[0,0,-4],"scale":[0.5,0.5,0.5]},"on_shelf":{"rotation":[0,180,0],"translation":[0,0,4],"scale":[1,1,1]}}}