{"__comment":"Designed by GeForceLegend","parent":"block/block","textures":{"particle":"#side"},"elements":[{"from":[1,0.5,1],"to":[15,15.5,15],"faces":{"up":{"uv":[1,1,15,15],"texture":"#top","cullface":"up"},"down":{"uv":[1,1,15,15],"texture":"#top","cullface":"down"}}},{"from":[0,0,0],"to":[16,16,1],"faces":{"north":{"uv":[0,0,16,16],"texture":"#side","cullface":"north"},"east":{"uv":[15,0,16,16],"texture":"#side","cullface":"east"},"south":{"uv":[0,0,16,16],"texture":"#top"},"west":{"uv":[0,0,1,16],"texture":"#side","cullface":"west"},"up":{"uv":[0,0,16,1],"texture":"#top","cullface":"up"},"down":{"uv":[0,15,16,16],"texture":"#top","cullface":"down"}}},{"from":[0,0,15],"to":[16,16,16],"faces":{"north":{"uv":[16,16,0,0],"texture":"#top"},"east":{"uv":[0,0,1,16],"texture":"#side","cullface":"east"},"south":{"uv":[0,0,16,16],"texture":"#side","cullface":"south"},"west":{"uv":[15,0,16,16],"texture":"#side","cullface":"west"},"up":{"uv":[0,15,16,16],"texture":"#top","cullface":"up"},"down":{"uv":[0,0,16,1],"texture":"#top","cullface":"down"}}},{"from":[0,0,1],"to":[1,16,15],"faces":{"east":{"uv":[0,1,1,15],"rotation":90,"texture":"#top"},"west":{"uv":[1,0,15,16],"texture":"#side","cullface":"west"},"up":{"uv":[0,1,1,15],"texture":"#top","cullface":"up"},"down":{"uv":[0,1,1,15],"texture":"#top","cullface":"down"}}},{"from":[15,0,1],"to":[16,16,15],"faces":{"east":{"uv":[1,0,15,16],"texture":"#side","cullface":"east"},"west":{"uv":[15,15,16,1],"rotation":90,"texture":"#top"},"up":{"uv":[15,1,16,15],"texture":"#top","cullface":"up"},"down":{"uv":[15,1,16,15],"texture":"#top","cullface":"down"}}},{"from":[1,0,7],"to":[15,16,9],"faces":{"north":{"uv":[1,7,15,9],"texture":"#top"},"south":{"uv":[1,9,15,7],"texture":"#top"},"up":{"uv":[1,7,15,9],"texture":"#top","cullface":"up"},"down":{"uv":[1,7,15,9],"texture":"#top","cullface":"down"}}},{"from":[7,0,1],"to":[9,16,15],"faces":{"east":{"uv":[8,1,9,15],"rotation":90,"texture":"#top"},"west":{"uv":[7,15,8,1],"rotation":90,"texture":"#top"},"up":{"uv":[7,1,9,15],"texture":"#top","cullface":"up"},"down":{"uv":[7,1,9,15],"texture":"#top","cullface":"down"}}},{"from":[3,0,1],"to":[5,16,7],"faces":{"east":{"uv":[4,1,5,7],"rotation":90,"texture":"#top"},"west":{"uv":[3,7,4,1],"rotation":90,"texture":"#top"},"up":{"uv":[3,1,5,7],"texture":"#top","cullface":"up"},"down":{"uv":[3,9,5,15],"texture":"#top","cullface":"down"}}},{"from":[11,0,1],"to":[13,16,7],"faces":{"east":{"uv":[12,1,13,7],"rotation":90,"texture":"#top"},"west":{"uv":[11,7,12,1],"rotation":90,"texture":"#top"},"up":{"uv":[11,1,13,7],"texture":"#top","cullface":"up"},"down":{"uv":[11,9,13,15],"texture":"#top","cullface":"down"}}},{"from":[3,0,9],"to":[5,16,15],"faces":{"east":{"uv":[4,9,5,15],"rotation":90,"texture":"#top"},"west":{"uv":[3,15,4,9],"rotation":90,"texture":"#top"},"up":{"uv":[3,9,5,15],"texture":"#top","cullface":"up"},"down":{"uv":[3,1,5,7],"texture":"#top","cullface":"down"}}},{"from":[11,0,9],"to":[13,16,15],"faces":{"east":{"uv":[12,9,13,15],"rotation":90,"texture":"#top"},"west":{"uv":[11,15,12,9],"rotation":90,"texture":"#top"},"up":{"uv":[11,9,13,15],"texture":"#top","cullface":"up"},"down":{"uv":[11,1,13,7],"texture":"#top","cullface":"down"}}},{"from":[1,0,3],"to":[7,16,5],"faces":{"north":{"uv":[1,3,7,13],"texture":"#top"},"south":{"uv":[1,4,7,12],"texture":"#top"},"up":{"uv":[1,3,7,5],"texture":"#top"},"down":{"uv":[1,11,7,13],"texture":"#top"}}},{"from":[9,0,3],"to":[15,16,5],"faces":{"north":{"uv":[9,3,15,13],"texture":"#top"},"south":{"uv":[9,4,15,12],"texture":"#top"},"up":{"uv":[9,3,15,5],"texture":"#top"},"down":{"uv":[9,11,15,13],"texture":"#top"}}},{"from":[1,0,11],"to":[7,16,13],"faces":{"north":{"uv":[1,12,7,4],"texture":"#top"},"south":{"uv":[1,13,7,3],"texture":"#top"},"up":{"uv":[1,11,7,13],"texture":"#top"},"down":{"uv":[1,3,7,5],"texture":"#top"}}},{"from":[9,0,11],"to":[15,16,13],"faces":{"north":{"uv":[9,12,15,4],"texture":"#top"},"south":{"uv":[9,13,15,3],"texture":"#top"},"up":{"uv":[9,11,15,13],"texture":"#top"},"down":{"uv":[9,3,15,5],"texture":"#top"}}}]}