{"__comment":"Designed by GeForceLegend","ambientocclusion":false,"textures":{"particle":"block/warped_door_bottom","bottom":"block/warped_door_bottom","bottom1":"block/warped_door_bottom1"},"elements":[{"from":[0,0,12],"to":[3,16,16],"faces":{"north":{"uv":[4,0,3,16],"texture":"#bottom"},"east":{"uv":[0,0,4,16],"texture":"#bottom"},"south":{"uv":[3,0,0,16],"texture":"#bottom1","cullface":"south"},"west":{"uv":[4,0,0,16],"texture":"#bottom","cullface":"west"},"down":{"uv":[7,0,10,4],"texture":"#bottom1","cullface":"down"}}},{"from":[0,1,5],"to":[3,16,11],"faces":{"north":{"uv":[11,0,10,15],"texture":"#bottom"},"east":{"uv":[5,0,11,15],"texture":"#bottom"},"south":{"uv":[6,0,5,15],"texture":"#bottom"},"west":{"uv":[11,0,5,15],"texture":"#bottom","cullface":"west"}}},{"from":[0,0,0],"to":[3,16,4],"faces":{"north":{"uv":[16,0,13,16],"texture":"#bottom1","cullface":"north"},"east":{"uv":[12,0,16,16],"texture":"#bottom"},"south":{"uv":[13,0,12,16],"texture":"#bottom"},"west":{"uv":[16,0,12,16],"texture":"#bottom","cullface":"west"},"down":{"uv":[7,12,10,16],"texture":"#bottom1","cullface":"down"}}},{"from":[0.5,1,4],"to":[2.5,16,12],"faces":{"east":{"uv":[4,0,12,15],"texture":"#bottom"},"west":{"uv":[12,0,4,15],"texture":"#bottom","cullface":"west"}}},{"from":[0,0,4],"to":[3,1,12],"faces":{"east":{"uv":[4,15,12,16],"texture":"#bottom"},"west":{"uv":[12,15,4,16],"texture":"#bottom","cullface":"west"},"up":{"uv":[12,15,4,16],"rotation":90,"texture":"#bottom"},"down":{"uv":[7,4,10,12],"texture":"#bottom1","cullface":"down"}}},{"from":[-0.49,6.01,14.99],"to":[3.49,7.01,15.99],"faces":{"north":{"uv":[1,9,0,10],"texture":"#bottom"},"east":{"uv":[1,9,0,10],"texture":"#bottom"},"south":{"uv":[1,9,0,10],"texture":"#bottom","cullface":"south"},"west":{"uv":[1,9,0,10],"texture":"#bottom","cullface":"west"},"up":{"uv":[0,10,1,9],"texture":"#bottom"},"down":{"uv":[0,10,1,9],"texture":"#bottom"}}},{"from":[-0.49,7.01,13.99],"to":[3.49,8.01,14.99],"faces":{"north":{"uv":[2,8,1,9],"texture":"#bottom"},"east":{"uv":[2,8,1,9],"texture":"#bottom"},"south":{"uv":[2,8,1,9],"texture":"#bottom"},"west":{"uv":[2,8,1,9],"texture":"#bottom","cullface":"west"},"up":{"uv":[1,9,2,8],"texture":"#bottom"},"down":{"uv":[1,9,2,8],"texture":"#bottom"}}},{"from":[-0.49,8.01,11.99],"to":[3.49,9.01,13.99],"faces":{"north":{"uv":[4,7,2,8],"texture":"#bottom"},"east":{"uv":[4,7,2,8],"texture":"#bottom"},"south":{"uv":[4,7,2,8],"texture":"#bottom"},"west":{"uv":[4,7,2,8],"texture":"#bottom","cullface":"west"},"up":{"uv":[2,8,4,7],"texture":"#bottom"},"down":{"uv":[2,8,4,7],"texture":"#bottom"}}},{"from":[-0.49,6.01,10.99],"to":[3.49,8.01,11.99],"faces":{"north":{"uv":[5,8,4,10],"texture":"#bottom"},"east":{"uv":[5,8,4,10],"texture":"#bottom"},"south":{"uv":[5,8,4,10],"texture":"#bottom"},"west":{"uv":[5,8,4,10],"texture":"#bottom","cullface":"west"},"up":{"uv":[4,10,5,8],"texture":"#bottom"},"down":{"uv":[4,10,5,8],"texture":"#bottom"}}},{"from":[-0.49,5.01,8.99],"to":[3.49,6.01,10.99],"faces":{"north":{"uv":[7,10,5,11],"texture":"#bottom"},"east":{"uv":[7,10,5,11],"texture":"#bottom"},"south":{"uv":[7,10,5,11],"texture":"#bottom"},"west":{"uv":[7,10,5,11],"texture":"#bottom","cullface":"west"},"up":{"uv":[5,11,7,10],"texture":"#bottom"},"down":{"uv":[5,11,7,10],"texture":"#bottom"}}},{"from":[-0.49,4.01,7.01],"to":[3.49,5.01,8.99],"faces":{"north":{"uv":[9,11,8,12],"texture":"#bottom"},"east":{"uv":[7,11,9,12],"texture":"#bottom"},"south":{"uv":[8,11,7,12],"texture":"#bottom"},"west":{"uv":[9,11,7,12],"texture":"#bottom","cullface":"west"},"up":{"uv":[9,11,7,12],"rotation":90,"texture":"#bottom"},"down":{"uv":[7,11,9,12],"rotation":90,"texture":"#bottom"}}},{"from":[-0.49,5.01,6.01],"to":[3.49,6.01,7.01],"faces":{"north":{"uv":[10,10,9,11],"texture":"#bottom"},"east":{"uv":[10,10,9,11],"texture":"#bottom"},"south":{"uv":[10,10,9,11],"texture":"#bottom"},"west":{"uv":[10,10,9,11],"texture":"#bottom","cullface":"west"},"up":{"uv":[9,11,10,10],"texture":"#bottom"},"down":{"uv":[9,11,10,10],"texture":"#bottom"}}},{"from":[-0.49,6.01,5.01],"to":[3.49,9.01,6.01],"faces":{"north":{"uv":[11,7,10,10],"texture":"#bottom"},"east":{"uv":[11,7,10,10],"texture":"#bottom"},"south":{"uv":[11,7,10,10],"texture":"#bottom"},"west":{"uv":[11,7,10,10],"texture":"#bottom","cullface":"west"},"up":{"uv":[10,8,11,7],"texture":"#bottom"},"down":{"uv":[10,10,11,9],"texture":"#bottom"}}},{"from":[-0.49,9.01,4.01],"to":[3.49,10.01,5.01],"faces":{"north":{"uv":[12,6,11,7],"texture":"#bottom"},"east":{"uv":[12,6,11,7],"texture":"#bottom"},"south":{"uv":[12,6,11,7],"texture":"#bottom"},"west":{"uv":[12,6,11,7],"texture":"#bottom","cullface":"west"},"up":{"uv":[11,7,12,6],"texture":"#bottom"},"down":{"uv":[11,7,12,6],"texture":"#bottom"}}},{"from":[-0.49,10.01,2.01],"to":[3.49,11.01,4.01],"faces":{"north":{"uv":[14,5,12,6],"texture":"#bottom"},"east":{"uv":[14,5,12,6],"texture":"#bottom"},"south":{"uv":[14,5,12,6],"texture":"#bottom"},"west":{"uv":[14,5,12,6],"texture":"#bottom","cullface":"west"},"up":{"uv":[12,6,14,5],"texture":"#bottom"},"down":{"uv":[12,6,14,5],"texture":"#bottom"}}},{"from":[-0.49,9.01,0.01],"to":[3.49,10.01,2.01],"faces":{"north":{"uv":[16,6,14,7],"texture":"#bottom","cullface":"north"},"east":{"uv":[16,6,14,7],"texture":"#bottom"},"south":{"uv":[16,6,14,7],"texture":"#bottom"},"west":{"uv":[16,6,14,7],"texture":"#bottom","cullface":"west"},"up":{"uv":[14,7,16,6],"texture":"#bottom"},"down":{"uv":[14,7,16,6],"texture":"#bottom"}}},{"from":[-0.49,4.01,0.01],"to":[3.49,5.01,1.01],"faces":{"north":{"uv":[16,11,15,12],"texture":"#bottom","cullface":"north"},"east":{"uv":[16,11,15,12],"texture":"#bottom"},"south":{"uv":[16,11,15,12],"texture":"#bottom"},"west":{"uv":[16,11,15,12],"texture":"#bottom","cullface":"west"},"up":{"uv":[15,12,16,11],"texture":"#bottom"},"down":{"uv":[15,12,16,11],"texture":"#bottom"}}},{"from":[-0.49,5.01,1.01],"to":[3.49,6.01,3.01],"faces":{"north":{"uv":[15,10,14,11],"texture":"#bottom"},"east":{"uv":[13,10,15,11],"texture":"#bottom"},"south":{"uv":[14,10,13,11],"texture":"#bottom"},"west":{"uv":[15,10,13,11],"texture":"#bottom","cullface":"west"},"up":{"uv":[15,10,13,11],"rotation":90,"texture":"#bottom"},"down":{"uv":[13,10,15,11],"rotation":90,"texture":"#bottom"}}},{"from":[-0.49,3.01,3.01],"to":[3.49,5.01,4.01],"faces":{"north":{"uv":[13,11,12,13],"texture":"#bottom"},"east":{"uv":[13,11,12,13],"texture":"#bottom"},"south":{"uv":[13,11,12,13],"texture":"#bottom"},"west":{"uv":[13,11,12,13],"texture":"#bottom","cullface":"west"},"up":{"uv":[12,12,13,11],"texture":"#bottom"},"down":{"uv":[12,13,13,12],"texture":"#bottom"}}},{"from":[-0.49,2.01,4.01],"to":[3.49,3.01,6.01],"faces":{"north":{"uv":[12,13,11,14],"texture":"#bottom"},"east":{"uv":[10,13,12,14],"texture":"#bottom"},"south":{"uv":[11,13,10,14],"texture":"#bottom"},"west":{"uv":[12,13,10,14],"texture":"#bottom","cullface":"west"},"up":{"uv":[12,13,10,14],"rotation":90,"texture":"#bottom"},"down":{"uv":[10,13,12,14],"rotation":90,"texture":"#bottom"}}},{"from":[-0.49,1.01,6.01],"to":[3.49,2.01,7.01],"faces":{"north":{"uv":[10,14,9,15],"texture":"#bottom"},"east":{"uv":[10,14,9,15],"texture":"#bottom"},"south":{"uv":[10,14,9,15],"texture":"#bottom"},"west":{"uv":[10,14,9,15],"texture":"#bottom","cullface":"west"},"up":{"uv":[9,15,10,14],"texture":"#bottom"},"down":{"uv":[9,15,10,14],"texture":"#bottom"}}},{"from":[-0.49,12.01,14.99],"to":[3.49,14.01,15.99],"faces":{"north":{"uv":[1,2,0,4],"texture":"#bottom"},"east":{"uv":[1,2,0,4],"texture":"#bottom"},"south":{"uv":[1,2,0,4],"texture":"#bottom","cullface":"south"},"west":{"uv":[1,2,0,4],"texture":"#bottom","cullface":"west"},"up":{"uv":[0,3,1,2],"texture":"#bottom"},"down":{"uv":[0,4,1,3],"texture":"#bottom"}}},{"from":[-0.49,14.01,13.99],"to":[3.49,15.01,14.99],"faces":{"north":{"uv":[2,1,1,2],"texture":"#bottom"},"east":{"uv":[2,1,1,2],"texture":"#bottom"},"south":{"uv":[2,1,1,2],"texture":"#bottom"},"west":{"uv":[2,1,1,2],"texture":"#bottom","cullface":"west"},"up":{"uv":[1,2,2,1],"texture":"#bottom"},"down":{"uv":[1,2,2,1],"texture":"#bottom"}}},{"from":[-0.49,15.01,11.99],"to":[3.49,16.01,13.99],"faces":{"north":{"uv":[4,0,3,1],"texture":"#bottom"},"east":{"uv":[2,0,4,1],"texture":"#bottom"},"south":{"uv":[3,0,2,1],"texture":"#bottom"},"west":{"uv":[4,0,2,1],"texture":"#bottom","cullface":"west"},"up":{"uv":[4,0,2,1],"rotation":90,"texture":"#bottom"},"down":{"uv":[2,0,4,1],"rotation":90,"texture":"#bottom"}}},{"from":[-0.49,14.01,9.99],"to":[3.49,15.01,11.99],"faces":{"north":{"uv":[6,1,5,2],"texture":"#bottom"},"east":{"uv":[4,1,6,2],"texture":"#bottom"},"south":{"uv":[5,1,4,2],"texture":"#bottom"},"west":{"uv":[6,1,4,2],"texture":"#bottom","cullface":"west"},"up":{"uv":[6,1,4,2],"rotation":90,"texture":"#bottom"},"down":{"uv":[4,1,6,2],"rotation":90,"texture":"#bottom"}}},{"from":[-0.49,15.01,8.99],"to":[3.49,16.01,9.99],"faces":{"north":{"uv":[7,0,6,1],"texture":"#bottom"},"east":{"uv":[7,0,6,1],"texture":"#bottom"},"south":{"uv":[7,0,6,1],"texture":"#bottom"},"west":{"uv":[7,0,6,1],"texture":"#bottom","cullface":"west"},"up":{"uv":[6,1,7,0],"texture":"#bottom"},"down":{"uv":[6,1,7,0],"texture":"#bottom"}}},{"from":[0.01,6.01,15.99],"to":[2.99,7.01,16.49],"faces":{"east":{"uv":[1,9,0,10],"texture":"#bottom","cullface":"south"},"south":{"uv":[3,9,0,10],"texture":"#bottom1","cullface":"south"},"west":{"uv":[1,9,0,10],"texture":"#bottom","cullface":"south"},"up":{"uv":[0,10,3,9],"texture":"#bottom1","cullface":"south"},"down":{"uv":[0,10,3,9],"texture":"#bottom1","cullface":"south"}}},{"from":[0.01,12.01,15.99],"to":[2.99,13.01,16.49],"faces":{"east":{"uv":[1,3,0,4],"texture":"#bottom","cullface":"south"},"south":{"uv":[3,3,0,4],"texture":"#bottom1","cullface":"south"},"west":{"uv":[1,3,0,4],"texture":"#bottom","cullface":"south"},"up":{"uv":[0,4,3,3],"texture":"#bottom1","cullface":"south"},"down":{"uv":[0,4,3,3],"texture":"#bottom1","cullface":"south"}}},{"from":[0.01,4.01,-0.49],"to":[2.99,5.01,0.01],"faces":{"north":{"uv":[16,11,13,12],"texture":"#bottom1","cullface":"north"},"east":{"uv":[16,11,15,12],"texture":"#bottom","cullface":"north"},"west":{"uv":[16,11,15,12],"texture":"#bottom","cullface":"north"},"up":{"uv":[13,12,16,11],"texture":"#bottom1","cullface":"north"},"down":{"uv":[13,12,16,11],"texture":"#bottom1","cullface":"north"}}},{"from":[0.01,9.01,-0.49],"to":[2.99,10.01,0.01],"faces":{"north":{"uv":[16,6,13,7],"texture":"#bottom1","cullface":"north"},"east":{"uv":[16,6,15,7],"texture":"#bottom","cullface":"north"},"west":{"uv":[16,6,15,7],"texture":"#bottom","cullface":"north"},"up":{"uv":[13,7,16,6],"texture":"#bottom1","cullface":"north"},"down":{"uv":[13,7,16,6],"texture":"#bottom1","cullface":"north"}}}]}