{
	"__comment":"Designed by GeForceLegend",
	"textures":{
		"base":"block/brewing_stand_base",
		"particle":"block/brewing_stand",
		"stand":"block/brewing_stand"
	},
	"elements":[
		{
			"from":[7,1,7],
			"to":[9,14,9],
			"light_emission":15,
			"faces":{
				"north":{"uv":[7,2,9,15],"texture":"#stand"},
				"east":{"uv":[7,2,9,15],"texture":"#stand"},
				"south":{"uv":[7,2,9,15],"texture":"#stand"},
				"west":{"uv":[7,2,9,15],"texture":"#stand"},
				"up":{"uv":[7,7,9,9],"texture":"#stand"}
			}
		},
		{
			"from":[6.9,11,6.9],
			"to":[9.1,13,9.1],
			"faces":{
				"north":{"uv":[7,3,9,5],"texture":"#stand"},
				"east":{"uv":[7,3,9,5],"texture":"#stand"},
				"south":{"uv":[7,3,9,5],"texture":"#stand"},
				"west":{"uv":[7,3,9,5],"texture":"#stand"},
				"up":{"uv":[7,3,8,4],"texture":"#stand"},
				"down":{"uv":[7,4,8,5],"texture":"#stand"}
			}
		},
		{
			"from":[10,0,5],
			"to":[16,2,11],
			"faces":{
				"north":{"uv":[9,14,15,16],"texture":"#base"},
				"east":{"uv":[5,14,11,16],"texture":"#base"},
				"south":{"uv":[9,14,15,16],"texture":"#base"},
				"west":{"uv":[5,14,11,16],"texture":"#base"},
				"up":{"uv":[9,5,15,11],"texture":"#base"},
				"down":{"uv":[9,5,15,11],"texture":"#base"}
			}
		},
		{
			"from":[1,0,1],
			"to":[7,2,7],
			"faces":{
				"north":{"uv":[2,14,8,16],"texture":"#base"},
				"east":{"uv":[1,14,7,16],"texture":"#base"},
				"south":{"uv":[2,14,8,16],"texture":"#base"},
				"west":{"uv":[1,14,7,16],"texture":"#base"},
				"up":{"uv":[2,1,8,7],"texture":"#base"},
				"down":{"uv":[2,1,8,7],"texture":"#base"}
			}
		},
		{
			"from":[1,0,9],
			"to":[7,2,15],
			"faces":{
				"north":{"uv":[2,14,8,16],"texture":"#base"},
				"east":{"uv":[9,14,15,16],"texture":"#base"},
				"south":{"uv":[2,14,8,16],"texture":"#base"},
				"west":{"uv":[9,14,15,16],"texture":"#base"},
				"up":{"uv":[2,9,8,15],"texture":"#base"},
				"down":{"uv":[2,9,8,15],"texture":"#base"}
			}
		},
		{
			"from":[5,0,7],
			"to":[7,1,9],
			"faces":{
				"west":{"uv":[6,8,8,9],"texture":"#base"},
				"up":{"uv":[5,7,7,9],"texture":"#base"},
				"down":{"uv":[5,7,7,9],"texture":"#base"}
			}
		},
		{
			"from":[9,0,6],
			"to":[10,1,10],
			"faces":{
				"north":{"uv":[8,6,9,7],"texture":"#base"},
				"south":{"uv":[8,9,9,10],"texture":"#base"},
				"up":{"uv":[8,6,9,10],"texture":"#base"},
				"down":{"uv":[8,10,9,6],"texture":"#base","cullface":"down"}
			}
		},
		{
			"from":[7,0,5],
			"to":[9,1,11],
			"faces":{
				"north":{"uv":[10,5,8,6],"texture":"#base"},
				"east":{"uv":[9,5,10,11],"rotation":90,"texture":"#base"},
				"south":{"uv":[8,10,10,11],"texture":"#base"},
				"up":{"uv":[8,5,10,11],"texture":"#base"},
				"down":{"uv":[8,11,10,5],"texture":"#base","cullface":"down"}
			}
		},
		{
			"from":[9,3,7.5],
			"to":[11,14,8.5],
			"faces":{
				"north":{"uv":[11,2,9,13],"texture":"#stand"},
				"east":{"uv":[11,2,10,13],"texture":"#stand"},
				"south":{"uv":[9,2,11,13],"texture":"#stand"},
				"up":{"uv":[9,3,11,2],"texture":"#stand"},
				"down":{"uv":[9,12,11,13],"texture":"#stand"}
			}
		},
		{
			"from":[11,12,7.5],
			"to":[12,15,8.5],
			"faces":{
				"north":{"uv":[11,1,12,4],"texture":"#stand"},
				"south":{"uv":[11,1,12,4],"texture":"#stand"},
				"west":{"uv":[11,1,12,4],"texture":"#stand"},
				"up":{"uv":[11,2,12,1],"texture":"#stand"},
				"down":{"uv":[11,3,12,4],"texture":"#stand"}
			}
		},
		{
			"from":[13,11,7.5],
			"to":[14,13,8.5],
			"faces":{
				"north":{"uv":[13,3,14,5],"texture":"#stand"},
				"east":{"uv":[13,3,14,5],"texture":"#stand"},
				"south":{"uv":[13,3,14,5],"texture":"#stand"},
				"up":{"uv":[13,3,14,4],"texture":"#stand"},
				"down":{"uv":[13,4,14,5],"texture":"#stand"}
			}
		},
		{
			"from":[12,6,7.5],
			"to":[13,16,8.5],
			"faces":{
				"north":{"uv":[12,0,13,10],"texture":"#stand"},
				"east":{"uv":[12,0,13,10],"texture":"#stand"},
				"south":{"uv":[12,0,13,10],"texture":"#stand"},
				"west":{"uv":[12,0,13,10],"texture":"#stand"},
				"up":{"uv":[12,0,13,1],"texture":"#stand"},
				"down":{"uv":[12,9,13,10],"texture":"#stand"}
			}
		},
		{
			"from":[5,3,7.5],
			"to":[7,14.01,8.5],
			"rotation":{"angle":-45,"axis":"y","origin":[8,7,8]},
			"faces":{
				"north":{"uv":[9,2,11,13],"texture":"#stand"},
				"east":{"uv":[10,2,9,13],"texture":"#stand"},
				"south":{"uv":[11,2,9,13],"texture":"#stand"},
				"west":{"uv":[11,2,10,13],"texture":"#stand"},
				"up":{"uv":[11,2,9,3],"texture":"#stand"},
				"down":{"uv":[11,13,9,12],"texture":"#stand"}
			}
		},
		{
			"from":[4,12,7.5],
			"to":[5,15,8.5],
			"rotation":{"angle":-45,"axis":"y","origin":[8,7,8]},
			"faces":{
				"north":{"uv":[11,1,12,4],"texture":"#stand"},
				"east":{"uv":[11,1,12,4],"texture":"#stand"},
				"south":{"uv":[11,1,12,4],"texture":"#stand"},
				"up":{"uv":[12,1,11,2],"texture":"#stand"},
				"down":{"uv":[12,4,11,3],"texture":"#stand"}
			}
		},
		{
			"from":[2,11,7.5],
			"to":[3,13,8.5],
			"rotation":{"angle":-45,"axis":"y","origin":[8,7,8]},
			"faces":{
				"north":{"uv":[13,3,14,5],"texture":"#stand"},
				"south":{"uv":[13,3,14,5],"texture":"#stand"},
				"west":{"uv":[13,3,14,5],"texture":"#stand"},
				"up":{"uv":[14,4,13,3],"texture":"#stand"},
				"down":{"uv":[14,5,13,4],"texture":"#stand"}
			}
		},
		{
			"from":[3,6,7.5],
			"to":[4,16,8.5],
			"rotation":{"angle":-45,"axis":"y","origin":[8,7,8]},
			"faces":{
				"north":{"uv":[12,0,13,10],"texture":"#stand"},
				"east":{"uv":[12,0,13,10],"texture":"#stand"},
				"south":{"uv":[12,0,13,10],"texture":"#stand"},
				"west":{"uv":[12,0,13,10],"texture":"#stand"},
				"up":{"uv":[13,1,12,0],"texture":"#stand"},
				"down":{"uv":[13,10,12,9],"texture":"#stand"}
			}
		},
		{
			"from":[5,3,7.5],
			"to":[7,14.01,8.5],
			"rotation":{"angle":45,"axis":"y","origin":[8,7,8]},
			"faces":{
				"north":{"uv":[9,2,11,13],"texture":"#stand"},
				"east":{"uv":[10,2,9,13],"texture":"#stand"},
				"south":{"uv":[11,2,9,13],"texture":"#stand"},
				"west":{"uv":[11,2,10,13],"texture":"#stand"},
				"up":{"uv":[11,2,9,3],"texture":"#stand"},
				"down":{"uv":[11,13,9,12],"texture":"#stand"}
			}
		},
		{
			"from":[4,12,7.5],
			"to":[5,15,8.5],
			"rotation":{"angle":45,"axis":"y","origin":[8,7,8]},
			"faces":{
				"north":{"uv":[11,1,12,4],"texture":"#stand"},
				"east":{"uv":[11,1,12,4],"texture":"#stand"},
				"south":{"uv":[11,1,12,4],"texture":"#stand"},
				"up":{"uv":[12,1,11,2],"texture":"#stand"},
				"down":{"uv":[12,4,11,3],"texture":"#stand"}
			}
		},
		{
			"from":[2,11,7.5],
			"to":[3,13,8.5],
			"rotation":{"angle":45,"axis":"y","origin":[8,7,8]},
			"faces":{
				"north":{"uv":[13,3,14,5],"texture":"#stand"},
				"south":{"uv":[13,3,14,5],"texture":"#stand"},
				"west":{"uv":[13,3,14,5],"texture":"#stand"},
				"up":{"uv":[14,4,13,3],"texture":"#stand"},
				"down":{"uv":[14,5,13,4],"texture":"#stand"}
			}
		},
		{
			"from":[3,6,7.5],
			"to":[4,16,8.5],
			"rotation":{"angle":45,"axis":"y","origin":[8,7,8]},
			"faces":{
				"north":{"uv":[12,0,13,10],"texture":"#stand"},
				"east":{"uv":[12,0,13,10],"texture":"#stand"},
				"south":{"uv":[12,0,13,10],"texture":"#stand"},
				"west":{"uv":[12,0,13,10],"texture":"#stand"},
				"up":{"uv":[13,1,12,0],"texture":"#stand"},
				"down":{"uv":[13,10,12,9],"texture":"#stand"}
			}
		}
	],
	"display":{
		"thirdperson_righthand":{
			"rotation":[75,45,0],
			"translation":[0,1,0],
			"scale":[0.375,0.375,0.375]
		},
		"firstperson_righthand":{
			"rotation":[0,45,0],
			"translation":[0,1,0],
			"scale":[0.4,0.4,0.4]
		},
		"ground":{
			"translation":[0,3,0],
			"scale":[0.25,0.25,0.25]
		},
		"gui":{
			"rotation":[30,225,0],
			"translation":[-0.5,0.5,0],
			"scale":[0.75,0.75,0.75]
		},
		"fixed":{
			"scale":[0.7,0.7,0.7]
		}
	}
}