{
  "credit": "Made with Blockbench by Minecraft_hyr",
  "parent": "block/lever",
  "display": {
    "thirdperson_righthand": {
      "rotation": [75, 0, 0],
      "translation": [0, 1.75, 2.25],
      "scale": [0.4, 0.4, 0.4]
    },
    "firstperson_righthand": {
      "rotation": [75, 0, 0],
      "scale": [0.4, 0.4, 0.4]
    },
    "gui": {
      "rotation": [30, 45, 0],
      "translation": [0, 2, 0],
      "scale": [0.9, 0.9, 0.9]
    },
    "head": {
      "translation": [0, 14.5, 0]
    },
    "fixed": {
      "rotation": [-90, 180, 0],
      "translation": [0, 0, -5.25],
      "scale": [0.75, 0.75, 0.75]
    }
  }
}