{
	"__comment":"Designed by GeForceLegend",
	"parent":"block/light_blue_candle_one_candle",
	"display":{
		"ground":{
			"rotation":[0,0,0],
			"translation":[0,4,0],
			"scale":[0.5,0.5,0.5]
		},
		"gui":{
			"rotation":[30,225,0],
			"scale":[1.3,1.3,1.3],
			"translation":[0,3.5,0]
		},
		"thirdperson_righthand":{
			"rotation":[0,0,0],
			"translation":[0,4,1],
			"scale":[0.55,0.55,0.55]
		},
		"firstperson_righthand":{
			"rotation":[0,-90,25],
			"translation":[0.7,5,0.7],
			"scale":[0.68,0.68,0.68]
		},
		"fixed":{
			"rotation":[0,180,0],
			"scale":[1,1,1]
		}
	}
}