{"format_version":"1.21.6","credit":"Made with Blockbench by Minecraft_hyr","parent":"block/block","ambientocclusion":false,"textures":{"5":"block/big_dripleaf_stem","side":"block/big_dripleaf_side","tip":"block/big_dripleaf_tip","particle":"block/big_dripleaf_top","top":"block/big_dripleaf_top"},"elements":[{"from":[0,15,0],"to":[16,15,16],"shade":false,"rotation":{"angle":-22.5,"axis":"x","origin":[8,15,15]},"faces":{"up":{"uv":[0,0,16,16],"texture":"#top"},"down":{"uv":[0,16,16,0],"texture":"#top"}}},{"from":[0,11,0],"to":[16,15,0.1],"rotation":{"angle":-22.5,"axis":"x","origin":[8,15,15]},"faces":{"north":{"uv":[0,0,16,4],"texture":"#tip"},"south":{"uv":[16,0,0,4],"texture":"#tip"}}},{"from":[0,14,0],"to":[0.1,15,3],"rotation":{"angle":-22.5,"axis":"x","origin":[8,15,15]},"faces":{"east":{"uv":[3,0,0,1],"texture":"#side"},"west":{"uv":[0,0,3,1],"texture":"#side"}}},{"from":[15.9,14,0],"to":[16,15,3],"rotation":{"angle":-22.5,"axis":"x","origin":[8,15,15]},"faces":{"east":{"uv":[3,0,0,1],"texture":"#side"},"west":{"uv":[0,0,3,1],"texture":"#side"}}},{"from":[5,0,12],"to":[11,13,12],"shade":false,"rotation":{"angle":-45,"axis":"y","origin":[8,8,12],"rescale":true},"faces":{"north":{"uv":[3,3,14,16],"texture":"#5"},"south":{"uv":[14,3,3,16],"texture":"#5"}}},{"from":[8,0,9],"to":[8,13,15],"shade":false,"rotation":{"angle":-45,"axis":"y","origin":[8,8,12],"rescale":true},"faces":{"east":{"uv":[3,3,14,16],"texture":"#5"},"west":{"uv":[14,3,3,16],"texture":"#5"}}}],"groups":[{"name":"top","origin":[0,0,0],"color":0,"children":[0,1,2,3]},4,5]}