{"parent":"block/block","display":{"ground":{"translation":[0,3,0],"scale":[0.4,0.4,0.4]},"gui":{"rotation":[30,225,0],"scale":[0.9,0.9,0.9]},"fixed":{"rotation":[0,180,0]},"thirdperson_righthand":{"rotation":[75,135,0],"scale":[0.4,0.4,0.4],"translation":[0,0,0]},"head":{"rotation":[0,180,0],"translation":[0,6.5,0]}},"textures":{"particle":"block/chorus_plant","inside":"block/chorus_plant"},"elements":[{"from":[4,4,4],"to":[12,12,12],"faces":{"north":{"texture":"#inside"},"east":{"texture":"#inside"},"south":{"texture":"#inside"},"west":{"texture":"#inside"},"up":{"texture":"#inside"},"down":{"texture":"#inside"}}}]}