{"parent":"block/cube_all","elements":[{"from":[0,0,0],"to":[16,16,16],"faces":{"north":{"uv":[0,0,16,16],"texture":"#north","cullface":"north"},"east":{"uv":[0,0,16,16],"texture":"#east","cullface":"east"},"south":{"uv":[0,0,16,16],"texture":"#south","cullface":"south"},"west":{"uv":[0,0,16,16],"texture":"#west","cullface":"west"},"up":{"uv":[0,0,16,16],"texture":"#up","cullface":"up"},"down":{"uv":[0,0,16,16],"texture":"#down","cullface":"down"}}},{"from":[15.99,15.99,15.99],"to":[0.01,0.01,0.01],"faces":{"north":{"uv":[0,16,16,0],"texture":"#south","cullface":"south"},"east":{"uv":[0,16,16,0],"texture":"#west","cullface":"west"},"south":{"uv":[0,16,16,0],"texture":"#north","cullface":"north"},"west":{"uv":[0,16,16,0],"texture":"#east","cullface":"east"},"up":{"uv":[16,0,0,16],"texture":"#down","cullface":"down"},"down":{"uv":[16,0,0,16],"texture":"#up","cullface":"up"}}}]}