{"credit":"Made with Blockbench by Minecraft_hyr","textures":{"particle":"#texture"},"elements":[{"name":"lower bar","from":[0,6,7],"to":[6,9,9],"faces":{"north":{"uv":[10,4,4,7],"texture":"#texture"},"south":{"uv":[4,4,10,7],"texture":"#texture"},"west":{"uv":[13,4,15,7],"texture":"#texture","cullface":"east"},"up":{"uv":[13,7,15,13],"rotation":270,"texture":"#texture"},"down":{"uv":[13,10,15,16],"rotation":90,"texture":"#texture"}}},{"name":"top bar","from":[0,12,7],"to":[6,15,9],"faces":{"north":{"uv":[10,4,4,7],"texture":"#texture"},"south":{"uv":[4,4,10,7],"texture":"#texture"},"west":{"uv":[13,4,15,7],"texture":"#texture","cullface":"east"},"up":{"uv":[13,7,15,13],"rotation":270,"texture":"#texture"},"down":{"uv":[13,10,15,16],"rotation":90,"texture":"#texture"}}}],"groups":[{"name":"west","origin":[0,0,0],"color":0,"children":[0,1]}]}