{"credit":"Made with Blockbench by Minecraft_hyr","textures":{"particle":"#texture"},"elements":[{"name":"top bar","from":[7,12,0],"to":[9,15,6],"faces":{"north":{"uv":[7,1,9,4],"texture":"#texture","cullface":"north"},"east":{"uv":[0,1,6,4],"texture":"#texture"},"west":{"uv":[0,1,6,4],"texture":"#texture"},"up":{"uv":[7,0,9,6],"texture":"#texture"},"down":{"uv":[7,0,9,6],"texture":"#texture"}}},{"name":"lower bar","from":[7,6,0],"to":[9,9,6],"faces":{"north":{"uv":[7,7,9,10],"texture":"#texture","cullface":"north"},"east":{"uv":[0,7,6,10],"texture":"#texture"},"west":{"uv":[0,7,6,10],"texture":"#texture"},"up":{"uv":[7,0,9,6],"texture":"#texture"},"down":{"uv":[7,0,9,6],"texture":"#texture"}}}]}