{
  "credit": "Made with Blockbench by Minecraft_hyr",
  "ambientocclusion": false,
  "textures": {
    "inside": "block/hopper_inside",
    "particle": "block/hopper_outside",
    "side": "block/hopper_outside",
    "top": "block/hopper_top"
  },
  "elements": [
    {
      "from": [0, 10, 0],
      "to": [16, 16, 16],
      "faces": {
        "north": {"uv": [0, 0, 16, 6], "texture": "#side", "cullface": "north"},
        "east": {"uv": [0, 0, 16, 6], "texture": "#side", "cullface": "east"},
        "south": {"uv": [0, 0, 16, 6], "texture": "#side", "cullface": "south"},
        "west": {"uv": [0, 0, 16, 6], "texture": "#side", "cullface": "west"},
        "down": {"uv": [0, 0, 16, 16], "texture": "#inside"}
      }
    },
    {
      "from": [0, 16, 0],
      "to": [2, 16, 16],
      "faces": {
        "up": {"uv": [0, 0, 2, 16], "texture": "#top", "cullface": "up"}
      }
    },
    {
      "from": [14, 16, 0],
      "to": [16, 16, 16],
      "faces": {
        "up": {"uv": [14, 0, 16, 16], "texture": "#top", "cullface": "up"}
      }
    },
    {
      "from": [2, 16, 0],
      "to": [14, 16, 2],
      "faces": {
        "up": {"uv": [2, 0, 14, 2], "texture": "#top", "cullface": "up"}
      }
    },
    {
      "from": [2, 16, 14],
      "to": [14, 16, 16],
      "faces": {
        "up": {"uv": [2, 14, 14, 16], "texture": "#top", "cullface": "up"}
      }
    },
    {
      "from": [4, 4, 4],
      "to": [12, 10, 12],
      "faces": {
        "north": {"uv": [4, 6, 12, 12], "texture": "#side"},
        "east": {"uv": [4, 6, 12, 12], "texture": "#side"},
        "south": {"uv": [4, 6, 12, 12], "texture": "#side"},
        "west": {"uv": [4, 6, 12, 12], "texture": "#side"},
        "down": {"uv": [4, 4, 12, 12], "texture": "#inside"}
      }
    },
    {
      "from": [6, 4, 0],
      "to": [10, 8, 4],
      "faces": {
        "north": {"uv": [6, 8, 10, 12], "texture": "#side", "cullface": "north"},
        "east": {"uv": [12, 8, 16, 12], "texture": "#side"},
        "west": {"uv": [0, 8, 4, 12], "texture": "#side"},
        "up": {"uv": [6, 0, 10, 4], "texture": "#side"},
        "down": {"uv": [6, 12, 10, 16], "texture": "#inside"}
      }
    },
    {
      "from": [14, 16, 14],
      "to": [2, 11, 2],
      "faces": {
        "north": {"uv": [14, 5, 2, 0], "texture": "#side", "cullface": "up"},
        "east": {"uv": [14, 5, 2, 0], "texture": "#side", "cullface": "up"},
        "south": {"uv": [14, 5, 2, 0], "texture": "#side", "cullface": "up"},
        "west": {"uv": [14, 5, 2, 0], "texture": "#side", "cullface": "up"},
        "up": {"uv": [14, 14, 2, 2], "texture": "#inside", "cullface": "up"}
      }
    }
  ]
}