{"credit":"Made with Blockbench by Minecraft_hyr","textures":{"particle":"#side"},"elements":[{"from":[0,0,0],"to":[16,8,16],"faces":{"north":{"uv":[0,8,16,16],"texture":"#side","cullface":"north"},"west":{"uv":[0,8,16,16],"texture":"#side","cullface":"west"},"down":{"uv":[0,0,16,16],"texture":"#bottom","cullface":"down"}}},{"from":[8,0,0],"to":[16,16,16],"faces":{"north":{"uv":[0,0,8,16],"texture":"#side","cullface":"north"},"east":{"uv":[0,0,16,16],"texture":"#side"},"up":{"uv":[8,0,16,16],"texture":"#top","cullface":"up"}}},{"from":[0,0,8],"to":[16,16,16],"faces":{"south":{"uv":[0,0,16,16],"texture":"#side"},"west":{"uv":[8,0,16,16],"texture":"#side","cullface":"west"},"up":{"uv":[0,8,16,16],"texture":"#top","cullface":"up"}}},{"from":[8,16,8],"to":[0,8,0],"faces":{"north":{"uv":[16,8,8,0],"texture":"#side"},"west":{"uv":[8,8,0,0],"texture":"#side"},"up":{"uv":[8,8,0,0],"texture":"#top"}}}]}