{"credit":"Made with Blockbench by Minecraft_hyr","ambientocclusion":false,"textures":{"bamboo":"block/bamboo_stalk","dirt":"block/dirt","particle":"block/flower_pot","flowerpot":"block/flower_pot","leaf":"block/bamboo_singleleaf"},"elements":[{"from":[5,0,5],"to":[6,6,11],"faces":{"west":{"uv":[5,10,11,16],"texture":"#flowerpot"},"up":{"uv":[5,5,6,11],"texture":"#flowerpot"},"down":{"uv":[5,5,6,11],"texture":"#flowerpot","cullface":"down"}}},{"from":[10,0,5],"to":[11,6,11],"faces":{"east":{"uv":[5,10,11,16],"texture":"#flowerpot"},"up":{"uv":[10,5,11,11],"texture":"#flowerpot"},"down":{"uv":[10,5,11,11],"texture":"#flowerpot","cullface":"down"}}},{"from":[5,0,5],"to":[11,6,6],"faces":{"north":{"uv":[5,10,11,16],"texture":"#flowerpot"},"up":{"uv":[5,5,11,6],"texture":"#flowerpot"},"down":{"uv":[5,10,11,11],"texture":"#flowerpot","cullface":"down"}}},{"from":[5,0,10],"to":[11,6,11],"faces":{"south":{"uv":[5,10,11,16],"texture":"#flowerpot"},"up":{"uv":[5,10,11,11],"texture":"#flowerpot"},"down":{"uv":[5,5,11,6],"texture":"#flowerpot","cullface":"down"}}},{"from":[10,0,10],"to":[6,0,6],"faces":{"down":{"uv":[6,11,10,15],"texture":"#flowerpot","cullface":"down"}}},{"from":[10,6,10],"to":[6,4,6],"faces":{"north":{"uv":[10,12,6,10],"texture":"#flowerpot"},"east":{"uv":[10,12,6,10],"texture":"#flowerpot"},"south":{"uv":[10,12,6,10],"texture":"#flowerpot"},"west":{"uv":[10,12,6,10],"texture":"#flowerpot"},"up":{"uv":[10,10,6,6],"texture":"#dirt"}}},{"from":[7,4,7],"to":[9,16,9],"faces":{"north":{"uv":[6,0,8,12],"texture":"#bamboo"},"east":{"uv":[6,0,8,12],"texture":"#bamboo"},"south":{"uv":[6,0,8,12],"texture":"#bamboo"},"west":{"uv":[6,0,8,12],"texture":"#bamboo"},"up":{"uv":[13,0,15,2],"texture":"#bamboo","cullface":"up"}}},{"from":[0,2,8],"to":[16,18,8],"shade":false,"faces":{"north":{"uv":[0,0,16,16],"texture":"#leaf"},"south":{"uv":[16,0,0,16],"texture":"#leaf"}}}]}