{"credit":"Made with Blockbench by Minecraft_hyr","parent":"block/block","display":{"head":{"translation":[0,2,0]}},"textures":{"base":"block/spore_blossom_base","particle":"block/spore_blossom","flower":"block/spore_blossom"},"elements":[{"from":[0,15.9,0],"to":[16,15.9,16],"shade":false,"faces":{"up":{"uv":[0,0,16,16],"texture":"#base","cullface":"up"},"down":{"uv":[0,16,16,0],"texture":"#base"}}},{"from":[8,15.7,0],"to":[24,15.7,16],"shade":false,"rotation":{"angle":-22.5,"axis":"z","origin":[8,16,0],"rescale":true},"faces":{"up":{"uv":[0,0,16,16],"rotation":90,"texture":"#flower"},"down":{"uv":[0,16,16,0],"rotation":270,"texture":"#flower"}}},{"from":[-8,15.7,0],"to":[8,15.7,16],"shade":false,"rotation":{"angle":22.5,"axis":"z","origin":[8,16,0],"rescale":true},"faces":{"up":{"uv":[0,0,16,16],"rotation":270,"texture":"#flower"},"down":{"uv":[0,16,16,0],"rotation":90,"texture":"#flower"}}},{"from":[0,15.7,8],"to":[16,15.7,24],"shade":false,"rotation":{"angle":22.5,"axis":"x","origin":[0,16,8],"rescale":true},"faces":{"up":{"uv":[16,16,0,0],"texture":"#flower"},"down":{"uv":[16,0,0,16],"texture":"#flower"}}},{"from":[0,15.7,-8],"to":[16,15.7,8],"shade":false,"rotation":{"angle":-22.5,"axis":"x","origin":[0,16,8],"rescale":true},"faces":{"up":{"uv":[0,0,16,16],"texture":"#flower"},"down":{"uv":[0,16,16,0],"texture":"#flower"}}}]}