{"credit":"Made with Blockbench by Minecraft_hyr","textures":{"particle":"#texture"},"elements":[{"from":[0,5,7],"to":[2,16,9],"faces":{"north":{"uv":[14,0,16,11],"texture":"#texture"},"east":{"uv":[7,0,9,11],"texture":"#texture"},"south":{"uv":[0,0,2,11],"texture":"#texture"},"west":{"uv":[7,0,9,11],"texture":"#texture","cullface":"west"},"up":{"uv":[0,7,2,9],"texture":"#texture","cullface":"up"},"down":{"uv":[0,7,2,9],"texture":"#texture"}}},{"from":[14,5,7],"to":[16,16,9],"faces":{"north":{"uv":[0,0,2,11],"texture":"#texture"},"east":{"uv":[7,0,9,11],"texture":"#texture","cullface":"east"},"south":{"uv":[14,0,16,11],"texture":"#texture"},"west":{"uv":[7,0,9,11],"texture":"#texture"},"up":{"uv":[14,7,16,9],"texture":"#texture","cullface":"up"},"down":{"uv":[14,7,16,9],"texture":"#texture"}}},{"from":[0,6,9],"to":[2,9,15],"faces":{"east":{"uv":[8,7,14,10],"texture":"#texture"},"west":{"uv":[2,7,8,10],"texture":"#texture"},"up":{"uv":[2,7,8,9],"rotation":90,"texture":"#texture"},"down":{"uv":[8,9,2,7],"rotation":90,"texture":"#texture"}}},{"from":[0,12,9],"to":[2,15,15],"faces":{"east":{"uv":[8,1,14,4],"texture":"#texture"},"west":{"uv":[2,1,8,4],"texture":"#texture"},"up":{"uv":[2,7,8,9],"rotation":90,"texture":"#texture"},"down":{"uv":[8,9,2,7],"rotation":90,"texture":"#texture"}}},{"from":[0,6,13],"to":[2,15,15],"faces":{"north":{"uv":[7,1,9,10],"texture":"#texture"},"east":{"uv":[8,1,10,10],"texture":"#texture"},"south":{"uv":[0,1,2,10],"texture":"#texture"},"west":{"uv":[6,1,8,10],"texture":"#texture"}}},{"from":[14,6,9],"to":[16,9,15],"faces":{"east":{"uv":[8,7,14,10],"texture":"#texture"},"west":{"uv":[2,7,8,10],"texture":"#texture"},"up":{"uv":[14,9,8,7],"rotation":90,"texture":"#texture"},"down":{"uv":[8,7,14,9],"rotation":90,"texture":"#texture"}}},{"from":[14,12,9],"to":[16,15,15],"faces":{"east":{"uv":[8,1,14,4],"texture":"#texture"},"west":{"uv":[2,1,8,4],"texture":"#texture"},"up":{"uv":[14,9,8,7],"rotation":90,"texture":"#texture"},"down":{"uv":[8,7,14,9],"rotation":90,"texture":"#texture"}}},{"from":[14,6,13],"to":[16,15,15],"faces":{"north":{"uv":[7,1,9,10],"texture":"#texture"},"east":{"uv":[8,1,10,10],"texture":"#texture"},"south":{"uv":[14,1,16,10],"texture":"#texture"},"west":{"uv":[6,1,8,10],"texture":"#texture"}}}]}