{"credit":"Made with Blockbench by Minecraft_hyr","ambientocclusion":false,"textures":{"particle":"#torch"},"elements":[{"from":[7,8,7],"to":[9,10,9],"shade":false,"faces":{"north":{"uv":[7,6,9,8],"texture":"#torch"},"east":{"uv":[7,6,9,8],"texture":"#torch"},"south":{"uv":[7,6,9,8],"texture":"#torch"},"west":{"uv":[7,6,9,8],"texture":"#torch"},"up":{"uv":[7,6,9,8],"texture":"#torch"}}},{"from":[7,0,7],"to":[9,8,9],"faces":{"north":{"uv":[7,8,9,16],"texture":"#torch"},"east":{"uv":[7,8,9,16],"texture":"#torch"},"south":{"uv":[7,8,9,16],"texture":"#torch"},"west":{"uv":[7,8,9,16],"texture":"#torch"},"down":{"uv":[7,13,9,15],"texture":"#torch","cullface":"down"}}}]}