{"ambientocclusion":true,"texture_size":[64,32],"textures":{"particle":"#sign"},"elements":[{"from":[7.3333,0,7.33337],"to":[8.66663,9.33333,8.6667],"rotation":{"angle":-22.5,"axis":"y","origin":[8,8,8]},"faces":{"north":{"uv":[0,8,0.5,15],"texture":"#sign"},"east":{"uv":[1.5,8,2,15],"texture":"#sign"},"south":{"uv":[1,8,1.5,15],"texture":"#sign"},"west":{"uv":[0.5,8,1,15],"texture":"#sign"},"down":{"uv":[1,7,1.5,8],"rotation":90,"texture":"#sign","cullface":"down"}}},{"from":[7.3333,9.3333,0],"to":[8.66663,17.3333,16],"rotation":{"angle":-22.5,"axis":"y","origin":[8,8,8]},"faces":{"north":{"uv":[0,1,0.5,7],"texture":"#sign"},"east":{"uv":[7,1,13,7],"texture":"#sign"},"south":{"uv":[6.5,1,7,7],"texture":"#sign"},"west":{"uv":[0.5,1,6.5,7],"texture":"#sign"},"up":{"uv":[0.5,0,6.5,1],"rotation":270,"texture":"#sign","cullface":"up"},"down":{"uv":[6.5,0,12.5,1],"rotation":90,"texture":"#sign"}}}]}