{
  "parent": "res_fixes:block/shadeless/block",
  "elements": [
    {
      "from": [0, 0, 0],
      "to": [16, 16, 16],
      "shade": false,
      "faces": {
        "down": { "texture": "#end", "cullface": "down" },
        "up": { "texture": "#end", "rotation": 180, "cullface": "up" },
        "north": { "texture": "#side", "cullface": "north" },
        "south": { "texture": "#side", "cullface": "south" },
        "west": { "texture": "#side", "cullface": "west" },
        "east": { "texture": "#side", "cullface": "east" }
      }
    }
  ],
  "textures": {
    "particle": "#side"
  }
}
