{
  "format_version": "1.21.6",
  "credit": "Designed by GeForceLegend",
  "textures": {
    "base": "block/brewing_stand_base",
    "particle": "block/brewing_stand",
    "stand": "block/brewing_stand"
  },
  "elements": [
    {
      "from": [6.9, 11, 6.9],
      "to": [9.1, 13, 9.1],
      "faces": {
        "north": {"uv": [7, 3, 9, 5], "texture": "#stand"},
        "east": {"uv": [7, 3, 9, 5], "texture": "#stand"},
        "south": {"uv": [7, 3, 9, 5], "texture": "#stand"},
        "west": {"uv": [7, 3, 9, 5], "texture": "#stand"},
        "up": {"uv": [7, 3, 8, 4], "texture": "#stand"},
        "down": {"uv": [7, 4, 8, 5], "texture": "#stand"}
      }
    },
    {
      "from": [7, 0, 7],
      "to": [9, 14, 9],
      "faces": {
        "north": {"uv": [7, 2, 9, 16], "texture": "#stand"},
        "east": {"uv": [7, 2, 9, 16], "texture": "#stand"},
        "south": {"uv": [7, 2, 9, 16], "texture": "#stand"},
        "west": {"uv": [7, 2, 9, 16], "texture": "#stand"},
        "up": {"uv": [7, 7, 9, 9], "texture": "#stand"},
        "down": {"uv": [7, 12, 9, 14], "texture": "#stand", "cullface": "down"}
      }
    },
    {
      "from": [9, 0, 5],
      "to": [15, 2, 11],
      "faces": {
        "north": {"uv": [9, 14, 15, 16], "texture": "#base"},
        "east": {"uv": [5, 14, 11, 16], "texture": "#base"},
        "south": {"uv": [9, 14, 15, 16], "texture": "#base"},
        "west": {"uv": [5, 14, 11, 16], "texture": "#base"},
        "up": {"uv": [9, 5, 15, 11], "texture": "#base"},
        "down": {"uv": [9, 5, 15, 11], "texture": "#base", "cullface": "down"}
      }
    },
    {
      "from": [1, 0, 1],
      "to": [7, 2, 7],
      "faces": {
        "north": {"uv": [1, 14, 7, 16], "texture": "#base"},
        "east": {"uv": [1, 14, 7, 16], "texture": "#base"},
        "south": {"uv": [1, 14, 7, 16], "texture": "#base"},
        "west": {"uv": [1, 14, 7, 16], "texture": "#base"},
        "up": {"uv": [1, 1, 7, 7], "texture": "#base"},
        "down": {"uv": [1, 9, 7, 15], "texture": "#base", "cullface": "down"}
      }
    },
    {
      "from": [1, 0, 9],
      "to": [7, 2, 15],
      "faces": {
        "north": {"uv": [1, 14, 7, 16], "texture": "#base"},
        "east": {"uv": [9, 14, 15, 16], "texture": "#base"},
        "south": {"uv": [1, 14, 7, 16], "texture": "#base"},
        "west": {"uv": [9, 14, 15, 16], "texture": "#base"},
        "up": {"uv": [1, 9, 7, 15], "texture": "#base"},
        "down": {"uv": [1, 1, 7, 7], "texture": "#base", "cullface": "down"}
      }
    },
    {
      "from": [7, 0, 6],
      "to": [9, 2, 7],
      "faces": {
        "north": {"uv": [7, 5, 9, 7], "texture": "#base"},
        "up": {"uv": [7, 6, 9, 7], "texture": "#base"},
        "down": {"uv": [7, 9, 9, 10], "texture": "#base"}
      }
    },
    {
      "from": [7, 0, 9],
      "to": [9, 2, 10],
      "faces": {
        "south": {"uv": [7, 9, 9, 11], "texture": "#base"},
        "up": {"uv": [7, 9, 9, 10], "texture": "#base"},
        "down": {"uv": [7, 6, 9, 7], "texture": "#base"}
      }
    },
    {
      "from": [6, 0, 7],
      "to": [7, 2, 9],
      "faces": {
        "west": {"uv": [5, 7, 7, 9], "texture": "#base"},
        "up": {"uv": [6, 7, 7, 9], "texture": "#base"},
        "down": {"uv": [7, 9, 6, 7], "texture": "#base"}
      }
    }
  ]
}