{
  "credit": "Designed by GeForceLegend",
  "parent": "minecraft:block/block",
  "ambientocclusion": false,
  "textures": {
    "top": "block/hopper_top",
    "particle": "block/hopper_outside",
    "side": "block/hopper_outside",
    "inside": "block/hopper_inside"
  },
  "elements": [
    {
      "from": [10, 10, 0],
      "to": [16, 11, 16],
      "faces": {
        "up": {"uv": [10, 0, 16, 16], "texture": "#inside", "cullface": "up"},
        "down": {"uv": [10, 0, 16, 16], "texture": "#inside"}
      }
    },
    {
      "from": [0, 10, 0],
      "to": [6, 11, 16],
      "faces": {
        "up": {"uv": [0, 0, 6, 16], "texture": "#inside", "cullface": "up"},
        "down": {"uv": [0, 0, 6, 16], "texture": "#inside"}
      }
    },
    {
      "from": [0, 10, 10],
      "to": [16, 11, 16],
      "faces": {
        "up": {"uv": [0, 10, 16, 16], "texture": "#inside", "cullface": "up"},
        "down": {"uv": [0, 0, 16, 6], "texture": "#inside"}
      }
    },
    {
      "from": [0, 10, 0],
      "to": [16, 11, 6],
      "faces": {
        "up": {"uv": [0, 0, 16, 6], "texture": "#inside", "cullface": "up"},
        "down": {"uv": [0, 10, 16, 16], "texture": "#inside"}
      }
    },
    {
      "from": [0, 10, 0],
      "to": [2, 16, 16],
      "faces": {
        "east": {"uv": [0, 0, 16, 6], "texture": "#side", "cullface": "up"},
        "west": {"uv": [0, 0, 16, 6], "texture": "#side", "cullface": "west"},
        "up": {"uv": [0, 0, 2, 16], "texture": "#top", "cullface": "up"}
      }
    },
    {
      "from": [14, 10, 0],
      "to": [16, 16, 16],
      "faces": {
        "east": {"uv": [0, 0, 16, 6], "texture": "#side", "cullface": "east"},
        "west": {"uv": [0, 0, 16, 6], "texture": "#side", "cullface": "up"},
        "up": {"uv": [14, 0, 16, 16], "texture": "#top", "cullface": "up"}
      }
    },
    {
      "from": [0, 10, 0],
      "to": [16, 16, 2],
      "faces": {
        "north": {"uv": [0, 0, 16, 6], "texture": "#side", "cullface": "north"},
        "south": {"uv": [0, 0, 16, 6], "texture": "#side", "cullface": "up"},
        "up": {"uv": [0, 0, 16, 2], "texture": "#top", "cullface": "up"}
      }
    },
    {
      "from": [0, 10, 14],
      "to": [16, 16, 16],
      "faces": {
        "north": {"uv": [0, 0, 16, 6], "texture": "#side", "cullface": "up"},
        "south": {"uv": [0, 0, 16, 6], "texture": "#side", "cullface": "south"},
        "up": {"uv": [0, 14, 16, 16], "texture": "#top", "cullface": "up"}
      }
    },
    {
      "from": [4, 4, 4],
      "to": [12, 11, 6],
      "faces": {
        "north": {"uv": [4, 5, 12, 12], "texture": "#side"},
        "south": {"uv": [4, 5, 12, 12], "texture": "#side"},
        "down": {"uv": [4, 10, 12, 12], "texture": "#inside"}
      }
    },
    {
      "from": [4, 4, 10],
      "to": [12, 11, 12],
      "faces": {
        "north": {"uv": [4, 5, 12, 12], "texture": "#side"},
        "south": {"uv": [4, 5, 12, 12], "texture": "#side"},
        "down": {"uv": [4, 4, 12, 6], "texture": "#inside"}
      }
    },
    {
      "from": [4, 4, 4],
      "to": [6, 11, 12],
      "faces": {
        "east": {"uv": [4, 5, 12, 12], "texture": "#side"},
        "west": {"uv": [4, 5, 12, 12], "texture": "#side"},
        "down": {"uv": [4, 4, 6, 12], "texture": "#inside"}
      }
    },
    {
      "from": [10, 4, 4],
      "to": [12, 11, 12],
      "faces": {
        "east": {"uv": [4, 5, 12, 12], "texture": "#side"},
        "west": {"uv": [4, 5, 12, 12], "texture": "#side"},
        "down": {"uv": [10, 4, 12, 12], "texture": "#inside"}
      }
    },
    {
      "from": [9, 0, 6],
      "to": [10, 6, 10],
      "faces": {
        "east": {"uv": [6, 10, 10, 16], "texture": "#side"},
        "west": {"uv": [6, 10, 10, 16], "texture": "#side"},
        "up": {"uv": [9, 6, 10, 10], "texture": "#inside"},
        "down": {"uv": [9, 6, 10, 10], "texture": "#side", "cullface": "down"}
      }
    },
    {
      "from": [6, 0, 6],
      "to": [7, 6, 10],
      "faces": {
        "east": {"uv": [6, 10, 10, 16], "texture": "#side"},
        "west": {"uv": [6, 10, 10, 16], "texture": "#side"},
        "up": {"uv": [6, 6, 7, 10], "texture": "#inside"},
        "down": {"uv": [6, 6, 7, 10], "texture": "#side", "cullface": "down"}
      }
    },
    {
      "from": [6, 0, 6],
      "to": [10, 6, 7],
      "faces": {
        "north": {"uv": [6, 10, 10, 16], "texture": "#side"},
        "south": {"uv": [6, 10, 10, 16], "texture": "#side"},
        "up": {"uv": [6, 6, 10, 7], "texture": "#inside"},
        "down": {"uv": [6, 9, 10, 10], "texture": "#side", "cullface": "down"}
      }
    },
    {
      "from": [6, 0, 9],
      "to": [10, 6, 10],
      "faces": {
        "north": {"uv": [6, 10, 10, 16], "texture": "#side"},
        "south": {"uv": [6, 10, 10, 16], "texture": "#side"},
        "up": {"uv": [6, 9, 10, 10], "texture": "#inside"},
        "down": {"uv": [6, 6, 10, 7], "texture": "#side", "cullface": "down"}
      }
    }
  ],
  "display": {
    "thirdperson_righthand": {
      "rotation": [75, 45, 0],
      "translation": [0, 0, -2.5],
      "scale": [0.375, 0.375, 0.375]
    },
    "firstperson_righthand": {
      "rotation": [0, 45, 0],
      "scale": [0.375, 0.375, 0.375]
    },
    "firstperson_lefthand": {
      "rotation": [0, 225, 0],
      "scale": [0.375, 0.375, 0.375]
    },
    "head": {
      "rotation": [180, 0, 0],
      "translation": [0, 10, 0],
      "scale": [1.09, 1.09, 1.09]
    }
  }
}