{
  "credit": "Made by Minecraft_hyr",
  "textures": {
    "0": "block/dripstone_block",
    "1": "block/pointed_dripstone_down_tip",
    "particle": "block/dripstone_block"
  },
  "elements": [
    {
      "from": [4, 15, 4],
      "to": [12, 16, 12],
      "faces": {
        "north": {"uv": [4, 0, 12, 1], "texture": "#1"},
        "east": {"uv": [4, 0, 12, 1], "texture": "#1"},
        "south": {"uv": [4, 0, 12, 1], "texture": "#1"},
        "west": {"uv": [4, 0, 12, 1], "texture": "#1"},
        "up": {"uv": [4, 4, 12, 12], "texture": "#0"},
        "down": {"uv": [4, 4, 12, 12], "texture": "#0"}
      }
    },
    {
      "from": [5, 14, 4],
      "to": [12, 15, 11],
      "faces": {
        "north": {"uv": [5, 1, 12, 2], "texture": "#1"},
        "east": {"uv": [5, 1, 12, 2], "texture": "#1"},
        "south": {"uv": [5, 1, 12, 2], "texture": "#1"},
        "west": {"uv": [5, 1, 12, 2], "texture": "#1"},
        "down": {"uv": [5, 5, 12, 12], "texture": "#0"}
      }
    },
    {
      "from": [5, 11, 5],
      "to": [11, 14, 11],
      "faces": {
        "north": {"uv": [5, 2, 11, 5], "texture": "#1"},
        "east": {"uv": [5, 2, 11, 5], "texture": "#1"},
        "south": {"uv": [5, 2, 11, 5], "texture": "#1"},
        "west": {"uv": [5, 2, 11, 5], "texture": "#1"},
        "down": {"uv": [5, 5, 11, 11], "texture": "#0"}
      }
    },
    {
      "from": [6, 8, 6],
      "to": [10, 11, 10],
      "faces": {
        "north": {"uv": [6, 5, 10, 8], "texture": "#1"},
        "east": {"uv": [6, 5, 10, 8], "texture": "#1"},
        "south": {"uv": [6, 5, 10, 8], "texture": "#1"},
        "west": {"uv": [6, 5, 10, 8], "texture": "#1"},
        "down": {"uv": [6, 6, 10, 10], "texture": "#0"}
      }
    },
    {
      "from": [6, 6, 7],
      "to": [9, 8, 10],
      "faces": {
        "north": {"uv": [6, 8, 9, 10], "texture": "#1"},
        "east": {"uv": [6, 8, 9, 10], "texture": "#1"},
        "south": {"uv": [6, 8, 9, 10], "texture": "#1"},
        "west": {"uv": [6, 8, 9, 10], "texture": "#1"},
        "down": {"uv": [6, 6, 9, 9], "texture": "#0"}
      }
    },
    {
      "from": [7, 5, 7],
      "to": [9, 6, 9],
      "faces": {
        "north": {"uv": [7, 10, 9, 11], "texture": "#1"},
        "east": {"uv": [7, 10, 9, 11], "texture": "#1"},
        "south": {"uv": [7, 10, 9, 11], "texture": "#1"},
        "west": {"uv": [7, 10, 9, 11], "texture": "#1"},
        "down": {"uv": [7, 7, 9, 9], "texture": "#0"}
      }
    }
  ],
  "groups": [
    {
      "name": "group",
      "origin": [0, 0, 0],
      "color": 0,
      "children": [0, 1, 2, 3, 4, 5]
    }
  ]
}