{
	"__comment":"Designed by GeForceLegend",
	"ambientocclusion":false,
    "parent":"minecraft:block/thin_block",
    "display": {
        "gui": {
            "rotation": [30, -45, 0],
            "scale": [0.625, 0.625, 0.625],
            "translation": [0, 2, 0]
        },
        "firstperson_righthand": {
          "rotation": [0, -45, 0],
          "scale": [0.4, 0.4, 0.4],
          "translation": [0, 4.2, 0]
        },
        "thirdperson_righthand": {
          "rotation": [75, -45, 0],
          "scale": [0.4, 0.4, 0.4],
          "translation": [0, 2.5, 0]
        }
    },
	"textures":{
		"slab":"block/smooth_stone",
		"particle":"block/repeater",
		"top":"block/repeater",
		"unlit":"block/redstone_torch_off"
	},
	"elements":[
		{
			"from":[0,0,0],
			"to":[7,2,16],
			"faces":{
				"north":{"uv":[9,14,16,16],"texture":"#slab","cullface":"north"},
				"east":{"uv":[6,6,7,14],"texture":"#top"},
				"south":{"uv":[0,14,7,16],"texture":"#slab","cullface":"south"},
				"west":{"uv":[0,14,16,16],"texture":"#slab","cullface":"west"},
				"up":{"uv":[0,0,7,16],"texture":"#top"}
			}
		},
		{
			"from":[9,0,0],
			"to":[16,2,16],
			"faces":{
				"north":{"uv":[0,14,7,16],"texture":"#slab","cullface":"north"},
				"east":{"uv":[0,14,16,16],"texture":"#slab","cullface":"east"},
				"south":{"uv":[9,14,16,16],"texture":"#slab","cullface":"south"},
				"west":{"uv":[9,6,10,14],"texture":"#top"},
				"up":{"uv":[9,0,16,16],"texture":"#top"}
			}
		},
		{
			"from":[0,0,0],
			"to":[16,1.3,16],
			"faces":{
				"up":{"uv":[0,0,16,16],"texture":"#top"},
				"down":{"uv":[0,0,16,16],"texture":"#slab","cullface":"down"}
			}
		},
		{
			"from":[7,0,0],
			"to":[9,2,6],
			"faces":{
				"north":{"uv":[7,14,9,16],"texture":"#slab","cullface":"north"},
				"up":{"uv":[7,0,9,6],"texture":"#top"}
			}
		},
		{
			"from":[7,0,14],
			"to":[9,2,16],
			"faces":{
				"north":{"uv":[7,14,9,15],"texture":"#top"},
				"south":{"uv":[7,14,9,16],"texture":"#slab","cullface":"south"},
				"up":{"uv":[7,14,9,16],"texture":"#top"}
			}
		},
		{
			"from":[7,1,6],
			"to":[9,7,8],
			"faces":{
				"north":{"uv":[7,6,9,12],"texture":"#unlit"},
				"east":{"uv":[7,6,9,12],"texture":"#unlit"},
				"south":{"uv":[7,6,9,12],"texture":"#unlit"},
				"west":{"uv":[7,6,9,12],"texture":"#unlit"},
				"up":{"uv":[7,6,9,8],"texture":"#unlit"}
			}
		},
		{
			"from":[7,2,2],
			"to":[9,7,4],
			"faces":{
				"north":{"uv":[7,6,9,11],"texture":"#unlit"},
				"east":{"uv":[7,6,9,11],"texture":"#unlit"},
				"south":{"uv":[7,6,9,11],"texture":"#unlit"},
				"west":{"uv":[7,6,9,11],"texture":"#unlit"},
				"up":{"uv":[7,6,9,8],"texture":"#unlit"}
			}
		}
	]
}