{"display":{"firstperson_righthand":{"rotation":[0,135,0],"scale":[0.4,0.4,0.4],"translation":[0,0,0]}},"elements":[{"faces":{"down":{"cullface":"down","texture":"#bottom","uv":[0,0,16,16]},"east":{"cullface":"east","texture":"#base","uv":[0,6,16,8]},"north":{"cullface":"north","texture":"#base","uv":[0,14,16,16]},"south":{"cullface":"south","texture":"#base","uv":[0,6,16,8]},"up":{"rotation":180,"texture":"#base","uv":[0,0,16,16]},"west":{"cullface":"west","texture":"#base","uv":[0,6,16,8]}},"from":[0,0,0],"to":[16,2,16]},{"faces":{"east":{"rotation":90,"texture":"#sides","uv":[3,16,15,8]},"north":{"texture":"#front","uv":[1,0,8,13]},"south":{"texture":"#front","uv":[9,3,16,16]},"west":{"rotation":90,"texture":"#sides","uv":[3,8,15,16]}},"from":[4,2,4],"to":[12,14,12]},{"faces":{"down":{"texture":"#bottom","uv":[0,0,16,13]},"east":{"texture":"#sides","uv":[0,4,13,8]},"north":{"texture":"#sides","uv":[0,0,16,4]},"south":{"texture":"#sides","uv":[0,4,16,8]},"up":{"rotation":180,"texture":"#top","uv":[0,1,16,14]},"west":{"texture":"#sides","uv":[0,4,13,8]}},"from":[0.0125,12,3],"rotation":{"angle":-22.5,"axis":"x","origin":[8,8,8]},"to":[15.9875,16,16]}],"parent":"block/block","textures":{"base":"block/lectern_base","bottom":"block/oak_planks","front":"block/lectern_front","particle":"block/lectern_sides","sides":"block/lectern_sides","top":"block/lectern_top"}}