{"elements":[{"faces":{"down":{"texture":"#texture","uv":[0,7,2,9]},"east":{"texture":"#texture","uv":[7,0,9,11]},"north":{"texture":"#texture","uv":[14,0,16,11]},"south":{"texture":"#texture","uv":[0,0,2,11]},"up":{"texture":"#texture","uv":[0,7,2,9]},"west":{"cullface":"west","texture":"#texture","uv":[7,0,9,11]}},"from":[0,2,7],"to":[2,13,9]},{"faces":{"down":{"texture":"#texture","uv":[14,7,16,9]},"east":{"cullface":"east","texture":"#texture","uv":[7,0,9,11]},"north":{"texture":"#texture","uv":[0,0,2,11]},"south":{"texture":"#texture","uv":[14,0,16,11]},"up":{"texture":"#texture","uv":[14,7,16,9]},"west":{"texture":"#texture","uv":[7,0,9,11]}},"from":[14,2,7],"to":[16,13,9]},{"faces":{"down":{"rotation":90,"texture":"#texture","uv":[8,9,2,7]},"east":{"texture":"#texture","uv":[8,7,14,10]},"up":{"rotation":90,"texture":"#texture","uv":[2,7,8,9]},"west":{"texture":"#texture","uv":[2,7,8,10]}},"from":[0,3,9],"to":[2,6,15]},{"faces":{"down":{"rotation":90,"texture":"#texture","uv":[8,9,2,7]},"east":{"texture":"#texture","uv":[8,1,14,4]},"up":{"rotation":90,"texture":"#texture","uv":[2,7,8,9]},"west":{"texture":"#texture","uv":[2,1,8,4]}},"from":[0,9,9],"to":[2,12,15]},{"faces":{"east":{"texture":"#texture","uv":[8,1,10,10]},"north":{"texture":"#texture","uv":[7,1,9,10]},"south":{"texture":"#texture","uv":[0,1,2,10]},"west":{"texture":"#texture","uv":[6,1,8,10]}},"from":[0,3,13],"to":[2,12,15]},{"faces":{"down":{"rotation":90,"texture":"#texture","uv":[8,7,14,9]},"east":{"texture":"#texture","uv":[8,7,14,10]},"up":{"rotation":90,"texture":"#texture","uv":[14,9,8,7]},"west":{"texture":"#texture","uv":[2,7,8,10]}},"from":[14,3,9],"to":[16,6,15]},{"faces":{"down":{"rotation":90,"texture":"#texture","uv":[8,7,14,9]},"east":{"texture":"#texture","uv":[8,1,14,4]},"up":{"rotation":90,"texture":"#texture","uv":[14,9,8,7]},"west":{"texture":"#texture","uv":[2,1,8,4]}},"from":[14,9,9],"to":[16,12,15]},{"faces":{"east":{"texture":"#texture","uv":[8,1,10,10]},"north":{"texture":"#texture","uv":[7,1,9,10]},"south":{"texture":"#texture","uv":[14,1,16,10]},"west":{"texture":"#texture","uv":[6,1,8,10]}},"from":[14,3,13],"to":[16,12,15]}],"textures":{"particle":"#texture"}}