{
	"credit": "Made by sniffercraft34",
	"ambientocclusion": false,
	"textures": {
		"0": "block/redstone_dust_dot",
		"particle": "block/redstone_dust_dot"
	},
	"elements": [
		{
			"from": [5, 0, 8],
			"to": [8, 1, 10],
			"shade": false,
			"faces": {
				"north": {"uv": [5, 8, 8, 9], "texture": "#0", "tintindex": 0},
				"east": {"uv": [7, 8, 8, 10], "texture": "#0", "tintindex": 0},
				"south": {"uv": [5, 9, 8, 10], "texture": "#0", "tintindex": 0},
				"west": {"uv": [5, 8, 6, 10], "texture": "#0", "tintindex": 0},
				"up": {"uv": [5, 8, 8, 10], "texture": "#0", "tintindex": 0},
				"down": {"uv": [5, 8, 8, 10], "texture": "#0", "cullface": "down", "tintindex": 0}
			}
		},
		{
			"from": [6, 0, 7],
			"to": [8, 1, 8],
			"shade": false,
			"faces": {
				"east": {"uv": [7, 7, 8, 8], "texture": "#0", "tintindex": 0},
				"west": {"uv": [6, 7, 7, 8], "texture": "#0", "tintindex": 0},
				"up": {"uv": [6, 7, 8, 8], "texture": "#0", "tintindex": 0},
				"down": {"uv": [6, 7, 8, 8], "texture": "#0", "cullface": "down", "tintindex": 0}
			}
		},
		{
			"from": [7, 0, 10],
			"to": [9, 1, 11],
			"shade": false,
			"faces": {
				"north": {"uv": [7, 10, 9, 11], "texture": "#0", "tintindex": 0},
				"east": {"uv": [8, 10, 9, 11], "texture": "#0", "tintindex": 0},
				"south": {"uv": [7, 10, 9, 11], "texture": "#0", "tintindex": 0},
				"west": {"uv": [7, 10, 8, 11], "texture": "#0", "tintindex": 0},
				"up": {"uv": [7, 10, 9, 11], "texture": "#0", "tintindex": 0},
				"down": {"uv": [7, 10, 9, 11], "texture": "#0", "cullface": "down", "tintindex": 0}
			}
		},
		{
			"from": [8, 0, 5],
			"to": [10, 1, 6],
			"shade": false,
			"faces": {
				"north": {"uv": [8, 5, 10, 6], "texture": "#0", "tintindex": 0},
				"east": {"uv": [9, 5, 10, 6], "texture": "#0", "tintindex": 0},
				"west": {"uv": [8, 5, 9, 6], "texture": "#0", "tintindex": 0},
				"up": {"uv": [8, 5, 10, 6], "texture": "#0", "tintindex": 0},
				"down": {"uv": [8, 5, 10, 6], "texture": "#0", "cullface": "down", "tintindex": 0}
			}
		},
		{
			"from": [6, 0, 5],
			"to": [7, 1, 6],
			"shade": false,
			"faces": {
				"north": {"uv": [6, 5, 7, 6], "texture": "#0", "tintindex": 0},
				"east": {"uv": [6, 5, 7, 6], "texture": "#0", "tintindex": 0},
				"west": {"uv": [6, 5, 7, 6], "texture": "#0", "tintindex": 0},
				"up": {"uv": [6, 5, 7, 6], "texture": "#0", "tintindex": 0},
				"down": {"uv": [6, 5, 7, 6], "texture": "#0", "cullface": "down", "tintindex": 0}
			}
		},
		{
			"from": [5, 0, 6],
			"to": [9, 1, 7],
			"shade": false,
			"faces": {
				"north": {"uv": [5, 6, 9, 7], "texture": "#0", "tintindex": 0},
				"east": {"uv": [8, 6, 9, 7], "texture": "#0", "tintindex": 0},
				"south": {"uv": [5, 6, 9, 7], "texture": "#0", "tintindex": 0},
				"west": {"uv": [5, 6, 6, 7], "texture": "#0", "tintindex": 0},
				"up": {"uv": [5, 6, 9, 7], "texture": "#0", "tintindex": 0},
				"down": {"uv": [5, 6, 9, 7], "texture": "#0", "cullface": "down", "tintindex": 0}
			}
		},
		{
			"from": [11, 0, 7],
			"to": [12, 1, 8],
			"shade": false,
			"faces": {
				"north": {"uv": [11, 7, 12, 8], "texture": "#0", "tintindex": 0},
				"east": {"uv": [11, 7, 12, 8], "texture": "#0", "tintindex": 0},
				"south": {"uv": [11, 7, 12, 8], "texture": "#0", "tintindex": 0},
				"up": {"uv": [11, 7, 12, 8], "texture": "#0", "tintindex": 0},
				"down": {"uv": [11, 7, 12, 8], "texture": "#0", "cullface": "down", "tintindex": 0}
			}
		},
		{
			"from": [10, 0, 10],
			"to": [11, 1, 11],
			"shade": false,
			"faces": {
				"north": {"uv": [10, 10, 11, 11], "texture": "#0", "tintindex": 0},
				"east": {"uv": [10, 10, 11, 11], "texture": "#0", "tintindex": 0},
				"south": {"uv": [10, 10, 11, 11], "texture": "#0", "tintindex": 0},
				"west": {"uv": [10, 10, 11, 11], "texture": "#0", "tintindex": 0},
				"up": {"uv": [10, 10, 11, 11], "texture": "#0", "tintindex": 0},
				"down": {"uv": [10, 10, 11, 11], "texture": "#0", "cullface": "down", "tintindex": 0}
			}
		},
		{
			"from": [9, 0, 11],
			"to": [10, 1, 12],
			"shade": false,
			"faces": {
				"north": {"uv": [9, 11, 10, 12], "texture": "#0", "tintindex": 0},
				"east": {"uv": [9, 11, 10, 12], "texture": "#0", "tintindex": 0},
				"south": {"uv": [9, 11, 10, 12], "texture": "#0", "tintindex": 0},
				"west": {"uv": [9, 11, 10, 12], "texture": "#0", "tintindex": 0},
				"up": {"uv": [9, 11, 10, 12], "texture": "#0", "tintindex": 0},
				"down": {"uv": [9, 11, 10, 12], "texture": "#0", "cullface": "down", "tintindex": 0}
			}
		},
		{
			"from": [8, 0, 8],
			"to": [9, 1, 9],
			"shade": false,
			"faces": {
				"north": {"uv": [8, 8, 9, 9], "texture": "#0", "tintindex": 0},
				"south": {"uv": [8, 8, 9, 9], "texture": "#0", "tintindex": 0},
				"up": {"uv": [8, 8, 9, 9], "texture": "#0", "tintindex": 0},
				"down": {"uv": [8, 8, 9, 9], "texture": "#0", "cullface": "down", "tintindex": 0}
			}
		},
		{
			"from": [9, 0, 6],
			"to": [11, 1, 10],
			"shade": false,
			"faces": {
				"north": {"uv": [9, 6, 11, 7], "texture": "#0", "tintindex": 0},
				"east": {"uv": [10, 6, 11, 10], "texture": "#0", "tintindex": 0},
				"south": {"uv": [9, 9, 11, 10], "texture": "#0", "tintindex": 0},
				"west": {"uv": [9, 6, 10, 10], "texture": "#0", "tintindex": 0},
				"up": {"uv": [9, 6, 11, 10], "texture": "#0", "tintindex": 0},
				"down": {"uv": [9, 6, 11, 10], "texture": "#0", "cullface": "down", "tintindex": 0}
			}
		}
	],
	"groups": [
		{
			"name": "group",
			"origin": [8, 8, 8],
			"color": 0,
			"shade": false,
			"children": [0, 1, 2, 3, 4, 5, 6, 7, 8, 9, 10]
		}
	]
}