{"credit":"Made with Blockbench","parent":"block/block","textures":{"particle":"farmersdelight:block/tatami_mat_even","even":"farmersdelight:block/tatami_mat_even","odd":"farmersdelight:block/tatami_mat_odd","half":"farmersdelight:block/tatami_mat_half","inner":"farmersdelight:block/tatami_mat_half"},"elements":[{"name":"full tatami","from":[0,0,0],"to":[16,16,16],"faces":{"north":{"uv":[0,0,16,16],"rotation":270,"texture":"#odd","cullface":"north"},"east":{"uv":[0,0,16,16],"rotation":270,"texture":"#even","cullface":"east"},"south":{"uv":[0,0,16,16],"rotation":270,"texture":"#odd","cullface":"south"},"west":{"uv":[0,0,16,16],"rotation":270,"texture":"#even","cullface":"west"},"up":{"uv":[0,0,16,16],"texture":"#half","cullface":"up"},"down":{"uv":[0,0,16,16],"rotation":90,"texture":"#inner","cullface":"down"}}}]}