{"__comment":"Designed by GeForceLegend","display":{"firstperson_righthand":{"rotation":[0,45,0],"scale":[0.4,0.4,0.4],"translation":[0,1,0]},"fixed":{"scale":[0.7,0.7,0.7]},"ground":{"scale":[0.25,0.25,0.25],"translation":[0,3,0]},"gui":{"rotation":[30,225,0],"scale":[0.75,0.75,0.75],"translation":[-0.5,0.5,0]},"thirdperson_righthand":{"rotation":[75,45,0],"scale":[0.375,0.375,0.375],"translation":[0,1,0]}},"elements":[{"faces":{"east":{"texture":"#stand","uv":[7,2,9,15]},"north":{"texture":"#stand","uv":[7,2,9,15]},"south":{"texture":"#stand","uv":[7,2,9,15]},"up":{"texture":"#stand","uv":[7,7,9,9]},"west":{"texture":"#stand","uv":[7,2,9,15]}},"from":[7,1,7],"light_emission":15,"to":[9,14,9]},{"faces":{"down":{"texture":"#stand","uv":[7,4,8,5]},"east":{"texture":"#stand","uv":[7,3,9,5]},"north":{"texture":"#stand","uv":[7,3,9,5]},"south":{"texture":"#stand","uv":[7,3,9,5]},"up":{"texture":"#stand","uv":[7,3,8,4]},"west":{"texture":"#stand","uv":[7,3,9,5]}},"from":[6.9,11,6.9],"to":[9.1,13,9.1]},{"faces":{"down":{"texture":"#base","uv":[9,5,15,11]},"east":{"texture":"#base","uv":[5,14,11,16]},"north":{"texture":"#base","uv":[9,14,15,16]},"south":{"texture":"#base","uv":[9,14,15,16]},"up":{"texture":"#base","uv":[9,5,15,11]},"west":{"texture":"#base","uv":[5,14,11,16]}},"from":[10,0,5],"to":[16,2,11]},{"faces":{"down":{"texture":"#base","uv":[2,1,8,7]},"east":{"texture":"#base","uv":[1,14,7,16]},"north":{"texture":"#base","uv":[2,14,8,16]},"south":{"texture":"#base","uv":[2,14,8,16]},"up":{"texture":"#base","uv":[2,1,8,7]},"west":{"texture":"#base","uv":[1,14,7,16]}},"from":[1,0,1],"to":[7,2,7]},{"faces":{"down":{"texture":"#base","uv":[2,9,8,15]},"east":{"texture":"#base","uv":[9,14,15,16]},"north":{"texture":"#base","uv":[2,14,8,16]},"south":{"texture":"#base","uv":[2,14,8,16]},"up":{"texture":"#base","uv":[2,9,8,15]},"west":{"texture":"#base","uv":[9,14,15,16]}},"from":[1,0,9],"to":[7,2,15]},{"faces":{"down":{"texture":"#base","uv":[5,7,7,9]},"up":{"texture":"#base","uv":[5,7,7,9]},"west":{"texture":"#base","uv":[6,8,8,9]}},"from":[5,0,7],"to":[7,1,9]},{"faces":{"down":{"cullface":"down","texture":"#base","uv":[8,10,9,6]},"north":{"texture":"#base","uv":[8,6,9,7]},"south":{"texture":"#base","uv":[8,9,9,10]},"up":{"texture":"#base","uv":[8,6,9,10]}},"from":[9,0,6],"to":[10,1,10]},{"faces":{"down":{"cullface":"down","texture":"#base","uv":[8,11,10,5]},"east":{"rotation":90,"texture":"#base","uv":[9,5,10,11]},"north":{"texture":"#base","uv":[10,5,8,6]},"south":{"texture":"#base","uv":[8,10,10,11]},"up":{"texture":"#base","uv":[8,5,10,11]}},"from":[7,0,5],"to":[9,1,11]},{"faces":{"down":{"texture":"#stand","uv":[9,12,11,13]},"east":{"texture":"#stand","uv":[11,2,10,13]},"north":{"texture":"#stand","uv":[11,2,9,13]},"south":{"texture":"#stand","uv":[9,2,11,13]},"up":{"texture":"#stand","uv":[9,3,11,2]}},"from":[9,3,7.5],"to":[11,14,8.5]},{"faces":{"down":{"texture":"#stand","uv":[11,3,12,4]},"north":{"texture":"#stand","uv":[11,1,12,4]},"south":{"texture":"#stand","uv":[11,1,12,4]},"up":{"texture":"#stand","uv":[11,2,12,1]},"west":{"texture":"#stand","uv":[11,1,12,4]}},"from":[11,12,7.5],"to":[12,15,8.5]},{"faces":{"down":{"texture":"#stand","uv":[13,4,14,5]},"east":{"texture":"#stand","uv":[13,3,14,5]},"north":{"texture":"#stand","uv":[13,3,14,5]},"south":{"texture":"#stand","uv":[13,3,14,5]},"up":{"texture":"#stand","uv":[13,3,14,4]}},"from":[13,11,7.5],"to":[14,13,8.5]},{"faces":{"down":{"texture":"#stand","uv":[12,9,13,10]},"east":{"texture":"#stand","uv":[12,0,13,10]},"north":{"texture":"#stand","uv":[12,0,13,10]},"south":{"texture":"#stand","uv":[12,0,13,10]},"up":{"texture":"#stand","uv":[12,0,13,1]},"west":{"texture":"#stand","uv":[12,0,13,10]}},"from":[12,6,7.5],"to":[13,16,8.5]},{"faces":{"down":{"texture":"#stand","uv":[11,13,9,12]},"east":{"texture":"#stand","uv":[10,2,9,13]},"north":{"texture":"#stand","uv":[9,2,11,13]},"south":{"texture":"#stand","uv":[11,2,9,13]},"up":{"texture":"#stand","uv":[11,2,9,3]},"west":{"texture":"#stand","uv":[11,2,10,13]}},"from":[5,3,7.5],"rotation":{"angle":-45,"axis":"y","origin":[8,7,8]},"to":[7,14.01,8.5]},{"faces":{"down":{"texture":"#stand","uv":[12,4,11,3]},"east":{"texture":"#stand","uv":[11,1,12,4]},"north":{"texture":"#stand","uv":[11,1,12,4]},"south":{"texture":"#stand","uv":[11,1,12,4]},"up":{"texture":"#stand","uv":[12,1,11,2]}},"from":[4,12,7.5],"rotation":{"angle":-45,"axis":"y","origin":[8,7,8]},"to":[5,15,8.5]},{"faces":{"down":{"texture":"#stand","uv":[14,5,13,4]},"north":{"texture":"#stand","uv":[13,3,14,5]},"south":{"texture":"#stand","uv":[13,3,14,5]},"up":{"texture":"#stand","uv":[14,4,13,3]},"west":{"texture":"#stand","uv":[13,3,14,5]}},"from":[2,11,7.5],"rotation":{"angle":-45,"axis":"y","origin":[8,7,8]},"to":[3,13,8.5]},{"faces":{"down":{"texture":"#stand","uv":[13,10,12,9]},"east":{"texture":"#stand","uv":[12,0,13,10]},"north":{"texture":"#stand","uv":[12,0,13,10]},"south":{"texture":"#stand","uv":[12,0,13,10]},"up":{"texture":"#stand","uv":[13,1,12,0]},"west":{"texture":"#stand","uv":[12,0,13,10]}},"from":[3,6,7.5],"rotation":{"angle":-45,"axis":"y","origin":[8,7,8]},"to":[4,16,8.5]},{"faces":{"down":{"texture":"#stand","uv":[11,13,9,12]},"east":{"texture":"#stand","uv":[10,2,9,13]},"north":{"texture":"#stand","uv":[9,2,11,13]},"south":{"texture":"#stand","uv":[11,2,9,13]},"up":{"texture":"#stand","uv":[11,2,9,3]},"west":{"texture":"#stand","uv":[11,2,10,13]}},"from":[5,3,7.5],"rotation":{"angle":45,"axis":"y","origin":[8,7,8]},"to":[7,14.01,8.5]},{"faces":{"down":{"texture":"#stand","uv":[12,4,11,3]},"east":{"texture":"#stand","uv":[11,1,12,4]},"north":{"texture":"#stand","uv":[11,1,12,4]},"south":{"texture":"#stand","uv":[11,1,12,4]},"up":{"texture":"#stand","uv":[12,1,11,2]}},"from":[4,12,7.5],"rotation":{"angle":45,"axis":"y","origin":[8,7,8]},"to":[5,15,8.5]},{"faces":{"down":{"texture":"#stand","uv":[14,5,13,4]},"north":{"texture":"#stand","uv":[13,3,14,5]},"south":{"texture":"#stand","uv":[13,3,14,5]},"up":{"texture":"#stand","uv":[14,4,13,3]},"west":{"texture":"#stand","uv":[13,3,14,5]}},"from":[2,11,7.5],"rotation":{"angle":45,"axis":"y","origin":[8,7,8]},"to":[3,13,8.5]},{"faces":{"down":{"texture":"#stand","uv":[13,10,12,9]},"east":{"texture":"#stand","uv":[12,0,13,10]},"north":{"texture":"#stand","uv":[12,0,13,10]},"south":{"texture":"#stand","uv":[12,0,13,10]},"up":{"texture":"#stand","uv":[13,1,12,0]},"west":{"texture":"#stand","uv":[12,0,13,10]}},"from":[3,6,7.5],"rotation":{"angle":45,"axis":"y","origin":[8,7,8]},"to":[4,16,8.5]}],"textures":{"base":"block/brewing_stand_base","particle":"block/brewing_stand","stand":"block/brewing_stand"}}