{"format_version":"1.21.6","credit":"Designed by GeForceLegend","parent":"res_fixes:block/shadeless/block","textures":{"base":"block/brewing_stand_base","particle":"block/brewing_stand","stand":"block/brewing_stand"},"elements":[{"from":[9,3,7.5],"to":[11,14,8.5],"faces":{"north":{"uv":[11,2,9,13],"texture":"#stand"},"east":{"uv":[11,2,10,13],"texture":"#stand"},"south":{"uv":[9,2,11,13],"texture":"#stand"},"up":{"uv":[9,3,11,2],"texture":"#stand"},"down":{"uv":[9,12,11,13],"texture":"#stand"}}},{"from":[11,12,7.5],"to":[12,15,8.5],"faces":{"north":{"uv":[11,1,12,4],"texture":"#stand"},"south":{"uv":[11,1,12,4],"texture":"#stand"},"west":{"uv":[11,1,12,4],"texture":"#stand"},"up":{"uv":[11,2,12,1],"texture":"#stand"},"down":{"uv":[11,3,12,4],"texture":"#stand"}}},{"from":[13,11,7.5],"to":[14,13,8.5],"faces":{"north":{"uv":[13,3,14,5],"texture":"#stand"},"east":{"uv":[13,3,14,5],"texture":"#stand"},"south":{"uv":[13,3,14,5],"texture":"#stand"},"up":{"uv":[13,3,14,4],"texture":"#stand"},"down":{"uv":[13,4,14,5],"texture":"#stand"}}},{"from":[12,6,7.5],"to":[13,16,8.5],"faces":{"north":{"uv":[12,0,13,10],"texture":"#stand"},"east":{"uv":[12,0,13,10],"texture":"#stand"},"south":{"uv":[12,0,13,10],"texture":"#stand"},"west":{"uv":[12,0,13,10],"texture":"#stand"},"up":{"uv":[12,0,13,1],"texture":"#stand"},"down":{"uv":[12,9,13,10],"texture":"#stand"}}},{"from":[5,3,7.5],"to":[7,14.01,8.5],"rotation":{"angle":-45,"axis":"y","origin":[8,7,8]},"faces":{"north":{"uv":[9,2,11,13],"texture":"#stand"},"east":{"uv":[10,2,9,13],"texture":"#stand"},"south":{"uv":[11,2,9,13],"texture":"#stand"},"west":{"uv":[11,2,10,13],"texture":"#stand"},"up":{"uv":[11,2,9,3],"texture":"#stand"},"down":{"uv":[11,13,9,12],"texture":"#stand"}}},{"from":[4,12,7.5],"to":[5,15,8.5],"rotation":{"angle":-45,"axis":"y","origin":[8,7,8]},"faces":{"north":{"uv":[11,1,12,4],"texture":"#stand"},"east":{"uv":[11,1,12,4],"texture":"#stand"},"south":{"uv":[11,1,12,4],"texture":"#stand"},"up":{"uv":[12,1,11,2],"texture":"#stand"},"down":{"uv":[12,4,11,3],"texture":"#stand"}}},{"from":[2,11,7.5],"to":[3,13,8.5],"rotation":{"angle":-45,"axis":"y","origin":[8,7,8]},"faces":{"north":{"uv":[13,3,14,5],"texture":"#stand"},"south":{"uv":[13,3,14,5],"texture":"#stand"},"west":{"uv":[13,3,14,5],"texture":"#stand"},"up":{"uv":[14,4,13,3],"texture":"#stand"},"down":{"uv":[14,5,13,4],"texture":"#stand"}}},{"from":[3,6,7.5],"to":[4,16,8.5],"rotation":{"angle":-45,"axis":"y","origin":[8,7,8]},"faces":{"north":{"uv":[12,0,13,10],"texture":"#stand"},"east":{"uv":[12,0,13,10],"texture":"#stand"},"south":{"uv":[12,0,13,10],"texture":"#stand"},"west":{"uv":[12,0,13,10],"texture":"#stand"},"up":{"uv":[13,1,12,0],"texture":"#stand"},"down":{"uv":[13,10,12,9],"texture":"#stand"}}},{"from":[5,3,7.5],"to":[7,14.01,8.5],"rotation":{"angle":45,"axis":"y","origin":[8,7,8]},"faces":{"north":{"uv":[9,2,11,13],"texture":"#stand"},"east":{"uv":[10,2,9,13],"texture":"#stand"},"south":{"uv":[11,2,9,13],"texture":"#stand"},"west":{"uv":[11,2,10,13],"texture":"#stand"},"up":{"uv":[11,2,9,3],"texture":"#stand"},"down":{"uv":[11,13,9,12],"texture":"#stand"}}},{"from":[4,12,7.5],"to":[5,15,8.5],"rotation":{"angle":45,"axis":"y","origin":[8,7,8]},"faces":{"north":{"uv":[11,1,12,4],"texture":"#stand"},"east":{"uv":[11,1,12,4],"texture":"#stand"},"south":{"uv":[11,1,12,4],"texture":"#stand"},"up":{"uv":[12,1,11,2],"texture":"#stand"},"down":{"uv":[12,4,11,3],"texture":"#stand"}}},{"from":[2,11,7.5],"to":[3,13,8.5],"rotation":{"angle":45,"axis":"y","origin":[8,7,8]},"faces":{"north":{"uv":[13,3,14,5],"texture":"#stand"},"south":{"uv":[13,3,14,5],"texture":"#stand"},"west":{"uv":[13,3,14,5],"texture":"#stand"},"up":{"uv":[14,4,13,3],"texture":"#stand"},"down":{"uv":[14,5,13,4],"texture":"#stand"}}},{"from":[3,6,7.5],"to":[4,16,8.5],"rotation":{"angle":45,"axis":"y","origin":[8,7,8]},"faces":{"north":{"uv":[12,0,13,10],"texture":"#stand"},"east":{"uv":[12,0,13,10],"texture":"#stand"},"south":{"uv":[12,0,13,10],"texture":"#stand"},"west":{"uv":[12,0,13,10],"texture":"#stand"},"up":{"uv":[13,1,12,0],"texture":"#stand"},"down":{"uv":[13,10,12,9],"texture":"#stand"}}},{"from":[6.9,11,6.9],"to":[9.1,13,9.1],"faces":{"north":{"uv":[7,3,9,5],"texture":"#stand"},"east":{"uv":[7,3,9,5],"texture":"#stand"},"south":{"uv":[7,3,9,5],"texture":"#stand"},"west":{"uv":[7,3,9,5],"texture":"#stand"},"up":{"uv":[7,3,8,4],"texture":"#stand"},"down":{"uv":[7,4,8,5],"texture":"#stand"}}},{"from":[7,0,7],"to":[9,14,9],"faces":{"north":{"uv":[7,2,9,16],"texture":"#stand"},"east":{"uv":[7,2,9,16],"texture":"#stand"},"south":{"uv":[7,2,9,16],"texture":"#stand"},"west":{"uv":[7,2,9,16],"texture":"#stand"},"up":{"uv":[7,7,9,9],"texture":"#stand"},"down":{"uv":[7,12,9,14],"texture":"#stand","cullface":"down"}}},{"from":[9,0,5],"to":[15,2,11],"faces":{"north":{"uv":[9,14,15,16],"texture":"#base"},"east":{"uv":[5,14,11,16],"texture":"#base"},"south":{"uv":[9,14,15,16],"texture":"#base"},"west":{"uv":[5,14,11,16],"texture":"#base"},"up":{"uv":[9,5,15,11],"texture":"#base"},"down":{"uv":[9,5,15,11],"texture":"#base","cullface":"down"}}},{"from":[1,0,1],"to":[7,2,7],"faces":{"north":{"uv":[1,14,7,16],"texture":"#base"},"east":{"uv":[1,14,7,16],"texture":"#base"},"south":{"uv":[1,14,7,16],"texture":"#base"},"west":{"uv":[1,14,7,16],"texture":"#base"},"up":{"uv":[1,1,7,7],"texture":"#base"},"down":{"uv":[1,9,7,15],"texture":"#base","cullface":"down"}}},{"from":[1,0,9],"to":[7,2,15],"faces":{"north":{"uv":[1,14,7,16],"texture":"#base"},"east":{"uv":[9,14,15,16],"texture":"#base"},"south":{"uv":[1,14,7,16],"texture":"#base"},"west":{"uv":[9,14,15,16],"texture":"#base"},"up":{"uv":[1,9,7,15],"texture":"#base"},"down":{"uv":[1,1,7,7],"texture":"#base","cullface":"down"}}},{"from":[7,0,6],"to":[9,2,7],"faces":{"north":{"uv":[7,5,9,7],"texture":"#base"},"up":{"uv":[7,6,9,7],"texture":"#base"},"down":{"uv":[7,9,9,10],"texture":"#base"}}},{"from":[7,0,9],"to":[9,2,10],"faces":{"south":{"uv":[7,9,9,11],"texture":"#base"},"up":{"uv":[7,9,9,10],"texture":"#base"},"down":{"uv":[7,6,9,7],"texture":"#base"}}},{"from":[6,0,7],"to":[7,2,9],"faces":{"west":{"uv":[5,7,7,9],"texture":"#base"},"up":{"uv":[6,7,7,9],"texture":"#base"},"down":{"uv":[7,9,6,7],"texture":"#base"}}}],"display":{"thirdperson_righthand":{"rotation":[75,135,0],"translation":[0,2.5,2],"scale":[0.4,0.4,0.4]},"gui":{"rotation":[30,-135,0],"scale":[0.7,0.7,0.7]},"head":{"translation":[0,14.5,0]}}}