{
  "credit": "Made with Blockbench by Minecraft_hyr",
  "parent": "block/cake",
  "display": {
    "thirdperson_righthand": {
      "rotation": [75, 45, 0],
      "translation": [0, 2.5, 0],
      "scale": [0.4, 0.4, 0.4]
    },
    "firstperson_righthand": {
      "rotation": [0, 45, 0],
      "translation": [0, 0.5, 0],
      "scale": [0.375, 0.375, 0.375]
    },
    "ground": {
      "translation": [0, 3, 0],
      "scale": [0.25, 0.25, 0.25]
    },
    "gui": {
      "translation": [0, 1, 0],
      "rotation": [30, 225, 0],
      "scale": [0.71, 0.71, 0.71]
    },
    "head": {
      "translation": [0, 14.5, 0]
    },
    "fixed": {
      "scale": [0.6, 0.6, 0.6]
    }
  }
}
