{"__comment":"Designed by GeForceLegend","display":{"firstperson_lefthand":{"rotation":[0,225,0],"scale":[0.4,0.4,0.4],"translation":[0,0,0]},"firstperson_righthand":{"rotation":[0,45,0],"scale":[0.4,0.4,0.4],"translation":[0,0,0]},"fixed":{"rotation":[0,0,0],"scale":[0.5,0.5,0.5],"translation":[0,0,0]},"ground":{"rotation":[0,0,0],"scale":[0.25,0.25,0.25],"translation":[0,3,0]},"gui":{"rotation":[30,225,0],"scale":[0.625,0.625,0.625],"translation":[0,0,0]},"thirdperson_righthand":{"rotation":[75,45,0],"scale":[0.375,0.375,0.375],"translation":[0,2.5,0]}},"parent":"block/cauldron"}