{
  "gui_light": "front",
  "textures": {
    "particle": "entity/decorated_pot/decorated_pot_side"
  },
  "display": {
    "thirdperson_righthand": {
      "translation": [0, 2, 0.5],
      "scale": [0.375, 0.375, 0.375]
    },
    "firstperson_righthand": {
            "scale": [0.375, 0.375, 0.375]
    },
    "gui": {
      "rotation": [30, 45, 0],
            "scale": [0.6, 0.6, 0.6]
    },
    "ground": {
      "translation": [0, 1, 0],
      "scale": [0.25, 0.25, 0.25]
    },
    "head": {
      "rotation": [0, 180, 0],
      "translation": [0, 16, 0],
      "scale": [1.5, 1.5, 1.5]
    },
    "fixed": {
      "rotation": [0, 180, 0],
            "scale": [0.5, 0.5, 0.5]
    }
  }
}
