{"__comment":"Designed by GeForceLegend","display":{"firstperson_lefthand":{"rotation":[75,0,90],"scale":[0.5,0.5,0.5],"translation":[-2.87,3.2,1.13]},"firstperson_righthand":{"rotation":[75,0,90],"scale":[0.5,0.5,0.5],"translation":[-2.87,3.2,1.13]},"fixed":{"rotation":[-90,180,0],"scale":[1,1,1],"translation":[0,0,-7]},"ground":{"rotation":[0,0,0],"scale":[0.5,0.5,0.5],"translation":[0,4,0]},"gui":{"rotation":[30,225,0],"scale":[1,1,1],"translation":[0,2,0]},"thirdperson_righthand":{"rotation":[75,0,90],"scale":[0.55,0.55,0.55],"translation":[-3.5,1,0.5]}},"parent":"block/lever"}