{"__comment":"Designed by GeForceLegend","display":{"firstperson_lefthand":{"rotation":[0,225,0],"scale":[0.6,0.6,0.6],"translation":[0,3,0]},"firstperson_righthand":{"rotation":[0,45,0],"scale":[0.6,0.6,0.6],"translation":[0,3,0]},"fixed":{"rotation":[0,0,0],"scale":[1,1,1],"translation":[0,3,0]},"ground":{"rotation":[0,0,0],"scale":[0.5,0.5,0.5],"translation":[0,4,0]},"gui":{"rotation":[30,225,0],"scale":[1,1,1],"translation":[0,2,0]},"thirdperson_righthand":{"rotation":[0,0,0],"scale":[0.55,0.55,0.55],"translation":[0,2.5,0]}},"parent":"block/soul_lantern"}