{
	"__comment":"Designed by GeForceLegend",
	"parent":"block/tripwire_hook",
	"display":{
		"gui":{
			"rotation":[30,225,0],
			"translation":[4,0,0],
			"scale":[1.1,1.1,1.1]
		},
		"ground":{
			"rotation":[0,0,0],
			"translation":[0,3,-3],
			"scale":[0.5,0.5,0.5]
		},
		"fixed":{
			"rotation":[0,0,0],
			"translation":[0,3,-7],
			"scale":[1,1,1]
		},
		"thirdperson_righthand":{
			"rotation":[75,45,0],
			"translation":[0,2.5,0],
			"scale":[0.375,0.375,0.375]
		},
		"firstperson_righthand":{
			"rotation":[-15,90,0],
			"translation":[-2.87,4,1.13],
			"scale":[0.5,0.5,0.5]
		},
		"firstperson_lefthand":{
			"rotation":[0,225,0],
			"translation":[0,0,0],
			"scale":[0.40,0.40,0.40]
		}
	}
}