{"format_version":"1.21.6","credit":"Made with Blockbench by Minecraft_hyr","ambientocclusion":false,"textures":{"side":"minecraft:block/glass_pane_top","particle":"#side"},"elements":[{"from":[7,0,7],"to":[9,16,7],"faces":{"north":{"uv":[7,0,9,16],"texture":"#side"},"south":{"uv":[9,0,7,16],"texture":"#side"}}},{"from":[7,0,9],"to":[9,16,9],"faces":{"north":{"uv":[7,0,9,16],"texture":"#side"},"south":{"uv":[9,0,7,16],"texture":"#side"}}},{"from":[7,0,7],"to":[7,16,9],"faces":{"east":{"uv":[9,0,7,16],"texture":"#side"},"west":{"uv":[7,0,9,16],"texture":"#side"}}},{"from":[9,0,7],"to":[9,16,9],"faces":{"east":{"uv":[9,0,7,16],"texture":"#side"},"west":{"uv":[7,0,9,16],"texture":"#side"}}}]}