{"format_version":"1.21.6","credit":"Made with Blockbench by Minecraft_hyr","ambientocclusion":false,"textures":{"particle":"#fire"},"elements":[{"from":[0.1,0,8.8],"to":[15.9,22.4,8.8],"shade":false,"rotation":{"angle":-22.5,"axis":"x","origin":[8,8,8],"rescale":true},"faces":{"south":{"uv":[0,0,16,16],"texture":"#fire"}}},{"from":[0.1,0,7.2],"to":[15.9,22.4,7.2],"shade":false,"rotation":{"angle":22.5,"axis":"x","origin":[8.1,8,8],"rescale":true},"faces":{"north":{"uv":[0,0,16,16],"texture":"#fire"}}},{"from":[8.8,0,0.1],"to":[8.8,22.4,15.9],"shade":false,"rotation":{"angle":-22.5,"axis":"z","origin":[8,8,8],"rescale":true},"faces":{"west":{"uv":[0,0,16,16],"texture":"#fire"}}},{"from":[7.2,0,0.1],"to":[7.2,22.4,15.9],"shade":false,"rotation":{"angle":22.5,"axis":"z","origin":[8,8,8],"rescale":true},"faces":{"east":{"uv":[0,0,16,16],"texture":"#fire"}}}]}