{"__comment":"Designed by GeForceLegend","parent":"item/door","textures":{"bottom1":"block/acacia_door_bottom1","bottom2":"block/acacia_door_bottom2","bottom":"block/acacia_door_bottom","top1":"block/acacia_door_top1","top2":"block/acacia_door_top2","top":"block/acacia_door_top","particle":"item/acacia_door"},"elements":[{"from":[1,7,5.5],"to":[2,8,10.5],"faces":{"north":{"uv":[12,0,13,1],"texture":"#bottom1"},"east":{"uv":[12,0,13,1],"texture":"#bottom1"},"south":{"uv":[12,0,13,1],"texture":"#bottom1"},"west":{"uv":[12,0,13,1],"texture":"#bottom1"},"down":{"uv":[12,0,13,1],"texture":"#bottom1"}}},{"from":[13,-8,6.5],"to":[16,8,9.5],"faces":{"north":{"uv":[2,0,5,16],"texture":"#bottom1"},"east":{"uv":[0,0,3,16],"texture":"#bottom1"},"south":{"uv":[5,0,2,16],"texture":"#bottom1"},"west":{"uv":[4,0,7,16],"texture":"#bottom1"},"down":{"uv":[3,13,0,16],"texture":"#bottom2"}}},{"from":[3,-8,6.5],"to":[13,-5,9.5],"faces":{"north":{"uv":[3,11,13,14],"texture":"#bottom2"},"south":{"uv":[13,11,3,14],"texture":"#bottom2"},"up":{"uv":[13,9,3,12],"texture":"#bottom2"},"down":{"uv":[13,13,3,16],"texture":"#bottom2"}}},{"from":[9,-5,7.5],"to":[11,7,8.5],"faces":{"north":{"uv":[5,1,7,13],"texture":"#bottom"},"east":{"uv":[5,1,6,13],"texture":"#bottom"},"south":{"uv":[7,1,5,13],"texture":"#bottom"},"west":{"uv":[6,1,7,13],"texture":"#bottom"}}},{"from":[5,-5,7.5],"to":[7,7,8.5],"faces":{"north":{"uv":[9,1,11,13],"texture":"#bottom"},"east":{"uv":[9,1,10,13],"texture":"#bottom"},"south":{"uv":[11,1,9,13],"texture":"#bottom"},"west":{"uv":[10,1,11,13],"texture":"#bottom"}}},{"from":[3,7,7.5],"to":[13,9,8.5],"faces":{"north":{"uv":[3,7,13,9],"texture":"#bottom2"},"south":{"uv":[13,7,3,9],"texture":"#bottom2"},"up":{"uv":[13,7,3,8],"texture":"#bottom2"},"down":{"uv":[13,8,3,9],"texture":"#bottom2"}}},{"from":[0,-8,6.5],"to":[3,8,9.5],"faces":{"north":{"uv":[11,0,14,16],"texture":"#bottom1"},"east":{"uv":[9,0,12,16],"texture":"#bottom1"},"south":{"uv":[14,0,11,16],"texture":"#bottom1"},"west":{"uv":[13,0,16,16],"texture":"#bottom1"},"down":{"uv":[16,13,13,16],"texture":"#bottom2"}}},{"from":[9,9,7.5],"to":[11,21,8.5],"faces":{"north":{"uv":[5,3,7,15],"texture":"#top"},"east":{"uv":[5,3,6,15],"texture":"#top"},"south":{"uv":[7,3,5,15],"texture":"#top"},"west":{"uv":[6,3,7,15],"texture":"#top"}}},{"from":[5,9,7.5],"to":[7,21,8.5],"faces":{"north":{"uv":[9,3,11,15],"texture":"#top"},"east":{"uv":[9,3,10,15],"texture":"#top"},"south":{"uv":[11,3,9,15],"texture":"#top"},"west":{"uv":[10,3,11,15],"texture":"#top"}}},{"from":[1,8,5.5],"to":[4,9,6.5],"faces":{"north":{"uv":[12,15,15,16],"texture":"#top"},"east":{"uv":[12,15,13,16],"texture":"#top"},"south":{"uv":[15,15,12,16],"texture":"#top"},"west":{"uv":[15,15,14,16],"texture":"#top"},"up":{"uv":[15,15,12,16],"texture":"#top"},"down":{"uv":[15,15,12,16],"texture":"#top"}}},{"from":[1,8,9.5],"to":[4,9,10.5],"faces":{"north":{"uv":[12,15,15,16],"texture":"#top"},"east":{"uv":[12,15,13,16],"texture":"#top"},"south":{"uv":[15,15,12,16],"texture":"#top"},"west":{"uv":[15,15,14,16],"texture":"#top"},"up":{"uv":[15,15,12,16],"texture":"#top"},"down":{"uv":[15,15,12,16],"texture":"#top"}}},{"from":[3,21,6.5],"to":[13,24,9.5],"faces":{"north":{"uv":[3,2,13,5],"texture":"#top2"},"south":{"uv":[13,2,3,5],"texture":"#top2"},"up":{"uv":[13,0,3,3],"texture":"#top2"},"down":{"uv":[13,4,3,7],"texture":"#top2"}}},{"from":[0,8,6.5],"to":[3,24,9.5],"faces":{"north":{"uv":[11,0,14,16],"texture":"#top1"},"east":{"uv":[9,0,12,16],"texture":"#top1"},"south":{"uv":[14,0,11,16],"texture":"#top1"},"west":{"uv":[13,0,16,16],"texture":"#top1"},"up":{"uv":[16,0,13,3],"texture":"#top2"}}},{"from":[13,8,6.5],"to":[16,24,9.5],"faces":{"north":{"uv":[2,0,5,16],"texture":"#top1"},"east":{"uv":[0,0,3,16],"texture":"#top1"},"south":{"uv":[5,0,2,16],"texture":"#top1"},"west":{"uv":[4,0,7,16],"texture":"#top1"},"up":{"uv":[3,0,0,3],"texture":"#top2"}}}]}