{"__comment":"Designed by GeForceLegend","parent":"item/door","textures":{"bottom":"block/bamboo_door_top","bottom1":"block/bamboo_door_top1","top":"block/bamboo_door_bottom","top1":"block/bamboo_door_bottom1","particle":"block/bamboo_door_top"},"elements":[{"from":[3,-8,6.5],"to":[13,-5,9.5],"faces":{"north":{"uv":[3,13,13,16],"texture":"#top"},"south":{"uv":[13,13,3,16],"texture":"#top"},"up":{"uv":[3,13,13,14],"rotation":180,"texture":"#top"},"down":{"uv":[6,13,9,3],"rotation":270,"texture":"#top1"}}},{"from":[13,-8,6.5],"to":[16,8,9.5],"faces":{"north":{"uv":[0,0,3,16],"texture":"#top"},"east":{"uv":[0,0,3,16],"texture":"#top1"},"south":{"uv":[3,0,0,16],"texture":"#top"},"west":{"uv":[2,0,3,16],"texture":"#top"},"down":{"uv":[6,3,9,0],"rotation":270,"texture":"#top1"}}},{"from":[0,-8,6.5],"to":[3,8,9.5],"faces":{"north":{"uv":[13,0,16,16],"texture":"#top"},"east":{"uv":[13,0,14,16],"texture":"#top"},"south":{"uv":[16,0,13,16],"texture":"#top"},"west":{"uv":[13,0,16,16],"texture":"#top1"},"down":{"uv":[6,16,9,13],"rotation":270,"texture":"#top1"}}},{"from":[3,6,6.5],"to":[13,8,9.5],"faces":{"north":{"uv":[3,0,13,2],"texture":"#top"},"south":{"uv":[13,0,3,2],"texture":"#top"},"up":{"uv":[10,6,13,16],"rotation":90,"texture":"#top1"},"down":{"uv":[13,1,3,2],"texture":"#top"}}},{"from":[3,-5,7.5],"to":[13,6,8.5],"faces":{"north":{"uv":[3,2,13,13],"texture":"#top"},"south":{"uv":[13,2,3,13],"texture":"#top"}}},{"from":[3,4,5.5],"to":[5,5,6.5],"faces":{"north":{"uv":[10,3,12,4],"texture":"#top1"},"east":{"uv":[10,3,11,4],"texture":"#top1"},"south":{"uv":[12,3,10,4],"texture":"#top1"},"west":{"uv":[11,3,12,4],"texture":"#top1"},"up":{"uv":[10,3,12,4],"rotation":180,"texture":"#top1"},"down":{"uv":[12,3,10,4],"texture":"#top1"}}},{"from":[5,5,5.5],"to":[6,7,6.5],"faces":{"north":{"uv":[12,1,13,3],"texture":"#top1"},"east":{"uv":[12,1,13,3],"texture":"#top1"},"south":{"uv":[12,1,13,3],"texture":"#top1"},"west":{"uv":[12,1,13,3],"texture":"#top1"},"up":{"uv":[12,1,13,2],"rotation":90,"texture":"#top1"},"down":{"uv":[12,2,13,3],"rotation":270,"texture":"#top1"}}},{"from":[2,5,5.5],"to":[3,7,6.5],"faces":{"north":{"uv":[9,1,10,3],"texture":"#top1"},"east":{"uv":[9,1,10,3],"texture":"#top1"},"south":{"uv":[9,1,10,3],"texture":"#top1"},"west":{"uv":[9,1,10,3],"texture":"#top1"},"up":{"uv":[9,1,10,2],"rotation":90,"texture":"#top1"},"down":{"uv":[9,2,10,3],"rotation":270,"texture":"#top1"}}},{"from":[3,7,5.5],"to":[5,8,6.5],"faces":{"north":{"uv":[10,0,12,1],"texture":"#top1"},"east":{"uv":[10,0,11,1],"texture":"#top1"},"south":{"uv":[12,0,10,1],"texture":"#top1"},"west":{"uv":[11,0,12,1],"texture":"#top1"},"up":{"uv":[10,0,12,1],"rotation":180,"texture":"#top1"},"down":{"uv":[12,0,10,1],"texture":"#top1"}}},{"from":[3,4,9.5],"to":[5,5,10.49],"faces":{"north":{"uv":[10,3,12,4],"texture":"#top1"},"east":{"uv":[10,3,11,4],"texture":"#top1"},"south":{"uv":[12,3,10,4],"texture":"#top1"},"west":{"uv":[11,3,12,4],"texture":"#top1"},"up":{"uv":[10,3,12,4],"rotation":180,"texture":"#top1"},"down":{"uv":[12,3,10,4],"texture":"#top1"}}},{"from":[5,5,9.5],"to":[6,7,10.49],"faces":{"north":{"uv":[12,1,13,3],"texture":"#top1"},"east":{"uv":[12,1,13,3],"texture":"#top1"},"south":{"uv":[12,1,13,3],"texture":"#top1"},"west":{"uv":[12,1,13,3],"texture":"#top1"},"up":{"uv":[12,1,13,2],"rotation":90,"texture":"#top1"},"down":{"uv":[12,2,13,3],"rotation":270,"texture":"#top1"}}},{"from":[2,5,9.5],"to":[3,7,10.49],"faces":{"north":{"uv":[9,1,10,3],"texture":"#top1"},"east":{"uv":[9,1,10,3],"texture":"#top1"},"south":{"uv":[9,1,10,3],"texture":"#top1"},"west":{"uv":[9,1,10,3],"texture":"#top1"},"up":{"uv":[9,1,10,2],"rotation":90,"texture":"#top1"},"down":{"uv":[9,2,10,3],"rotation":270,"texture":"#top1"}}},{"from":[3,7,9.5],"to":[5,8,10.49],"faces":{"north":{"uv":[10,0,12,1],"texture":"#top1"},"east":{"uv":[10,0,11,1],"texture":"#top1"},"south":{"uv":[12,0,10,1],"texture":"#top1"},"west":{"uv":[11,0,12,1],"texture":"#top1"},"up":{"uv":[10,0,12,1],"rotation":180,"texture":"#top1"},"down":{"uv":[12,0,10,1],"texture":"#top1"}}},{"from":[0,8,6.5],"to":[3,24,9.5],"faces":{"north":{"uv":[13,0,16,16],"texture":"#bottom"},"east":{"uv":[14,0,13,16],"texture":"#bottom"},"south":{"uv":[16,0,13,16],"texture":"#bottom"},"west":{"uv":[16,0,13,16],"texture":"#bottom1"},"up":{"uv":[6,13,9,16],"rotation":90,"texture":"#bottom1"}}},{"from":[13,8,6.5],"to":[16,24,9.5],"faces":{"north":{"uv":[0,0,3,16],"texture":"#bottom"},"east":{"uv":[3,0,0,16],"texture":"#bottom1"},"south":{"uv":[3,0,0,16],"texture":"#bottom"},"west":{"uv":[3,0,2,16],"texture":"#bottom"},"up":{"uv":[6,0,9,3],"rotation":90,"texture":"#bottom1"}}},{"from":[3,21,6.5],"to":[13,24,9.5],"faces":{"north":{"uv":[3,0,13,3],"texture":"#bottom"},"south":{"uv":[13,0,3,3],"texture":"#bottom"},"up":{"uv":[6,3,9,13],"rotation":90,"texture":"#bottom1"},"down":{"uv":[3,2,13,3],"texture":"#bottom"}}},{"from":[12,8,7.5],"to":[13,21,8.5],"faces":{"north":{"uv":[3,3,4,16],"texture":"#bottom"},"south":{"uv":[3,3,4,16],"texture":"#bottom"},"west":{"uv":[3,3,4,16],"texture":"#bottom"}}},{"from":[3,8,7.5],"to":[4,21,8.5],"faces":{"north":{"uv":[12,3,13,16],"texture":"#bottom"},"east":{"uv":[12,3,13,16],"texture":"#bottom"},"south":{"uv":[12,3,13,16],"texture":"#bottom"}}},{"from":[4,8,7.5],"to":[12,9,8.5],"faces":{"north":{"uv":[4,15,12,16],"texture":"#bottom"},"south":{"uv":[12,15,4,16],"texture":"#bottom"},"up":{"uv":[4,15,12,16],"rotation":180,"texture":"#bottom"}}},{"from":[4,20,7.5],"to":[12,21,8.5],"faces":{"north":{"uv":[4,3,12,4],"texture":"#bottom"},"south":{"uv":[12,3,4,4],"texture":"#bottom"},"down":{"uv":[12,3,4,4],"texture":"#bottom"}}},{"from":[11,18,7.5],"to":[12,19,8.5],"faces":{"north":{"uv":[4,5,5,6],"texture":"#bottom"},"south":{"uv":[4,5,5,6],"texture":"#bottom"},"up":{"uv":[4,5,5,6],"rotation":90,"texture":"#bottom"},"down":{"uv":[4,5,5,6],"rotation":270,"texture":"#bottom"}}},{"from":[11,16,7.5],"to":[12,17,8.5],"faces":{"north":{"uv":[4,7,5,8],"texture":"#bottom"},"south":{"uv":[4,7,5,8],"texture":"#bottom"},"up":{"uv":[4,7,5,8],"rotation":90,"texture":"#bottom"},"down":{"uv":[4,7,5,8],"rotation":270,"texture":"#bottom"}}},{"from":[11,14,7.5],"to":[12,15,8.5],"faces":{"north":{"uv":[4,9,5,10],"texture":"#bottom"},"south":{"uv":[4,9,5,10],"texture":"#bottom"},"up":{"uv":[4,9,5,10],"rotation":90,"texture":"#bottom"},"down":{"uv":[4,9,5,10],"rotation":270,"texture":"#bottom"}}},{"from":[11,12,7.5],"to":[12,13,8.5],"faces":{"north":{"uv":[4,11,5,12],"texture":"#bottom"},"south":{"uv":[4,11,5,12],"texture":"#bottom"},"up":{"uv":[4,11,5,12],"rotation":90,"texture":"#bottom"},"down":{"uv":[4,11,5,12],"rotation":270,"texture":"#bottom"}}},{"from":[11,10,7.5],"to":[12,11,8.5],"faces":{"north":{"uv":[4,13,5,14],"texture":"#bottom"},"south":{"uv":[4,13,5,14],"texture":"#bottom"},"up":{"uv":[4,13,5,14],"rotation":90,"texture":"#bottom"},"down":{"uv":[4,13,5,14],"rotation":270,"texture":"#bottom"}}},{"from":[4,18,7.5],"to":[5,19,8.5],"faces":{"north":{"uv":[11,5,12,6],"texture":"#bottom"},"south":{"uv":[11,5,12,6],"texture":"#bottom"},"up":{"uv":[11,5,12,6],"rotation":90,"texture":"#bottom"},"down":{"uv":[11,5,12,6],"rotation":270,"texture":"#bottom"}}},{"from":[4,16,7.5],"to":[5,17,8.5],"faces":{"north":{"uv":[11,7,12,8],"texture":"#bottom"},"south":{"uv":[11,7,12,8],"texture":"#bottom"},"up":{"uv":[11,7,12,8],"rotation":90,"texture":"#bottom"},"down":{"uv":[11,7,12,8],"rotation":270,"texture":"#bottom"}}},{"from":[4,14,7.5],"to":[5,15,8.5],"faces":{"north":{"uv":[11,9,12,10],"texture":"#bottom"},"south":{"uv":[11,9,12,10],"texture":"#bottom"},"up":{"uv":[11,9,12,10],"rotation":90,"texture":"#bottom"},"down":{"uv":[11,9,12,10],"rotation":270,"texture":"#bottom"}}},{"from":[4,12,7.5],"to":[5,13,8.5],"faces":{"north":{"uv":[11,11,12,12],"texture":"#bottom"},"south":{"uv":[11,11,12,12],"texture":"#bottom"},"up":{"uv":[11,11,12,12],"rotation":90,"texture":"#bottom"},"down":{"uv":[11,11,12,12],"rotation":270,"texture":"#bottom"}}},{"from":[4,10,7.5],"to":[5,11,8.5],"faces":{"north":{"uv":[11,13,12,14],"texture":"#bottom"},"south":{"uv":[11,13,12,14],"texture":"#bottom"},"up":{"uv":[11,13,12,14],"rotation":90,"texture":"#bottom"},"down":{"uv":[11,13,12,14],"rotation":270,"texture":"#bottom"}}},{"from":[5,9,7.5],"to":[6,20,8.5],"faces":{"north":{"uv":[10,4,11,15],"texture":"#bottom"},"east":{"uv":[10,4,11,15],"texture":"#bottom"},"south":{"uv":[10,4,11,15],"texture":"#bottom"},"west":{"uv":[10,4,11,15],"texture":"#bottom"}}},{"from":[10,9,7.5],"to":[11,20,8.5],"faces":{"north":{"uv":[5,4,6,15],"texture":"#bottom"},"east":{"uv":[5,4,6,15],"texture":"#bottom"},"south":{"uv":[5,4,6,15],"texture":"#bottom"},"west":{"uv":[5,4,6,15],"texture":"#bottom"}}},{"from":[6,10,7.5],"to":[10,11,8.5],"faces":{"north":{"uv":[6,13,10,14],"texture":"#bottom"},"south":{"uv":[10,13,6,14],"texture":"#bottom"},"up":{"uv":[6,13,10,14],"rotation":180,"texture":"#bottom"},"down":{"uv":[6,13,10,14],"texture":"#bottom"}}},{"from":[6,18,7.5],"to":[10,19,8.5],"faces":{"north":{"uv":[6,5,10,6],"texture":"#bottom"},"south":{"uv":[10,5,6,6],"texture":"#bottom"},"up":{"uv":[6,5,10,6],"rotation":180,"texture":"#bottom"},"down":{"uv":[6,5,10,6],"texture":"#bottom"}}}]}