{"__comment":"Designed by GeForceLegend","parent":"item/door","textures":{"bottom1":"block/birch_door_bottom1","bottom":"block/birch_door_bottom","top1":"block/birch_door_top1","top":"block/birch_door_top","particle":"item/birch_door"},"elements":[{"from":[13,-8,6.5],"to":[16,8,9.5],"faces":{"north":{"uv":[0,0,3,16],"texture":"#bottom"},"east":{"uv":[0,0,3,16],"texture":"#bottom1"},"south":{"uv":[3,0,0,16],"texture":"#bottom"},"west":{"uv":[2,0,3,16],"texture":"#bottom"},"down":{"uv":[7,13,10,16],"rotation":270,"texture":"#bottom1"}}},{"from":[3,-8,6.5],"to":[13,4,9.5],"faces":{"north":{"uv":[3,4,13,16],"texture":"#bottom"},"south":{"uv":[13,4,3,16],"texture":"#bottom"},"up":{"uv":[13,4,3,5],"texture":"#bottom"},"down":{"uv":[7,3,10,13],"rotation":270,"texture":"#bottom1"}}},{"from":[0,-8,6.5],"to":[3,8,9.5],"faces":{"north":{"uv":[13,0,16,16],"texture":"#bottom"},"east":{"uv":[13,0,14,16],"texture":"#bottom"},"south":{"uv":[16,0,13,16],"texture":"#bottom"},"west":{"uv":[13,0,16,16],"texture":"#bottom1"},"down":{"uv":[7,0,10,3],"rotation":270,"texture":"#bottom1"}}},{"from":[3,4,7.5],"to":[13,8,8.5],"faces":{"north":{"uv":[3,0,13,4],"texture":"#bottom"},"south":{"uv":[13,0,3,4],"texture":"#bottom"}}},{"from":[3,8,7.5],"to":[13,21,8.5],"faces":{"north":{"uv":[3,3,13,16],"texture":"#top"},"south":{"uv":[13,3,3,16],"texture":"#top"}}},{"from":[3,21,6.5],"to":[13,24,9.5],"faces":{"north":{"uv":[3,0,13,3],"texture":"#top"},"south":{"uv":[13,0,3,3],"texture":"#top"},"up":{"uv":[7,3,10,13],"rotation":90,"texture":"#top1"},"down":{"uv":[13,1,3,2],"texture":"#top"}}},{"from":[0,8,6.5],"to":[3,24,9.5],"faces":{"north":{"uv":[13,0,16,16],"texture":"#top"},"east":{"uv":[13,0,14,16],"texture":"#top"},"south":{"uv":[16,0,13,16],"texture":"#top"},"west":{"uv":[16,0,13,16],"texture":"#top1"},"up":{"uv":[7,13,10,16],"rotation":90,"texture":"#top1"}}},{"from":[13,8,6.5],"to":[16,24,9.5],"faces":{"north":{"uv":[0,0,3,16],"texture":"#top"},"east":{"uv":[0,0,3,16],"texture":"#top1"},"south":{"uv":[3,0,0,16],"texture":"#top"},"west":{"uv":[2,0,3,16],"texture":"#top"},"up":{"uv":[7,0,10,3],"rotation":90,"texture":"#top1"}}},{"from":[1,8,5.5],"to":[2,10,10.5],"faces":{"north":{"uv":[14,14,15,16],"texture":"#top"},"east":{"uv":[14,14,15,16],"texture":"#top"},"south":{"uv":[14,14,15,16],"texture":"#top"},"west":{"uv":[14,14,15,16],"texture":"#top"},"up":{"uv":[14,14,15,15],"texture":"#top"},"down":{"uv":[14,15,15,16],"texture":"#top"}}}]}