{"__comment":"Designed by GeForceLegend","textures":{"particle":"#boat"},"elements":[{"from":[0,0,-6],"to":[16,3,22],"faces":{"north":{"uv":[8.5,0.75,7.75,4.75],"rotation":90,"texture":"#boat"},"east":{"uv":[0.75,0,7.75,0.75],"texture":"#boat"},"south":{"uv":[0,0.75,0.75,4.75],"rotation":90,"texture":"#boat"},"west":{"uv":[7.75,0,14.75,0.75],"texture":"#boat"},"up":{"uv":[8.5,0.75,15.5,4.75],"rotation":90,"texture":"#boat"},"down":{"uv":[0.75,0.75,7.75,4.75],"rotation":90,"texture":"#boat"}}},{"from":[0,3,-8],"to":[16,9,-6],"faces":{"north":{"uv":[5,7.25,9,8.75],"texture":"#boat"},"east":{"uv":[4.5,7.25,5,8.75],"texture":"#boat"},"south":{"uv":[0.5,7.25,4.5,8.75],"texture":"#boat"},"west":{"uv":[0,7.25,0.5,8.75],"texture":"#boat"},"up":{"uv":[0.5,6.75,4.5,7.25],"texture":"#boat"},"down":{"uv":[5,7.25,9,6.75],"texture":"#boat"}}},{"from":[-1,3,22],"to":[17,9,24],"faces":{"north":{"uv":[0.5,5.25,5,6.75],"texture":"#boat"},"east":{"uv":[0,5.25,0.5,6.75],"texture":"#boat"},"south":{"uv":[5.5,5.25,10,6.75],"texture":"#boat"},"west":{"uv":[5,5.25,5.5,6.75],"texture":"#boat"},"up":{"uv":[5,5.25,0.5,4.75],"texture":"#boat"},"down":{"uv":[5,4.75,9.5,5.25],"texture":"#boat"}}},{"from":[-2,3,-6],"to":[0,9,22],"faces":{"north":{"uv":[7.5,11.25,8,12.75],"texture":"#boat"},"east":{"uv":[0.5,11.25,7.5,12.75],"texture":"#boat"},"south":{"uv":[0,11.25,0.5,12.75],"texture":"#boat"},"west":{"uv":[8,11.25,15,12.75],"texture":"#boat"},"up":{"uv":[7.5,11.25,0.5,10.75],"rotation":90,"texture":"#boat"},"down":{"uv":[14.5,11.25,7.5,10.75],"rotation":90,"texture":"#boat"}}},{"from":[16,3,-6],"to":[18,9,22],"faces":{"north":{"uv":[0,9.25,0.5,10.75],"texture":"#boat"},"east":{"uv":[8,9.25,15,10.75],"texture":"#boat"},"south":{"uv":[7.5,9.25,8,10.75],"texture":"#boat"},"west":{"uv":[0.5,9.25,7.5,10.75],"texture":"#boat"},"up":{"uv":[0.5,8.75,7.5,9.25],"rotation":90,"texture":"#boat"},"down":{"uv":[7.5,8.75,14.5,9.25],"rotation":90,"texture":"#boat"}}},{"from":[-3,-2,4],"to":[-1,16,6],"rotation":{"angle":-45,"axis":"z","origin":[-1,9,5]},"faces":{"north":{"uv":[5,15.5,9.5,16],"rotation":90,"texture":"#boat"},"east":{"uv":[15,9.25,15.5,4.75],"texture":"#boat"},"south":{"uv":[0,15.5,4.5,16],"rotation":270,"texture":"#boat"},"west":{"uv":[14.5,4.75,15,9.25],"texture":"#boat"},"up":{"uv":[4.5,15.5,5,16],"texture":"#boat"},"down":{"uv":[9.5,15.5,10,16],"texture":"#boat"}}},{"from":[-6,-4,5],"to":[0,2,6.01],"rotation":{"angle":-45,"axis":"z","origin":[-1,9,5]},"faces":{"north":{"uv":[10,16,11.75,14.5],"rotation":90,"texture":"#boat"},"east":{"uv":[12,14.5,12.25,12.75],"texture":"#boat"},"south":{"uv":[12,16,13.75,14.5],"rotation":90,"texture":"#boat"},"west":{"uv":[11.75,14.5,12,12.75],"texture":"#boat"},"up":{"uv":[11.75,14.5,12,16],"rotation":270,"texture":"#boat"},"down":{"uv":[13.75,14.5,14,16],"rotation":270,"texture":"#boat"}}},{"from":[17,-2,4],"to":[19,16,6],"rotation":{"angle":45,"axis":"z","origin":[17,9,5]},"faces":{"north":{"uv":[5,16,9.5,15.5],"rotation":90,"texture":"#boat"},"east":{"uv":[15,4.75,14.5,9.25],"texture":"#boat"},"south":{"uv":[0,16,4.5,15.5],"rotation":270,"texture":"#boat"},"west":{"uv":[15.5,9.25,15,4.75],"texture":"#boat"},"up":{"uv":[5,15.5,4.5,16],"texture":"#boat"},"down":{"uv":[10,15.5,9.5,16],"texture":"#boat"}}},{"from":[16,-4,5],"to":[22,2,6.01],"rotation":{"angle":45,"axis":"z","origin":[17,9,5]},"faces":{"north":{"uv":[10,14.5,11.75,16],"rotation":90,"texture":"#boat"},"east":{"uv":[12,14.5,11.75,12.75],"texture":"#boat"},"south":{"uv":[12,14.5,13.75,16],"rotation":90,"texture":"#boat"},"west":{"uv":[12.25,14.5,12,12.75],"texture":"#boat"},"up":{"uv":[11.75,16,12,14.5],"rotation":270,"texture":"#boat"},"down":{"uv":[13.75,16,14,14.5],"rotation":270,"texture":"#boat"}}}],"display":{"gui":{"rotation":[30,225,0],"scale":[0.4,0.4,0.4]},"ground":{"translation":[0,3,0],"scale":[0.25,0.25,0.25]},"fixed":{"rotation":[0,90,0],"scale":[0.5,0.5,0.5]},"thirdperson_righthand":{"rotation":[75,45,0],"translation":[0,2.5,0],"scale":[0.375,0.375,0.375]},"firstperson_righthand":{"rotation":[0,45,0],"translation":[0,1,0],"scale":[0.4,0.4,0.4]},"firstperson_lefthand":{"rotation":[0,225,0],"scale":[0.4,0.4,0.4]}}}