{"format_version":"1.21.6","credit":"Designed by GeForceLegend","parent":"res_fixes:block/shadeless/block","textures":{"base":"block/brewing_stand_base","particle":"block/brewing_stand","stand":"block/brewing_stand"},"elements":[{"from":[6.9,11,6.9],"to":[9.1,13,9.1],"faces":{"north":{"uv":[7,3,9,5],"texture":"#stand"},"east":{"uv":[7,3,9,5],"texture":"#stand"},"south":{"uv":[7,3,9,5],"texture":"#stand"},"west":{"uv":[7,3,9,5],"texture":"#stand"},"up":{"uv":[7,3,8,4],"texture":"#stand"},"down":{"uv":[7,4,8,5],"texture":"#stand"}}},{"from":[7,0,7],"to":[9,14.1,9],"faces":{"north":{"uv":[7,2,9,16],"texture":"#stand"},"east":{"uv":[7,2,9,16],"texture":"#stand"},"south":{"uv":[7,2,9,16],"texture":"#stand"},"west":{"uv":[7,2,9,16],"texture":"#stand"},"up":{"uv":[7,7,9,9],"texture":"#stand"},"down":{"uv":[7,12,9,14],"texture":"#stand","cullface":"down"}}},{"from":[9,0,5],"to":[15,2,11],"faces":{"north":{"uv":[9,14,15,16],"texture":"#base"},"east":{"uv":[5,14,11,16],"texture":"#base"},"south":{"uv":[9,14,15,16],"texture":"#base"},"west":{"uv":[5,14,11,16],"texture":"#base"},"up":{"uv":[9,5,15,11],"texture":"#base"},"down":{"uv":[9,5,15,11],"texture":"#base","cullface":"down"}}},{"from":[1,0,1],"to":[7,2,7],"faces":{"north":{"uv":[1,14,7,16],"texture":"#base"},"east":{"uv":[1,14,7,16],"texture":"#base"},"south":{"uv":[1,14,7,16],"texture":"#base"},"west":{"uv":[1,14,7,16],"texture":"#base"},"up":{"uv":[1,1,7,7],"texture":"#base"},"down":{"uv":[1,9,7,15],"texture":"#base","cullface":"down"}}},{"from":[1,0,9],"to":[7,2,15],"faces":{"north":{"uv":[1,14,7,16],"texture":"#base"},"east":{"uv":[9,14,15,16],"texture":"#base"},"south":{"uv":[1,14,7,16],"texture":"#base"},"west":{"uv":[9,14,15,16],"texture":"#base"},"up":{"uv":[1,9,7,15],"texture":"#base"},"down":{"uv":[1,1,7,7],"texture":"#base","cullface":"down"}}},{"from":[7,0,6],"to":[9,2,7],"faces":{"north":{"uv":[7,5,9,7],"texture":"#base"},"up":{"uv":[7,6,9,7],"texture":"#base"},"down":{"uv":[7,9,9,10],"texture":"#base"}}},{"from":[7,0,9],"to":[9,2,10],"faces":{"south":{"uv":[7,9,9,11],"texture":"#base"},"up":{"uv":[7,9,9,10],"texture":"#base"},"down":{"uv":[7,6,9,7],"texture":"#base"}}},{"from":[6,0,7],"to":[7,2,9],"faces":{"west":{"uv":[5,7,7,9],"texture":"#base"},"up":{"uv":[6,7,7,9],"texture":"#base"},"down":{"uv":[7,9,6,7],"texture":"#base"}}},{"from":[9,2,7.5],"to":[11,14,8.5],"faces":{"north":{"uv":[11,2,9,14],"texture":"#texture"},"east":{"uv":[11,2,10,14],"texture":"#texture"},"south":{"uv":[9,2,11,14],"texture":"#texture"},"up":{"uv":[9,3,11,2],"texture":"#texture"},"down":{"uv":[9,14,11,13],"texture":"#texture"}}},{"from":[11,12,7.5],"to":[12,15,8.5],"faces":{"north":{"uv":[11,1,12,4],"texture":"#texture"},"south":{"uv":[11,1,12,4],"texture":"#texture"},"west":{"uv":[11,1,12,4],"texture":"#texture"},"up":{"uv":[11,2,12,1],"texture":"#texture"},"down":{"uv":[11,3,12,4],"texture":"#texture"}}},{"from":[13,11,7.5],"to":[14,13,8.5],"faces":{"north":{"uv":[13,3,14,5],"texture":"#texture"},"east":{"uv":[13,3,14,5],"texture":"#texture"},"south":{"uv":[13,3,14,5],"texture":"#texture"},"up":{"uv":[13,3,14,4],"texture":"#texture"},"down":{"uv":[13,4,14,5],"texture":"#texture"}}},{"from":[12,6,7.5],"to":[13,16,8.5],"faces":{"north":{"uv":[12,0,13,10],"texture":"#texture"},"east":{"uv":[12,0,13,10],"texture":"#texture"},"south":{"uv":[12,0,13,10],"texture":"#texture"},"west":{"uv":[12,0,13,10],"texture":"#texture"},"up":{"uv":[12,0,13,1],"texture":"#texture","cullface":"up"},"down":{"uv":[12,9,13,10],"texture":"#texture"}}},{"from":[5.1,2,7.6],"to":[7.1,14.01,8.6],"rotation":{"angle":-45,"axis":"y","origin":[8.1,8,8.1]},"faces":{"north":{"uv":[9,2,11,14],"texture":"#texture"},"east":{"uv":[9,2,10,14],"texture":"#texture"},"south":{"uv":[11,2,9,14],"texture":"#texture"},"west":{"uv":[11,2,10,14],"texture":"#texture"},"up":{"uv":[11,3,9,2],"texture":"#texture"},"down":{"uv":[11,13,9,14],"texture":"#texture"}}},{"from":[4.1,12,7.6],"to":[5.1,15,8.6],"rotation":{"angle":-45,"axis":"y","origin":[8.1,8,8.1]},"faces":{"north":{"uv":[11,1,12,4],"texture":"#texture"},"east":{"uv":[11,1,12,4],"texture":"#texture"},"south":{"uv":[11,1,12,4],"texture":"#texture"},"up":{"uv":[12,2,11,1],"texture":"#texture"},"down":{"uv":[12,3,11,4],"texture":"#texture"}}},{"from":[2.1,11,7.6],"to":[3.1,13,8.6],"rotation":{"angle":-45,"axis":"y","origin":[8.1,8,8.1]},"faces":{"north":{"uv":[13,3,14,5],"texture":"#texture"},"south":{"uv":[13,3,14,5],"texture":"#texture"},"west":{"uv":[13,3,14,5],"texture":"#texture"},"up":{"uv":[14,3,13,4],"texture":"#texture"},"down":{"uv":[14,4,13,5],"texture":"#texture"}}},{"from":[3.1,6,7.6],"to":[4.1,16,8.6],"rotation":{"angle":-45,"axis":"y","origin":[8.1,8,8.1]},"faces":{"north":{"uv":[12,0,13,10],"texture":"#texture"},"east":{"uv":[12,0,13,10],"texture":"#texture"},"south":{"uv":[12,0,13,10],"texture":"#texture"},"west":{"uv":[12,0,13,10],"texture":"#texture"},"up":{"uv":[13,0,12,1],"texture":"#texture","cullface":"up"},"down":{"uv":[13,9,12,10],"texture":"#texture"}}},{"from":[5.1,2,7.4],"to":[7.1,14.01,8.4],"rotation":{"angle":45,"axis":"y","origin":[8.1,8,7.9]},"faces":{"north":{"uv":[9,2,11,14],"texture":"#texture"},"east":{"uv":[9,2,10,14],"texture":"#texture"},"south":{"uv":[11,2,9,14],"texture":"#texture"},"west":{"uv":[11,2,10,14],"texture":"#texture"},"up":{"uv":[11,3,9,2],"texture":"#texture"},"down":{"uv":[11,13,9,14],"texture":"#texture"}}},{"from":[4.1,12,7.4],"to":[5.1,15,8.4],"rotation":{"angle":45,"axis":"y","origin":[8.1,8,7.9]},"faces":{"north":{"uv":[11,1,12,4],"texture":"#texture"},"east":{"uv":[11,1,12,4],"texture":"#texture"},"south":{"uv":[11,1,12,4],"texture":"#texture"},"up":{"uv":[12,2,11,1],"texture":"#texture"},"down":{"uv":[12,3,11,4],"texture":"#texture"}}},{"from":[2.1,11,7.4],"to":[3.1,13,8.4],"rotation":{"angle":45,"axis":"y","origin":[8.1,8,7.9]},"faces":{"north":{"uv":[13,3,14,5],"texture":"#texture"},"south":{"uv":[13,3,14,5],"texture":"#texture"},"west":{"uv":[13,3,14,5],"texture":"#texture"},"up":{"uv":[14,3,13,4],"texture":"#texture"},"down":{"uv":[14,4,13,5],"texture":"#texture"}}},{"from":[3.1,6,7.4],"to":[4.1,16,8.4],"rotation":{"angle":45,"axis":"y","origin":[8.1,8,7.9]},"faces":{"north":{"uv":[12,0,13,10],"texture":"#texture"},"east":{"uv":[12,0,13,10],"texture":"#texture"},"south":{"uv":[12,0,13,10],"texture":"#texture"},"west":{"uv":[12,0,13,10],"texture":"#texture"},"up":{"uv":[13,0,12,1],"texture":"#texture","cullface":"up"},"down":{"uv":[13,9,12,10],"texture":"#texture"}}}],"display":{"thirdperson_righthand":{"rotation":[75,135,0],"translation":[0,2.5,2],"scale":[0.4,0.4,0.4]},"gui":{"rotation":[30,-135,0],"scale":[0.7,0.7,0.7]},"head":{"translation":[0,14.5,0]}}}