{"format_version":"1.21.6","credit":"Made with Blockbench by Minecraft_hyr","ambientocclusion":false,"textures":{"particle":"block/ladder","ladder":"block/ladder"},"elements":[{"from":[2,0,14],"to":[4,16,16],"faces":{"north":{"uv":[12,0,14,16],"texture":"#ladder"},"east":{"uv":[12,0,14,16],"texture":"#ladder"},"south":{"uv":[14,0,12,16],"texture":"#ladder","cullface":"north"},"west":{"uv":[12,0,14,16],"texture":"#ladder"},"up":{"uv":[12,0,14,2],"rotation":180,"texture":"#ladder","cullface":"up"},"down":{"uv":[12,14,14,16],"rotation":180,"texture":"#ladder","cullface":"down"}}},{"from":[12,0,14],"to":[14,16,16],"faces":{"north":{"uv":[2,0,4,16],"texture":"#ladder"},"east":{"uv":[2,0,4,16],"texture":"#ladder"},"south":{"uv":[4,0,2,16],"texture":"#ladder","cullface":"north"},"west":{"uv":[2,0,4,16],"texture":"#ladder"},"up":{"uv":[2,0,4,2],"rotation":180,"texture":"#ladder","cullface":"up"},"down":{"uv":[2,14,4,16],"rotation":180,"texture":"#ladder","cullface":"down"}}},{"from":[1,13,13],"to":[15,15,15],"faces":{"north":{"uv":[1,1,15,3],"texture":"#ladder"},"east":{"uv":[1,1,3,3],"texture":"#ladder"},"south":{"uv":[15,1,1,3],"texture":"#ladder"},"west":{"uv":[13,1,15,3],"texture":"#ladder"},"up":{"uv":[15,1,1,3],"texture":"#ladder"},"down":{"uv":[1,1,15,3],"rotation":180,"texture":"#ladder"}}},{"from":[1,9,13],"to":[15,11,15],"faces":{"north":{"uv":[1,5,15,7],"texture":"#ladder"},"east":{"uv":[1,5,3,7],"texture":"#ladder"},"south":{"uv":[15,5,1,7],"texture":"#ladder"},"west":{"uv":[13,5,15,7],"texture":"#ladder"},"up":{"uv":[15,5,1,7],"texture":"#ladder"},"down":{"uv":[1,5,15,7],"rotation":180,"texture":"#ladder"}}},{"from":[1,5,13],"to":[15,7,15],"faces":{"north":{"uv":[1,9,15,11],"texture":"#ladder"},"east":{"uv":[1,9,3,11],"texture":"#ladder"},"south":{"uv":[15,9,1,11],"texture":"#ladder"},"west":{"uv":[13,9,15,11],"texture":"#ladder"},"up":{"uv":[15,9,1,11],"texture":"#ladder"},"down":{"uv":[1,9,15,11],"rotation":180,"texture":"#ladder"}}},{"from":[1,1,13],"to":[15,3,15],"faces":{"north":{"uv":[1,13,15,15],"texture":"#ladder"},"east":{"uv":[1,13,3,15],"texture":"#ladder"},"south":{"uv":[15,13,1,15],"texture":"#ladder"},"west":{"uv":[13,13,15,15],"texture":"#ladder"},"up":{"uv":[15,13,1,15],"texture":"#ladder"},"down":{"uv":[1,13,15,15],"rotation":180,"texture":"#ladder"}}}]}