{"ambientocclusion":false,"elements":[{"faces":{"down":{"cullface":"down","texture":"#slab","uv":[0,0,16,16]},"east":{"cullface":"east","texture":"#slab","uv":[0,14,16,16]},"north":{"cullface":"north","texture":"#slab","uv":[0,14,16,16]},"south":{"cullface":"south","texture":"#slab","uv":[0,14,16,16]},"up":{"texture":"#top","uv":[0,0,16,16]},"west":{"cullface":"west","texture":"#slab","uv":[0,14,16,16]}},"from":[0,0,0],"to":[16,2,16]},{"faces":{"east":{"texture":"#lock","uv":[6,7,8,9]},"north":{"texture":"#lock","uv":[2,7,14,9]},"south":{"texture":"#lock","uv":[2,7,14,9]},"up":{"rotation":90,"texture":"#lock","uv":[7,2,9,14]},"west":{"texture":"#lock","uv":[6,7,8,9]}},"from":[2,2,12],"to":[14,4,14]},{"faces":{"east":{"texture":"#unlit","uv":[7,6,9,11]},"north":{"texture":"#unlit","uv":[7,6,9,11]},"south":{"texture":"#unlit","uv":[7,6,9,11]},"up":{"texture":"#unlit","uv":[7,6,9,8]},"west":{"texture":"#unlit","uv":[7,6,9,11]}},"from":[7,2,2],"to":[9,7,4]}],"textures":{"lock":"block/bedrock","particle":"block/repeater","slab":"block/smooth_stone","top":"block/repeater","unlit":"block/redstone_torch_off"}}