{
  "credit": "Designed by GeForceLegend",
  "ambientocclusion": false,
  "textures": {
    "particle": "block/iron_bars",
    "texture": "block/iron_bars"
  },
  "elements": [
    {
      "from": [7, 1, 8],
      "to": [9, 15, 9],
      "faces": {
        "north": {"uv": [2, 0, 4, 16], "texture": "#texture"},
        "east": {"uv": [2, 0, 3, 16], "texture": "#texture"},
        "south": {"uv": [4, 0, 2, 16], "texture": "#texture"},
        "west": {"uv": [3, 0, 4, 16], "texture": "#texture"},
        "up": {"uv": [2, 0, 4, 1], "texture": "#texture"},
        "down": {"uv": [2, 15, 4, 16], "texture": "#texture"}
      }
    }
  ]
}