{
	"credit": "Made with Blockbench by Minecraft_hyr",
	"parent": "minecraft:block/block",
	"textures": {
		"particle": "#side"
	},
	"elements": [
		{
			"from": [0, 0, 0],
			"to": [16, 8, 16],
			"faces": {
				"north": {"uv": [0, 8, 16, 16], "texture": "#side", "cullface": "north"},
				"south": {"uv": [0, 8, 16, 16], "texture": "#side", "cullface": "south"},
				"west": {"uv": [0, 8, 16, 16], "texture": "#side", "cullface": "west"},
				"down": {"uv": [0, 0, 16, 16], "texture": "#bottom", "cullface": "down"}
			}
		},
		{
			"from": [8, 0, 0],
			"to": [16, 16, 16],
			"faces": {
				"north": {"uv": [0, 0, 8, 16], "texture": "#side", "cullface": "north"},
				"east": {"uv": [0, 0, 16, 16], "texture": "#side", "cullface": "east"},
				"south": {"uv": [8, 0, 16, 16], "texture": "#side", "cullface": "south"},
				"up": {"uv": [8, 0, 16, 16], "texture": "#top", "cullface": "up"}
			}
		},
		{
			"from": [8, 16, 16],
			"to": [0, 8, 0],
			"faces": {
				"west": {"uv": [16, 8, 0, 0], "texture": "#side"},
				"up": {"uv": [8, 16, 0, 0], "texture": "#top"}
			}
		}
	],
	"display": {
    "firstperson_righthand": {
      "rotation": [0, 45, 0],
      "scale": [0.4, 0.4, 0.4],
      "translation": [0, 0.5, 0]
    },
    "thirdperson_righthand": {
      "rotation": [75, 45, 0],
      "scale": [0.4, 0.4, 0.4],
      "translation": [0, 2.5, 0]
    },
		"gui": {
			"rotation": [30, 135, 0],
			"scale": [0.625, 0.625, 0.625]
		},
		"head": {
			"rotation": [0, -90, 0]
		}
	}
}