{"__comment":"Designed by GeForceLegend","model":{"type":"minecraft:select","cases":[{"model":{"type":"minecraft:model","model":"minecraft:item/crossbow_arrow"},"when":"arrow"},{"model":{"type":"minecraft:model","model":"minecraft:item/crossbow_firework"},"when":"rocket"}],"fallback":{"type":"minecraft:condition","on_false":{"type":"minecraft:model","model":"minecraft:item/crossbow"},"on_true":{"type":"minecraft:range_dispatch","entries":[{"model":{"type":"minecraft:model","model":"minecraft:item/crossbow_pulling_1"},"threshold":0.15},{"model":{"type":"minecraft:model","model":"minecraft:item/crossbow_pulling_2"},"threshold":0.3},{"model":{"type":"minecraft:model","model":"minecraft:item/crossbow_pulling_3"},"threshold":0.45},{"model":{"type":"minecraft:model","model":"minecraft:item/crossbow_pulling_4"},"threshold":0.6},{"model":{"type":"minecraft:model","model":"minecraft:item/crossbow_pulling_5"},"threshold":0.75},{"model":{"type":"minecraft:model","model":"minecraft:item/crossbow_pulling_6"},"threshold":0.9},{"model":{"type":"minecraft:model","model":"minecraft:item/crossbow_pulling_7"},"threshold":1.0}],"fallback":{"type":"minecraft:model","model":"minecraft:item/crossbow_pulling_0"},"property":"minecraft:crossbow/pull"},"property":"minecraft:using_item"},"property":"minecraft:charge_type"}}