{"credit":"Made with Blockbench by Minecraft_hyr","ambientocclusion":false,"textures":{"particle":"block/vine","vine":"block/vine"},"elements":[{"from":[0.8,0,0],"to":[0.8,16,16],"shade":false,"faces":{"east":{"uv":[0,0,16,16],"texture":"#vine","tintindex":0},"west":{"uv":[16,0,0,16],"texture":"#vine","tintindex":0}}},{"from":[0,0,0.8],"to":[16,16,0.8],"shade":false,"faces":{"north":{"uv":[16,0,0,16],"texture":"#vine","tintindex":0},"south":{"uv":[0,0,16,16],"texture":"#vine","tintindex":0}}},{"from":[0,0,15.2],"to":[16,16,15.2],"shade":false,"faces":{"north":{"uv":[0,0,16,16],"texture":"#vine","tintindex":0},"south":{"uv":[16,0,0,16],"texture":"#vine","tintindex":0}}},{"from":[15.2,0,0],"to":[15.2,16,16],"shade":false,"faces":{"east":{"uv":[16,0,0,16],"texture":"#vine","tintindex":0},"west":{"uv":[0,0,16,16],"texture":"#vine","tintindex":0}}},{"from":[0,15.2,0],"to":[16,15.2,16],"shade":false,"faces":{"up":{"uv":[0,16,16,0],"texture":"#vine","tintindex":0},"down":{"uv":[0,0,16,16],"texture":"#vine","tintindex":0}}}]}