{
	"ambientocclusion": false,
	"textures": {
    "particle": "#bars"
	},
	"elements": [
		{
			"from": [7, 0, 7],
			"to": [9, 16, 9],
			"faces": {
				"west": {"uv": [9, 0, 7, 16], "texture": "#bars", "cullface": "west"},
				"east": {"uv": [7, 0, 9, 16], "texture": "#bars"},
				"south": {"uv": [7, 0, 9, 16], "texture": "#bars", "cullface": "west"}
		}},
		{
			"from": [7, 0, 9],
			"to": [9, 16, 16],
			"faces": {
				"west": {"uv": [7, 0, 0, 16], "texture": "#bars"},
				"east": {"uv": [0, 0, 7, 16], "texture": "#bars"}
		}},
		{
			"from": [7, 0, 14],
			"to": [9, 0.5, 16],
			"faces": {
				"west": {"uv": [2, 8, 0, 8.5], "texture": "#bars"},
				"east": {"uv": [0, 8, 2, 8.5], "texture": "#bars"}
		}},
		{
			"from": [7, 0, 9],
			"to": [9, 0.5, 12],
			"faces": {
				"west": {"uv": [7, 3, 4, 3.5], "texture": "#bars"},
				"east": {"uv": [4, 3, 7, 3.5], "texture": "#bars"}
		}},
		{
			"from": [7, 15.5, 14],
			"to": [9, 16, 16],
			"faces": {
				"west": {"uv": [2, 8.5, 0, 9], "texture": "#bars"},
				"east": {"uv": [0, 8.5, 2, 9], "texture": "#bars"}
		}},
		{
			"from": [7, 15.5, 9],
			"to": [9, 16, 12],
			"faces": {
				"west": {"uv": [7, 3.5, 4, 4], "texture": "#bars"},
				"east": {"uv": [4, 3.5, 7, 4], "texture": "#bars"}
		}},
		{
			"from": [7, 0, 12],
			"to": [9, 16, 14],
			"faces": {
				"north": {"uv": [3, 0, 4, 16], "texture": "#bars"},
				"south": {"uv": [2, 0, 3, 16], "texture": "#bars"}
		}},
		{
			"from": [7, 0, 9],
			"to": [9, 0.5, 16],
			"faces": {
				"down": {"uv": [9, 9, 7, 16], "texture": "#edge"},
				"up": {"uv": [7, 9, 9, 16], "texture": "#edge"},
				"south": {"uv": [7, 15.5, 9, 16], "texture": "#edge", "cullface": "south"}
		}},
		{
			"from": [7, 7, 14],
			"to": [9, 9, 16],
			"faces": {
				"down": {"uv": [9, 9, 7, 11], "texture": "#edge"},
				"up": {"uv": [7, 14, 9, 16], "texture": "#edge"},
				"south": {"uv": [7, 14, 9, 16], "texture": "#edge", "cullface": "south"}
		}},
		{
			"from": [7, 12, 9],
			"to": [9, 14, 12],
			"faces": {
				"down": {"uv": [9, 13, 7, 16], "texture": "#edge"},
				"up": {"uv": [7, 9, 9, 12], "texture": "#edge"}
		}},
		{
			"from": [7, 15.5, 9],
			"to": [9, 16, 16],
			"faces": {
				"down": {"uv": [9, 9, 7, 16], "texture": "#edge"},
				"up": {"uv": [7, 9, 9, 16], "texture": "#edge"},
				"south": {"uv": [7, 15.5, 9, 16], "texture": "#edge", "cullface": "south"}
		}}
	]
}