{"format_version":"1.21.6","credit":"Made with Blockbench by Minecraft_hyr","ambientocclusion":false,"textures":{"cactus":"block/cactus_side","cactus_top":"block/cactus_top","particle":"block/flower_pot","flowerpot":"block/flower_pot"},"elements":[{"from":[5,0,5],"to":[6,6,11],"faces":{"west":{"uv":[5,10,11,16],"texture":"#flowerpot"},"up":{"uv":[5,5,6,11],"texture":"#flowerpot"},"down":{"uv":[5,5,6,11],"texture":"#flowerpot","cullface":"down"}}},{"from":[10,0,5],"to":[11,6,11],"faces":{"east":{"uv":[5,10,11,16],"texture":"#flowerpot"},"up":{"uv":[10,5,11,11],"texture":"#flowerpot"},"down":{"uv":[10,5,11,11],"texture":"#flowerpot","cullface":"down"}}},{"from":[5,0,5],"to":[11,6,6],"faces":{"north":{"uv":[5,10,11,16],"texture":"#flowerpot"},"up":{"uv":[5,5,11,6],"texture":"#flowerpot"},"down":{"uv":[5,10,11,11],"texture":"#flowerpot","cullface":"down"}}},{"from":[5,0,10],"to":[11,6,11],"faces":{"south":{"uv":[5,10,11,16],"texture":"#flowerpot"},"up":{"uv":[5,10,11,11],"texture":"#flowerpot"},"down":{"uv":[5,5,11,6],"texture":"#flowerpot","cullface":"down"}}},{"from":[10,0,10],"to":[6,0,6],"faces":{"down":{"uv":[6,11,10,15],"texture":"#flowerpot","cullface":"down"}}},{"from":[6,5,6],"to":[10,16,10],"faces":{"north":{"uv":[6,0,10,11],"texture":"#cactus"},"east":{"uv":[6,0,10,11],"texture":"#cactus"},"south":{"uv":[6,0,10,11],"texture":"#cactus"},"west":{"uv":[6,0,10,11],"texture":"#cactus"},"up":{"uv":[6,6,10,10],"texture":"#cactus_top","cullface":"up"}}}]}