{"__comment":"Designed by GeForceLegend","parent":"item/display_generated","textures":{"back":"item/clock_back","layer0":"item/clock_00","particle":"item/clock_00"},"elements":[{"from":[6,0,7.5],"to":[10,1,8.5],"faces":{"east":{"uv":[9,15,10,16],"texture":"#layer0"},"south":{"uv":[6,15,10,16],"texture":"#layer0"},"west":{"uv":[6,15,7,16],"texture":"#layer0"},"down":{"uv":[6,15,10,16],"texture":"#layer0"}}},{"from":[4,1,7.5],"to":[12,7,8.5],"faces":{"east":{"uv":[11,9,12,15],"texture":"#layer0"},"south":{"uv":[4,9,12,15],"texture":"#layer0"},"west":{"uv":[4,9,5,15],"texture":"#layer0"},"up":{"uv":[4,9,12,10],"texture":"#layer0"},"down":{"uv":[4,14,12,15],"texture":"#layer0"}}},{"from":[3,2,7.5],"to":[4,8,8.5],"faces":{"east":{"uv":[3,8,4,14],"texture":"#layer0"},"south":{"uv":[3,8,4,14],"texture":"#layer0"},"west":{"uv":[3,8,4,14],"texture":"#layer0"},"up":{"uv":[3,8,4,9],"texture":"#layer0"},"down":{"uv":[3,13,4,14],"texture":"#layer0"}}},{"from":[12,2,7.5],"to":[13,8,8.5],"faces":{"east":{"uv":[12,8,13,14],"texture":"#layer0"},"south":{"uv":[12,8,13,14],"texture":"#layer0"},"west":{"uv":[12,8,13,14],"texture":"#layer0"},"up":{"uv":[12,8,13,9],"texture":"#layer0"},"down":{"uv":[12,13,13,14],"texture":"#layer0"}}},{"from":[2,3,7.5],"to":[3,13,8.5],"faces":{"east":{"uv":[2,3,3,13],"texture":"#layer0"},"south":{"uv":[2,3,3,13],"texture":"#layer0"},"west":{"uv":[2,3,3,13],"texture":"#layer0"},"up":{"uv":[2,3,3,4],"texture":"#layer0"},"down":{"uv":[2,12,3,13],"texture":"#layer0"}}},{"from":[13,3,7.5],"to":[14,13,8.5],"faces":{"east":{"uv":[13,3,14,13],"texture":"#layer0"},"south":{"uv":[13,3,14,13],"texture":"#layer0"},"west":{"uv":[13,3,14,13],"texture":"#layer0"},"up":{"uv":[13,3,14,4],"texture":"#layer0"},"down":{"uv":[13,12,14,13],"texture":"#layer0"}}},{"from":[1,5,7.5],"to":[2,11,8.5],"faces":{"south":{"uv":[1,5,2,11],"texture":"#layer0"},"west":{"uv":[1,5,2,11],"texture":"#layer0"},"up":{"uv":[1,5,2,6],"texture":"#layer0"},"down":{"uv":[1,10,2,11],"texture":"#layer0"}}},{"from":[14,5,7.5],"to":[15,11,8.5],"faces":{"east":{"uv":[14,5,15,11],"texture":"#layer0"},"south":{"uv":[14,5,15,11],"texture":"#layer0"},"up":{"uv":[14,5,15,6],"texture":"#layer0"},"down":{"uv":[14,10,15,11],"texture":"#layer0"}}},{"from":[3,10,7.5],"to":[4,14,8.5],"faces":{"east":{"uv":[3,2,4,6],"texture":"#layer0"},"south":{"uv":[3,2,4,6],"texture":"#layer0"},"west":{"uv":[3,2,4,3],"texture":"#layer0"},"up":{"uv":[3,2,4,3],"texture":"#layer0"},"down":{"uv":[3,5,4,6],"texture":"#layer0"}}},{"from":[12,10,7.5],"to":[13,14,8.5],"faces":{"east":{"uv":[12,2,13,3],"texture":"#layer0"},"south":{"uv":[12,2,13,6],"texture":"#layer0"},"west":{"uv":[12,2,13,6],"texture":"#layer0"},"up":{"uv":[12,2,13,3],"texture":"#layer0"},"down":{"uv":[12,5,13,6],"texture":"#layer0"}}},{"from":[4,13,7.5],"to":[7,14,8.5],"faces":{"east":{"uv":[6,2,7,3],"texture":"#layer0"},"south":{"uv":[4,2,7,3],"texture":"#layer0"},"down":{"uv":[4,2,7,3],"texture":"#layer0"}}},{"from":[9,13,7.5],"to":[12,14,8.5],"faces":{"south":{"uv":[9,2,12,3],"texture":"#layer0"},"west":{"uv":[9,2,10,3],"texture":"#layer0"},"down":{"uv":[9,2,12,3],"texture":"#layer0"}}},{"from":[4,12,7.5],"to":[5,13,8.5],"faces":{"east":{"uv":[4,3,5,4],"texture":"#layer0"},"south":{"uv":[4,3,5,4],"texture":"#layer0"},"down":{"uv":[4,3,5,4],"texture":"#layer0"}}},{"from":[11,12,7.5],"to":[12,13,8.5],"faces":{"south":{"uv":[11,3,12,4],"texture":"#layer0"},"west":{"uv":[11,3,12,4],"texture":"#layer0"},"down":{"uv":[11,3,12,4],"texture":"#layer0"}}},{"from":[6,15,7.5],"to":[10,16,8.5],"faces":{"east":{"uv":[9,0,10,1],"texture":"#layer0"},"south":{"uv":[6,0,10,1],"texture":"#layer0"},"west":{"uv":[6,0,7,1],"texture":"#layer0"},"up":{"uv":[6,0,10,1],"texture":"#layer0"}}},{"from":[4,14,7.5],"to":[12,15,8.5],"faces":{"east":{"uv":[11,1,12,2],"texture":"#layer0"},"south":{"uv":[4,1,12,2],"texture":"#layer0"},"west":{"uv":[4,1,5,2],"texture":"#layer0"},"up":{"uv":[4,1,12,2],"texture":"#layer0"},"down":{"uv":[4,1,12,2],"texture":"#layer0"}}},{"from":[7,7,7.5],"to":[9,9,8.5],"faces":{"east":{"uv":[8,7,9,9],"texture":"#layer0"},"south":{"uv":[7,7,9,9],"texture":"#layer0"},"west":{"uv":[7,7,8,9],"texture":"#layer0"},"up":{"uv":[7,7,9,8],"texture":"#layer0"}}},{"from":[1,0,7.5],"to":[15,16,7.5],"faces":{"north":{"uv":[15,0,1,16],"texture":"#back"}}},{"from":[3,7,7.5],"to":[13,14,8.1],"faces":{"south":{"uv":[3,2,13,9],"texture":"#layer0"}}}]}