{
  "credit": "Made with Blockbench by Minecraft_hyr",
  "parent": "res_fixes:block/shadeless/block",
  "textures": {
    "base": "block/brewing_stand_base",
    "stand": "block/brewing_stand",
    "particle": "item/brewing_stand"
  },
  "elements": [
    {
      "from": [7, 0, 7],
      "to": [9, 14, 9],
      "shade": false,
      "faces": {
        "north": {"uv": [7, 2, 9, 16], "texture": "#stand"},
        "east": {"uv": [7, 2, 9, 16], "texture": "#stand"},
        "south": {"uv": [7, 2, 9, 16], "texture": "#stand"},
        "west": {"uv": [7, 2, 9, 16], "texture": "#stand"},
        "up": {"uv": [7, 7, 9, 9], "texture": "#stand"},
        "down": {"uv": [7, 12, 9, 14], "texture": "#stand", "cullface": "down"}
      }
    },
    {
      "from": [9, 0, 5],
      "to": [15, 2, 11],
      "faces": {
        "north": {"uv": [9, 14, 15, 16], "texture": "#base"},
        "east": {"uv": [5, 14, 11, 16], "texture": "#base"},
        "south": {"uv": [9, 14, 15, 16], "texture": "#base"},
        "west": {"uv": [5, 14, 11, 16], "texture": "#base"},
        "up": {"uv": [9, 5, 15, 11], "texture": "#base"},
        "down": {"uv": [9, 5, 15, 11], "texture": "#base", "cullface": "down"}
      }
    },
    {
      "from": [1, 0, 1],
      "to": [7, 2, 7],
      "faces": {
        "north": {"uv": [1, 14, 7, 16], "texture": "#base"},
        "east": {"uv": [1, 14, 7, 16], "texture": "#base"},
        "south": {"uv": [1, 14, 7, 16], "texture": "#base"},
        "west": {"uv": [1, 14, 7, 16], "texture": "#base"},
        "up": {"uv": [1, 1, 7, 7], "texture": "#base"},
        "down": {"uv": [1, 1, 7, 7], "texture": "#base", "cullface": "down"}
      }
    },
    {
      "from": [1, 0, 9],
      "to": [7, 2, 15],
      "faces": {
        "north": {"uv": [1, 14, 7, 16], "texture": "#base"},
        "east": {"uv": [9, 14, 15, 16], "texture": "#base"},
        "south": {"uv": [1, 14, 7, 16], "texture": "#base"},
        "west": {"uv": [9, 14, 15, 16], "texture": "#base"},
        "up": {"uv": [1, 9, 7, 15], "texture": "#base"},
        "down": {"uv": [1, 9, 7, 15], "texture": "#base", "cullface": "down"}
      }
    },
    {
      "from": [9, 0, 8],
      "to": [16, 16, 8],
      "shade": false,
      "faces": {
        "north": {"uv": [16, 0, 9, 16], "texture": "#stand"},
        "south": {"uv": [9, 0, 16, 16], "texture": "#stand"}
      }
    },
    {
      "from": [-0.41, 0, 8],
      "to": [6.59, 16, 8],
      "shade": false,
      "rotation": {"angle": -45, "axis": "y", "origin": [8, 8, 8]},
      "faces": {
        "north": {"uv": [9, 0, 16, 16], "texture": "#stand"},
        "south": {"uv": [16, 0, 9, 16], "texture": "#stand"}
      }
    },
    {
      "from": [-0.41, 0, 8],
      "to": [6.59, 16, 8],
      "shade": false,
      "rotation": {"angle": 45, "axis": "y", "origin": [8, 8, 8]},
      "faces": {
        "north": {"uv": [9, 0, 16, 16], "texture": "#stand"},
        "south": {"uv": [16, 0, 9, 16], "texture": "#stand"}
      }
    }
  ],
  "display": {
    "thirdperson_righthand": {
      "rotation": [75, 135, 0],
      "translation": [0, 2.5, 2],
      "scale": [0.4, 0.4, 0.4]
    },
    "head": {
      "translation": [0, 14.5, 0]
    },
    "gui": {
      "rotation": [30, 225, 0],
      "scale": [0.7, 0.7, 0.7]
    }
  }
}