{
  "credit": "Made by Minecraft_hyr",
  "textures": {
    "0": "block/dripstone_block",
    "1": "block/pointed_dripstone_down_frustum",
    "particle": "block/dripstone_block"
  },
  "elements": [
    {
      "from": [2, 11, 2],
      "to": [14, 16, 14],
      "faces": {
        "north": {"uv": [2, 0, 14, 5], "texture": "#1"},
        "east": {"uv": [2, 0, 14, 5], "texture": "#1"},
        "south": {"uv": [2, 0, 14, 5], "texture": "#1"},
        "west": {"uv": [2, 0, 14, 5], "texture": "#1"},
        "up": {"uv": [2, 2, 14, 14], "texture": "#0", "cullface": "down"},
        "down": {"uv": [2, 2, 14, 14], "texture": "#0"}
      }
    },
    {
      "from": [2, 8, 3],
      "to": [13, 11, 14],
      "faces": {
        "north": {"uv": [3, 5, 14, 8], "texture": "#1"},
        "east": {"uv": [3, 5, 14, 8], "texture": "#1"},
        "south": {"uv": [3, 5, 14, 8], "texture": "#1"},
        "west": {"uv": [3, 5, 14, 8], "texture": "#1"},
        "down": {"uv": [3, 3, 14, 14], "texture": "#0"}
      }
    },
    {
      "from": [3, 5, 3],
      "to": [13, 8, 13],
      "faces": {
        "north": {"uv": [3, 8, 13, 11], "texture": "#1"},
        "east": {"uv": [3, 8, 13, 11], "texture": "#1"},
        "south": {"uv": [3, 8, 13, 11], "texture": "#1"},
        "west": {"uv": [3, 8, 13, 11], "texture": "#1"},
        "down": {"uv": [3, 3, 13, 13], "texture": "#0"}
      }
    },
    {
      "from": [3, 2, 4],
      "to": [12, 5, 13],
      "faces": {
        "north": {"uv": [4, 11, 13, 14], "texture": "#1"},
        "east": {"uv": [4, 11, 13, 14], "texture": "#1"},
        "south": {"uv": [4, 11, 13, 14], "texture": "#1"},
        "west": {"uv": [4, 11, 13, 14], "texture": "#1"},
        "down": {"uv": [4, 4, 13, 13], "texture": "#0"}
      }
    },
    {
      "from": [4, 0, 4],
      "to": [12, 2, 12],
      "faces": {
        "north": {"uv": [4, 14, 12, 16], "texture": "#1"},
        "east": {"uv": [4, 14, 12, 16], "texture": "#1"},
        "south": {"uv": [4, 14, 12, 16], "texture": "#1"},
        "west": {"uv": [4, 14, 12, 16], "texture": "#1"},
        "down": {"uv": [4, 4, 12, 12], "texture": "#0", "cullface": "up"}
      }
    }
  ]
}