{"credit":"Made with Blockbench by Minecraft_hyr","ambientocclusion":false,"parent":"block/block","textures":{"inside":"block/composter_bottom","particle":"block/composter_side","side":"block/composter_side","top":"block/composter_top"},"elements":[{"from":[0,0,0],"to":[2,16,16],"faces":{"up":{"uv":[0,0,2,16],"texture":"#top","cullface":"up"}}},{"from":[14,0,0],"to":[16,16,16],"faces":{"up":{"uv":[14,0,16,16],"texture":"#top","cullface":"up"}}},{"from":[2,0,0],"to":[14,16,2],"faces":{"up":{"uv":[2,0,14,2],"texture":"#top","cullface":"up"}}},{"from":[2,0,14],"to":[14,16,16],"faces":{"up":{"uv":[2,14,14,16],"texture":"#top","cullface":"up"}}},{"from":[0,0,0],"to":[16,16,16],"faces":{"north":{"uv":[0,0,16,16],"texture":"#side","cullface":"north"},"east":{"uv":[0,0,16,16],"texture":"#side","cullface":"east"},"south":{"uv":[0,0,16,16],"texture":"#side","cullface":"south"},"west":{"uv":[0,0,16,16],"texture":"#side","cullface":"west"},"down":{"uv":[0,0,16,16],"texture":"#inside","cullface":"down"}}},{"from":[14,16,14],"to":[2,2,2],"faces":{"north":{"uv":[14,14,2,0],"texture":"#side"},"east":{"uv":[14,14,2,0],"texture":"#side"},"south":{"uv":[14,14,2,0],"texture":"#side"},"west":{"uv":[14,14,2,0],"texture":"#side"},"up":{"uv":[14,14,2,2],"texture":"#inside"}}}]}