{"credit":"Made with Blockbench by Minecraft_hyr","textures":{"particle":"#texture"},"elements":[{"name":"top bar","from":[10,12,7],"to":[16,15,9],"faces":{"north":{"uv":[4,4,10,7],"texture":"#texture"},"east":{"uv":[13,4,15,7],"texture":"#texture","cullface":"east"},"south":{"uv":[10,4,4,7],"texture":"#texture"},"up":{"uv":[13,10,15,16],"rotation":270,"texture":"#texture"},"down":{"uv":[13,7,15,13],"rotation":90,"texture":"#texture"}}},{"name":"lower bar","from":[10,6,7],"to":[16,9,9],"faces":{"north":{"uv":[4,4,10,7],"texture":"#texture"},"east":{"uv":[13,4,15,7],"texture":"#texture","cullface":"east"},"south":{"uv":[10,4,4,7],"texture":"#texture"},"up":{"uv":[13,10,15,16],"rotation":270,"texture":"#texture"},"down":{"uv":[13,7,15,13],"rotation":90,"texture":"#texture"}}}],"groups":[{"name":"east","origin":[0,0,0],"color":0,"children":[0,1]}]}