{"ambientocclusion":false,"gui_light":"front","textures":{"particle":"#torch"},"elements":[{"from":[7,0,7],"to":[9,10,9],"shade":false,"faces":{"down":{"uv":[7,13,9,15],"texture":"#torch","cullface":"down"},"up":{"uv":[7,6,9,8],"texture":"#torch"},"north":{"uv":[7,6,9,16],"texture":"#torch"},"east":{"uv":[7,6,9,16],"texture":"#torch"},"south":{"uv":[7,6,9,16],"texture":"#torch"},"west":{"uv":[7,6,9,16],"texture":"#torch"}}}],"display":{"thirdperson_righthand":{"translation":[0,6,2]},"firstperson_righthand":{"translation":[2,3.5,0],"scale":[0.6,0.6,0.6]},"ground":{"translation":[0,2,0],"scale":[0.5,0.5,0.5]},"gui":{"rotation":[30,225,0],"translation":[0,1.75,0],"scale":[1.0,1.0,1.0]},"head":{"translation":[0,14.5,0]},"fixed":{"scale":[0.75,0.75,0.75]}}}