{
    "credit": "Lad_Flaver, Made with Blockbench",
    "ambientocclusion": false,
    "textures": {
        "particle": "#rail"
    },
    "elements": [
        {   "from": [ 0, 9, 0 ],
            "to": [ 16, 9, 16 ],
            "rotation": {
                "origin": [ 8, 9, 8 ],
                "axis": "x",
                "angle": 45,
                "rescale": true
            },
            "shade": false,
            "faces": {
                "down":  { "uv": [0, 0, 8, 12], "texture": "#rail" },
                "up":    { "uv": [0, 12, 8, 0], "texture": "#rail" }
            }
        }
    ]
}
