{"credit":"Made with Blockbench by Minecraft_hyr","parent":"block/block","textures":{"particle":"block/azalea_plant","plant":"block/azalea_plant"},"elements":[{"from":[15.992,15.992,15.992],"to":[0.008,5,0.008],"faces":{"north":{"uv":[0,11,16,0],"texture":"#side"},"east":{"uv":[0,11,16,0],"texture":"#side"},"south":{"uv":[0,11,16,0],"texture":"#side"},"west":{"uv":[0,11,16,0],"texture":"#side"},"down":{"uv":[16,0,0,16],"texture":"#top"}}},{"from":[0,5,0],"to":[16,16,16],"faces":{"north":{"uv":[0,0,16,11],"texture":"#side","cullface":"north"},"east":{"uv":[0,0,16,11],"texture":"#side","cullface":"east"},"south":{"uv":[0,0,16,11],"texture":"#side","cullface":"south"},"west":{"uv":[0,0,16,11],"texture":"#side","cullface":"west"},"up":{"uv":[0,0,16,16],"texture":"#top","cullface":"up"}}},{"from":[0,0,8],"to":[16,16,8],"shade":false,"rotation":{"angle":45,"axis":"y","origin":[8,8,8],"rescale":true},"faces":{"north":{"uv":[0,0,16,16],"texture":"#plant"},"south":{"uv":[16,0,0,16],"texture":"#plant"}}},{"from":[8,0,0],"to":[8,16,16],"shade":false,"rotation":{"angle":45,"axis":"y","origin":[8,8,8],"rescale":true},"faces":{"east":{"uv":[16,0,0,16],"texture":"#plant"},"west":{"uv":[0,0,16,16],"texture":"#plant"}}}]}