{"credit":"Made with Blockbench by Minecraft_hyr","parent":"block/block","textures":{"particle":"#wall"},"elements":[{"name":"Center post","from":[4,0,4],"to":[12,16,12],"faces":{"north":{"uv":[4,0,12,16],"texture":"#wall"},"east":{"uv":[4,0,12,16],"texture":"#wall"},"south":{"uv":[4,0,12,16],"texture":"#wall"},"west":{"uv":[4,0,12,16],"texture":"#wall"},"up":{"uv":[4,4,12,12],"rotation":270,"texture":"#wall","cullface":"up"},"down":{"uv":[4,4,12,12],"rotation":90,"texture":"#wall","cullface":"down"}}},{"name":"Full wall","from":[0,0,5],"to":[16,13,11],"faces":{"north":{"uv":[0,3,16,16],"texture":"#wall"},"east":{"uv":[5,3,11,16],"texture":"#wall","cullface":"east"},"south":{"uv":[0,3,16,16],"texture":"#wall"},"west":{"uv":[5,3,11,16],"texture":"#wall","cullface":"west"},"up":{"uv":[5,0,11,16],"rotation":270,"texture":"#wall"},"down":{"uv":[5,0,11,16],"rotation":90,"texture":"#wall","cullface":"down"}}}]}