{"credit":"Made with Blockbench by Minecraft_hyr","parent":"block/block","textures":{"particle":"#texture"},"elements":[{"name":"Post","from":[6,0,6],"to":[10,16,10],"faces":{"north":{"uv":[0,0,4,16],"texture":"#texture"},"east":{"uv":[0,0,4,16],"texture":"#texture"},"south":{"uv":[0,0,4,16],"texture":"#texture"},"west":{"uv":[0,0,4,16],"texture":"#texture"},"up":{"uv":[4,0,8,4],"rotation":270,"texture":"#texture"},"down":{"uv":[4,0,8,4],"rotation":90,"texture":"#texture","cullface":"down"}}},{"name":"lower bar","from":[10,6,7],"to":[16,9,9],"faces":{"north":{"uv":[4,4,10,7],"texture":"#texture"},"east":{"uv":[13,4,15,7],"texture":"#texture","cullface":"east"},"south":{"uv":[10,4,4,7],"texture":"#texture"},"up":{"uv":[13,10,15,16],"rotation":270,"texture":"#texture"},"down":{"uv":[13,7,15,13],"rotation":90,"texture":"#texture"}}},{"name":"top bar","from":[10,12,7],"to":[16,15,9],"faces":{"north":{"uv":[4,4,10,7],"texture":"#texture"},"east":{"uv":[13,4,15,7],"texture":"#texture","cullface":"east"},"south":{"uv":[10,4,4,7],"texture":"#texture"},"up":{"uv":[13,10,15,16],"rotation":270,"texture":"#texture"},"down":{"uv":[13,7,15,13],"rotation":90,"texture":"#texture"}}},{"name":"top bar","from":[0,12,7],"to":[6,15,9],"faces":{"north":{"uv":[10,4,4,7],"texture":"#texture"},"south":{"uv":[4,4,10,7],"texture":"#texture"},"west":{"uv":[13,4,15,7],"texture":"#texture","cullface":"east"},"up":{"uv":[13,7,15,13],"rotation":270,"texture":"#texture"},"down":{"uv":[13,10,15,16],"rotation":90,"texture":"#texture"}}},{"name":"lower bar","from":[0,6,7],"to":[6,9,9],"faces":{"north":{"uv":[10,4,4,7],"texture":"#texture"},"south":{"uv":[4,4,10,7],"texture":"#texture"},"west":{"uv":[13,4,15,7],"texture":"#texture","cullface":"east"},"up":{"uv":[15,10,13,16],"rotation":90,"texture":"#texture"},"down":{"uv":[13,10,15,16],"rotation":90,"texture":"#texture"}}}]}