{
	"credit": "Made with Blockbench",
	"parent": "block/block",
	"textures": {
		"particle": "block/dragon_egg",
		"all": "block/dragon_egg"
	},
	"elements": [
		{
			"from": [6, 15, 6],
			"to": [10, 16, 10],
			"faces": {
				"north": {"texture": "#all"},
				"east": {"texture": "#all"},
				"south": {"texture": "#all"},
				"west": {"texture": "#all"},
				"up": {"texture": "#all", "cullface": "up"},
				"down": {"texture": "#all"}
			}
		},
		{
			"from": [5, 14, 5],
			"to": [11, 15, 11],
			"faces": {
				"north": {"texture": "#all"},
				"east": {"texture": "#all"},
				"south": {"texture": "#all"},
				"west": {"texture": "#all"},
				"up": {"texture": "#all"},
				"down": {"texture": "#all"}
			}
		},
		{
			"from": [4, 13, 4],
			"to": [12, 14, 12],
			"faces": {
				"north": {"texture": "#all"},
				"east": {"texture": "#all"},
				"south": {"texture": "#all"},
				"west": {"texture": "#all"},
				"up": {"texture": "#all"},
				"down": {"texture": "#all"}
			}
		},
		{
			"from": [1, 3, 1],
			"to": [15, 8, 15],
			"faces": {
				"north": {"texture": "#all"},
				"east": {"texture": "#all"},
				"south": {"texture": "#all"},
				"west": {"texture": "#all"},
				"up": {"texture": "#all"},
				"down": {"texture": "#all"}
			}
		},
		{
			"from": [2, 1, 2],
			"to": [14, 11, 14],
			"faces": {
				"north": {"texture": "#all"},
				"east": {"texture": "#all"},
				"south": {"texture": "#all"},
				"west": {"texture": "#all"},
				"up": {"texture": "#all"},
				"down": {"texture": "#all"}
			}
		},
		{
			"from": [3, 0, 3],
			"to": [13, 13, 13],
			"faces": {
				"north": {"texture": "#all"},
				"east": {"texture": "#all"},
				"south": {"texture": "#all"},
				"west": {"texture": "#all"},
				"up": {"texture": "#all"},
				"down": {"texture": "#all", "cullface": "down"}
			}
		}
	]
}