{"ambientocclusion":false,"elements":[{"faces":{"down":{"texture":"#inside"},"east":{"cullface":"east","texture":"#side"},"north":{"cullface":"north","texture":"#side"},"south":{"cullface":"south","texture":"#side"},"west":{"cullface":"west","texture":"#side"}},"from":[0,10,0],"to":[16,16,16]},{"faces":{"up":{"cullface":"up","texture":"#top"}},"from":[0,11,0],"to":[2,16,16]},{"faces":{"up":{"cullface":"up","texture":"#top"}},"from":[14,11,0],"to":[16,16,16]},{"faces":{"up":{"cullface":"up","texture":"#top"}},"from":[2,11,0],"to":[14,16,2]},{"faces":{"up":{"cullface":"up","texture":"#top"}},"from":[2,11,14],"to":[14,16,16]},{"faces":{"down":{"texture":"#inside"},"east":{"texture":"#side"},"north":{"texture":"#side"},"south":{"texture":"#side"},"west":{"texture":"#side"}},"from":[4,4,4],"to":[12,10,12]},{"faces":{"down":{"cullface":"down","texture":"#inside"},"east":{"texture":"#side"},"north":{"texture":"#side"},"south":{"texture":"#side"},"west":{"texture":"#side"}},"from":[6,0,6],"to":[10,4,10]},{"faces":{"east":{"cullface":"up","texture":"#side","uv":[14,5,2,0]},"north":{"cullface":"up","texture":"#side","uv":[14,5,2,0]},"south":{"cullface":"up","texture":"#side","uv":[14,5,2,0]},"up":{"cullface":"up","texture":"#inside","uv":[14,14,2,2]},"west":{"cullface":"up","texture":"#side","uv":[14,5,2,0]}},"from":[14,16,14],"to":[2,11,2]}],"parent":"block/block","textures":{"inside":"block/hopper_inside","particle":"block/hopper_outside","side":"block/hopper_outside","top":"block/hopper_top"}}