{"ambientocclusion":false,"elements":[{"faces":{"north":{"texture":"#texture","tintindex":0,"uv":[16,0,0,16]},"south":{"texture":"#texture","tintindex":0,"uv":[0,0,16,16]}},"from":[0,0,4],"shade":false,"to":[16,16,4]},{"faces":{"east":{"texture":"#texture","tintindex":0,"uv":[0,0,16,16]},"west":{"texture":"#texture","tintindex":0,"uv":[16,0,0,16]}},"from":[12,0,0],"shade":false,"to":[12,16,16]},{"faces":{"east":{"texture":"#texture","tintindex":0,"uv":[0,0,16,16]},"west":{"texture":"#texture","tintindex":0,"uv":[16,0,0,16]}},"from":[4,0,0],"shade":false,"to":[4,16,16]},{"faces":{"north":{"texture":"#texture","tintindex":0,"uv":[16,0,0,16]},"south":{"texture":"#texture","tintindex":0,"uv":[0,0,16,16]}},"from":[0,0,12],"shade":false,"to":[16,16,12]}],"parent":"block/block","textures":{"particle":"#texture"}}