{"ambientocclusion":false,"elements":[{"faces":{"down":{"cullface":"down","texture":"#flowerpot","uv":[5,5,6,11]},"up":{"texture":"#flowerpot","uv":[5,5,6,11]}},"from":[5,0,5],"to":[6,6,11]},{"faces":{"down":{"cullface":"down","texture":"#flowerpot","uv":[10,5,11,11]},"up":{"texture":"#flowerpot","uv":[10,5,11,11]}},"from":[10,0,5],"to":[11,6,11]},{"faces":{"down":{"cullface":"down","texture":"#flowerpot","uv":[6,10,10,11]},"up":{"texture":"#flowerpot","uv":[6,5,10,6]}},"from":[6,0,5],"to":[10,6,6]},{"faces":{"down":{"cullface":"down","texture":"#flowerpot","uv":[6,5,10,6]},"up":{"texture":"#flowerpot","uv":[6,10,10,11]}},"from":[6,0,10],"to":[10,6,11]},{"faces":{"east":{"texture":"#flowerpot","uv":[5,10,11,16]},"north":{"texture":"#flowerpot","uv":[5,10,11,16]},"south":{"texture":"#flowerpot","uv":[5,10,11,16]},"west":{"texture":"#flowerpot","uv":[5,10,11,16]}},"from":[5,0,5],"to":[11,6,11]},{"faces":{"east":{"texture":"#flowerpot","uv":[11,12,5,10]},"north":{"texture":"#flowerpot","uv":[11,12,5,10]},"south":{"texture":"#flowerpot","uv":[11,12,5,10]},"up":{"texture":"#dirt","uv":[10,10,6,6]},"west":{"texture":"#flowerpot","uv":[11,12,5,10]}},"from":[10,6,10],"to":[6,4,6]},{"faces":{"down":{"cullface":"down","texture":"#flowerpot","uv":[6,11,10,15]}},"from":[10,0,10],"to":[6,0,6]},{"faces":{"north":{"texture":"#plant","tintindex":0,"uv":[0,0,16,16]},"south":{"texture":"#plant","tintindex":0,"uv":[0,0,16,16]}},"from":[2.6,4,8],"rotation":{"angle":45,"axis":"y","origin":[8,8,8],"rescale":true},"shade":false,"to":[13.4,16,8]},{"faces":{"east":{"texture":"#plant","tintindex":0,"uv":[0,0,16,16]},"west":{"texture":"#plant","tintindex":0,"uv":[0,0,16,16]}},"from":[8,4,2.6],"rotation":{"angle":45,"axis":"y","origin":[8,8,8],"rescale":true},"shade":false,"to":[8,16,13.4]}],"textures":{"dirt":"block/dirt","flowerpot":"block/flower_pot","particle":"block/flower_pot"}}