{
  "variants": {
    "segment_amount=1,facing=north": {
      "model": "res_fixes:block/leaf_litter/1"
    },
    "segment_amount=1,facing=east": {
      "model": "res_fixes:block/leaf_litter/1",
      "y": 90
    },
    "segment_amount=1,facing=south": {
      "model": "res_fixes:block/leaf_litter/1",
      "y": 180
    },
    "segment_amount=1,facing=west": {
      "model": "res_fixes:block/leaf_litter/1",
      "y": 270
    },
    "segment_amount=2,facing=north": {
      "model": "res_fixes:block/leaf_litter/2"
    },
    "segment_amount=2,facing=east": {
      "model": "res_fixes:block/leaf_litter/2",
      "y": 90
    },
    "segment_amount=2,facing=south": {
      "model": "res_fixes:block/leaf_litter/2",
      "y": 180
    },
    "segment_amount=2,facing=west": {
      "model": "res_fixes:block/leaf_litter/2",
      "y": 270
    },
    "segment_amount=3,facing=north": {
      "model": "res_fixes:block/leaf_litter/3"
    },
    "segment_amount=3,facing=east": {
      "model": "res_fixes:block/leaf_litter/3",
      "y": 90
    },
    "segment_amount=3,facing=south": {
      "model": "res_fixes:block/leaf_litter/3",
      "y": 180
    },
    "segment_amount=3,facing=west": {
      "model": "res_fixes:block/leaf_litter/3",
      "y": 270
    },
    "segment_amount=4,facing=north": {
      "model": "res_fixes:block/leaf_litter/4"
    },
    "segment_amount=4,facing=east": {
      "model": "res_fixes:block/leaf_litter/4",
      "y": 90
    },
    "segment_amount=4,facing=south": {
      "model": "res_fixes:block/leaf_litter/4",
      "y": 180
    },
    "segment_amount=4,facing=west": {
      "model": "res_fixes:block/leaf_litter/4",
      "y": 270
    }
  }
}