{"credit":"Made with Blockbench","textures":{"particle":"farmersdelight:block/tatami_mat_even","half":"farmersdelight:block/tatami_mat_half","side":"farmersdelight:block/tatami_mat_side"},"elements":[{"name":"tatami_mat_half","from":[0,0,0],"to":[16,2,16],"faces":{"north":{"uv":[0,14,16,16],"texture":"#side","cullface":"north"},"east":{"uv":[0,14,16,16],"texture":"#side","cullface":"east"},"south":{"uv":[0,14,16,16],"texture":"#side","cullface":"south"},"west":{"uv":[0,14,16,16],"texture":"#side","cullface":"west"},"up":{"uv":[0,0,16,16],"texture":"#half"},"down":{"uv":[0,0,16,16],"texture":"#half","cullface":"down"}}}]}