{
	"credit": "Made with Blockbench by Minecraft_hyr",
	"ambientocclusion": false,
	"textures": {
		"lit": "block/redstone_torch",
		"lock": "block/bedrock",
		"slab": "block/smooth_stone",
		"particle": "block/repeater_on",
		"top": "block/repeater_on"
	},
	"elements": [
		{
			"from": [0, 0, 0],
			"to": [16, 2, 16],
			"faces": {
				"north": {"uv": [0, 14, 16, 16], "texture": "#slab", "cullface": "north"},
				"east": {"uv": [0, 14, 16, 16], "texture": "#slab", "cullface": "east"},
				"south": {"uv": [0, 14, 16, 16], "texture": "#slab", "cullface": "south"},
				"west": {"uv": [0, 14, 16, 16], "texture": "#slab", "cullface": "west"},
				"up": {"uv": [0, 0, 16, 16], "texture": "#top"},
				"down": {"uv": [0, 0, 16, 16], "texture": "#slab", "cullface": "down"}
			}
		},
		{
			"from": [2, 2, 8],
			"to": [14, 4, 10],
			"faces": {
				"north": {"uv": [2, 7, 14, 9], "texture": "#lock"},
				"east": {"uv": [6, 7, 8, 9], "texture": "#lock"},
				"south": {"uv": [2, 7, 14, 9], "texture": "#lock"},
				"west": {"uv": [6, 7, 8, 9], "texture": "#lock"},
				"up": {"uv": [7, 2, 9, 14], "rotation": 90, "texture": "#lock"}
			}
		},
		{
			"from": [9, 5, 1],
			"to": [9, 8, 5],
			"shade": false,
			"faces": {
				"east": {"uv": [6, 5, 10, 8], "texture": "#lit"},
				"west": {"uv": [6, 5, 10, 8], "texture": "#lit"}
			}
		},
		{
			"from": [6, 5, 2],
			"to": [10, 8, 2],
			"shade": false,
			"faces": {
				"north": {"uv": [6, 5, 10, 8], "texture": "#lit"},
				"south": {"uv": [6, 5, 10, 8], "texture": "#lit"}
			}
		},
		{
			"from": [7, 5, 1],
			"to": [7, 8, 5],
			"shade": false,
			"faces": {
				"east": {"uv": [6, 5, 10, 8], "texture": "#lit"},
				"west": {"uv": [6, 5, 10, 8], "texture": "#lit"}
			}
		},
		{
			"from": [6, 5, 4],
			"to": [10, 8, 4],
			"shade": false,
			"faces": {
				"north": {"uv": [6, 5, 10, 8], "texture": "#lit"},
				"south": {"uv": [6, 5, 10, 8], "texture": "#lit"}
			}
		},
		{
			"from": [7, 2, 2],
			"to": [9, 7, 4],
			"shade": false,
			"faces": {
				"north": {"uv": [7, 6, 9, 11], "texture": "#lit"},
				"east": {"uv": [7, 6, 9, 11], "texture": "#lit"},
				"south": {"uv": [7, 6, 9, 11], "texture": "#lit"},
				"west": {"uv": [7, 6, 9, 11], "texture": "#lit"},
				"up": {"uv": [7, 6, 9, 8], "texture": "#lit"}
			}
		}
	],
	"groups": [
		0,
		1,
		{
			"name": "group",
			"origin": [0, 0, 0],
			"color": 0,
			"shade": false,
			"children": [2, 3, 4, 5, 6]
		}
	]
}