{
  "credits": "Made by Minecraft_hyr handwrite",
  "parent": "block/block",
  "textures": {
    "particle": "#all"
  },
  "elements": [
    {
      "from": [0, 15.992, 0],
      "to": [16, 16, 16],
      "faces": {
        "down": { "uv": [0, 16, 16, 0], "texture": "#all", "cullface": "up" },
        "up": { "uv": [0, 0, 16, 16], "texture": "#all", "cullface": "up" }
      }
    },
    {
      "from": [0, 0, 0],
      "to": [16, 0.008, 16],
      "faces": {
        "down": { "uv": [0, 0, 16, 16], "texture": "#all", "cullface": "down" },
        "up": { "uv": [0, 16, 16, 0], "texture": "#all", "cullface": "down" }
      }
    },
    {
      "from": [0, 0, 0],
      "to": [16, 16, 0.008],
      "faces": {
        "north": { "uv": [0, 0, 16, 16], "texture": "#all", "cullface": "north" },
        "south": { "uv": [16, 0, 0, 16], "texture": "#all", "cullface": "north" }
      }
    },
    {
      "from": [0, 0, 15.992],
      "to": [16, 16, 16],
      "faces": {
        "north": { "uv": [16, 0, 0, 16], "texture": "#all", "cullface": "south" },
        "south": { "uv": [0, 0, 16, 16], "texture": "#all", "cullface": "south" }
      }
    },
    {
      "from": [0, 0, 0],
      "to": [0.008, 16, 16],
      "faces": {
        "east": { "uv": [16, 0, 0, 16], "texture": "#all", "cullface": "west" },
        "west": { "uv": [0, 0, 16, 16], "texture": "#all", "cullface": "west" }
      }
    },
    {
      "from": [15.992, 0, 0],
      "to": [16, 16, 16],
      "faces": {
        "east": { "uv": [0, 0, 16, 16], "texture": "#all", "cullface": "east" },
        "west": { "uv": [16, 0, 0, 16], "texture": "#all", "cullface": "east" }
      }
    }
  ]
}
