{"format_version":"1.21.6","credit":"Made with Blockbench by Minecraft_hyr","parent":"res_fixes:block/template/parent","elements":[{"from":[-1,2.5,7],"to":[1,13.5,9],"shade":false,"rotation":{"angle":-22.5,"axis":"z","origin":[0,3.5,8]},"faces":{"north":{"uv":[7,6,9,16],"texture":"#torch"},"east":{"uv":[7,6,9,16],"texture":"#torch"},"south":{"uv":[7,6,9,16],"texture":"#torch"},"west":{"uv":[7,6,9,16],"texture":"#torch"},"up":{"uv":[7,6,9,8],"texture":"#torch"},"down":{"uv":[7,13,9,15],"texture":"#torch"}}},{"from":[5.5,12.5,9.5],"to":[2.5,9.5,6.5],"shade":false,"rotation":{"angle":-22.5,"axis":"z","origin":[6,13,19]},"faces":{"north":{"uv":[7,7,6,6],"texture":"#torch"},"east":{"uv":[10,8,9,7],"texture":"#torch"},"south":{"uv":[10,7,9,6],"texture":"#torch"},"west":{"uv":[7,8,6,7],"texture":"#torch"},"up":{"uv":[8,5,9,6],"texture":"#torch"},"down":{"uv":[8,6,7,5],"texture":"#torch"}}}],"gui_light":"front"}