{"__comment":"Designed by GeForceLegend","textures":{"particle":"block/bamboo_trapdoor","layer0":"block/bamboo_trapdoor","layer1":"block/bamboo_trapdoor1"},"elements":[{"from":[0,0,13],"to":[2,16,16],"faces":{"north":{"uv":[0,0,2,16],"rotation":180,"texture":"#layer0"},"east":{"uv":[1,16,2,0],"texture":"#layer0"},"south":{"uv":[0,16,2,0],"texture":"#layer0","cullface":"south"},"west":{"uv":[0,10,16,13],"rotation":90,"texture":"#layer1","cullface":"west"},"up":{"uv":[14,13,16,16],"rotation":180,"texture":"#layer1","cullface":"up"},"down":{"uv":[0,0,2,3],"texture":"#layer1","cullface":"down"}}},{"from":[14,0,13],"to":[16,16,16],"faces":{"north":{"uv":[14,0,16,16],"rotation":180,"texture":"#layer0"},"east":{"uv":[16,3,0,6],"rotation":270,"texture":"#layer1","cullface":"east"},"south":{"uv":[14,16,16,0],"texture":"#layer0","cullface":"south"},"west":{"uv":[14,0,15,16],"rotation":180,"texture":"#layer0"},"up":{"uv":[0,13,2,16],"rotation":180,"texture":"#layer1","cullface":"up"},"down":{"uv":[14,0,16,3],"texture":"#layer1","cullface":"down"}}},{"from":[2,0,13],"to":[14,2,16],"faces":{"north":{"uv":[2,0,14,2],"rotation":180,"texture":"#layer0"},"south":{"uv":[2,2,14,0],"texture":"#layer0","cullface":"south"},"up":{"uv":[14,1,2,2],"rotation":180,"texture":"#layer0"},"down":{"uv":[2,0,14,3],"texture":"#layer1","cullface":"down"}}},{"from":[2,14,13],"to":[14,16,16],"faces":{"north":{"uv":[2,14,14,16],"rotation":180,"texture":"#layer0"},"south":{"uv":[2,16,14,14],"texture":"#layer0","cullface":"south"},"up":{"uv":[2,13,14,16],"rotation":180,"texture":"#layer1","cullface":"up"},"down":{"uv":[2,14,14,15],"texture":"#layer0"}}},{"from":[2,2,14],"to":[3,14,15],"faces":{"north":{"uv":[2,2,3,14],"rotation":180,"texture":"#layer0"},"east":{"uv":[2,14,3,2],"texture":"#layer0"},"south":{"uv":[2,14,3,2],"texture":"#layer0"}}},{"from":[13,2,14],"to":[14,14,15],"faces":{"north":{"uv":[13,2,14,14],"rotation":180,"texture":"#layer0"},"south":{"uv":[13,14,14,2],"texture":"#layer0"},"west":{"uv":[13,2,14,14],"rotation":180,"texture":"#layer0"}}},{"from":[3,2,14],"to":[13,3,15],"faces":{"north":{"uv":[3,2,13,3],"rotation":180,"texture":"#layer0"},"south":{"uv":[3,2,13,3],"texture":"#layer0"},"up":{"uv":[13,2,3,3],"rotation":180,"texture":"#layer0"}}},{"from":[3,13,14],"to":[13,14,15],"faces":{"north":{"uv":[3,13,13,14],"rotation":180,"texture":"#layer0"},"south":{"uv":[3,13,13,14],"texture":"#layer0"},"down":{"uv":[3,13,13,14],"texture":"#layer0"}}},{"from":[11,3,14],"to":[12,13,15],"faces":{"north":{"uv":[11,3,12,13],"rotation":180,"texture":"#layer0"},"east":{"uv":[11,13,12,3],"texture":"#layer0"},"south":{"uv":[11,13,12,3],"texture":"#layer0"},"west":{"uv":[11,3,12,13],"rotation":180,"texture":"#layer0"}}},{"from":[4,3,14],"to":[5,13,15],"faces":{"north":{"uv":[4,3,5,13],"rotation":180,"texture":"#layer0"},"east":{"uv":[4,13,5,3],"texture":"#layer0"},"south":{"uv":[4,13,5,3],"texture":"#layer0"},"west":{"uv":[4,3,5,13],"rotation":180,"texture":"#layer0"}}},{"from":[6,3,14],"to":[7,7,15],"faces":{"north":{"uv":[6,3,7,7],"rotation":180,"texture":"#layer0"},"east":{"uv":[6,7,7,3],"texture":"#layer0"},"south":{"uv":[6,7,7,3],"texture":"#layer0"},"west":{"uv":[6,3,7,7],"rotation":180,"texture":"#layer0"},"up":{"uv":[6,6,7,7],"rotation":180,"texture":"#layer0"}}},{"from":[6,9,14],"to":[7,13,15],"faces":{"north":{"uv":[6,9,7,13],"rotation":180,"texture":"#layer0"},"east":{"uv":[6,13,7,9],"texture":"#layer0"},"south":{"uv":[6,13,7,9],"texture":"#layer0"},"west":{"uv":[6,9,7,13],"rotation":180,"texture":"#layer0"},"down":{"uv":[6,9,7,10],"texture":"#layer0"}}},{"from":[9,9,14],"to":[10,13,15],"faces":{"north":{"uv":[9,9,10,13],"rotation":180,"texture":"#layer0"},"east":{"uv":[9,13,10,9],"texture":"#layer0"},"south":{"uv":[9,13,10,9],"texture":"#layer0"},"west":{"uv":[9,9,10,13],"rotation":180,"texture":"#layer0"},"down":{"uv":[9,9,10,10],"texture":"#layer0"}}},{"from":[9,3,14],"to":[10,7,15],"faces":{"north":{"uv":[9,3,10,7],"rotation":180,"texture":"#layer0"},"east":{"uv":[9,7,10,3],"texture":"#layer0"},"south":{"uv":[9,7,10,3],"texture":"#layer0"},"west":{"uv":[9,3,10,7],"rotation":180,"texture":"#layer0"},"up":{"uv":[9,6,10,7],"rotation":180,"texture":"#layer0"}}},{"from":[12,4,14],"to":[13,5,15],"faces":{"north":{"uv":[12,4,13,5],"rotation":180,"texture":"#layer0"},"south":{"uv":[12,4,13,5],"texture":"#layer0"},"up":{"uv":[12,4,13,5],"rotation":180,"texture":"#layer0"},"down":{"uv":[12,4,13,5],"texture":"#layer0"}}},{"from":[12,6,14],"to":[13,7,15],"faces":{"north":{"uv":[12,6,13,7],"rotation":180,"texture":"#layer0"},"south":{"uv":[12,6,13,7],"texture":"#layer0"},"up":{"uv":[12,6,13,7],"rotation":180,"texture":"#layer0"},"down":{"uv":[12,6,13,7],"texture":"#layer0"}}},{"from":[12,9,14],"to":[13,10,15],"faces":{"north":{"uv":[12,9,13,10],"rotation":180,"texture":"#layer0"},"south":{"uv":[12,9,13,10],"texture":"#layer0"},"up":{"uv":[12,9,13,10],"rotation":180,"texture":"#layer0"},"down":{"uv":[12,9,13,10],"texture":"#layer0"}}},{"from":[12,11,14],"to":[13,12,15],"faces":{"north":{"uv":[12,11,13,12],"rotation":180,"texture":"#layer0"},"south":{"uv":[12,11,13,12],"texture":"#layer0"},"up":{"uv":[12,11,13,12],"rotation":180,"texture":"#layer0"},"down":{"uv":[12,11,13,12],"texture":"#layer0"}}},{"from":[10,4,14],"to":[11,5,15],"faces":{"north":{"uv":[10,4,11,5],"rotation":180,"texture":"#layer0"},"south":{"uv":[10,4,11,5],"texture":"#layer0"},"up":{"uv":[10,4,11,5],"rotation":180,"texture":"#layer0"},"down":{"uv":[10,4,11,5],"texture":"#layer0"}}},{"from":[10,6,14],"to":[11,7,15],"faces":{"north":{"uv":[10,6,11,7],"rotation":180,"texture":"#layer0"},"south":{"uv":[10,6,11,7],"texture":"#layer0"},"up":{"uv":[10,6,11,7],"rotation":180,"texture":"#layer0"},"down":{"uv":[10,6,11,7],"texture":"#layer0"}}},{"from":[10,9,14],"to":[11,10,15],"faces":{"north":{"uv":[10,9,11,10],"rotation":180,"texture":"#layer0"},"south":{"uv":[10,9,11,10],"texture":"#layer0"},"up":{"uv":[10,9,11,10],"rotation":180,"texture":"#layer0"},"down":{"uv":[10,9,11,10],"texture":"#layer0"}}},{"from":[10,11,14],"to":[11,12,15],"faces":{"north":{"uv":[10,11,11,12],"rotation":180,"texture":"#layer0"},"south":{"uv":[10,11,11,12],"texture":"#layer0"},"up":{"uv":[10,11,11,12],"rotation":180,"texture":"#layer0"},"down":{"uv":[10,11,11,12],"texture":"#layer0"}}},{"from":[5,4,14],"to":[6,5,15],"faces":{"north":{"uv":[5,4,6,5],"rotation":180,"texture":"#layer0"},"south":{"uv":[5,4,6,5],"texture":"#layer0"},"up":{"uv":[5,4,6,5],"rotation":180,"texture":"#layer0"},"down":{"uv":[5,4,6,5],"texture":"#layer0"}}},{"from":[5,6,14],"to":[6,7,15],"faces":{"north":{"uv":[5,6,6,7],"rotation":180,"texture":"#layer0"},"south":{"uv":[5,6,6,7],"texture":"#layer0"},"up":{"uv":[5,6,6,7],"rotation":180,"texture":"#layer0"},"down":{"uv":[5,6,6,7],"texture":"#layer0"}}},{"from":[5,9,14],"to":[6,10,15],"faces":{"north":{"uv":[5,9,6,10],"rotation":180,"texture":"#layer0"},"south":{"uv":[5,9,6,10],"texture":"#layer0"},"up":{"uv":[5,9,6,10],"rotation":180,"texture":"#layer0"},"down":{"uv":[5,9,6,10],"texture":"#layer0"}}},{"from":[5,11,14],"to":[6,12,15],"faces":{"north":{"uv":[5,11,6,12],"rotation":180,"texture":"#layer0"},"south":{"uv":[5,11,6,12],"texture":"#layer0"},"up":{"uv":[5,11,6,12],"rotation":180,"texture":"#layer0"},"down":{"uv":[5,11,6,12],"texture":"#layer0"}}},{"from":[3,4,14],"to":[4,5,15],"faces":{"north":{"uv":[3,4,4,5],"rotation":180,"texture":"#layer0"},"south":{"uv":[3,4,4,5],"texture":"#layer0"},"up":{"uv":[3,4,4,5],"rotation":180,"texture":"#layer0"},"down":{"uv":[3,4,4,5],"texture":"#layer0"}}},{"from":[3,6,14],"to":[4,7,15],"faces":{"north":{"uv":[3,6,4,7],"rotation":180,"texture":"#layer0"},"south":{"uv":[3,6,4,7],"texture":"#layer0"},"up":{"uv":[3,6,4,7],"rotation":180,"texture":"#layer0"},"down":{"uv":[3,6,4,7],"texture":"#layer0"}}},{"from":[3,9,14],"to":[4,10,15],"faces":{"north":{"uv":[3,9,4,10],"rotation":180,"texture":"#layer0"},"south":{"uv":[3,9,4,10],"texture":"#layer0"},"up":{"uv":[3,9,4,10],"rotation":180,"texture":"#layer0"},"down":{"uv":[3,9,4,10],"texture":"#layer0"}}},{"from":[3,11,14],"to":[4,12,15],"faces":{"north":{"uv":[3,11,4,12],"rotation":180,"texture":"#layer0"},"south":{"uv":[3,11,4,12],"texture":"#layer0"},"up":{"uv":[3,11,4,12],"rotation":180,"texture":"#layer0"},"down":{"uv":[3,11,4,12],"texture":"#layer0"}}},{"from":[7,11,14],"to":[9,12,15],"faces":{"north":{"uv":[7,11,9,12],"rotation":180,"texture":"#layer0"},"south":{"uv":[7,11,9,12],"texture":"#layer0"},"up":{"uv":[9,11,7,12],"rotation":180,"texture":"#layer0"},"down":{"uv":[7,11,9,12],"texture":"#layer0"}}},{"from":[7,4,14],"to":[9,5,15],"faces":{"north":{"uv":[7,4,9,5],"rotation":180,"texture":"#layer0"},"south":{"uv":[7,4,9,5],"texture":"#layer0"},"up":{"uv":[9,4,7,5],"rotation":180,"texture":"#layer0"},"down":{"uv":[7,4,9,5],"texture":"#layer0"}}}]}