{"__comment":"Designed by GeForceLegend","ambientocclusion":false,"textures":{"layer0":"block/birch_door_bottom1","particle":"block/birch_door_bottom"},"elements":[{"from":[0,0,0],"to":[3,16,3],"faces":{"north":{"uv":[0,0,3,16],"texture":"#layer0","cullface":"north"},"east":{"uv":[3,0,0,16],"texture":"#particle"},"south":{"uv":[2,0,3,16],"texture":"#particle"},"west":{"uv":[0,0,3,16],"texture":"#particle","cullface":"west"},"down":{"uv":[7,13,10,16],"texture":"#layer0","cullface":"down"}}},{"from":[0,0,3],"to":[3,12,13],"faces":{"east":{"uv":[13,4,3,16],"texture":"#particle"},"west":{"uv":[3,4,13,16],"texture":"#particle","cullface":"west"},"up":{"uv":[3,4,13,5],"rotation":90,"texture":"#particle"},"down":{"uv":[7,3,10,13],"texture":"#layer0","cullface":"down"}}},{"from":[0,0,13],"to":[3,16,16],"faces":{"north":{"uv":[13,0,14,16],"texture":"#particle"},"east":{"uv":[16,0,13,16],"texture":"#particle"},"south":{"uv":[13,0,16,16],"texture":"#layer0","cullface":"south"},"west":{"uv":[13,0,16,16],"texture":"#particle","cullface":"west"},"down":{"uv":[7,0,10,3],"texture":"#layer0","cullface":"down"}}},{"from":[1,12,3],"to":[2,16,13],"faces":{"east":{"uv":[13,0,3,4],"texture":"#particle"},"west":{"uv":[3,0,13,4],"texture":"#particle"}}}]}