{"__comment":"Designed by GeForceLegend","ambientocclusion":false,"textures":{"bottom":"block/cactus_bottom","top":"block/cactus_top","side":"block/cactus_side","particle":"block/cactus_side"},"elements":[{"from":[1,0,1],"to":[15,16,15],"faces":{"north":{"uv":[1,0,15,16],"texture":"#side"},"east":{"uv":[1,0,15,16],"texture":"#side"},"south":{"uv":[1,0,15,16],"texture":"#side"},"west":{"uv":[1,0,15,16],"texture":"#side"},"up":{"uv":[1,1,15,15],"texture":"#top","cullface":"up"},"down":{"uv":[1,1,15,15],"texture":"#bottom","cullface":"down"}}},{"from":[0,3,1],"to":[1,4,2],"faces":{"north":{"uv":[0,12,1,13],"texture":"#side"},"south":{"uv":[0,12,1,13],"texture":"#side"},"west":{"uv":[0,12,1,13],"texture":"#side"},"up":{"uv":[0,12,1,13],"texture":"#side"},"down":{"uv":[0,12,1,13],"texture":"#side"}}},{"from":[0,5,5],"to":[1,6,6],"faces":{"north":{"uv":[0,12,1,13],"texture":"#side"},"south":{"uv":[0,12,1,13],"texture":"#side"},"west":{"uv":[0,12,1,13],"texture":"#side"},"up":{"uv":[0,12,1,13],"texture":"#side"},"down":{"uv":[0,12,1,13],"texture":"#side"}}},{"from":[0,9,7],"to":[1,10,8],"faces":{"north":{"uv":[0,12,1,13],"texture":"#side"},"south":{"uv":[0,12,1,13],"texture":"#side"},"west":{"uv":[0,12,1,13],"texture":"#side"},"up":{"uv":[0,12,1,13],"texture":"#side"},"down":{"uv":[0,12,1,13],"texture":"#side"}}},{"from":[0,12,10],"to":[1,13,11],"faces":{"north":{"uv":[0,12,1,13],"texture":"#side"},"south":{"uv":[0,12,1,13],"texture":"#side"},"west":{"uv":[0,12,1,13],"texture":"#side"},"up":{"uv":[0,12,1,13],"texture":"#side"},"down":{"uv":[0,12,1,13],"texture":"#side"}}},{"from":[0,1,10],"to":[1,2,11],"faces":{"north":{"uv":[0,12,1,13],"texture":"#side"},"south":{"uv":[0,12,1,13],"texture":"#side"},"west":{"uv":[0,12,1,13],"texture":"#side"},"up":{"uv":[0,12,1,13],"texture":"#side"},"down":{"uv":[0,12,1,13],"texture":"#side"}}},{"from":[0,14,14],"to":[1,15,15],"faces":{"north":{"uv":[0,12,1,13],"texture":"#side"},"south":{"uv":[0,12,1,13],"texture":"#side"},"west":{"uv":[0,12,1,13],"texture":"#side"},"up":{"uv":[0,12,1,13],"texture":"#side"},"down":{"uv":[0,12,1,13],"texture":"#side"}}},{"from":[0,14,5],"to":[1,15,6],"faces":{"north":{"uv":[0,12,1,13],"texture":"#side"},"south":{"uv":[0,12,1,13],"texture":"#side"},"west":{"uv":[0,12,1,13],"texture":"#side"},"up":{"uv":[0,12,1,13],"texture":"#side"},"down":{"uv":[0,12,1,13],"texture":"#side"}}},{"from":[0,13,1],"to":[1,14,2],"faces":{"north":{"uv":[0,12,1,13],"texture":"#side"},"south":{"uv":[0,12,1,13],"texture":"#side"},"west":{"uv":[0,12,1,13],"texture":"#side"},"up":{"uv":[0,12,1,13],"texture":"#side"},"down":{"uv":[0,12,1,13],"texture":"#side"}}},{"from":[0,10,14],"to":[1,11,15],"faces":{"north":{"uv":[0,12,1,13],"texture":"#side"},"south":{"uv":[0,12,1,13],"texture":"#side"},"west":{"uv":[0,12,1,13],"texture":"#side"},"up":{"uv":[0,12,1,13],"texture":"#side"},"down":{"uv":[0,12,1,13],"texture":"#side"}}},{"from":[0,5,14],"to":[1,6,15],"faces":{"north":{"uv":[0,12,1,13],"texture":"#side"},"south":{"uv":[0,12,1,13],"texture":"#side"},"west":{"uv":[0,12,1,13],"texture":"#side"},"up":{"uv":[0,12,1,13],"texture":"#side"},"down":{"uv":[0,12,1,13],"texture":"#side"}}},{"from":[1,10,0],"to":[2,11,1],"faces":{"north":{"uv":[0,12,1,13],"texture":"#side"},"east":{"uv":[0,12,1,13],"texture":"#side"},"west":{"uv":[0,12,1,13],"texture":"#side"},"up":{"uv":[0,12,1,13],"texture":"#side"},"down":{"uv":[0,12,1,13],"texture":"#side"}}},{"from":[1,14,0],"to":[2,15,1],"faces":{"north":{"uv":[0,12,1,13],"texture":"#side"},"east":{"uv":[0,12,1,13],"texture":"#side"},"west":{"uv":[0,12,1,13],"texture":"#side"},"up":{"uv":[0,12,1,13],"texture":"#side"},"down":{"uv":[0,12,1,13],"texture":"#side"}}},{"from":[1,5,0],"to":[2,6,1],"faces":{"north":{"uv":[0,12,1,13],"texture":"#side"},"east":{"uv":[0,12,1,13],"texture":"#side"},"west":{"uv":[0,12,1,13],"texture":"#side"},"up":{"uv":[0,12,1,13],"texture":"#side"},"down":{"uv":[0,12,1,13],"texture":"#side"}}},{"from":[5,12,0],"to":[6,13,1],"faces":{"north":{"uv":[0,12,1,13],"texture":"#side"},"east":{"uv":[0,12,1,13],"texture":"#side"},"west":{"uv":[0,12,1,13],"texture":"#side"},"up":{"uv":[0,12,1,13],"texture":"#side"},"down":{"uv":[0,12,1,13],"texture":"#side"}}},{"from":[5,1,0],"to":[6,2,1],"faces":{"north":{"uv":[0,12,1,13],"texture":"#side"},"east":{"uv":[0,12,1,13],"texture":"#side"},"west":{"uv":[0,12,1,13],"texture":"#side"},"up":{"uv":[0,12,1,13],"texture":"#side"},"down":{"uv":[0,12,1,13],"texture":"#side"}}},{"from":[8,9,0],"to":[9,10,1],"faces":{"north":{"uv":[0,12,1,13],"texture":"#side"},"east":{"uv":[0,12,1,13],"texture":"#side"},"west":{"uv":[0,12,1,13],"texture":"#side"},"up":{"uv":[0,12,1,13],"texture":"#side"},"down":{"uv":[0,12,1,13],"texture":"#side"}}},{"from":[10,14,0],"to":[11,15,1],"faces":{"north":{"uv":[0,12,1,13],"texture":"#side"},"east":{"uv":[0,12,1,13],"texture":"#side"},"west":{"uv":[0,12,1,13],"texture":"#side"},"up":{"uv":[0,12,1,13],"texture":"#side"},"down":{"uv":[0,12,1,13],"texture":"#side"}}},{"from":[10,5,0],"to":[11,6,1],"faces":{"north":{"uv":[0,12,1,13],"texture":"#side"},"east":{"uv":[0,12,1,13],"texture":"#side"},"west":{"uv":[0,12,1,13],"texture":"#side"},"up":{"uv":[0,12,1,13],"texture":"#side"},"down":{"uv":[0,12,1,13],"texture":"#side"}}},{"from":[14,13,0],"to":[15,14,1],"faces":{"north":{"uv":[0,12,1,13],"texture":"#side"},"east":{"uv":[0,12,1,13],"texture":"#side"},"west":{"uv":[0,12,1,13],"texture":"#side"},"up":{"uv":[0,12,1,13],"texture":"#side"},"down":{"uv":[0,12,1,13],"texture":"#side"}}},{"from":[14,3,0],"to":[15,4,1],"faces":{"north":{"uv":[0,12,1,13],"texture":"#side"},"east":{"uv":[0,12,1,13],"texture":"#side"},"west":{"uv":[0,12,1,13],"texture":"#side"},"up":{"uv":[0,12,1,13],"texture":"#side"},"down":{"uv":[0,12,1,13],"texture":"#side"}}},{"from":[15,12,5],"to":[16,13,6],"faces":{"north":{"uv":[0,12,1,13],"texture":"#side"},"east":{"uv":[0,12,1,13],"texture":"#side"},"south":{"uv":[0,12,1,13],"texture":"#side"},"up":{"uv":[0,12,1,13],"texture":"#side"},"down":{"uv":[0,12,1,13],"texture":"#side"}}},{"from":[15,14,10],"to":[16,15,11],"faces":{"north":{"uv":[0,12,1,13],"texture":"#side"},"east":{"uv":[0,12,1,13],"texture":"#side"},"south":{"uv":[0,12,1,13],"texture":"#side"},"up":{"uv":[0,12,1,13],"texture":"#side"},"down":{"uv":[0,12,1,13],"texture":"#side"}}},{"from":[15,10,1],"to":[16,11,2],"faces":{"north":{"uv":[0,12,1,13],"texture":"#side"},"east":{"uv":[0,12,1,13],"texture":"#side"},"south":{"uv":[0,12,1,13],"texture":"#side"},"up":{"uv":[0,12,1,13],"texture":"#side"},"down":{"uv":[0,12,1,13],"texture":"#side"}}},{"from":[15,14,1],"to":[16,15,2],"faces":{"north":{"uv":[0,12,1,13],"texture":"#side"},"east":{"uv":[0,12,1,13],"texture":"#side"},"south":{"uv":[0,12,1,13],"texture":"#side"},"up":{"uv":[0,12,1,13],"texture":"#side"},"down":{"uv":[0,12,1,13],"texture":"#side"}}},{"from":[15,1,5],"to":[16,2,6],"faces":{"north":{"uv":[0,12,1,13],"texture":"#side"},"east":{"uv":[0,12,1,13],"texture":"#side"},"south":{"uv":[0,12,1,13],"texture":"#side"},"up":{"uv":[0,12,1,13],"texture":"#side"},"down":{"uv":[0,12,1,13],"texture":"#side"}}},{"from":[15,3,14],"to":[16,4,15],"faces":{"north":{"uv":[0,12,1,13],"texture":"#side"},"east":{"uv":[0,12,1,13],"texture":"#side"},"south":{"uv":[0,12,1,13],"texture":"#side"},"up":{"uv":[0,12,1,13],"texture":"#side"},"down":{"uv":[0,12,1,13],"texture":"#side"}}},{"from":[15,9,8],"to":[16,10,9],"faces":{"north":{"uv":[0,12,1,13],"texture":"#side"},"east":{"uv":[0,12,1,13],"texture":"#side"},"south":{"uv":[0,12,1,13],"texture":"#side"},"up":{"uv":[0,12,1,13],"texture":"#side"},"down":{"uv":[0,12,1,13],"texture":"#side"}}},{"from":[15,5,10],"to":[16,6,11],"faces":{"north":{"uv":[0,12,1,13],"texture":"#side"},"east":{"uv":[0,12,1,13],"texture":"#side"},"south":{"uv":[0,12,1,13],"texture":"#side"},"up":{"uv":[0,12,1,13],"texture":"#side"},"down":{"uv":[0,12,1,13],"texture":"#side"}}},{"from":[15,5,1],"to":[16,6,2],"faces":{"north":{"uv":[0,12,1,13],"texture":"#side"},"east":{"uv":[0,12,1,13],"texture":"#side"},"south":{"uv":[0,12,1,13],"texture":"#side"},"up":{"uv":[0,12,1,13],"texture":"#side"},"down":{"uv":[0,12,1,13],"texture":"#side"}}},{"from":[15,13,14],"to":[16,14,15],"faces":{"north":{"uv":[0,12,1,13],"texture":"#side"},"east":{"uv":[0,12,1,13],"texture":"#side"},"south":{"uv":[0,12,1,13],"texture":"#side"},"up":{"uv":[0,12,1,13],"texture":"#side"},"down":{"uv":[0,12,1,13],"texture":"#side"}}},{"from":[14,14,15],"to":[15,15,16],"faces":{"east":{"uv":[0,12,1,13],"texture":"#side"},"south":{"uv":[0,12,1,13],"texture":"#side"},"west":{"uv":[0,12,1,13],"texture":"#side"},"up":{"uv":[0,12,1,13],"texture":"#side"},"down":{"uv":[0,12,1,13],"texture":"#side"}}},{"from":[14,10,15],"to":[15,11,16],"faces":{"east":{"uv":[0,12,1,13],"texture":"#side"},"south":{"uv":[0,12,1,13],"texture":"#side"},"west":{"uv":[0,12,1,13],"texture":"#side"},"up":{"uv":[0,12,1,13],"texture":"#side"},"down":{"uv":[0,12,1,13],"texture":"#side"}}},{"from":[14,5,15],"to":[15,6,16],"faces":{"east":{"uv":[0,12,1,13],"texture":"#side"},"south":{"uv":[0,12,1,13],"texture":"#side"},"west":{"uv":[0,12,1,13],"texture":"#side"},"up":{"uv":[0,12,1,13],"texture":"#side"},"down":{"uv":[0,12,1,13],"texture":"#side"}}},{"from":[10,12,15],"to":[11,13,16],"faces":{"east":{"uv":[0,12,1,13],"texture":"#side"},"south":{"uv":[0,12,1,13],"texture":"#side"},"west":{"uv":[0,12,1,13],"texture":"#side"},"up":{"uv":[0,12,1,13],"texture":"#side"},"down":{"uv":[0,12,1,13],"texture":"#side"}}},{"from":[10,1,15],"to":[11,2,16],"faces":{"east":{"uv":[0,12,1,13],"texture":"#side"},"south":{"uv":[0,12,1,13],"texture":"#side"},"west":{"uv":[0,12,1,13],"texture":"#side"},"up":{"uv":[0,12,1,13],"texture":"#side"},"down":{"uv":[0,12,1,13],"texture":"#side"}}},{"from":[7,9,15],"to":[8,10,16],"faces":{"east":{"uv":[0,12,1,13],"texture":"#side"},"south":{"uv":[0,12,1,13],"texture":"#side"},"west":{"uv":[0,12,1,13],"texture":"#side"},"up":{"uv":[0,12,1,13],"texture":"#side"},"down":{"uv":[0,12,1,13],"texture":"#side"}}},{"from":[5,14,15],"to":[6,15,16],"faces":{"east":{"uv":[0,12,1,13],"texture":"#side"},"south":{"uv":[0,12,1,13],"texture":"#side"},"west":{"uv":[0,12,1,13],"texture":"#side"},"up":{"uv":[0,12,1,13],"texture":"#side"},"down":{"uv":[0,12,1,13],"texture":"#side"}}},{"from":[5,5,15],"to":[6,6,16],"faces":{"east":{"uv":[0,12,1,13],"texture":"#side"},"south":{"uv":[0,12,1,13],"texture":"#side"},"west":{"uv":[0,12,1,13],"texture":"#side"},"up":{"uv":[0,12,1,13],"texture":"#side"},"down":{"uv":[0,12,1,13],"texture":"#side"}}},{"from":[1,13,15],"to":[2,14,16],"faces":{"east":{"uv":[0,12,1,13],"texture":"#side"},"south":{"uv":[0,12,1,13],"texture":"#side"},"west":{"uv":[0,12,1,13],"texture":"#side"},"up":{"uv":[0,12,1,13],"texture":"#side"},"down":{"uv":[0,12,1,13],"texture":"#side"}}},{"from":[1,3,15],"to":[2,4,16],"faces":{"east":{"uv":[0,12,1,13],"texture":"#side"},"south":{"uv":[0,12,1,13],"texture":"#side"},"west":{"uv":[0,12,1,13],"texture":"#side"},"up":{"uv":[0,12,1,13],"texture":"#side"},"down":{"uv":[0,12,1,13],"texture":"#side"}}},{"from":[12.01,16,12.01],"to":[12.99,16.99,12.99],"faces":{"north":{"uv":[0,12,1,13],"texture":"#side","cullface":"up"},"east":{"uv":[0,12,1,13],"texture":"#side","cullface":"up"},"south":{"uv":[0,12,1,13],"texture":"#side","cullface":"up"},"west":{"uv":[0,12,1,13],"texture":"#side","cullface":"up"},"up":{"uv":[0,12,1,13],"texture":"#side","cullface":"up"}}},{"from":[5.01,16,8.01],"to":[5.99,16.99,8.99],"faces":{"north":{"uv":[0,12,1,13],"texture":"#side","cullface":"up"},"east":{"uv":[0,12,1,13],"texture":"#side","cullface":"up"},"south":{"uv":[0,12,1,13],"texture":"#side","cullface":"up"},"west":{"uv":[0,12,1,13],"texture":"#side","cullface":"up"},"up":{"uv":[0,12,1,13],"texture":"#side","cullface":"up"}}},{"from":[12.01,16,9.01],"to":[12.99,16.99,9.99],"faces":{"north":{"uv":[0,12,1,13],"texture":"#side","cullface":"up"},"east":{"uv":[0,12,1,13],"texture":"#side","cullface":"up"},"south":{"uv":[0,12,1,13],"texture":"#side","cullface":"up"},"west":{"uv":[0,12,1,13],"texture":"#side","cullface":"up"},"up":{"uv":[0,12,1,13],"texture":"#side","cullface":"up"}}},{"from":[2.01,16,6.01],"to":[2.99,16.99,6.99],"faces":{"north":{"uv":[0,12,1,13],"texture":"#side","cullface":"up"},"east":{"uv":[0,12,1,13],"texture":"#side","cullface":"up"},"south":{"uv":[0,12,1,13],"texture":"#side","cullface":"up"},"west":{"uv":[0,12,1,13],"texture":"#side","cullface":"up"},"up":{"uv":[0,12,1,13],"texture":"#side","cullface":"up"}}},{"from":[9.01,16,9.01],"to":[9.99,16.99,9.99],"faces":{"north":{"uv":[0,12,1,13],"texture":"#side","cullface":"up"},"east":{"uv":[0,12,1,13],"texture":"#side","cullface":"up"},"south":{"uv":[0,12,1,13],"texture":"#side","cullface":"up"},"west":{"uv":[0,12,1,13],"texture":"#side","cullface":"up"},"up":{"uv":[0,12,1,13],"texture":"#side","cullface":"up"}}},{"from":[4.01,16,3.01],"to":[4.99,16.99,3.99],"faces":{"north":{"uv":[0,12,1,13],"texture":"#side","cullface":"up"},"east":{"uv":[0,12,1,13],"texture":"#side","cullface":"up"},"south":{"uv":[0,12,1,13],"texture":"#side","cullface":"up"},"west":{"uv":[0,12,1,13],"texture":"#side","cullface":"up"},"up":{"uv":[0,12,1,13],"texture":"#side","cullface":"up"}}},{"from":[8.01,16,1.01],"to":[8.99,16.99,1.99],"faces":{"north":{"uv":[0,12,1,13],"texture":"#side","cullface":"up"},"east":{"uv":[0,12,1,13],"texture":"#side","cullface":"up"},"south":{"uv":[0,12,1,13],"texture":"#side","cullface":"up"},"west":{"uv":[0,12,1,13],"texture":"#side","cullface":"up"},"up":{"uv":[0,12,1,13],"texture":"#side","cullface":"up"}}},{"from":[7.01,16,4.01],"to":[7.99,16.99,4.99],"faces":{"north":{"uv":[0,12,1,13],"texture":"#side","cullface":"up"},"east":{"uv":[0,12,1,13],"texture":"#side","cullface":"up"},"south":{"uv":[0,12,1,13],"texture":"#side","cullface":"up"},"west":{"uv":[0,12,1,13],"texture":"#side","cullface":"up"},"up":{"uv":[0,12,1,13],"texture":"#side","cullface":"up"}}},{"from":[10.01,16,5.01],"to":[10.99,16.99,5.99],"faces":{"north":{"uv":[0,12,1,13],"texture":"#side","cullface":"up"},"east":{"uv":[0,12,1,13],"texture":"#side","cullface":"up"},"south":{"uv":[0,12,1,13],"texture":"#side","cullface":"up"},"west":{"uv":[0,12,1,13],"texture":"#side","cullface":"up"},"up":{"uv":[0,12,1,13],"texture":"#side","cullface":"up"}}},{"from":[6.01,16,12.01],"to":[6.99,16.99,12.99],"faces":{"north":{"uv":[0,12,1,13],"texture":"#side","cullface":"up"},"east":{"uv":[0,12,1,13],"texture":"#side","cullface":"up"},"south":{"uv":[0,12,1,13],"texture":"#side","cullface":"up"},"west":{"uv":[0,12,1,13],"texture":"#side","cullface":"up"},"up":{"uv":[0,12,1,13],"texture":"#side","cullface":"up"}}}],"display":{"gui":{"rotation":[30,225,0],"translation":[0,0,0],"scale":[0.625,0.625,0.625]},"ground":{"rotation":[0,0,0],"translation":[0,3,0],"scale":[0.25,0.25,0.25]},"fixed":{"rotation":[0,0,0],"translation":[0,0,0],"scale":[0.5,0.5,0.5]},"thirdperson_righthand":{"rotation":[75,45,0],"translation":[0,2.5,0],"scale":[0.375,0.375,0.375]},"firstperson_righthand":{"rotation":[0,45,0],"translation":[0,0,0],"scale":[0.4,0.4,0.4]},"firstperson_lefthand":{"rotation":[0,225,0],"translation":[0,0,0],"scale":[0.4,0.4,0.4]}}}