{"__comment":"Designed by GeForceLegend","ambientocclusion":false,"textures":{"layer0":"block/cherry_door_top","layer1":"block/cherry_door_top1","particle":"block/cherry_door_top"},"elements":[{"from":[0,0,0],"to":[3,16,3],"faces":{"north":{"uv":[0,0,3,16],"texture":"#layer1","cullface":"north"},"east":{"uv":[3,0,0,16],"texture":"#layer0"},"south":{"uv":[2,0,3,16],"texture":"#layer0"},"west":{"uv":[0,0,3,16],"texture":"#layer0","cullface":"west"},"up":{"uv":[10,0,13,3],"texture":"#layer1","cullface":"up"}}},{"from":[0,0,13],"to":[3,16,16],"faces":{"north":{"uv":[13,0,14,16],"texture":"#layer0"},"east":{"uv":[16,0,13,16],"texture":"#layer0"},"south":{"uv":[13,0,16,16],"texture":"#layer1","cullface":"south"},"west":{"uv":[13,0,16,16],"texture":"#layer0","cullface":"west"},"up":{"uv":[10,13,13,16],"texture":"#layer1","cullface":"up"}}},{"from":[0,12,3],"to":[3,16,13],"faces":{"east":{"uv":[13,0,3,4],"texture":"#layer0"},"west":{"uv":[3,0,13,4],"texture":"#layer0","cullface":"west"},"up":{"uv":[10,3,13,13],"texture":"#layer1","cullface":"up"},"down":{"uv":[13,3,3,4],"rotation":90,"texture":"#layer0"}}},{"from":[1,0,3],"to":[2,12,4],"faces":{"east":{"uv":[3,4,4,16],"texture":"#layer0"},"south":{"uv":[3,4,4,16],"texture":"#layer0"},"west":{"uv":[3,4,4,16],"texture":"#layer0"}}},{"from":[1,0,12],"to":[2,12,13],"faces":{"north":{"uv":[13,4,12,16],"texture":"#layer0"},"east":{"uv":[13,4,12,16],"texture":"#layer0"},"west":{"uv":[13,4,12,16],"texture":"#layer0"}}},{"from":[1,1,4],"to":[2,5,5],"faces":{"east":{"uv":[4,11,5,15],"texture":"#layer0"},"south":{"uv":[4,11,5,15],"texture":"#layer0"},"west":{"uv":[4,11,5,15],"texture":"#layer0"},"up":{"uv":[4,11,5,12],"texture":"#layer0"},"down":{"uv":[4,14,5,15],"texture":"#layer0"}}},{"from":[1,1,11],"to":[2,5,12],"faces":{"north":{"uv":[12,11,11,15],"texture":"#layer0"},"east":{"uv":[12,11,11,15],"texture":"#layer0"},"west":{"uv":[12,11,11,15],"texture":"#layer0"},"up":{"uv":[11,12,12,11],"texture":"#layer0"},"down":{"uv":[11,15,12,14],"texture":"#layer0"}}},{"from":[1,6,4],"to":[2,10,5],"faces":{"east":{"uv":[4,6,5,10],"texture":"#layer0"},"south":{"uv":[4,6,5,10],"texture":"#layer0"},"west":{"uv":[4,6,5,10],"texture":"#layer0"},"up":{"uv":[4,6,5,7],"texture":"#layer0"},"down":{"uv":[4,9,5,10],"texture":"#layer0"}}},{"from":[1,6,11],"to":[2,10,12],"faces":{"north":{"uv":[12,6,11,10],"texture":"#layer0"},"east":{"uv":[12,6,11,10],"texture":"#layer0"},"west":{"uv":[12,6,11,10],"texture":"#layer0"},"up":{"uv":[11,7,12,6],"texture":"#layer0"},"down":{"uv":[11,10,12,9],"texture":"#layer0"}}},{"from":[1,11,4],"to":[2,12,5],"faces":{"east":{"uv":[4,4,5,5],"texture":"#layer0"},"south":{"uv":[4,4,5,5],"texture":"#layer0"},"west":{"uv":[4,4,5,5],"texture":"#layer0"},"down":{"uv":[4,4,5,5],"texture":"#layer0"}}},{"from":[1,11,11],"to":[2,12,12],"faces":{"north":{"uv":[11,4,12,5],"texture":"#layer0"},"east":{"uv":[11,4,12,5],"texture":"#layer0"},"west":{"uv":[11,4,12,5],"texture":"#layer0"},"down":{"uv":[11,4,12,5],"texture":"#layer0"}}},{"from":[1,2,5],"to":[2,4,7],"faces":{"east":{"uv":[7,12,5,14],"texture":"#layer0"},"south":{"uv":[6,12,7,14],"texture":"#layer0"},"west":{"uv":[5,12,7,14],"texture":"#layer0"},"up":{"uv":[5,12,6,13],"texture":"#layer0"},"down":{"uv":[5,13,6,14],"texture":"#layer0"}}},{"from":[1,2,9],"to":[2,4,11],"faces":{"north":{"uv":[9,12,10,14],"texture":"#layer0"},"east":{"uv":[11,12,9,14],"texture":"#layer0"},"west":{"uv":[9,12,11,14],"texture":"#layer0"},"up":{"uv":[10,13,11,12],"texture":"#layer0"},"down":{"uv":[10,14,11,13],"texture":"#layer0"}}},{"from":[1,7,5],"to":[2,9,7],"faces":{"east":{"uv":[7,7,5,9],"texture":"#layer0"},"south":{"uv":[6,7,7,9],"texture":"#layer0"},"west":{"uv":[5,7,7,9],"texture":"#layer0"},"up":{"uv":[5,7,6,8],"texture":"#layer0"},"down":{"uv":[5,8,6,9],"texture":"#layer0"}}},{"from":[1,7,9],"to":[2,9,11],"faces":{"north":{"uv":[9,12,10,14],"texture":"#layer0"},"east":{"uv":[11,7,9,9],"texture":"#layer0"},"west":{"uv":[9,7,11,9],"texture":"#layer0"},"up":{"uv":[10,8,11,7],"texture":"#layer0"},"down":{"uv":[10,9,11,8],"texture":"#layer0"}}},{"from":[1,0,7],"to":[2,1,9],"faces":{"north":{"uv":[7,15,8,16],"texture":"#layer0"},"east":{"uv":[9,15,7,16],"texture":"#layer0"},"south":{"uv":[8,15,9,16],"texture":"#layer0"},"west":{"uv":[7,15,9,16],"texture":"#layer0"}}},{"from":[1,1,6],"to":[2,2,10],"faces":{"north":{"uv":[6,14,7,15],"texture":"#layer0"},"east":{"uv":[10,14,6,15],"texture":"#layer0"},"south":{"uv":[9,14,10,15],"texture":"#layer0"},"west":{"uv":[6,14,10,15],"texture":"#layer0"},"up":{"uv":[6,14,10,15],"rotation":90,"texture":"#layer0"},"down":{"uv":[10,14,6,15],"rotation":90,"texture":"#layer0"}}},{"from":[1,4,6],"to":[2,5,10],"faces":{"north":{"uv":[6,11,7,12],"texture":"#layer0"},"east":{"uv":[10,11,6,12],"texture":"#layer0"},"south":{"uv":[9,11,10,12],"texture":"#layer0"},"west":{"uv":[6,11,10,12],"texture":"#layer0"},"up":{"uv":[6,11,10,12],"rotation":90,"texture":"#layer0"},"down":{"uv":[10,11,6,12],"rotation":90,"texture":"#layer0"}}},{"from":[1,5,7],"to":[2,6,9],"faces":{"north":{"uv":[7,10,8,11],"texture":"#layer0"},"east":{"uv":[9,10,7,11],"texture":"#layer0"},"south":{"uv":[8,10,9,11],"texture":"#layer0"},"west":{"uv":[7,10,9,11],"texture":"#layer0"}}},{"from":[1,6,6],"to":[2,7,10],"faces":{"north":{"uv":[6,9,7,10],"texture":"#layer0"},"east":{"uv":[10,9,6,10],"texture":"#layer0"},"south":{"uv":[9,9,10,10],"texture":"#layer0"},"west":{"uv":[6,9,10,10],"texture":"#layer0"},"up":{"uv":[6,9,10,10],"rotation":90,"texture":"#layer0"},"down":{"uv":[10,9,6,10],"rotation":90,"texture":"#layer0"}}},{"from":[1,9,6],"to":[2,10,10],"faces":{"north":{"uv":[6,6,7,7],"texture":"#layer0"},"east":{"uv":[10,6,6,7],"texture":"#layer0"},"south":{"uv":[9,6,10,7],"texture":"#layer0"},"west":{"uv":[6,6,10,7],"texture":"#layer0"},"up":{"uv":[6,6,10,7],"rotation":90,"texture":"#layer0"},"down":{"uv":[10,6,6,7],"rotation":90,"texture":"#layer0"}}},{"from":[1,10,7],"to":[2,11,9],"faces":{"north":{"uv":[7,5,8,6],"texture":"#layer0"},"east":{"uv":[9,5,7,6],"texture":"#layer0"},"south":{"uv":[8,5,9,6],"texture":"#layer0"},"west":{"uv":[7,5,9,6],"texture":"#layer0"}}},{"from":[1,11,6],"to":[2,12,10],"faces":{"north":{"uv":[6,4,7,5],"texture":"#layer0"},"east":{"uv":[10,4,6,5],"texture":"#layer0"},"south":{"uv":[9,4,10,5],"texture":"#layer0"},"west":{"uv":[6,4,10,5],"texture":"#layer0"},"down":{"uv":[10,4,6,5],"rotation":90,"texture":"#layer0"}}}]}