{"__comment":"Designed by GeForceLegend","parent":"block/block","textures":{"particle":"block/chorus_flower","texture":"block/chorus_flower","bottom":"block/chorus_plant"},"elements":[{"from":[2,2,1],"to":[14,14,15],"faces":{"north":{"uv":[2,2,14,14],"texture":"#texture"},"east":{"uv":[1,2,15,14],"texture":"#bottom"},"south":{"uv":[2,2,14,14],"texture":"#texture"},"west":{"uv":[1,2,15,14],"texture":"#bottom"},"up":{"uv":[2,1,14,15],"texture":"#bottom"},"down":{"uv":[2,1,14,15],"texture":"#bottom"}}},{"from":[1,2,2],"to":[15,14,14],"faces":{"north":{"uv":[1,2,15,14],"texture":"#bottom"},"east":{"uv":[2,2,14,14],"texture":"#texture"},"south":{"uv":[1,2,15,14],"texture":"#bottom"},"west":{"uv":[2,2,14,14],"texture":"#texture"},"up":{"uv":[1,2,15,14],"texture":"#bottom"},"down":{"uv":[1,2,15,14],"texture":"#bottom"}}},{"from":[2,0,2],"to":[14,15,14],"faces":{"north":{"uv":[2,1,14,16],"texture":"#bottom"},"east":{"uv":[2,1,14,16],"texture":"#bottom"},"south":{"uv":[2,1,14,16],"texture":"#bottom"},"west":{"uv":[2,1,14,16],"texture":"#bottom"},"up":{"uv":[2,2,14,14],"texture":"#texture"},"down":{"uv":[14,14,2,2],"texture":"#bottom","cullface":"down"}}},{"from":[3,3,0],"to":[13,12,16],"faces":{"north":{"uv":[3,4,13,13],"texture":"#texture","cullface":"north"},"east":{"uv":[12,4,13,13],"texture":"#texture"},"south":{"uv":[3,4,13,13],"texture":"#texture","cullface":"south"},"west":{"uv":[3,4,4,13],"texture":"#texture"},"up":{"uv":[3,4,13,5],"texture":"#texture"},"down":{"uv":[3,12,13,13],"texture":"#texture"}}},{"from":[2.01,4,0.01],"to":[13.99,7,15.99],"faces":{"north":{"uv":[13,9,14,12],"texture":"#texture","cullface":"north"},"east":{"uv":[13,9,14,12],"texture":"#texture"},"south":{"uv":[13,9,14,12],"texture":"#texture","cullface":"south"},"west":{"uv":[13,9,14,12],"texture":"#texture"},"up":{"uv":[13,9,14,10],"texture":"#texture"},"down":{"uv":[13,11,14,12],"texture":"#texture"}}},{"from":[13,9,15],"to":[14,11,16],"faces":{"east":{"uv":[13,5,14,7],"texture":"#texture"},"south":{"uv":[13,5,14,7],"texture":"#texture","cullface":"south"},"up":{"uv":[13,5,14,6],"texture":"#texture"},"down":{"uv":[13,6,14,7],"texture":"#texture"}}},{"from":[2,9,15],"to":[3,12,16],"faces":{"south":{"uv":[2,4,3,7],"texture":"#texture","cullface":"south"},"west":{"uv":[2,4,3,7],"texture":"#texture"},"up":{"uv":[2,4,3,5],"texture":"#texture"},"down":{"uv":[2,6,3,7],"texture":"#texture"}}},{"from":[0,9,2],"to":[1,12,3],"faces":{"north":{"uv":[2,4,3,7],"texture":"#texture"},"west":{"uv":[2,4,3,7],"texture":"#texture","cullface":"west"},"up":{"uv":[2,4,3,5],"rotation":90,"texture":"#texture"},"down":{"uv":[2,6,3,7],"rotation":270,"texture":"#texture"}}},{"from":[0,9,13],"to":[1,11,14],"faces":{"south":{"uv":[13,5,14,7],"texture":"#texture"},"west":{"uv":[13,5,14,7],"texture":"#texture","cullface":"west"},"up":{"uv":[13,5,14,6],"rotation":90,"texture":"#texture"},"down":{"uv":[13,6,14,7],"rotation":270,"texture":"#texture"}}},{"from":[0.01,4,2.01],"to":[15.99,7,13.99],"faces":{"north":{"uv":[13,9,14,12],"texture":"#texture"},"east":{"uv":[13,9,14,12],"texture":"#texture","cullface":"east"},"south":{"uv":[13,9,14,12],"texture":"#texture"},"west":{"uv":[13,9,14,12],"texture":"#texture","cullface":"west"},"up":{"uv":[13,9,14,10],"rotation":90,"texture":"#texture"},"down":{"uv":[13,11,14,12],"rotation":270,"texture":"#texture"}}},{"from":[0,2.01,6],"to":[16,3,10],"faces":{"north":{"uv":[6,13,7,14],"texture":"#texture"},"east":{"uv":[6,13,10,14],"texture":"#texture","cullface":"east"},"south":{"uv":[9,13,10,14],"texture":"#texture"},"west":{"uv":[6,13,10,14],"texture":"#texture","cullface":"west"},"down":{"uv":[6,13,10,14],"rotation":270,"texture":"#texture"}}},{"from":[7,13,0],"to":[9,13.99,16],"faces":{"north":{"uv":[7,2,9,3],"texture":"#texture","cullface":"north"},"east":{"uv":[7,2,8,3],"texture":"#texture"},"south":{"uv":[7,2,8,3],"texture":"#texture","cullface":"south"},"west":{"uv":[8,2,9,3],"texture":"#texture"},"up":{"uv":[7,2,9,3],"rotation":180,"texture":"#texture"}}},{"from":[6,2.01,0],"to":[10,3,16],"faces":{"north":{"uv":[6,13,10,14],"texture":"#texture","cullface":"north"},"east":{"uv":[6,13,7,14],"texture":"#texture"},"south":{"uv":[6,13,10,14],"texture":"#texture","cullface":"south"},"west":{"uv":[9,13,10,14],"texture":"#texture"},"down":{"uv":[6,13,10,14],"rotation":180,"texture":"#texture"}}},{"from":[2,9,0],"to":[3,11,1],"faces":{"north":{"uv":[13,5,14,7],"texture":"#texture","cullface":"north"},"west":{"uv":[13,5,14,7],"texture":"#texture"},"up":{"uv":[13,5,14,6],"rotation":180,"texture":"#texture"},"down":{"uv":[13,6,14,7],"rotation":180,"texture":"#texture"}}},{"from":[13,9,0],"to":[14,12,1],"faces":{"north":{"uv":[2,4,3,7],"texture":"#texture","cullface":"north"},"east":{"uv":[2,4,3,7],"texture":"#texture"},"up":{"uv":[2,4,3,5],"rotation":180,"texture":"#texture"},"down":{"uv":[2,6,3,7],"rotation":180,"texture":"#texture"}}},{"from":[5,12,0],"to":[11,13,16],"faces":{"north":{"uv":[5,3,11,4],"texture":"#texture","cullface":"north"},"east":{"uv":[5,3,6,4],"texture":"#texture"},"south":{"uv":[5,3,11,4],"texture":"#texture","cullface":"south"},"west":{"uv":[10,3,11,4],"texture":"#texture"},"up":{"uv":[5,3,11,4],"texture":"#texture"}}},{"from":[0,12,5],"to":[16,13,11],"faces":{"north":{"uv":[10,3,11,4],"texture":"#texture"},"east":{"uv":[5,3,11,4],"texture":"#texture","cullface":"east"},"south":{"uv":[5,3,6,4],"texture":"#texture"},"west":{"uv":[5,3,11,4],"texture":"#texture","cullface":"west"},"up":{"uv":[5,3,11,4],"rotation":270,"texture":"#texture"}}},{"from":[15,9,13],"to":[16,12,14],"faces":{"east":{"uv":[2,4,3,7],"texture":"#texture","cullface":"east"},"south":{"uv":[2,4,3,7],"texture":"#texture"},"up":{"uv":[2,4,3,5],"rotation":270,"texture":"#texture"},"down":{"uv":[2,6,3,7],"rotation":90,"texture":"#texture"}}},{"from":[15,9,2],"to":[16,11,3],"faces":{"north":{"uv":[13,5,14,7],"texture":"#texture"},"east":{"uv":[13,5,14,7],"texture":"#texture","cullface":"east"},"up":{"uv":[13,5,14,6],"rotation":270,"texture":"#texture"},"down":{"uv":[13,6,14,7],"rotation":90,"texture":"#texture"}}},{"from":[0,3,3],"to":[16,12,13],"faces":{"north":{"uv":[12,4,13,13],"texture":"#texture"},"east":{"uv":[3,4,13,13],"texture":"#texture","cullface":"east"},"south":{"uv":[3,4,4,13],"texture":"#texture"},"west":{"uv":[3,4,13,13],"texture":"#texture","cullface":"west"},"up":{"uv":[3,4,13,5],"rotation":270,"texture":"#texture"},"down":{"uv":[3,12,13,13],"rotation":90,"texture":"#texture"}}},{"from":[0,13,7],"to":[16,13.99,9],"faces":{"north":{"uv":[8,2,9,3],"texture":"#texture"},"east":{"uv":[7,2,9,3],"texture":"#texture","cullface":"east"},"south":{"uv":[7,2,8,3],"texture":"#texture"},"west":{"uv":[8,2,9,3],"texture":"#texture","cullface":"west"},"up":{"uv":[7,2,9,3],"rotation":270,"texture":"#texture"}}},{"from":[7,15,2],"to":[9,16,3],"faces":{"north":{"uv":[7,2,9,3],"rotation":180,"texture":"#texture"},"east":{"uv":[8,2,9,3],"rotation":90,"texture":"#texture"},"west":{"uv":[7,2,8,3],"rotation":270,"texture":"#texture"},"up":{"uv":[7,2,9,3],"texture":"#texture","cullface":"up"}}},{"from":[6,15,13],"to":[10,16,14],"faces":{"east":{"uv":[9,13,10,14],"rotation":90,"texture":"#texture"},"south":{"uv":[6,13,10,14],"texture":"#texture"},"west":{"uv":[6,13,7,14],"rotation":270,"texture":"#texture"},"up":{"uv":[6,13,10,14],"texture":"#texture","cullface":"up"}}},{"from":[3,15,4],"to":[13,16,13],"faces":{"north":{"uv":[3,4,13,5],"rotation":180,"texture":"#texture"},"east":{"uv":[12,4,13,13],"rotation":90,"texture":"#texture"},"south":{"uv":[3,12,13,13],"texture":"#texture"},"west":{"uv":[3,4,4,13],"rotation":270,"texture":"#texture"},"up":{"uv":[3,4,13,13],"texture":"#texture","cullface":"up"}}},{"from":[2,15,9],"to":[14,15.99,12],"faces":{"north":{"uv":[13,9,14,10],"rotation":180,"texture":"#texture"},"east":{"uv":[13,9,14,12],"rotation":90,"texture":"#texture"},"south":{"uv":[13,11,14,12],"texture":"#texture"},"west":{"uv":[2,12,3,9],"rotation":90,"texture":"#texture"},"up":{"uv":[13,9,14,12],"texture":"#texture","cullface":"up"}}},{"from":[13,15,5],"to":[14,16,7],"faces":{"north":{"uv":[13,5,14,6],"rotation":180,"texture":"#texture"},"east":{"uv":[13,5,14,7],"rotation":90,"texture":"#texture"},"south":{"uv":[13,6,14,7],"texture":"#texture"},"up":{"uv":[13,5,14,7],"texture":"#texture","cullface":"up"}}},{"from":[2,15,4],"to":[3,16,7],"faces":{"north":{"uv":[2,4,3,5],"rotation":180,"texture":"#texture"},"south":{"uv":[2,6,3,7],"texture":"#texture"},"west":{"uv":[2,4,3,7],"rotation":270,"texture":"#texture"},"up":{"uv":[2,4,3,7],"texture":"#texture","cullface":"up"}}},{"from":[5,15,3],"to":[11,16,4],"faces":{"north":{"uv":[5,3,11,4],"rotation":180,"texture":"#texture"},"east":{"uv":[10,3,11,4],"rotation":90,"texture":"#texture"},"west":{"uv":[5,3,6,4],"rotation":270,"texture":"#texture"},"up":{"uv":[5,3,11,4],"texture":"#texture","cullface":"up"}}}]}