{"__comment":"Designed by GeForceLegend","parent":"block/cube_all","textures":{"all":"block/coal_ore"},"elements":[{"from":[0.5,0.5,0.5],"to":[15.5,15.5,15.5],"faces":{"north":{"uv":[0.4706,0.4706,15.5294,15.5294],"texture":"#all","cullface":"north"},"east":{"uv":[0.4706,0.4706,15.5294,15.5294],"texture":"#all","cullface":"east"},"south":{"uv":[0.4706,0.4706,15.5294,15.5294],"texture":"#all","cullface":"south"},"west":{"uv":[0.4706,0.4706,15.5294,15.5294],"texture":"#all","cullface":"west"},"up":{"uv":[0.4706,0.4706,15.5294,15.5294],"texture":"#all","cullface":"up"},"down":{"uv":[0.4706,0.4706,15.5294,15.5294],"texture":"#all","cullface":"down"}}},{"from":[0,14,0],"to":[16,16,2],"faces":{"north":{"uv":[0,0,16,2],"texture":"#all","cullface":"north"},"east":{"uv":[14,0,16,2],"texture":"#all","cullface":"east"},"south":{"uv":[0,1,16,2],"texture":"#all","cullface":"up"},"west":{"uv":[0,0,2,2],"texture":"#all","cullface":"west"},"up":{"uv":[0,0,16,2],"texture":"#all","cullface":"up"},"down":{"uv":[16,1,0,2],"texture":"#all","cullface":"north"}}},{"from":[0,14,15],"to":[16,16,16],"faces":{"north":{"uv":[16,15,0,16],"texture":"#all","cullface":"up"},"east":{"uv":[0,0,1,2],"texture":"#all","cullface":"east"},"south":{"uv":[0,0,16,2],"texture":"#all","cullface":"south"},"up":{"uv":[0,15,16,16],"texture":"#all","cullface":"up"},"down":{"uv":[0,1,16,2],"texture":"#all","cullface":"south"}}},{"from":[15,14,2],"to":[16,16,15],"faces":{"east":{"uv":[1,0,14,2],"texture":"#all","cullface":"east"},"west":{"uv":[15,15,16,2],"rotation":90,"texture":"#all","cullface":"up"},"up":{"uv":[15,2,16,15],"texture":"#all","cullface":"up"},"down":{"uv":[1,1,14,2],"rotation":90,"texture":"#all","cullface":"east"}}},{"from":[0,14,2],"to":[1,16,16],"faces":{"east":{"uv":[0,2,1,16],"rotation":90,"texture":"#all","cullface":"up"},"west":{"uv":[2,0,16,2],"texture":"#all","cullface":"west"},"up":{"uv":[0,2,1,16],"texture":"#all","cullface":"up"},"down":{"uv":[16,1,2,2],"rotation":90,"texture":"#all","cullface":"west"}}},{"from":[8,15,14],"to":[15,16,15],"faces":{"north":{"uv":[15,14,8,15],"texture":"#all","cullface":"up"},"west":{"uv":[8,14,9,15],"texture":"#all","cullface":"up"},"up":{"uv":[8,14,15,15],"texture":"#all","cullface":"up"}}},{"from":[2,15,13],"to":[3,16,14],"faces":{"north":{"uv":[2,13,3,14],"texture":"#all","cullface":"up"},"east":{"uv":[2,13,3,14],"texture":"#all","cullface":"up"},"up":{"uv":[2,13,3,14],"texture":"#all","cullface":"up"}}},{"from":[2,15,14],"to":[6,16,15],"faces":{"north":{"uv":[6,14,2,15],"texture":"#all","cullface":"up"},"east":{"uv":[5,14,6,15],"texture":"#all","cullface":"up"},"up":{"uv":[2,14,6,15],"texture":"#all","cullface":"up"}}},{"from":[1,15,10],"to":[2,16,15],"faces":{"east":{"uv":[1,10,2,15],"rotation":90,"texture":"#all","cullface":"up"},"up":{"uv":[1,10,2,15],"texture":"#all","cullface":"up"}}},{"from":[5,15,13],"to":[8,16,14],"faces":{"north":{"uv":[8,13,5,14],"texture":"#all","cullface":"up"},"south":{"uv":[5,13,8,14],"texture":"#all","cullface":"up"},"west":{"uv":[5,13,6,14],"texture":"#all","cullface":"up"},"up":{"uv":[5,13,8,14],"texture":"#all","cullface":"up"}}},{"from":[7,15,12],"to":[10,16,14],"faces":{"east":{"uv":[9,12,10,14],"rotation":90,"texture":"#all","cullface":"up"},"west":{"uv":[7,14,8,12],"rotation":90,"texture":"#all","cullface":"up"},"up":{"uv":[7,12,10,14],"texture":"#all","cullface":"up"}}},{"from":[6,15,9],"to":[13,16,10],"faces":{"north":{"uv":[13,9,6,10],"texture":"#all","cullface":"up"},"west":{"uv":[6,9,7,10],"texture":"#all","cullface":"up"},"up":{"uv":[6,9,13,10],"texture":"#all","cullface":"up"}}},{"from":[13,15,11],"to":[15,16,14],"faces":{"north":{"uv":[15,11,13,12],"texture":"#all","cullface":"up"},"west":{"uv":[13,14,14,11],"rotation":90,"texture":"#all","cullface":"up"},"up":{"uv":[13,11,15,14],"texture":"#all","cullface":"up"}}},{"from":[12,15,13],"to":[13,16,14],"faces":{"north":{"uv":[12,13,13,14],"texture":"#all","cullface":"up"},"west":{"uv":[12,13,13,14],"texture":"#all","cullface":"up"},"up":{"uv":[12,13,13,14],"texture":"#all","cullface":"up"}}},{"from":[2,15,10],"to":[13,16,12],"faces":{"north":{"uv":[13,10,2,11],"texture":"#all","cullface":"up"},"east":{"uv":[12,10,13,12],"rotation":90,"texture":"#all","cullface":"up"},"south":{"uv":[2,11,13,12],"texture":"#all","cullface":"up"},"up":{"uv":[2,10,13,12],"texture":"#all","cullface":"up"}}},{"from":[1,15,8],"to":[3,16,10],"faces":{"east":{"uv":[2,8,3,10],"rotation":90,"texture":"#all","cullface":"up"},"up":{"uv":[1,8,3,10],"texture":"#all","cullface":"up"}}},{"from":[3,15,9],"to":[4,16,10],"faces":{"north":{"uv":[3,9,4,10],"texture":"#all","cullface":"up"},"east":{"uv":[3,9,4,10],"texture":"#all","cullface":"up"},"up":{"uv":[3,9,4,10],"texture":"#all","cullface":"up"}}},{"from":[1,15,7],"to":[4,16,8],"faces":{"east":{"uv":[3,7,4,8],"texture":"#all","cullface":"up"},"south":{"uv":[1,7,4,8],"texture":"#all","cullface":"up"},"up":{"uv":[1,7,4,8],"texture":"#all","cullface":"up"}}},{"from":[13,15,4],"to":[15,16,10],"faces":{"south":{"uv":[13,9,15,10],"texture":"#all","cullface":"up"},"west":{"uv":[13,10,14,4],"rotation":90,"texture":"#all","cullface":"up"},"up":{"uv":[13,4,15,10],"texture":"#all","cullface":"up"}}},{"from":[8,15,8],"to":[13,16,9],"faces":{"north":{"uv":[13,8,8,9],"texture":"#all","cullface":"up"},"west":{"uv":[8,8,9,9],"texture":"#all","cullface":"up"},"up":{"uv":[8,8,13,9],"texture":"#all","cullface":"up"}}},{"from":[7,15,7],"to":[11,16,8],"faces":{"north":{"uv":[11,7,7,8],"texture":"#all","cullface":"up"},"east":{"uv":[10,7,11,8],"texture":"#all","cullface":"up"},"south":{"uv":[7,7,11,8],"texture":"#all","cullface":"up"},"west":{"uv":[7,7,8,8],"texture":"#all","cullface":"up"},"up":{"uv":[7,7,11,8],"texture":"#all","cullface":"up"}}},{"from":[1,15,5],"to":[10,16,7],"faces":{"north":{"uv":[10,5,1,6],"texture":"#all","cullface":"up"},"east":{"uv":[9,6,10,7],"texture":"#all","cullface":"up"},"south":{"uv":[1,6,10,7],"texture":"#all","cullface":"up"},"up":{"uv":[1,5,10,7],"texture":"#all","cullface":"up"}}},{"from":[10,15,4],"to":[13,16,6],"faces":{"north":{"uv":[13,4,10,5],"texture":"#all","cullface":"up"},"south":{"uv":[10,5,13,6],"texture":"#all","cullface":"up"},"west":{"uv":[10,4,11,5],"texture":"#all","cullface":"up"},"up":{"uv":[10,4,13,6],"texture":"#all","cullface":"up"}}},{"from":[11,15,3],"to":[15,16,4],"faces":{"north":{"uv":[15,3,11,4],"texture":"#all","cullface":"up"},"west":{"uv":[11,3,12,4],"texture":"#all","cullface":"up"},"up":{"uv":[11,3,15,4],"texture":"#all","cullface":"up"}}},{"from":[14,15,2],"to":[15,16,3],"faces":{"west":{"uv":[14,2,15,3],"texture":"#all","cullface":"up"},"up":{"uv":[14,2,15,3],"texture":"#all","cullface":"up"}}},{"from":[9,15,2],"to":[12,16,3],"faces":{"east":{"uv":[11,2,12,3],"texture":"#all","cullface":"up"},"south":{"uv":[9,2,12,3],"texture":"#all","cullface":"up"},"west":{"uv":[9,2,10,3],"texture":"#all","cullface":"up"},"up":{"uv":[9,2,12,3],"texture":"#all","cullface":"up"}}},{"from":[3,15,4],"to":[7,16,5],"faces":{"north":{"uv":[7,4,3,5],"texture":"#all","cullface":"up"},"east":{"uv":[6,4,7,5],"rotation":90,"texture":"#all","cullface":"up"},"west":{"uv":[3,4,4,5],"texture":"#all","cullface":"up"},"up":{"uv":[3,4,7,5],"texture":"#all","cullface":"up"}}},{"from":[1,15,2],"to":[5,16,4],"faces":{"east":{"uv":[4,2,5,4],"rotation":90,"texture":"#all","cullface":"up"},"south":{"uv":[1,3,5,4],"texture":"#all","cullface":"up"},"up":{"uv":[1,2,5,4],"texture":"#all","cullface":"up"}}},{"from":[5,15,2],"to":[6,16,3],"faces":{"east":{"uv":[5,2,6,3],"texture":"#all","cullface":"up"},"south":{"uv":[5,2,6,3],"texture":"#all","cullface":"up"},"up":{"uv":[5,2,6,3],"texture":"#all","cullface":"up"}}},{"from":[6,0,14],"to":[16,1,16],"faces":{"north":{"uv":[6,1,16,2],"rotation":180,"texture":"#all","cullface":"down"},"south":{"uv":[6,15,16,16],"texture":"#all","cullface":"south"},"up":{"uv":[6,15,16,16],"texture":"#all","cullface":"south"},"down":{"uv":[6,0,16,2],"texture":"#all","cullface":"down"}}},{"from":[8,0,0],"to":[13,1,2],"faces":{"north":{"uv":[3,15,8,16],"texture":"#all","cullface":"north"},"south":{"uv":[8,14,13,15],"texture":"#all","cullface":"down"},"west":{"uv":[8,14,9,16],"rotation":90,"texture":"#all","cullface":"down"},"up":{"uv":[8,15,3,16],"texture":"#all","cullface":"north"},"down":{"uv":[8,14,13,16],"texture":"#all","cullface":"down"}}},{"from":[3,0,1],"to":[6,1,2],"faces":{"east":{"uv":[5,14,6,15],"rotation":180,"texture":"#all","cullface":"down"},"south":{"uv":[3,14,6,15],"texture":"#all","cullface":"down"},"down":{"uv":[3,14,6,15],"texture":"#all","cullface":"down"}}},{"from":[0,0,0],"to":[3,1,3],"faces":{"east":{"uv":[2,13,3,14],"texture":"#all","cullface":"down"},"south":{"uv":[2,13,3,14],"texture":"#all","cullface":"down"},"down":{"uv":[0,13,3,16],"texture":"#all","cullface":"down"}}},{"from":[5,0,2],"to":[8,1,3],"faces":{"north":{"uv":[8,13,5,14],"texture":"#all","cullface":"down"},"south":{"uv":[5,13,8,14],"texture":"#all","cullface":"down"},"west":{"uv":[5,13,6,14],"texture":"#all","cullface":"down"},"down":{"uv":[5,13,8,14],"texture":"#all","cullface":"down"}}},{"from":[7,0,2],"to":[10,1,4],"faces":{"east":{"uv":[9,12,10,14],"rotation":270,"texture":"#all","cullface":"down"},"west":{"uv":[7,12,8,14],"rotation":90,"texture":"#all","cullface":"down"},"down":{"uv":[7,12,10,14],"texture":"#all","cullface":"down"}}},{"from":[6,0,6],"to":[15,1,7],"faces":{"north":{"uv":[15,9,6,10],"texture":"#all","cullface":"down"},"south":{"uv":[6,9,15,10],"texture":"#all","cullface":"down"},"west":{"uv":[6,9,7,10],"texture":"#all","cullface":"down"},"down":{"uv":[6,9,15,10],"texture":"#all","cullface":"down"}}},{"from":[13,0,0],"to":[15,1,5],"faces":{"south":{"uv":[13,11,15,12],"texture":"#all","cullface":"down"},"west":{"uv":[13,11,14,16],"rotation":90,"texture":"#all","cullface":"down"},"down":{"uv":[13,11,15,16],"texture":"#all","cullface":"down"}}},{"from":[12,0,2],"to":[13,1,3],"faces":{"south":{"uv":[13,13,12,14],"texture":"#all","cullface":"down"},"west":{"uv":[12,13,13,14],"rotation":180,"texture":"#all","cullface":"down"},"down":{"uv":[12,13,13,14],"texture":"#all","cullface":"down"}}},{"from":[2,0,4],"to":[13,1,6],"faces":{"north":{"uv":[13,11,2,12],"texture":"#all","cullface":"down"},"east":{"uv":[12,10,13,12],"rotation":270,"texture":"#all","cullface":"down"},"south":{"uv":[2,10,13,11],"texture":"#all","cullface":"down"},"down":{"uv":[2,10,13,12],"texture":"#all","cullface":"down"}}},{"from":[3,0,6],"to":[4,1,7],"faces":{"east":{"uv":[3,9,4,10],"texture":"#all","cullface":"down"},"south":{"uv":[3,9,4,10],"texture":"#all","cullface":"down"},"down":{"uv":[3,9,4,10],"texture":"#all","cullface":"down"}}},{"from":[1,0,8],"to":[4,1,9],"faces":{"north":{"uv":[4,7,1,8],"texture":"#all","cullface":"down"},"east":{"uv":[3,7,4,8],"rotation":90,"texture":"#all","cullface":"down"},"down":{"uv":[1,7,4,8],"texture":"#all","cullface":"down"}}},{"from":[0,0,6],"to":[3,1,8],"faces":{"east":{"uv":[2,8,3,10],"rotation":270,"texture":"#all","cullface":"down"},"west":{"uv":[6,15,8,16],"texture":"#all","cullface":"west"},"up":{"uv":[6,15,8,16],"rotation":90,"texture":"#all","cullface":"west"},"down":{"uv":[0,8,3,10],"texture":"#all","cullface":"down"}}},{"from":[13,0,8],"to":[16,1,10],"faces":{"east":{"uv":[6,15,8,16],"texture":"#all","cullface":"east"},"west":{"uv":[13,6,14,8],"rotation":90,"texture":"#all","cullface":"down"},"up":{"uv":[6,15,8,16],"rotation":270,"texture":"#all","cullface":"east"},"down":{"uv":[13,6,16,8],"texture":"#all","cullface":"down"}}},{"from":[8,0,7],"to":[15,1,8],"faces":{"south":{"uv":[8,8,15,9],"texture":"#all","cullface":"down"},"west":{"uv":[9,8,10,9],"rotation":180,"texture":"#all","cullface":"down"},"down":{"uv":[8,8,15,9],"texture":"#all","cullface":"down"}}},{"from":[7,0,8],"to":[11,1,9],"faces":{"north":{"uv":[11,7,7,8],"texture":"#all","cullface":"down"},"east":{"uv":[10,7,11,8],"rotation":180,"texture":"#all","cullface":"down"},"south":{"uv":[7,7,11,8],"texture":"#all","cullface":"down"},"west":{"uv":[8,7,9,8],"rotation":180,"texture":"#all","cullface":"down"},"down":{"uv":[7,7,11,8],"texture":"#all","cullface":"down"}}},{"from":[1,0,9],"to":[10,1,11],"faces":{"north":{"uv":[10,6,1,7],"texture":"#all","cullface":"down"},"east":{"uv":[9,6,10,7],"rotation":180,"texture":"#all","cullface":"down"},"south":{"uv":[1,5,10,6],"texture":"#all","cullface":"down"},"down":{"uv":[1,5,10,7],"texture":"#all","cullface":"down"}}},{"from":[10,0,10],"to":[14,1,12],"faces":{"north":{"uv":[14,5,10,6],"texture":"#all","cullface":"down"},"south":{"uv":[10,4,14,5],"texture":"#all","cullface":"down"},"west":{"uv":[10,4,11,5],"rotation":180,"texture":"#all","cullface":"down"},"down":{"uv":[10,4,14,6],"texture":"#all","cullface":"down"}}},{"from":[11,0,12],"to":[14,1,13],"faces":{"south":{"uv":[11,3,14,4],"texture":"#all","cullface":"down"},"west":{"uv":[11,3,12,4],"rotation":180,"texture":"#all","cullface":"down"},"down":{"uv":[11,3,14,4],"texture":"#all","cullface":"down"}}},{"from":[9,0,13],"to":[12,1,14],"faces":{"north":{"uv":[12,2,9,3],"texture":"#all","cullface":"down"},"east":{"uv":[11,2,12,3],"rotation":180,"texture":"#all","cullface":"down"},"west":{"uv":[9,2,10,3],"rotation":180,"texture":"#all","cullface":"down"},"down":{"uv":[9,2,12,3],"texture":"#all","cullface":"down"}}},{"from":[3,0,11],"to":[7,1,12],"faces":{"east":{"uv":[6,4,7,5],"rotation":270,"texture":"#all","cullface":"down"},"south":{"uv":[3,4,7,5],"texture":"#all","cullface":"down"},"west":{"uv":[3,4,4,5],"texture":"#all","cullface":"down"},"down":{"uv":[3,4,7,5],"texture":"#all","cullface":"down"}}},{"from":[1,0,12],"to":[5,1,13],"faces":{"north":{"uv":[5,3,1,4],"texture":"#all","cullface":"down"},"east":{"uv":[4,3,5,4],"texture":"#all","cullface":"down"},"down":{"uv":[1,3,5,4],"texture":"#all","cullface":"down"}}},{"from":[0,0,13],"to":[6,1,16],"faces":{"north":{"uv":[6,2,5,3],"texture":"#all","cullface":"down"},"east":{"uv":[5,2,6,3],"rotation":180,"texture":"#all","cullface":"down"},"down":{"uv":[0,0,6,3],"texture":"#all","cullface":"down"}}},{"from":[5,2,15],"to":[8,3,16],"faces":{"south":{"uv":[5,13,8,14],"texture":"#all","cullface":"south"},"west":{"uv":[5,13,6,14],"texture":"#all","cullface":"south"},"up":{"uv":[5,13,8,14],"texture":"#all","cullface":"south"},"down":{"uv":[5,13,8,14],"texture":"#all","cullface":"south"}}},{"from":[2,2,15],"to":[3,3,16],"faces":{"east":{"uv":[2,13,3,14],"texture":"#all","cullface":"south"},"south":{"uv":[2,13,3,14],"texture":"#all","cullface":"south"},"up":{"uv":[2,13,3,14],"texture":"#all","cullface":"south"}}},{"from":[2,0,15],"to":[6,2,16],"faces":{"east":{"uv":[5,14,6,16],"texture":"#all","cullface":"south"},"south":{"uv":[2,14,6,16],"texture":"#all","cullface":"south"},"up":{"uv":[2,14,6,15],"texture":"#all","cullface":"south"}}},{"from":[7,2,15],"to":[10,4,16],"faces":{"east":{"uv":[9,12,10,14],"texture":"#all","cullface":"south"},"south":{"uv":[7,12,10,14],"texture":"#all","cullface":"south"},"west":{"uv":[7,12,8,14],"texture":"#all","cullface":"south"}}},{"from":[8,1,15],"to":[16,2,16],"faces":{"south":{"uv":[8,14,16,15],"texture":"#all","cullface":"south"},"west":{"uv":[8,15,9,14],"texture":"#all","cullface":"south"},"up":{"uv":[8,14,16,15],"texture":"#all","cullface":"south"}}},{"from":[13,3,15],"to":[15,5,16],"faces":{"south":{"uv":[13,11,15,13],"texture":"#all","cullface":"south"},"west":{"uv":[13,11,14,13],"texture":"#all","cullface":"south"},"up":{"uv":[13,11,15,12],"texture":"#all","cullface":"south"}}},{"from":[12,2,15],"to":[16,3,16],"faces":{"south":{"uv":[12,13,16,14],"texture":"#all","cullface":"south"},"west":{"uv":[12,14,13,13],"texture":"#all","cullface":"south"},"up":{"uv":[12,13,16,14],"texture":"#all","cullface":"south"}}},{"from":[6,6,15],"to":[8,7,16],"faces":{"south":{"uv":[6,9,8,10],"texture":"#all","cullface":"south"},"west":{"uv":[7,9,8,10],"texture":"#all","cullface":"south"},"up":{"uv":[6,9,8,10],"texture":"#all","cullface":"south"}}},{"from":[0,0,15],"to":[2,6,16],"faces":{"north":{"uv":[15,10,16,16],"texture":"#all","cullface":"west"},"east":{"uv":[1,10,2,16],"texture":"#all","cullface":"south"},"south":{"uv":[0,10,2,16],"texture":"#all","cullface":"south"},"west":{"uv":[15,10,16,16],"texture":"#all","cullface":"west"}}},{"from":[2,4,15],"to":[13,6,16],"faces":{"east":{"uv":[12,10,13,12],"texture":"#all","cullface":"south"},"south":{"uv":[2,10,13,12],"texture":"#all","cullface":"south"},"up":{"uv":[2,10,13,11],"texture":"#all","cullface":"south"},"down":{"uv":[2,11,13,12],"texture":"#all","cullface":"south"}}},{"from":[3,6,15],"to":[4,7,16],"faces":{"east":{"uv":[3,9,4,10],"texture":"#all","cullface":"south"},"south":{"uv":[3,9,4,10],"texture":"#all","cullface":"south"},"up":{"uv":[3,9,4,10],"texture":"#all","cullface":"south"}}},{"from":[0,8,13],"to":[1,12,16],"faces":{"north":{"uv":[13,4,14,8],"texture":"#all","cullface":"west"},"east":{"uv":[0,4,1,8],"texture":"#all","cullface":"south"},"south":{"uv":[0,4,1,8],"texture":"#all","cullface":"south"},"west":{"uv":[13,4,16,8],"texture":"#all","cullface":"west"}}},{"from":[1,9,15],"to":[10,11,16],"faces":{"east":{"uv":[9,5,10,7],"texture":"#all","cullface":"south"},"south":{"uv":[1,5,10,7],"texture":"#all","cullface":"south"},"up":{"uv":[1,5,10,6],"texture":"#all","cullface":"south"},"down":{"uv":[1,6,10,7],"texture":"#all","cullface":"south"}}},{"from":[3,11,15],"to":[7,12,16],"faces":{"east":{"uv":[6,4,7,5],"texture":"#all","cullface":"south"},"south":{"uv":[3,4,7,5],"texture":"#all","cullface":"south"},"west":{"uv":[3,4,4,5],"texture":"#all","cullface":"south"},"up":{"uv":[3,4,7,5],"texture":"#all","cullface":"south"}}},{"from":[0,13,14],"to":[6,14,16],"faces":{"north":{"uv":[14,2,15,3],"texture":"#all","cullface":"west"},"east":{"uv":[5,2,6,3],"texture":"#all","cullface":"south"},"south":{"uv":[0,2,6,3],"texture":"#all","cullface":"south"},"west":{"uv":[14,2,16,3],"texture":"#all","cullface":"west"},"down":{"uv":[5,2,6,3],"texture":"#all","cullface":"south"}}},{"from":[9,13,15],"to":[12,14,16],"faces":{"east":{"uv":[11,2,12,3],"texture":"#all","cullface":"south"},"south":{"uv":[9,2,12,3],"texture":"#all","cullface":"south"},"west":{"uv":[9,3,10,2],"texture":"#all","cullface":"south"},"down":{"uv":[9,2,12,3],"texture":"#all","cullface":"south"}}},{"from":[1,8,15],"to":[4,9,16],"faces":{"east":{"uv":[3,7,4,8],"texture":"#all","cullface":"south"},"south":{"uv":[1,7,4,8],"texture":"#all","cullface":"south"},"down":{"uv":[1,7,4,8],"texture":"#all","cullface":"south"}}},{"from":[7,8,15],"to":[11,9,16],"faces":{"east":{"uv":[10,7,11,8],"texture":"#all","cullface":"south"},"south":{"uv":[7,7,11,8],"texture":"#all","cullface":"south"},"west":{"uv":[7,8,8,7],"texture":"#all","cullface":"south"},"up":{"uv":[7,7,11,8],"texture":"#all","cullface":"south"},"down":{"uv":[7,7,11,8],"texture":"#all","cullface":"south"}}},{"from":[8,6,13],"to":[16,8,16],"faces":{"north":{"uv":[2,8,3,10],"texture":"#all","cullface":"east"},"east":{"uv":[0,8,3,10],"texture":"#all","cullface":"east"},"south":{"uv":[8,8,16,10],"texture":"#all","cullface":"south"},"west":{"uv":[8,9,9,8],"texture":"#all","cullface":"south"},"up":{"uv":[8,8,16,9],"texture":"#all","cullface":"south"},"down":{"uv":[8,9,16,10],"texture":"#all","cullface":"south"}}},{"from":[11,12,11],"to":[16,13,16],"faces":{"north":{"uv":[4,3,5,4],"texture":"#all","cullface":"east"},"east":{"uv":[0,3,5,4],"texture":"#all","cullface":"east"},"south":{"uv":[11,3,16,4],"texture":"#all","cullface":"south"},"west":{"uv":[11,4,12,3],"texture":"#all","cullface":"south"},"up":{"uv":[11,3,16,4],"texture":"#all","cullface":"south"},"down":{"uv":[0,3,5,4],"rotation":90,"texture":"#all","cullface":"east"}}},{"from":[10,10,15],"to":[13,12,16],"faces":{"south":{"uv":[10,4,13,6],"texture":"#all","cullface":"south"},"west":{"uv":[10,4,11,6],"texture":"#all","cullface":"south"},"up":{"uv":[10,4,13,5],"texture":"#all","cullface":"south"},"down":{"uv":[10,5,13,6],"texture":"#all","cullface":"south"}}},{"from":[15,10,3],"to":[16,12,6],"faces":{"east":{"uv":[10,4,13,6],"texture":"#all","cullface":"east"},"south":{"uv":[10,4,11,6],"texture":"#all","cullface":"east"},"up":{"uv":[10,4,13,5],"rotation":270,"texture":"#all","cullface":"east"},"down":{"uv":[10,5,13,6],"rotation":90,"texture":"#all","cullface":"east"}}},{"from":[11,12,0],"to":[16,13,5],"faces":{"north":{"uv":[0,3,5,4],"texture":"#all","cullface":"north"},"east":{"uv":[11,3,16,4],"texture":"#all","cullface":"east"},"south":{"uv":[11,4,12,3],"texture":"#all","cullface":"east"},"west":{"uv":[4,3,5,4],"texture":"#all","cullface":"north"},"up":{"uv":[11,3,16,4],"rotation":270,"texture":"#all","cullface":"east"},"down":{"uv":[5,3,0,4],"texture":"#all","cullface":"north"}}},{"from":[13,6,0],"to":[16,8,8],"faces":{"north":{"uv":[0,8,3,10],"texture":"#all","cullface":"north"},"east":{"uv":[8,8,16,10],"texture":"#all","cullface":"east"},"south":{"uv":[8,8,9,10],"texture":"#all","cullface":"east"},"west":{"uv":[2,8,3,10],"texture":"#all","cullface":"north"},"up":{"uv":[8,8,16,9],"rotation":270,"texture":"#all","cullface":"east"},"down":{"uv":[8,9,16,10],"rotation":90,"texture":"#all","cullface":"east"}}},{"from":[15,8,5],"to":[16,9,9],"faces":{"north":{"uv":[10,7,11,8],"texture":"#all","cullface":"east"},"east":{"uv":[7,7,11,8],"texture":"#all","cullface":"east"},"south":{"uv":[7,8,8,7],"texture":"#all","cullface":"east"},"up":{"uv":[7,7,11,8],"rotation":270,"texture":"#all","cullface":"east"},"down":{"uv":[7,7,11,8],"rotation":90,"texture":"#all","cullface":"east"}}},{"from":[15,8,12],"to":[16,9,15],"faces":{"north":{"uv":[3,7,4,8],"texture":"#all","cullface":"east"},"east":{"uv":[1,7,4,8],"texture":"#all","cullface":"east"},"down":{"uv":[1,7,4,8],"rotation":90,"texture":"#all","cullface":"east"}}},{"from":[15,13,4],"to":[16,14,7],"faces":{"north":{"uv":[11,2,12,3],"texture":"#all","cullface":"east"},"east":{"uv":[9,2,12,3],"texture":"#all","cullface":"east"},"south":{"uv":[9,3,10,2],"texture":"#all","cullface":"east"},"down":{"uv":[9,2,12,3],"rotation":90,"texture":"#all","cullface":"east"}}},{"from":[14,13,10],"to":[16,14,16],"faces":{"north":{"uv":[5,2,6,3],"texture":"#all","cullface":"east"},"east":{"uv":[0,2,6,3],"texture":"#all","cullface":"east"},"south":{"uv":[14,2,16,3],"texture":"#all","cullface":"south"},"west":{"uv":[14,2,15,3],"texture":"#all","cullface":"south"},"down":{"uv":[5,2,6,3],"rotation":90,"texture":"#all","cullface":"east"}}},{"from":[15,11,9],"to":[16,12,13],"faces":{"north":{"uv":[6,4,7,5],"texture":"#all","cullface":"east"},"east":{"uv":[3,4,7,5],"texture":"#all","cullface":"east"},"south":{"uv":[3,4,4,5],"texture":"#all","cullface":"east"},"up":{"uv":[3,4,7,5],"rotation":270,"texture":"#all","cullface":"east"}}},{"from":[15,9,6],"to":[16,11,15],"faces":{"north":{"uv":[9,5,10,7],"texture":"#all","cullface":"east"},"east":{"uv":[1,5,10,7],"texture":"#all","cullface":"east"},"up":{"uv":[1,5,10,6],"rotation":270,"texture":"#all","cullface":"east"},"down":{"uv":[1,6,10,7],"rotation":270,"texture":"#all","cullface":"east"}}},{"from":[13,8,15],"to":[16,12,16],"faces":{"north":{"uv":[0,4,1,8],"texture":"#all","cullface":"east"},"east":{"uv":[0,4,1,8],"texture":"#all","cullface":"east"},"south":{"uv":[13,4,16,8],"texture":"#all","cullface":"south"},"west":{"uv":[13,4,14,8],"texture":"#all","cullface":"south"}}},{"from":[15,6,12],"to":[16,7,13],"faces":{"north":{"uv":[3,9,4,10],"texture":"#all","cullface":"east"},"east":{"uv":[3,9,4,10],"texture":"#all","cullface":"east"},"up":{"uv":[3,9,4,10],"texture":"#all","cullface":"east"}}},{"from":[15,4,3],"to":[16,6,14],"faces":{"north":{"uv":[12,10,13,12],"texture":"#all","cullface":"east"},"east":{"uv":[2,10,13,12],"texture":"#all","cullface":"east"},"up":{"uv":[2,10,13,11],"rotation":270,"texture":"#all","cullface":"east"},"down":{"uv":[2,11,13,12],"rotation":90,"texture":"#all","cullface":"east"}}},{"from":[15,3,14],"to":[16,6,16],"faces":{"north":{"uv":[1,10,2,13],"texture":"#all","cullface":"east"},"east":{"uv":[0,10,2,13],"texture":"#all","cullface":"east"},"south":{"uv":[15,10,16,13],"texture":"#all","cullface":"south"},"west":{"uv":[15,10,16,13],"texture":"#all","cullface":"south"}}},{"from":[15,6,8],"to":[16,7,10],"faces":{"east":{"uv":[6,9,8,10],"texture":"#all","cullface":"east"},"south":{"uv":[6,9,7,10],"texture":"#all","cullface":"east"},"up":{"uv":[6,9,8,10],"rotation":270,"texture":"#all","cullface":"east"}}},{"from":[15,2,0],"to":[16,3,4],"faces":{"east":{"uv":[12,13,16,14],"texture":"#all","cullface":"east"},"south":{"uv":[12,14,13,13],"texture":"#all","cullface":"east"},"up":{"uv":[16,13,12,14],"rotation":90,"texture":"#all","cullface":"east"}}},{"from":[15,3,1],"to":[16,5,3],"faces":{"east":{"uv":[13,11,15,13],"texture":"#all","cullface":"east"},"south":{"uv":[13,11,14,13],"texture":"#all","cullface":"east"},"up":{"uv":[13,11,15,12],"rotation":270,"texture":"#all","cullface":"east"}}},{"from":[15,0,0],"to":[16,2,8],"faces":{"east":{"uv":[8,14,16,16],"texture":"#all","cullface":"east"},"south":{"uv":[8,14,9,16],"texture":"#all","cullface":"east"},"west":{"uv":[15,8,16,16],"rotation":90,"texture":"#all","cullface":"down"},"up":{"uv":[8,14,16,15],"rotation":270,"texture":"#all","cullface":"east"},"down":{"uv":[15,8,16,16],"texture":"#all","cullface":"down"}}},{"from":[15,2,6],"to":[16,4,9],"faces":{"north":{"uv":[9,12,10,14],"texture":"#all","cullface":"east"},"east":{"uv":[7,12,10,14],"texture":"#all","cullface":"east"},"south":{"uv":[7,12,8,14],"texture":"#all","cullface":"east"}}},{"from":[15,0,13],"to":[16,3,16],"faces":{"north":{"uv":[2,13,3,14],"texture":"#all","cullface":"east"},"east":{"uv":[0,13,3,16],"texture":"#all","cullface":"east"},"up":{"uv":[2,13,3,14],"texture":"#all","cullface":"east"}}},{"from":[14,0,10],"to":[16,2,14],"faces":{"north":{"uv":[5,14,6,16],"texture":"#all","cullface":"east"},"east":{"uv":[2,14,6,16],"texture":"#all","cullface":"east"},"west":{"uv":[14,2,15,6],"rotation":90,"texture":"#all","cullface":"down"},"up":{"uv":[2,14,6,15],"rotation":270,"texture":"#all","cullface":"east"},"down":{"uv":[14,2,16,6],"texture":"#all","cullface":"down"}}},{"from":[15,2,8],"to":[16,3,11],"faces":{"east":{"uv":[5,13,8,14],"texture":"#all","cullface":"east"},"south":{"uv":[5,13,6,14],"texture":"#all","cullface":"east"},"up":{"uv":[5,13,8,14],"rotation":270,"texture":"#all","cullface":"east"},"down":{"uv":[5,13,8,14],"rotation":90,"texture":"#all","cullface":"east"}}},{"from":[8,2,0],"to":[11,3,1],"faces":{"north":{"uv":[5,13,8,14],"texture":"#all","cullface":"north"},"east":{"uv":[5,13,6,14],"texture":"#all","cullface":"north"},"up":{"uv":[8,13,5,14],"texture":"#all","cullface":"north"},"down":{"uv":[8,13,5,14],"texture":"#all","cullface":"north"}}},{"from":[0,2,5],"to":[1,3,8],"faces":{"north":{"uv":[5,13,6,14],"texture":"#all","cullface":"west"},"west":{"uv":[5,13,8,14],"texture":"#all","cullface":"west"},"up":{"uv":[5,13,8,14],"rotation":90,"texture":"#all","cullface":"west"},"down":{"uv":[5,13,8,14],"rotation":270,"texture":"#all","cullface":"west"}}},{"from":[13,0,0],"to":[16,3,1],"faces":{"north":{"uv":[0,13,3,16],"texture":"#all","cullface":"north"},"west":{"uv":[2,13,3,14],"texture":"#all","cullface":"north"},"up":{"uv":[2,13,3,14],"texture":"#all","cullface":"north"}}},{"from":[10,1,0],"to":[13,2,1],"faces":{"north":{"uv":[3,14,6,15],"texture":"#all","cullface":"north"},"west":{"uv":[5,14,6,15],"texture":"#all","cullface":"north"},"up":{"uv":[6,14,3,15],"texture":"#all","cullface":"north"}}},{"from":[0,0,2],"to":[1,3,3],"faces":{"south":{"uv":[2,13,3,16],"texture":"#all","cullface":"west"},"west":{"uv":[2,13,3,16],"texture":"#all","cullface":"west"},"up":{"uv":[2,13,3,14],"texture":"#all","cullface":"west"}}},{"from":[0,0,3],"to":[2,2,6],"faces":{"east":{"uv":[1,10,2,13],"rotation":270,"texture":"#all","cullface":"down"},"south":{"uv":[5,14,6,16],"texture":"#all","cullface":"west"},"west":{"uv":[3,14,6,16],"texture":"#all","cullface":"west"},"up":{"uv":[3,14,6,15],"rotation":90,"texture":"#all","cullface":"west"},"down":{"uv":[0,10,2,13],"texture":"#all","cullface":"down"}}},{"from":[6,2,0],"to":[9,4,1],"faces":{"north":{"uv":[7,12,10,14],"texture":"#all","cullface":"north"},"east":{"uv":[7,12,8,14],"texture":"#all","cullface":"north"},"west":{"uv":[9,12,10,14],"texture":"#all","cullface":"north"}}},{"from":[0,2,7],"to":[1,4,10],"faces":{"north":{"uv":[7,12,8,14],"texture":"#all","cullface":"west"},"south":{"uv":[9,12,10,14],"texture":"#all","cullface":"west"},"west":{"uv":[7,12,10,14],"texture":"#all","cullface":"west"}}},{"from":[3,0,0],"to":[8,2,1],"faces":{"north":{"uv":[8,14,13,16],"texture":"#all","cullface":"north"},"east":{"uv":[8,14,9,16],"texture":"#all","cullface":"north"},"south":{"uv":[3,15,8,16],"texture":"#all","cullface":"down"},"up":{"uv":[13,14,8,15],"texture":"#all","cullface":"north"},"down":{"uv":[3,15,8,16],"texture":"#all","cullface":"down"}}},{"from":[0,0,8],"to":[1,2,13],"faces":{"north":{"uv":[8,14,9,16],"texture":"#all","cullface":"west"},"east":{"uv":[0,8,1,3],"rotation":90,"texture":"#all","cullface":"down"},"west":{"uv":[8,14,13,16],"texture":"#all","cullface":"west"},"up":{"uv":[8,14,13,15],"rotation":90,"texture":"#all","cullface":"west"},"down":{"uv":[0,3,1,8],"texture":"#all","cullface":"down"}}},{"from":[1,0,0],"to":[3,5,1],"faces":{"north":{"uv":[13,11,15,16],"texture":"#all","cullface":"north"},"east":{"uv":[13,11,14,16],"texture":"#all","cullface":"north"},"up":{"uv":[15,11,13,12],"texture":"#all","cullface":"north"}}},{"from":[0,0,13],"to":[1,5,15],"faces":{"north":{"uv":[13,11,14,16],"texture":"#all","cullface":"west"},"west":{"uv":[13,11,15,16],"texture":"#all","cullface":"west"},"up":{"uv":[15,11,13,12],"rotation":270,"texture":"#all","cullface":"west"}}},{"from":[3,2,0],"to":[4,3,1],"faces":{"north":{"uv":[12,13,13,14],"texture":"#all","cullface":"north"},"east":{"uv":[12,14,13,13],"texture":"#all","cullface":"north"},"up":{"uv":[12,13,13,14],"texture":"#all","cullface":"north"}}},{"from":[0,2,12],"to":[1,3,13],"faces":{"north":{"uv":[12,14,13,13],"texture":"#all","cullface":"west"},"west":{"uv":[12,13,13,14],"texture":"#all","cullface":"west"},"up":{"uv":[12,13,13,14],"rotation":270,"texture":"#all","cullface":"west"}}},{"from":[8,6,0],"to":[10,7,1],"faces":{"north":{"uv":[6,9,8,10],"texture":"#all","cullface":"north"},"east":{"uv":[6,9,7,10],"texture":"#all","cullface":"north"},"up":{"uv":[8,9,6,10],"texture":"#all","cullface":"north"}}},{"from":[0,6,6],"to":[1,7,8],"faces":{"north":{"uv":[6,9,7,10],"texture":"#all","cullface":"west"},"west":{"uv":[6,9,8,10],"texture":"#all","cullface":"west"},"up":{"uv":[6,9,8,10],"rotation":90,"texture":"#all","cullface":"west"}}},{"from":[14,3,0],"to":[16,6,1],"faces":{"north":{"uv":[0,10,2,13],"texture":"#all","cullface":"north"},"east":{"uv":[15,10,16,13],"texture":"#all","cullface":"east"},"south":{"uv":[15,10,16,13],"texture":"#all","cullface":"east"},"west":{"uv":[1,10,2,13],"texture":"#all","cullface":"north"}}},{"from":[3,4,0],"to":[14,6,1],"faces":{"north":{"uv":[2,10,13,12],"texture":"#all","cullface":"north"},"west":{"uv":[12,10,13,12],"texture":"#all","cullface":"north"},"up":{"uv":[13,10,2,11],"texture":"#all","cullface":"north"},"down":{"uv":[13,11,2,12],"texture":"#all","cullface":"north"}}},{"from":[0,0,0],"to":[1,6,2],"faces":{"north":{"uv":[15,10,16,16],"texture":"#all","cullface":"north"},"east":{"uv":[15,10,16,16],"texture":"#all","cullface":"north"},"south":{"uv":[1,10,2,16],"texture":"#all","cullface":"west"},"west":{"uv":[0,10,2,16],"texture":"#all","cullface":"west"}}},{"from":[0,4,2],"to":[1,6,13],"faces":{"south":{"uv":[12,10,13,12],"texture":"#all","cullface":"west"},"west":{"uv":[2,10,13,12],"texture":"#all","cullface":"west"},"up":{"uv":[2,10,13,11],"rotation":90,"texture":"#all","cullface":"west"},"down":{"uv":[2,11,13,12],"rotation":270,"texture":"#all","cullface":"west"}}},{"from":[12,6,0],"to":[13,7,1],"faces":{"north":{"uv":[3,9,4,10],"texture":"#all","cullface":"north"},"west":{"uv":[3,9,4,10],"texture":"#all","cullface":"north"},"up":{"uv":[3,9,4,10],"texture":"#all","cullface":"north"}}},{"from":[0,6,3],"to":[1,7,4],"faces":{"south":{"uv":[3,9,4,10],"texture":"#all","cullface":"west"},"west":{"uv":[3,9,4,10],"texture":"#all","cullface":"west"},"up":{"uv":[3,9,4,10],"texture":"#all","cullface":"west"}}},{"from":[15,8,0],"to":[16,12,3],"faces":{"north":{"uv":[0,4,1,8],"texture":"#all","cullface":"north"},"east":{"uv":[13,4,16,8],"texture":"#all","cullface":"east"},"south":{"uv":[13,4,14,8],"texture":"#all","cullface":"east"},"west":{"uv":[0,4,1,8],"texture":"#all","cullface":"north"}}},{"from":[0,8,0],"to":[3,12,1],"faces":{"north":{"uv":[13,4,16,8],"texture":"#all","cullface":"north"},"east":{"uv":[13,4,14,8],"texture":"#all","cullface":"north"},"south":{"uv":[0,4,1,8],"texture":"#all","cullface":"west"},"west":{"uv":[0,4,1,8],"texture":"#all","cullface":"west"}}},{"from":[6,9,0],"to":[15,11,1],"faces":{"north":{"uv":[1,5,10,7],"texture":"#all","cullface":"north"},"west":{"uv":[9,5,10,7],"texture":"#all","cullface":"north"},"up":{"uv":[10,5,1,6],"texture":"#all","cullface":"north"},"down":{"uv":[1,6,10,7],"texture":"#all","cullface":"north"}}},{"from":[0,9,1],"to":[1,11,10],"faces":{"south":{"uv":[9,5,10,7],"texture":"#all","cullface":"west"},"west":{"uv":[1,5,10,7],"texture":"#all","cullface":"west"},"up":{"uv":[1,5,10,6],"rotation":90,"texture":"#all","cullface":"west"},"down":{"uv":[10,6,1,7],"rotation":90,"texture":"#all","cullface":"west"}}},{"from":[9,11,0],"to":[13,12,1],"faces":{"north":{"uv":[3,4,7,5],"texture":"#all","cullface":"north"},"east":{"uv":[3,4,4,5],"texture":"#all","cullface":"north"},"west":{"uv":[6,4,7,5],"texture":"#all","cullface":"north"},"up":{"uv":[7,4,3,5],"texture":"#all","cullface":"north"}}},{"from":[0,11,3],"to":[1,12,7],"faces":{"north":{"uv":[3,4,4,5],"texture":"#all","cullface":"west"},"south":{"uv":[6,4,7,5],"texture":"#all","cullface":"west"},"west":{"uv":[3,4,7,5],"texture":"#all","cullface":"west"},"up":{"uv":[7,4,3,5],"rotation":270,"texture":"#all","cullface":"west"}}},{"from":[10,13,0],"to":[16,14,2],"faces":{"north":{"uv":[0,2,6,3],"texture":"#all","cullface":"north"},"east":{"uv":[14,2,16,3],"texture":"#all","cullface":"east"},"south":{"uv":[14,2,15,3],"texture":"#all","cullface":"east"},"west":{"uv":[5,2,6,3],"texture":"#all","cullface":"north"},"down":{"uv":[6,2,5,3],"texture":"#all","cullface":"north"}}},{"from":[0,13,0],"to":[2,14,6],"faces":{"north":{"uv":[14,2,16,3],"texture":"#all","cullface":"north"},"east":{"uv":[14,2,15,3],"texture":"#all","cullface":"north"},"south":{"uv":[5,2,6,3],"texture":"#all","cullface":"west"},"west":{"uv":[0,2,6,3],"texture":"#all","cullface":"west"},"down":{"uv":[6,2,5,3],"rotation":90,"texture":"#all","cullface":"west"}}},{"from":[4,13,0],"to":[7,14,1],"faces":{"north":{"uv":[9,2,12,3],"texture":"#all","cullface":"north"},"east":{"uv":[9,3,10,2],"texture":"#all","cullface":"north"},"west":{"uv":[11,2,12,3],"texture":"#all","cullface":"north"},"down":{"uv":[12,2,9,3],"texture":"#all","cullface":"north"}}},{"from":[0,13,9],"to":[1,14,12],"faces":{"north":{"uv":[9,2,10,3],"texture":"#all","cullface":"west"},"south":{"uv":[11,2,12,3],"texture":"#all","cullface":"west"},"west":{"uv":[9,2,12,3],"texture":"#all","cullface":"west"},"down":{"uv":[12,2,9,3],"rotation":90,"texture":"#all","cullface":"west"}}},{"from":[12,8,0],"to":[15,9,1],"faces":{"north":{"uv":[1,7,4,8],"texture":"#all","cullface":"north"},"west":{"uv":[3,7,4,8],"texture":"#all","cullface":"north"},"down":{"uv":[4,7,1,8],"texture":"#all","cullface":"north"}}},{"from":[0,8,1],"to":[1,9,4],"faces":{"south":{"uv":[3,7,4,8],"texture":"#all","cullface":"west"},"west":{"uv":[1,7,4,8],"texture":"#all","cullface":"west"},"down":{"uv":[4,7,1,8],"rotation":90,"texture":"#all","cullface":"west"}}},{"from":[5,8,0],"to":[9,9,1],"faces":{"north":{"uv":[7,7,11,8],"texture":"#all","cullface":"north"},"east":{"uv":[7,8,8,7],"texture":"#all","cullface":"north"},"west":{"uv":[10,7,11,8],"texture":"#all","cullface":"north"},"up":{"uv":[11,7,7,8],"texture":"#all","cullface":"north"},"down":{"uv":[11,7,7,8],"texture":"#all","cullface":"north"}}},{"from":[0,8,7],"to":[1,9,11],"faces":{"north":{"uv":[8,8,9,7],"texture":"#all","cullface":"west"},"south":{"uv":[10,7,11,8],"texture":"#all","cullface":"west"},"west":{"uv":[7,7,11,8],"texture":"#all","cullface":"west"},"up":{"uv":[7,7,11,8],"rotation":90,"texture":"#all","cullface":"west"},"down":{"uv":[11,7,7,8],"rotation":90,"texture":"#all","cullface":"west"}}},{"from":[0,6,0],"to":[8,8,3],"faces":{"north":{"uv":[8,8,16,10],"texture":"#all","cullface":"north"},"east":{"uv":[8,8,9,10],"texture":"#all","cullface":"north"},"south":{"uv":[2,8,3,10],"texture":"#all","cullface":"west"},"west":{"uv":[0,8,3,10],"texture":"#all","cullface":"west"},"up":{"uv":[16,8,8,9],"texture":"#all","cullface":"north"},"down":{"uv":[16,9,8,10],"texture":"#all","cullface":"north"}}},{"from":[0,6,8],"to":[3,8,16],"faces":{"north":{"uv":[8,8,9,10],"texture":"#all","cullface":"west"},"east":{"uv":[2,8,3,10],"texture":"#all","cullface":"south"},"south":{"uv":[0,8,3,10],"texture":"#all","cullface":"south"},"west":{"uv":[8,8,16,10],"texture":"#all","cullface":"west"},"up":{"uv":[8,8,16,9],"rotation":90,"texture":"#all","cullface":"west"},"down":{"uv":[8,9,16,10],"rotation":270,"texture":"#all","cullface":"west"}}},{"from":[0,12,0],"to":[5,13,5],"faces":{"north":{"uv":[11,3,16,4],"texture":"#all","cullface":"north"},"east":{"uv":[11,4,12,3],"texture":"#all","cullface":"north"},"south":{"uv":[4,3,5,4],"texture":"#all","cullface":"west"},"west":{"uv":[0,3,5,4],"texture":"#all","cullface":"west"},"up":{"uv":[16,3,11,4],"texture":"#all","cullface":"north"},"down":{"uv":[5,3,0,4],"rotation":90,"texture":"#all","cullface":"west"}}},{"from":[0,12,11],"to":[5,13,16],"faces":{"north":{"uv":[11,4,12,3],"texture":"#all","cullface":"west"},"east":{"uv":[4,3,5,4],"texture":"#all","cullface":"south"},"south":{"uv":[0,3,5,4],"texture":"#all","cullface":"south"},"west":{"uv":[11,3,16,4],"texture":"#all","cullface":"west"},"up":{"uv":[16,3,11,4],"rotation":270,"texture":"#all","cullface":"west"},"down":{"uv":[0,3,5,4],"texture":"#all","cullface":"south"}}},{"from":[3,10,0],"to":[6,12,1],"faces":{"north":{"uv":[10,4,13,6],"texture":"#all","cullface":"north"},"east":{"uv":[10,4,11,6],"texture":"#all","cullface":"north"},"up":{"uv":[13,4,10,5],"texture":"#all","cullface":"north"},"down":{"uv":[13,5,10,6],"texture":"#all","cullface":"north"}}},{"from":[0,10,10],"to":[1,12,13],"faces":{"north":{"uv":[10,4,11,6],"texture":"#all","cullface":"west"},"west":{"uv":[10,4,13,6],"texture":"#all","cullface":"west"},"up":{"uv":[13,4,10,5],"rotation":270,"texture":"#all","cullface":"west"},"down":{"uv":[10,5,13,6],"rotation":270,"texture":"#all","cullface":"west"}}}]}