{"__comment":"Designed by GeForceLegend","ambientocclusion":false,"textures":{"down":"block/oak_planks","up":"block/crafting_table_top","particle":"block/crafting_table_front","north":"block/crafting_table_front","east":"block/crafting_table_side"},"elements":[{"from":[0,0,0],"to":[16,16,16],"faces":{"north":{"uv":[0,0,16,16],"texture":"#north","cullface":"north"},"east":{"uv":[0,0,16,16],"texture":"#east","cullface":"east"},"south":{"uv":[0,0,16,16],"texture":"#east","cullface":"south"},"west":{"uv":[0,0,16,16],"texture":"#north","cullface":"west"},"up":{"uv":[0,0,16,16],"texture":"#up","cullface":"up"},"down":{"uv":[0,0,16,16],"texture":"#down","cullface":"down"}}},{"from":[-0.9,5.01,2.01],"to":[0,6.99,4.99],"faces":{"north":{"uv":[2,9,3,11],"texture":"#north","cullface":"west"},"south":{"uv":[4,9,5,11],"texture":"#north","cullface":"west"},"west":{"uv":[2,9,5,11],"texture":"#north","cullface":"west"},"up":{"uv":[2,9,5,10],"rotation":90,"texture":"#north","cullface":"west"},"down":{"uv":[2,10,5,11],"rotation":270,"texture":"#north","cullface":"west"}}},{"from":[-0.9,6.99,3.01],"to":[0,10.99,3.99],"faces":{"north":{"uv":[3,5,4,9],"texture":"#north","cullface":"west"},"south":{"uv":[3,5,4,9],"texture":"#north","cullface":"west"},"west":{"uv":[3,5,4,9],"texture":"#north","cullface":"west"},"up":{"uv":[3,5,4,6],"texture":"#north","cullface":"west"}}},{"from":[11.01,5.01,-0.9],"to":[13.99,6.99,0],"faces":{"north":{"uv":[2,9,5,11],"texture":"#north","cullface":"north"},"east":{"uv":[2,9,3,11],"texture":"#north","cullface":"north"},"west":{"uv":[4,9,5,11],"texture":"#north","cullface":"north"},"up":{"uv":[5,10,2,9],"texture":"#north","cullface":"north"},"down":{"uv":[5,11,2,10],"texture":"#north","cullface":"north"}}},{"from":[12.01,6.99,-0.9],"to":[12.99,10.99,0],"faces":{"north":{"uv":[3,5,4,9],"texture":"#north","cullface":"north"},"east":{"uv":[3,5,4,9],"texture":"#north","cullface":"north"},"west":{"uv":[3,5,4,9],"texture":"#north","cullface":"north"},"up":{"uv":[3,5,4,6],"texture":"#north","cullface":"north"}}},{"from":[-0.9,7.01,11.01],"to":[0,12.99,12.01],"faces":{"north":{"uv":[11,3,12,9],"texture":"#north","cullface":"west"},"south":{"uv":[11,3,12,9],"texture":"#north","cullface":"west"},"west":{"uv":[11,3,12,9],"texture":"#north","cullface":"west"},"up":{"uv":[11,3,12,4],"texture":"#north","cullface":"west"},"down":{"uv":[11,7,12,8],"texture":"#north","cullface":"west"}}},{"from":[-0.9,11.99,12.01],"to":[0,12.99,13.01],"faces":{"west":{"uv":[12,3,13,4],"texture":"#north","cullface":"west"},"up":{"uv":[12,3,13,4],"texture":"#north","cullface":"west"},"down":{"uv":[12,3,13,4],"texture":"#north","cullface":"west"}}},{"from":[-0.9,5.01,12.01],"to":[0,10.99,13.01],"faces":{"north":{"uv":[12,5,13,11],"texture":"#north","cullface":"west"},"west":{"uv":[12,5,13,11],"texture":"#north","cullface":"west"},"up":{"uv":[12,5,13,6],"texture":"#north","cullface":"west"},"down":{"uv":[12,10,13,11],"texture":"#north","cullface":"west"}}},{"from":[-0.9,3.01,13.01],"to":[0,12.99,13.99],"faces":{"north":{"uv":[13,3,14,13],"texture":"#north","cullface":"west"},"south":{"uv":[13,3,14,13],"texture":"#north","cullface":"west"},"west":{"uv":[13,3,14,13],"texture":"#north","cullface":"west"},"up":{"uv":[13,3,14,4],"texture":"#north","cullface":"west"},"down":{"uv":[13,12,14,13],"texture":"#north","cullface":"west"}}},{"from":[3.99,7.01,-0.9],"to":[4.99,12.99,0],"faces":{"north":{"uv":[11,3,12,9],"texture":"#north","cullface":"north"},"east":{"uv":[11,3,12,9],"texture":"#north","cullface":"north"},"west":{"uv":[11,3,12,9],"texture":"#north","cullface":"north"},"up":{"uv":[11,3,12,4],"texture":"#north","cullface":"north"},"down":{"uv":[11,7,12,8],"texture":"#north","cullface":"north"}}},{"from":[2.99,11.99,-0.9],"to":[3.99,12.99,0],"faces":{"north":{"uv":[12,3,13,4],"texture":"#north","cullface":"north"},"up":{"uv":[12,3,13,4],"texture":"#north","cullface":"north"},"down":{"uv":[12,3,13,4],"texture":"#north","cullface":"north"}}},{"from":[2.99,5.01,-0.9],"to":[3.99,10.99,0],"faces":{"north":{"uv":[12,5,13,11],"texture":"#north","cullface":"north"},"east":{"uv":[12,5,13,11],"texture":"#north","cullface":"north"},"up":{"uv":[12,5,13,6],"texture":"#north","cullface":"north"},"down":{"uv":[12,10,13,11],"texture":"#north","cullface":"north"}}},{"from":[2.01,3.01,-0.9],"to":[2.99,12.99,0],"faces":{"north":{"uv":[13,3,14,13],"texture":"#north","cullface":"north"},"east":{"uv":[13,3,14,13],"texture":"#north","cullface":"north"},"west":{"uv":[13,3,14,13],"texture":"#north","cullface":"north"},"up":{"uv":[13,3,14,4],"texture":"#north","cullface":"north"},"down":{"uv":[13,12,14,13],"texture":"#north","cullface":"north"}}},{"from":[3.01,6.01,16],"to":[3.99,7.99,16.9],"faces":{"east":{"uv":[3,8,4,10],"texture":"#east","cullface":"south"},"south":{"uv":[3,8,4,10],"texture":"#east","cullface":"south"},"west":{"uv":[3,8,4,10],"texture":"#east","cullface":"south"},"up":{"uv":[3,8,4,9],"texture":"#east","cullface":"south"},"down":{"uv":[3,9,4,10],"texture":"#east","cullface":"south"}}},{"from":[5.01,6.01,16],"to":[5.99,7.99,16.9],"faces":{"east":{"uv":[3,8,4,10],"texture":"#east","cullface":"south"},"south":{"uv":[3,8,4,10],"texture":"#east","cullface":"south"},"west":{"uv":[3,8,4,10],"texture":"#east","cullface":"south"},"up":{"uv":[3,8,4,9],"texture":"#east","cullface":"south"},"down":{"uv":[3,9,4,10],"texture":"#east","cullface":"south"}}},{"from":[5.01,9.01,16],"to":[5.99,10.99,16.9],"faces":{"east":{"uv":[3,5,4,7],"texture":"#east","cullface":"south"},"south":{"uv":[3,5,4,7],"texture":"#east","cullface":"south"},"west":{"uv":[3,5,4,7],"texture":"#east","cullface":"south"},"up":{"uv":[3,5,4,6],"texture":"#east","cullface":"south"},"down":{"uv":[3,6,4,7],"texture":"#east","cullface":"south"}}},{"from":[3.01,9.01,16],"to":[3.99,10.99,16.9],"faces":{"east":{"uv":[3,5,4,7],"texture":"#east","cullface":"south"},"south":{"uv":[3,5,4,7],"texture":"#east","cullface":"south"},"west":{"uv":[3,5,4,7],"texture":"#east","cullface":"south"},"up":{"uv":[3,5,4,6],"texture":"#east","cullface":"south"},"down":{"uv":[3,6,4,7],"texture":"#east","cullface":"south"}}},{"from":[16,6.01,12.01],"to":[16.9,7.99,12.99],"faces":{"north":{"uv":[3,8,4,10],"texture":"#east","cullface":"east"},"east":{"uv":[3,8,4,10],"texture":"#east","cullface":"east"},"south":{"uv":[3,8,4,10],"texture":"#east","cullface":"east"},"up":{"uv":[3,8,4,9],"texture":"#east","cullface":"east"},"down":{"uv":[3,9,4,10],"texture":"#east","cullface":"east"}}},{"from":[16,6.01,10.01],"to":[16.9,7.99,10.99],"faces":{"north":{"uv":[3,8,4,10],"texture":"#east","cullface":"east"},"east":{"uv":[3,8,4,10],"texture":"#east","cullface":"east"},"south":{"uv":[3,8,4,10],"texture":"#east","cullface":"east"},"up":{"uv":[3,8,4,9],"texture":"#east","cullface":"east"},"down":{"uv":[3,9,4,10],"texture":"#east","cullface":"east"}}},{"from":[16,9.01,10.01],"to":[16.9,10.99,10.99],"faces":{"north":{"uv":[3,5,4,7],"texture":"#east","cullface":"east"},"east":{"uv":[3,5,4,7],"texture":"#east","cullface":"east"},"south":{"uv":[3,5,4,7],"texture":"#east","cullface":"east"},"up":{"uv":[3,5,4,6],"texture":"#east","cullface":"east"},"down":{"uv":[3,6,4,7],"texture":"#east","cullface":"east"}}},{"from":[16,7.99,10.99],"to":[16.9,9.01,12.01],"faces":{"north":{"uv":[4,7,5,8],"texture":"#east","cullface":"east"},"east":{"uv":[4,7,5,8],"texture":"#east","cullface":"east"},"south":{"uv":[4,7,5,8],"texture":"#east","cullface":"east"},"up":{"uv":[4,7,5,8],"texture":"#east","cullface":"east"},"down":{"uv":[4,7,5,8],"texture":"#east","cullface":"east"}}},{"from":[16,9.01,12.01],"to":[16.9,10.99,12.99],"faces":{"north":{"uv":[3,5,4,7],"texture":"#east","cullface":"east"},"east":{"uv":[3,5,4,7],"texture":"#east","cullface":"east"},"south":{"uv":[3,5,4,7],"texture":"#east","cullface":"east"},"up":{"uv":[3,5,4,6],"texture":"#east","cullface":"east"},"down":{"uv":[3,6,4,7],"texture":"#east","cullface":"east"}}},{"from":[3.99,7.99,16],"to":[5.01,9.01,16.9],"faces":{"east":{"uv":[4,7,5,8],"texture":"#east","cullface":"south"},"south":{"uv":[4,7,5,8],"texture":"#east","cullface":"south"},"west":{"uv":[4,7,5,8],"texture":"#east","cullface":"south"},"up":{"uv":[4,7,5,8],"texture":"#east","cullface":"south"},"down":{"uv":[4,7,5,8],"texture":"#east","cullface":"south"}}}],"display":{"thirdperson_righthand":{"rotation":[75,45,0],"translation":[0,2.5,0],"scale":[0.375,0.375,0.375]},"firstperson_righthand":{"rotation":[0,45,0],"scale":[0.4,0.4,0.4]},"firstperson_lefthand":{"rotation":[0,225,0],"scale":[0.4,0.4,0.4]},"ground":{"translation":[0,3,0],"scale":[0.25,0.25,0.25]},"gui":{"rotation":[30,225,0],"scale":[0.625,0.625,0.625]},"fixed":{"scale":[0.5,0.5,0.5]}}}