{"__comment":"Designed by GeForceLegend","textures":{"base":"block/crimson_fungus_base","particle":"block/crimson_fungus"},"elements":[{"from":[7,0,7],"to":[9,5,9],"rotation":{"angle":-45,"axis":"y","origin":[8,8,8]},"faces":{"north":{"uv":[7,11,9,16],"texture":"#base"},"east":{"uv":[9,11,7,16],"texture":"#base"},"south":{"uv":[7,11,9,16],"texture":"#base"},"west":{"uv":[9,11,7,16],"texture":"#base"},"down":{"uv":[7,14,9,16],"texture":"#base","cullface":"down"}}},{"from":[6,8,6],"to":[10,11,10],"rotation":{"angle":-45,"axis":"y","origin":[8,8,8]},"faces":{"north":{"uv":[10,5,6,8],"texture":"#base"},"east":{"uv":[9,5,10,8],"texture":"#base"},"south":{"uv":[6,5,10,8],"texture":"#base"},"west":{"uv":[10,5,6,8],"texture":"#base"},"up":{"uv":[8,5,10,6],"texture":"#base"}}},{"from":[4,5,7],"to":[12,6,9],"rotation":{"angle":-45,"axis":"y","origin":[8,8,8]},"faces":{"north":{"uv":[12,10,4,11],"texture":"#base"},"east":{"uv":[11,10,12,11],"texture":"#base"},"south":{"uv":[4,10,12,11],"texture":"#base"},"west":{"uv":[4,10,5,11],"texture":"#base"},"down":{"uv":[4,10,12,11],"texture":"#base"}}},{"from":[7,5,4],"to":[9,6,12],"rotation":{"angle":-45,"axis":"y","origin":[8,8,8]},"faces":{"north":{"uv":[4,10,5,11],"texture":"#base"},"east":{"uv":[12,10,4,11],"texture":"#base"},"south":{"uv":[11,10,12,11],"texture":"#base"},"west":{"uv":[4,10,12,11],"texture":"#base"},"down":{"uv":[4,10,12,11],"rotation":270,"texture":"#base"}}},{"from":[5,4.99,6],"to":[11,6,10],"rotation":{"angle":-45,"axis":"y","origin":[8,8,8]},"faces":{"north":{"uv":[5,10,11,11],"texture":"#base"},"east":{"uv":[6,10,10,11],"texture":"#base"},"south":{"uv":[5,10,11,11],"texture":"#base"},"west":{"uv":[6,10,10,11],"texture":"#base"},"down":{"uv":[5,10,7,11],"texture":"#base"}}},{"from":[6,4.99,5],"to":[10,6,11],"rotation":{"angle":-45,"axis":"y","origin":[8,8,8]},"faces":{"north":{"uv":[6,10,10,11],"texture":"#base"},"east":{"uv":[5,10,11,11],"texture":"#base"},"south":{"uv":[6,10,10,11],"texture":"#base"},"west":{"uv":[5,10,11,11],"texture":"#base"},"down":{"uv":[5,10,7,11],"rotation":270,"texture":"#base"}}},{"from":[3,6,8],"to":[13,8,10],"rotation":{"angle":-45,"axis":"y","origin":[8,8,8]},"faces":{"east":{"uv":[10,7,8,9],"texture":"#base"},"south":{"uv":[3,8,13,10],"texture":"#base"},"west":{"uv":[5,8,3,10],"texture":"#base"},"up":{"uv":[3,8,13,10],"texture":"#base"},"down":{"uv":[3,10,13,8],"texture":"#base"}}},{"from":[6,6,3],"to":[8,8,13],"rotation":{"angle":-45,"axis":"y","origin":[8,8,8]},"faces":{"north":{"uv":[5,8,3,10],"texture":"#base"},"south":{"uv":[10,7,8,9],"texture":"#base"},"west":{"uv":[3,8,13,10],"texture":"#base"},"up":{"uv":[3,8,13,10],"rotation":90,"texture":"#base"},"down":{"uv":[3,10,13,8],"rotation":270,"texture":"#base"}}},{"from":[3,6,6],"to":[13,8,8],"rotation":{"angle":-45,"axis":"y","origin":[8,8,8]},"faces":{"north":{"uv":[3,8,13,10],"texture":"#base"},"east":{"uv":[5,8,3,10],"texture":"#base"},"west":{"uv":[10,7,8,9],"texture":"#base"},"up":{"uv":[13,10,3,8],"texture":"#base"},"down":{"uv":[13,8,3,10],"texture":"#base"}}},{"from":[8,6,3],"to":[10,8,13],"rotation":{"angle":-45,"axis":"y","origin":[8,8,8]},"faces":{"north":{"uv":[10,7,8,9],"texture":"#base"},"east":{"uv":[3,8,13,10],"texture":"#base"},"south":{"uv":[5,8,3,10],"texture":"#base"},"up":{"uv":[13,10,3,8],"rotation":90,"texture":"#base"},"down":{"uv":[13,8,3,10],"rotation":270,"texture":"#base"}}},{"from":[4,6.02,5],"to":[12,7.99,11],"rotation":{"angle":-45,"axis":"y","origin":[8,8,8]},"faces":{"north":{"uv":[4,8,12,10],"texture":"#base"},"east":{"uv":[3,8,5,10],"texture":"#base"},"south":{"uv":[8,9,4,11],"texture":"#base"},"west":{"uv":[12,8,8,10],"texture":"#base"},"up":{"uv":[12,8,4,10],"texture":"#base"},"down":{"uv":[3,8,11,10],"texture":"#base"}}},{"from":[5,6.01,4],"to":[11,7.98,12],"rotation":{"angle":-45,"axis":"y","origin":[8,8,8]},"faces":{"north":{"uv":[12,8,8,10],"texture":"#base"},"east":{"uv":[4,8,12,10],"texture":"#base"},"south":{"uv":[3,8,5,10],"texture":"#base"},"west":{"uv":[8,9,4,11],"texture":"#base"},"up":{"uv":[12,8,4,10],"rotation":90,"texture":"#base"},"down":{"uv":[3,8,11,10],"rotation":270,"texture":"#base"}}},{"from":[5,8,7],"to":[11,11,9],"rotation":{"angle":-45,"axis":"y","origin":[8,8,8]},"faces":{"north":{"uv":[5,5,10,8],"texture":"#base"},"east":{"uv":[7,5,5,8],"texture":"#base"},"south":{"uv":[11,5,6,8],"texture":"#base"},"west":{"uv":[9,5,11,8],"texture":"#base"},"up":{"uv":[10,5,6,7],"texture":"#base"}}},{"from":[7,8,5],"to":[9,11,11],"rotation":{"angle":-45,"axis":"y","origin":[8,8,8]},"faces":{"north":{"uv":[9,5,11,8],"texture":"#base"},"east":{"uv":[5,5,10,8],"texture":"#base"},"south":{"uv":[7,5,5,8],"texture":"#base"},"west":{"uv":[11,5,6,8],"texture":"#base"},"up":{"uv":[10,5,6,7],"rotation":90,"texture":"#base"}}},{"from":[6,11,7],"to":[10,12,9],"rotation":{"angle":-45,"axis":"y","origin":[8,8,8]},"faces":{"north":{"uv":[10,4,6,5],"texture":"#base"},"east":{"uv":[8,4,10,5],"texture":"#base"},"south":{"uv":[6,5,10,6],"texture":"#base"},"west":{"uv":[8,4,6,5],"texture":"#base"},"up":{"uv":[6,4,10,6],"texture":"#base"}}},{"from":[7,11,6],"to":[9,12,10],"rotation":{"angle":-45,"axis":"y","origin":[8,8,8]},"faces":{"north":{"uv":[6,4,8,5],"texture":"#base"},"east":{"uv":[10,5,6,6],"texture":"#base"},"south":{"uv":[10,4,8,5],"texture":"#base"},"west":{"uv":[6,4,10,5],"texture":"#base"},"up":{"uv":[6,6,10,4],"rotation":90,"texture":"#base"}}},{"from":[5,9,9],"to":[7,10.99,11],"rotation":{"angle":-45,"axis":"y","origin":[8,8,8]},"faces":{"south":{"uv":[5,5,7,7],"texture":"#particle"},"west":{"uv":[7,5,5,7],"texture":"#particle"},"up":{"uv":[5,7,7,5],"texture":"#particle"},"down":{"uv":[7,7,5,5],"texture":"#particle"}}},{"from":[9,9,5],"to":[11,10.99,7],"rotation":{"angle":-45,"axis":"y","origin":[8,8,8]},"faces":{"north":{"uv":[5,5,7,7],"texture":"#particle"},"east":{"uv":[7,5,5,7],"texture":"#particle"},"up":{"uv":[5,7,7,5],"rotation":180,"texture":"#particle"},"down":{"uv":[7,7,5,5],"rotation":180,"texture":"#particle"}}},{"from":[9,8,9],"to":[11,9.99,11],"rotation":{"angle":-45,"axis":"y","origin":[8,8,8]},"faces":{"east":{"uv":[5,5,7,7],"texture":"#particle"},"south":{"uv":[7,5,5,7],"texture":"#particle"},"up":{"uv":[7,7,5,5],"texture":"#particle"}}},{"from":[5,8,5],"to":[7,9.99,7],"rotation":{"angle":-45,"axis":"y","origin":[8,8,8]},"faces":{"north":{"uv":[7,5,5,7],"texture":"#particle"},"west":{"uv":[5,5,7,7],"texture":"#particle"},"up":{"uv":[7,7,5,5],"rotation":180,"texture":"#particle"}}}]}