{"__comment":"Designed by GeForceLegend","ambientocclusion":false,"textures":{"particle":"block/crimson_door_bottom","bottom":"block/crimson_door_bottom","bottom1":"block/crimson_door_bottom1"},"elements":[{"from":[0,0,0],"to":[3,16,4],"faces":{"north":{"uv":[0,0,3,16],"texture":"#bottom1","cullface":"north"},"east":{"uv":[4,0,0,16],"texture":"#bottom"},"south":{"uv":[3,0,4,16],"texture":"#bottom"},"west":{"uv":[0,0,4,16],"texture":"#bottom","cullface":"west"},"down":{"uv":[6,4,9,0],"texture":"#bottom1","cullface":"down"}}},{"from":[0,1,5],"to":[3,16,11],"faces":{"north":{"uv":[5,0,6,15],"texture":"#bottom"},"east":{"uv":[11,0,5,15],"texture":"#bottom"},"south":{"uv":[10,0,11,15],"texture":"#bottom"},"west":{"uv":[5,0,11,15],"texture":"#bottom","cullface":"west"}}},{"from":[0,0,12],"to":[3,16,16],"faces":{"north":{"uv":[12,0,13,16],"texture":"#bottom"},"east":{"uv":[16,0,12,16],"texture":"#bottom"},"south":{"uv":[13,0,16,16],"texture":"#bottom1","cullface":"south"},"west":{"uv":[12,0,16,16],"texture":"#bottom","cullface":"west"},"down":{"uv":[6,16,9,12],"texture":"#bottom1","cullface":"down"}}},{"from":[0.5,1,4],"to":[2.5,16,12],"faces":{"east":{"uv":[12,0,4,15],"texture":"#bottom"},"west":{"uv":[4,0,12,15],"texture":"#bottom","cullface":"west"}}},{"from":[0,0,4],"to":[3,1,12],"faces":{"east":{"uv":[12,15,4,16],"texture":"#bottom"},"west":{"uv":[4,15,12,16],"texture":"#bottom","cullface":"west"},"up":{"uv":[4,15,12,16],"rotation":90,"texture":"#bottom"},"down":{"uv":[6,12,9,4],"texture":"#bottom1","cullface":"down"}}},{"from":[-0.49,6.01,0.01],"to":[3.49,10.99,15.99],"faces":{"north":{"uv":[0,5,1,10],"texture":"#bottom","cullface":"north"},"east":{"uv":[16,5,0,10],"texture":"#bottom"},"south":{"uv":[15,5,16,10],"texture":"#bottom","cullface":"south"},"west":{"uv":[0,5,16,10],"texture":"#bottom","cullface":"west"},"up":{"uv":[0,5,16,6],"rotation":90,"texture":"#bottom"},"down":{"uv":[16,9,0,10],"rotation":90,"texture":"#bottom"}}}]}