{"__comment":"Designed by GeForceLegend","textures":{"all":"block/sea_pickle","particle":"block/sea_pickle"},"elements":[{"from":[6,0,6],"to":[10,6,10],"faces":{"north":{"uv":[4,5,8,11],"texture":"#all"},"east":{"uv":[0,5,4,11],"texture":"#all"},"south":{"uv":[12,5,16,11],"texture":"#all"},"west":{"uv":[9,5,13,11],"texture":"#all"},"up":{"uv":[4,1,8,5],"texture":"#all"},"down":{"uv":[8,1,12,5],"texture":"#all","cullface":"down"}}},{"from":[7,6,7],"to":[9,5.2,9],"faces":{"north":{"uv":[5,5,7,6],"texture":"#all"},"east":{"uv":[1,5,3,6],"texture":"#all"},"south":{"uv":[13,5,15,6],"texture":"#all"},"west":{"uv":[9,5,11,6],"texture":"#all"},"up":{"uv":[9,2,11,4],"texture":"#all"}}}]}