{"__comment":"Designed by GeForceLegend","ambientocclusion":false,"textures":{"end":"block/hay_block_top","particle":"block/hay_block_side","side":"block/hay_block_side"},"elements":[{"from":[0,0,0],"to":[16,16,16],"faces":{"north":{"uv":[0,0,16,16],"texture":"#side","cullface":"north"},"east":{"uv":[0,0,16,16],"texture":"#side","cullface":"east"},"south":{"uv":[0,0,16,16],"texture":"#side","cullface":"south"},"west":{"uv":[0,0,16,16],"texture":"#side","cullface":"west"},"up":{"uv":[0,0,16,16],"texture":"#end","rotation":180,"cullface":"up"},"down":{"uv":[0,0,16,16],"texture":"#end","cullface":"down"}}},{"from":[0.002,4.002,-0.5],"to":[15.998,4.998,0],"faces":{"north":{"uv":[0,11,16,12],"texture":"#side","cullface":"north"},"east":{"uv":[0,11,1,12],"texture":"#side","cullface":"north"},"west":{"uv":[15,11,16,12],"texture":"#side","cullface":"north"},"up":{"uv":[16,11,0,12],"texture":"#side","cullface":"north"},"down":{"uv":[16,11,0,12],"texture":"#side","cullface":"north"}}},{"from":[0.002,12.002,-0.5],"to":[15.998,12.998,0],"faces":{"north":{"uv":[0,3,16,4],"texture":"#side","cullface":"north"},"east":{"uv":[0,3,1,4],"texture":"#side","cullface":"north"},"west":{"uv":[15,3,16,4],"texture":"#side","cullface":"north"},"up":{"uv":[16,3,0,4],"texture":"#side","cullface":"north"},"down":{"uv":[16,3,0,4],"texture":"#side","cullface":"north"}}},{"from":[-0.5,4.002,0.002],"to":[0,4.998,15.998],"faces":{"north":{"uv":[0,11,1,12],"texture":"#side","cullface":"west"},"south":{"uv":[15,11,16,12],"texture":"#side","cullface":"west"},"west":{"uv":[0,11,16,12],"texture":"#side","cullface":"west"},"up":{"uv":[16,11,0,12],"rotation":270,"texture":"#side","cullface":"west"},"down":{"uv":[16,11,0,12],"rotation":90,"texture":"#side","cullface":"west"}}},{"from":[-0.5,12.002,0.002],"to":[0,12.998,15.998],"faces":{"north":{"uv":[0,3,1,4],"texture":"#side","cullface":"west"},"south":{"uv":[15,3,16,4],"texture":"#side","cullface":"west"},"west":{"uv":[0,3,16,4],"texture":"#side","cullface":"west"},"up":{"uv":[16,3,0,4],"rotation":270,"texture":"#side","cullface":"west"},"down":{"uv":[16,3,0,4],"rotation":90,"texture":"#side","cullface":"west"}}},{"from":[0.002,4.002,16],"to":[15.998,4.998,16.5],"faces":{"east":{"uv":[15,11,16,12],"texture":"#side","cullface":"south"},"south":{"uv":[0,11,16,12],"texture":"#side","cullface":"south"},"west":{"uv":[0,11,1,12],"texture":"#side","cullface":"south"},"up":{"uv":[16,11,0,12],"rotation":180,"texture":"#side","cullface":"south"},"down":{"uv":[16,11,0,12],"rotation":180,"texture":"#side","cullface":"south"}}},{"from":[0.002,12.002,16],"to":[15.998,12.998,16.5],"faces":{"east":{"uv":[15,3,16,4],"texture":"#side","cullface":"south"},"south":{"uv":[0,3,16,4],"texture":"#side","cullface":"south"},"west":{"uv":[0,3,1,4],"texture":"#side","cullface":"south"},"up":{"uv":[0,3,16,4],"texture":"#side","cullface":"south"},"down":{"uv":[0,3,16,4],"texture":"#side","cullface":"south"}}},{"from":[16,4.002,0.002],"to":[16.5,4.998,15.998],"faces":{"north":{"uv":[15,11,16,12],"texture":"#side","cullface":"east"},"east":{"uv":[0,11,16,12],"texture":"#side","cullface":"east"},"south":{"uv":[0,11,1,12],"texture":"#side","cullface":"east"},"up":{"uv":[16,11,0,12],"rotation":90,"texture":"#side","cullface":"east"},"down":{"uv":[16,11,0,12],"rotation":270,"texture":"#side","cullface":"east"}}},{"from":[16,12.002,0.002],"to":[16.5,12.998,15.998],"faces":{"north":{"uv":[15,3,16,4],"texture":"#side","cullface":"east"},"east":{"uv":[0,3,16,4],"texture":"#side","cullface":"east"},"south":{"uv":[0,3,1,4],"texture":"#side","cullface":"east"},"up":{"uv":[16,3,0,4],"rotation":90,"texture":"#side","cullface":"east"},"down":{"uv":[16,3,0,4],"rotation":270,"texture":"#side","cullface":"east"}}}],"display":{"gui":{"rotation":[30,225,0],"translation":[0,0,0],"scale":[0.625,0.625,0.625]},"ground":{"rotation":[0,0,0],"translation":[0,3,0],"scale":[0.25,0.25,0.25]},"fixed":{"rotation":[0,0,0],"translation":[0,0,0],"scale":[0.5,0.5,0.5]},"thirdperson_righthand":{"rotation":[75,45,0],"translation":[0,2.5,0],"scale":[0.375,0.375,0.375]},"firstperson_righthand":{"rotation":[0,45,0],"translation":[0,0,0],"scale":[0.4,0.4,0.4]},"firstperson_lefthand":{"rotation":[0,225,0],"translation":[0,0,0],"scale":[0.4,0.4,0.4]}}}