{"__comment":"Designed by GeForceLegend","ambientocclusion":false,"textures":{"texture":"block/mangrove_trapdoor1","particle":"block/mangrove_trapdoor"},"elements":[{"from":[3,13,13],"to":[13,16,16],"faces":{"north":{"uv":[13,2,3,3],"texture":"#particle"},"south":{"uv":[3,0,13,3],"texture":"#texture","cullface":"south"},"up":{"uv":[3,3,13,0],"texture":"#particle","cullface":"up"},"down":{"uv":[3,0,13,3],"texture":"#particle"}}},{"from":[13,13,0],"to":[16,16,16],"faces":{"north":{"uv":[16,13,13,16],"texture":"#texture","cullface":"north"},"east":{"uv":[0,10,16,13],"texture":"#texture","cullface":"east"},"south":{"uv":[13,0,16,3],"texture":"#texture","cullface":"south"},"west":{"uv":[13,0,14,16],"rotation":90,"texture":"#particle"},"up":{"uv":[13,16,16,0],"texture":"#particle","cullface":"up"},"down":{"uv":[13,0,16,16],"texture":"#particle"}}},{"from":[3,13,0],"to":[13,16,3],"faces":{"north":{"uv":[13,13,3,16],"texture":"#texture","cullface":"north"},"south":{"uv":[3,13,13,14],"texture":"#particle"},"up":{"uv":[3,16,13,13],"texture":"#particle","cullface":"up"},"down":{"uv":[3,13,13,16],"texture":"#particle"}}},{"from":[0,13,0],"to":[3,16,16],"faces":{"north":{"uv":[3,13,0,16],"texture":"#texture","cullface":"north"},"east":{"uv":[2,16,3,0],"rotation":90,"texture":"#particle"},"south":{"uv":[0,0,3,3],"texture":"#texture","cullface":"south"},"west":{"uv":[0,3,16,6],"texture":"#texture","cullface":"west"},"up":{"uv":[0,16,3,0],"texture":"#particle","cullface":"up"},"down":{"uv":[0,0,3,16],"texture":"#particle"}}},{"from":[3,13,3],"to":[4,16,4],"faces":{"east":{"uv":[3,3,4,4],"texture":"#particle"},"south":{"uv":[3,3,4,4],"texture":"#particle"},"up":{"uv":[3,3,4,4],"texture":"#particle","cullface":"up"},"down":{"uv":[3,3,4,4],"texture":"#particle"}}},{"from":[12,13,3],"to":[13,16,4],"faces":{"south":{"uv":[12,3,13,4],"texture":"#particle"},"west":{"uv":[12,3,13,4],"texture":"#particle"},"up":{"uv":[12,3,13,4],"texture":"#particle","cullface":"up"},"down":{"uv":[12,3,13,4],"texture":"#particle"}}},{"from":[12,13,12],"to":[13,16,13],"faces":{"north":{"uv":[12,12,13,13],"texture":"#particle"},"west":{"uv":[12,12,13,13],"texture":"#particle"},"up":{"uv":[12,12,13,13],"texture":"#particle","cullface":"up"},"down":{"uv":[12,12,13,13],"texture":"#particle"}}},{"from":[3,13,12],"to":[4,16,13],"faces":{"north":{"uv":[3,12,4,13],"texture":"#particle"},"east":{"uv":[3,12,4,13],"texture":"#particle"},"up":{"uv":[3,12,4,13],"texture":"#particle","cullface":"up"},"down":{"uv":[3,12,4,13],"texture":"#particle"}}},{"from":[3,14,3],"to":[13,15,5],"faces":{"south":{"uv":[3,11,13,12],"texture":"#particle"},"up":{"uv":[3,13,13,11],"texture":"#particle"},"down":{"uv":[3,11,13,13],"texture":"#particle"}}},{"from":[3,14,11],"to":[13,15,13],"faces":{"north":{"uv":[13,4,3,5],"texture":"#particle"},"up":{"uv":[3,11,13,13],"texture":"#particle"},"down":{"uv":[3,3,13,5],"texture":"#particle"}}},{"from":[3,14,5],"to":[5,15,11],"faces":{"east":{"uv":[4,11,5,5],"rotation":90,"texture":"#particle"},"up":{"uv":[3,11,5,5],"texture":"#particle"},"down":{"uv":[3,5,5,11],"texture":"#particle"}}},{"from":[11,14,5],"to":[13,15,11],"faces":{"west":{"uv":[11,5,12,11],"rotation":90,"texture":"#particle"},"up":{"uv":[11,11,13,5],"texture":"#particle"},"down":{"uv":[11,5,13,11],"texture":"#particle"}}},{"from":[5,14,10],"to":[6,15,11],"faces":{"north":{"uv":[5,5,6,6],"texture":"#particle"},"east":{"uv":[5,5,6,6],"texture":"#particle"},"up":{"uv":[5,5,6,6],"texture":"#particle"},"down":{"uv":[5,5,6,6],"texture":"#particle"}}},{"from":[10,14,10],"to":[11,15,11],"faces":{"north":{"uv":[10,5,11,6],"texture":"#particle"},"west":{"uv":[10,5,11,6],"texture":"#particle"},"up":{"uv":[10,5,11,6],"texture":"#particle"},"down":{"uv":[10,5,11,6],"texture":"#particle"}}},{"from":[10,14,5],"to":[11,15,6],"faces":{"south":{"uv":[10,10,11,11],"texture":"#particle"},"west":{"uv":[10,10,11,11],"texture":"#particle"},"up":{"uv":[10,10,11,11],"texture":"#particle"},"down":{"uv":[10,10,11,11],"texture":"#particle"}}},{"from":[5,14,5],"to":[6,15,6],"faces":{"east":{"uv":[5,10,6,11],"texture":"#particle"},"south":{"uv":[5,10,6,11],"texture":"#particle"},"up":{"uv":[5,10,6,11],"texture":"#particle"},"down":{"uv":[5,10,6,11],"texture":"#particle"}}}]}