{"__comment":"Designed by GeForceLegend","ambientocclusion":false,"textures":{"layer1":"block/oak_door_top1","layer2":"block/oak_door_top2","particle":"block/oak_door_top"},"elements":[{"from":[0,0,13],"to":[3,16,16],"faces":{"north":{"uv":[6,0,3,16],"texture":"#layer1"},"east":{"uv":[0,0,3,16],"texture":"#particle"},"south":{"uv":[3,0,0,16],"texture":"#layer1","cullface":"south"},"west":{"uv":[3,0,0,16],"texture":"#particle","cullface":"west"},"up":{"uv":[0,3,3,0],"texture":"#layer2","cullface":"up"}}},{"from":[0,0,0],"to":[3,16,3],"faces":{"north":{"uv":[16,0,13,16],"texture":"#layer1","cullface":"north"},"east":{"uv":[13,0,16,16],"texture":"#particle"},"south":{"uv":[13,0,10,16],"texture":"#layer1"},"west":{"uv":[16,0,13,16],"texture":"#particle","cullface":"west"},"up":{"uv":[0,16,3,13],"texture":"#layer2","cullface":"up"}}},{"from":[0,2,3],"to":[3,5,13],"faces":{"east":{"uv":[3,11,13,14],"texture":"#particle"},"west":{"uv":[13,11,3,14],"texture":"#particle","cullface":"west"},"up":{"uv":[7,13,10,3],"texture":"#layer1"},"down":{"uv":[3,13,13,14],"rotation":90,"texture":"#particle"}}},{"from":[0,13,3],"to":[3,16,13],"faces":{"east":{"uv":[3,0,13,3],"texture":"#particle"},"west":{"uv":[13,0,3,3],"texture":"#particle","cullface":"west"},"up":{"uv":[0,13,3,3],"texture":"#layer2","cullface":"up"},"down":{"uv":[13,13,16,3],"texture":"#layer2"}}},{"from":[0,0,7],"to":[3,2,9],"faces":{"north":{"uv":[9,14,8,16],"texture":"#particle"},"east":{"uv":[7,14,9,16],"texture":"#particle"},"south":{"uv":[8,14,7,16],"texture":"#particle"},"west":{"uv":[7,14,9,16],"texture":"#particle","cullface":"west"}}},{"from":[1,0,3],"to":[2,2,13],"faces":{"east":{"uv":[3,13,13,15],"texture":"#layer2"},"west":{"uv":[13,13,3,15],"texture":"#layer2","cullface":"west"}}},{"from":[1,8,3],"to":[2,10,13],"faces":{"east":{"uv":[3,6,13,8],"texture":"#particle"},"west":{"uv":[13,6,3,8],"texture":"#particle","cullface":"west"},"up":{"uv":[13,6,3,7],"rotation":90,"texture":"#particle"},"down":{"uv":[3,7,13,8],"rotation":90,"texture":"#particle"}}},{"from":[1,10,7],"to":[2,13,9],"faces":{"north":{"uv":[9,3,8,6],"texture":"#particle"},"east":{"uv":[7,3,9,6],"texture":"#particle"},"south":{"uv":[8,3,7,6],"texture":"#particle"},"west":{"uv":[9,3,7,6],"texture":"#particle","cullface":"west"}}},{"from":[1,5,7],"to":[2,8,9],"faces":{"north":{"uv":[9,8,8,11],"texture":"#particle"},"east":{"uv":[7,8,9,11],"texture":"#particle"},"south":{"uv":[8,8,7,11],"texture":"#particle"},"west":{"uv":[9,8,7,11],"texture":"#particle","cullface":"west"}}},{"from":[3,0.01,4.01],"to":[3.99,1.99,4.99],"faces":{"north":{"uv":[12,14,11,16],"texture":"#particle"},"east":{"uv":[12,14,11,16],"texture":"#particle"},"south":{"uv":[12,14,11,16],"texture":"#particle"},"west":{"uv":[12,14,11,16],"texture":"#particle"},"up":{"uv":[11,15,12,14],"texture":"#particle"},"down":{"uv":[11,16,12,15],"texture":"#particle"}}},{"from":[3,1.01,2.01],"to":[3.99,1.99,4.01],"faces":{"north":{"uv":[14,14,13,15],"texture":"#particle"},"east":{"uv":[12,14,14,15],"texture":"#particle"},"west":{"uv":[14,14,12,15],"texture":"#particle"},"up":{"uv":[14,14,12,15],"rotation":90,"texture":"#particle"},"down":{"uv":[12,14,14,15],"rotation":90,"texture":"#particle"}}},{"from":[-0.99,1.01,2.01],"to":[0,1.99,4.01],"faces":{"north":{"uv":[14,14,13,15],"texture":"#particle","cullface":"west"},"east":{"uv":[12,14,14,15],"texture":"#particle","cullface":"west"},"west":{"uv":[14,14,12,15],"texture":"#particle","cullface":"west"},"up":{"uv":[14,14,12,15],"rotation":90,"texture":"#particle","cullface":"west"},"down":{"uv":[12,14,14,15],"rotation":90,"texture":"#particle","cullface":"west"}}},{"from":[-0.99,0.01,4.01],"to":[0,1.99,4.99],"faces":{"north":{"uv":[12,14,11,16],"texture":"#particle","cullface":"west"},"east":{"uv":[12,14,11,16],"texture":"#particle","cullface":"west"},"south":{"uv":[12,14,11,16],"texture":"#particle","cullface":"west"},"west":{"uv":[12,14,11,16],"texture":"#particle","cullface":"west"},"up":{"uv":[11,15,12,14],"texture":"#particle","cullface":"west"},"down":{"uv":[11,16,12,15],"texture":"#particle","cullface":"west"}}}]}