{"__comment":"Designed by GeForceLegend","ambientocclusion":false,"textures":{"slab":"block/smooth_stone","top":"block/repeater_on","particle":"block/repeater_on","lit":"block/redstone_torch"},"elements":[{"from":[0,0,0],"to":[7,2,16],"faces":{"east":{"uv":[6,6,7,14],"texture":"#top"},"west":{"uv":[0,14,16,16],"texture":"#slab","cullface":"west"},"up":{"uv":[0,0,7,16],"texture":"#top"}}},{"from":[9,0,0],"to":[16,2,16],"faces":{"east":{"uv":[0,14,16,16],"texture":"#slab","cullface":"east"},"west":{"uv":[9,6,10,14],"texture":"#top"},"up":{"uv":[9,0,16,16],"texture":"#top"}}},{"from":[0,0,0],"to":[16,2,16],"faces":{"north":{"uv":[0,14,16,16],"texture":"#slab","cullface":"north"},"south":{"uv":[0,14,16,16],"texture":"#slab","cullface":"south"},"down":{"uv":[0,0,16,16],"texture":"#slab","cullface":"down"}}},{"from":[7,0,6],"to":[9,1.3,14],"light_emission":7,"faces":{"up":{"uv":[7,6,9,14],"texture":"#top"}}},{"from":[7,0,0],"to":[9,2,6],"faces":{"south":{"uv":[7,5,9,6],"texture":"#top"},"up":{"uv":[7,0,9,6],"texture":"#top"}}},{"from":[7,0,14],"to":[9,2,16],"faces":{"north":{"uv":[7,14,9,15],"texture":"#top"},"up":{"uv":[7,14,9,16],"texture":"#top"}}},{"from":[7,1,10],"to":[9,4,12],"faces":{"north":{"uv":[7,9,9,12],"texture":"#lit"},"east":{"uv":[7,9,9,12],"texture":"#lit"},"south":{"uv":[7,9,9,12],"texture":"#lit"},"west":{"uv":[7,9,9,12],"texture":"#lit"}}},{"from":[7,4,10],"to":[9,7,12],"shade":false,"light_emission":7,"faces":{"north":{"uv":[7,6,9,9],"texture":"#lit"},"east":{"uv":[7,6,9,9],"texture":"#lit"},"south":{"uv":[7,6,9,9],"texture":"#lit"},"west":{"uv":[7,6,9,9],"texture":"#lit"},"up":{"uv":[7,6,9,8],"texture":"#lit"}}},{"from":[9.5,4.5,9.5],"to":[6.5,7.5,12.5],"shade":false,"light_emission":7,"faces":{"north":{"uv":[6,5,7,6],"texture":"#lit"},"east":{"uv":[6,5,7,6],"texture":"#lit"},"south":{"uv":[6,5,7,6],"texture":"#lit"},"west":{"uv":[6,5,7,6],"texture":"#lit"},"up":{"uv":[6,5,7,6],"texture":"#lit"},"down":{"uv":[6,5,7,6],"texture":"#lit"}}},{"from":[7,2,2],"to":[9,4,4],"faces":{"north":{"uv":[7,9,9,11],"texture":"#lit"},"east":{"uv":[7,9,9,11],"texture":"#lit"},"south":{"uv":[7,9,9,11],"texture":"#lit"},"west":{"uv":[7,9,9,11],"texture":"#lit"}}},{"from":[7,4,2],"to":[9,7,4],"shade":false,"light_emission":7,"faces":{"north":{"uv":[7,6,9,9],"texture":"#lit"},"east":{"uv":[7,6,9,9],"texture":"#lit"},"south":{"uv":[7,6,9,9],"texture":"#lit"},"west":{"uv":[7,6,9,9],"texture":"#lit"},"up":{"uv":[7,6,9,8],"texture":"#lit"}}},{"from":[9.5,4.5,1.5],"to":[6.5,7.5,4.5],"shade":false,"light_emission":7,"faces":{"north":{"uv":[6,5,7,6],"texture":"#lit"},"east":{"uv":[6,5,7,6],"texture":"#lit"},"south":{"uv":[6,5,7,6],"texture":"#lit"},"west":{"uv":[6,5,7,6],"texture":"#lit"},"up":{"uv":[6,5,7,6],"texture":"#lit"},"down":{"uv":[6,5,7,6],"texture":"#lit"}}}]}