{"__comment":"Designed by GeForceLegend","ambientocclusion":false,"textures":{"layer0":"block/spruce_door_bottom1","particle":"block/spruce_door_bottom"},"elements":[{"from":[-0.99,12.01,3.01],"to":[3.99,13.01,4.99],"faces":{"north":{"uv":[13,3,12,4],"texture":"#particle"},"east":{"uv":[11,3,13,4],"texture":"#particle"},"south":{"uv":[12,3,11,4],"texture":"#particle"},"west":{"uv":[13,3,11,4],"texture":"#particle","cullface":"west"},"up":{"uv":[13,3,11,4],"rotation":90,"texture":"#particle"},"down":{"uv":[11,3,13,4],"rotation":90,"texture":"#particle"}}},{"from":[-0.99,13.01,4.99],"to":[3.99,14.99,5.99],"faces":{"north":{"uv":[14,1,13,3],"texture":"#particle"},"east":{"uv":[14,1,13,3],"texture":"#particle"},"south":{"uv":[14,1,13,3],"texture":"#particle"},"west":{"uv":[14,1,13,3],"texture":"#particle","cullface":"west"},"up":{"uv":[13,2,14,1],"texture":"#particle"},"down":{"uv":[13,3,14,2],"texture":"#particle"}}},{"from":[-0.99,13.01,2.01],"to":[3.99,14.99,3.01],"faces":{"north":{"uv":[11,1,10,3],"texture":"#particle"},"east":{"uv":[11,1,10,3],"texture":"#particle"},"south":{"uv":[11,1,10,3],"texture":"#particle"},"west":{"uv":[11,1,10,3],"texture":"#particle","cullface":"west"},"up":{"uv":[10,2,11,1],"texture":"#particle"},"down":{"uv":[10,3,11,2],"texture":"#particle"}}},{"from":[-0.99,14.99,3.01],"to":[3.99,15.99,4.99],"faces":{"north":{"uv":[13,0,12,1],"texture":"#particle"},"east":{"uv":[11,0,13,1],"texture":"#particle"},"south":{"uv":[12,0,11,1],"texture":"#particle"},"west":{"uv":[13,0,11,1],"texture":"#particle","cullface":"west"},"up":{"uv":[13,0,11,1],"rotation":90,"texture":"#particle"},"down":{"uv":[11,0,13,1],"rotation":90,"texture":"#particle"}}},{"from":[0,0,0],"to":[3,16,16],"faces":{"north":{"uv":[16,0,13,16],"texture":"#layer0","cullface":"north"},"east":{"uv":[0,0,16,16],"texture":"#particle"},"south":{"uv":[3,0,0,16],"texture":"#layer0","cullface":"south"},"west":{"uv":[16,0,0,16],"texture":"#particle","cullface":"west"},"down":{"uv":[7,16,10,0],"texture":"#layer0","cullface":"down"}}}]}