{"__comment":"Designed by GeForceLegend","ambientocclusion":false,"textures":{"layer0":"block/spruce_door_bottom1","particle":"block/spruce_door_bottom"},"elements":[{"from":[-0.99,12.01,11.01],"to":[3.99,13.01,12.99],"faces":{"north":{"uv":[11,3,12,4],"texture":"#particle"},"east":{"uv":[13,3,11,4],"texture":"#particle"},"south":{"uv":[12,3,13,4],"texture":"#particle"},"west":{"uv":[11,3,13,4],"texture":"#particle","cullface":"west"},"up":{"uv":[11,3,13,4],"rotation":90,"texture":"#particle"},"down":{"uv":[13,3,11,4],"rotation":90,"texture":"#particle"}}},{"from":[-0.99,13.01,10.01],"to":[3.99,14.99,11.01],"faces":{"north":{"uv":[13,1,14,3],"texture":"#particle"},"east":{"uv":[13,1,14,3],"texture":"#particle"},"south":{"uv":[13,1,14,3],"texture":"#particle"},"west":{"uv":[13,1,14,3],"texture":"#particle","cullface":"west"},"up":{"uv":[13,1,14,2],"texture":"#particle"},"down":{"uv":[13,2,14,3],"texture":"#particle"}}},{"from":[-0.99,13.01,12.99],"to":[3.99,14.99,13.99],"faces":{"north":{"uv":[10,1,11,3],"texture":"#particle"},"east":{"uv":[10,1,11,3],"texture":"#particle"},"south":{"uv":[10,1,11,3],"texture":"#particle"},"west":{"uv":[10,1,11,3],"texture":"#particle","cullface":"west"},"up":{"uv":[10,1,11,2],"texture":"#particle"},"down":{"uv":[10,2,11,3],"texture":"#particle"}}},{"from":[-0.99,14.99,11.01],"to":[3.99,15.99,12.99],"faces":{"north":{"uv":[11,0,12,1],"texture":"#particle"},"east":{"uv":[13,0,11,1],"texture":"#particle"},"south":{"uv":[12,0,13,1],"texture":"#particle"},"west":{"uv":[11,0,13,1],"texture":"#particle","cullface":"west"},"up":{"uv":[11,0,13,1],"rotation":90,"texture":"#particle"},"down":{"uv":[13,0,11,1],"rotation":90,"texture":"#particle"}}},{"from":[0,0,0],"to":[3,16,16],"faces":{"north":{"uv":[0,0,3,16],"texture":"#layer0","cullface":"north"},"east":{"uv":[16,0,0,16],"texture":"#particle"},"south":{"uv":[13,0,16,16],"texture":"#layer0","cullface":"south"},"west":{"uv":[0,0,16,16],"texture":"#particle","cullface":"west"},"down":{"uv":[7,0,10,16],"texture":"#layer0","cullface":"down"}}}]}