{"__comment":"Designed by GeForceLegend","parent":"block/block","textures":{"particle":"block/sculk","bottom":"block/sculk","side":"block/sculk_shrieker_side","top":"block/sculk_shrieker_top"},"elements":[{"from":[0,0,0],"to":[16,8,16],"faces":{"north":{"uv":[0,8,16,16],"texture":"#side","cullface":"north"},"east":{"uv":[0,8,16,16],"texture":"#side","cullface":"east"},"south":{"uv":[0,8,16,16],"texture":"#side","cullface":"south"},"west":{"uv":[0,8,16,16],"texture":"#side","cullface":"west"},"up":{"uv":[0,0,16,16],"texture":"#inner_top"},"down":{"uv":[0,0,16,16],"texture":"#bottom","cullface":"down"}}},{"from":[1,8,14],"to":[6,11,15],"faces":{"north":{"uv":[6,5,1,8],"texture":"#side"},"east":{"uv":[5,5,6,8],"texture":"#side"},"south":{"uv":[1,5,6,8],"texture":"#side"},"up":{"uv":[1,5,6,6],"texture":"#side"}}},{"from":[1,11,14],"to":[5,14,15],"faces":{"north":{"uv":[5,2,1,5],"texture":"#side"},"east":{"uv":[4,2,5,5],"texture":"#side"},"south":{"uv":[1,2,5,5],"texture":"#side"}}},{"from":[1,14,13],"to":[5,15,15],"faces":{"north":{"uv":[5,13,1,14],"texture":"#top"},"east":{"uv":[4,13,5,15],"texture":"#top"},"south":{"uv":[1,14,5,15],"texture":"#top"},"west":{"uv":[1,13,2,15],"texture":"#top"},"up":{"uv":[1,13,5,15],"texture":"#top"},"down":{"uv":[1,3,5,1],"texture":"#top"}}},{"from":[6,8,14],"to":[10,9,15],"faces":{"north":{"uv":[10,7,6,8],"texture":"#side"},"south":{"uv":[6,7,10,8],"texture":"#side"},"up":{"uv":[6,7,10,8],"texture":"#side"}}},{"from":[7,9,14],"to":[9,10,15],"faces":{"north":{"uv":[9,6,7,7],"texture":"#side"},"east":{"uv":[8,6,9,7],"texture":"#side"},"south":{"uv":[7,6,9,7],"texture":"#side"},"west":{"uv":[7,6,8,7],"texture":"#side"},"up":{"uv":[7,6,9,7],"texture":"#side"}}},{"from":[10,8,14],"to":[15,11,15],"faces":{"north":{"uv":[15,5,10,8],"texture":"#side"},"south":{"uv":[10,5,15,8],"texture":"#side"},"west":{"uv":[10,5,11,8],"texture":"#side"},"up":{"uv":[10,5,15,6],"texture":"#side"}}},{"from":[11,11,14],"to":[15,14,15],"faces":{"north":{"uv":[15,2,11,5],"texture":"#side"},"south":{"uv":[11,2,15,5],"texture":"#side"},"west":{"uv":[11,2,12,5],"texture":"#side"}}},{"from":[11,14,13],"to":[13,15,15],"faces":{"north":{"uv":[11,13,13,14],"texture":"#top"},"south":{"uv":[11,14,13,15],"texture":"#top"},"west":{"uv":[11,13,12,15],"texture":"#top"},"up":{"uv":[11,13,13,15],"texture":"#top"},"down":{"uv":[11,3,13,1],"texture":"#top"}}},{"from":[12,14,12],"to":[13,15,13],"faces":{"north":{"uv":[12,12,13,13],"texture":"#top"},"west":{"uv":[12,12,13,13],"texture":"#top"},"up":{"uv":[12,12,13,13],"texture":"#top"},"down":{"uv":[12,4,13,3],"texture":"#top"}}},{"from":[14,8,10],"to":[15,11,15],"faces":{"north":{"uv":[5,5,6,8],"texture":"#side"},"east":{"uv":[1,5,6,8],"texture":"#side"},"west":{"uv":[6,5,1,8],"texture":"#side"},"up":{"uv":[1,5,6,6],"rotation":270,"texture":"#side"}}},{"from":[14,11,11],"to":[15,14,15],"faces":{"north":{"uv":[4,2,5,5],"texture":"#side"},"east":{"uv":[1,2,5,5],"texture":"#side"},"west":{"uv":[5,2,1,5],"texture":"#side"}}},{"from":[13,14,11],"to":[15,15,15],"faces":{"north":{"uv":[4,13,5,15],"texture":"#top"},"east":{"uv":[1,14,5,15],"texture":"#top"},"south":{"uv":[1,13,2,15],"texture":"#top"},"west":{"uv":[5,13,1,14],"texture":"#top"},"up":{"uv":[13,11,15,15],"texture":"#top"},"down":{"uv":[13,5,15,1],"texture":"#top"}}},{"from":[14,8,6],"to":[15,9,10],"faces":{"east":{"uv":[6,7,10,8],"texture":"#side"},"west":{"uv":[10,7,6,8],"texture":"#side"},"up":{"uv":[6,7,10,8],"rotation":270,"texture":"#side"}}},{"from":[14,9,7],"to":[15,10,9],"faces":{"north":{"uv":[8,6,9,7],"texture":"#side"},"east":{"uv":[7,6,9,7],"texture":"#side"},"south":{"uv":[7,6,8,7],"texture":"#side"},"west":{"uv":[9,6,7,7],"texture":"#side"},"up":{"uv":[7,6,9,7],"rotation":270,"texture":"#side"}}},{"from":[14,8,1],"to":[15,11,6],"faces":{"east":{"uv":[10,5,15,8],"texture":"#side"},"south":{"uv":[10,5,11,8],"texture":"#side"},"west":{"uv":[15,5,10,8],"texture":"#side"},"up":{"uv":[10,5,15,6],"rotation":270,"texture":"#side"}}},{"from":[14,11,1],"to":[15,14,5],"faces":{"east":{"uv":[11,2,15,5],"texture":"#side"},"south":{"uv":[11,2,12,5],"texture":"#side"},"west":{"uv":[15,2,11,5],"texture":"#side"}}},{"from":[13,14,3],"to":[15,15,5],"faces":{"east":{"uv":[11,14,13,15],"texture":"#top"},"south":{"uv":[11,13,12,15],"texture":"#top"},"west":{"uv":[11,13,13,14],"texture":"#top"},"up":{"uv":[13,3,15,5],"texture":"#top"},"down":{"uv":[13,13,15,11],"texture":"#top"}}},{"from":[12,14,3],"to":[13,15,4],"faces":{"south":{"uv":[12,12,13,13],"texture":"#top"},"west":{"uv":[12,12,13,13],"texture":"#top"},"up":{"uv":[12,3,13,4],"texture":"#top"},"down":{"uv":[12,13,13,12],"texture":"#top"}}},{"from":[10,8,1],"to":[15,11,2],"faces":{"north":{"uv":[1,5,6,8],"texture":"#side"},"south":{"uv":[6,5,1,8],"texture":"#side"},"west":{"uv":[5,5,6,8],"texture":"#side"},"up":{"uv":[1,5,6,6],"rotation":180,"texture":"#side"}}},{"from":[11,11,1],"to":[15,14,2],"faces":{"north":{"uv":[1,2,5,5],"texture":"#side"},"south":{"uv":[5,2,1,5],"texture":"#side"},"west":{"uv":[4,2,5,5],"texture":"#side"}}},{"from":[11,14,1],"to":[15,15,3],"faces":{"north":{"uv":[1,14,5,15],"texture":"#top"},"east":{"uv":[1,13,2,15],"texture":"#top"},"south":{"uv":[5,13,1,14],"texture":"#top"},"west":{"uv":[4,13,5,15],"texture":"#top"},"up":{"uv":[11,1,15,3],"texture":"#top"},"down":{"uv":[11,15,15,13],"texture":"#top"}}},{"from":[6,8,1],"to":[10,9,2],"faces":{"north":{"uv":[6,7,10,8],"texture":"#side"},"south":{"uv":[10,7,6,8],"texture":"#side"},"up":{"uv":[6,7,10,8],"rotation":180,"texture":"#side"}}},{"from":[7,9,1],"to":[9,10,2],"faces":{"north":{"uv":[7,6,9,7],"texture":"#side"},"east":{"uv":[7,6,8,7],"texture":"#side"},"south":{"uv":[9,6,7,7],"texture":"#side"},"west":{"uv":[8,6,9,7],"texture":"#side"},"up":{"uv":[7,6,9,7],"rotation":180,"texture":"#side"}}},{"from":[1,8,1],"to":[6,11,2],"faces":{"north":{"uv":[10,5,15,8],"texture":"#side"},"east":{"uv":[10,5,11,8],"texture":"#side"},"south":{"uv":[15,5,10,8],"texture":"#side"},"up":{"uv":[10,5,15,6],"rotation":180,"texture":"#side"}}},{"from":[1,11,1],"to":[5,14,2],"faces":{"north":{"uv":[11,2,15,5],"texture":"#side"},"east":{"uv":[11,2,12,5],"texture":"#side"},"south":{"uv":[15,2,11,5],"texture":"#side"}}},{"from":[3,14,1],"to":[5,15,3],"faces":{"north":{"uv":[11,14,13,15],"texture":"#top"},"east":{"uv":[11,13,12,15],"texture":"#top"},"south":{"uv":[11,13,13,14],"texture":"#top"},"up":{"uv":[3,1,5,3],"texture":"#top"},"down":{"uv":[3,15,5,13],"texture":"#top"}}},{"from":[3,14,3],"to":[4,15,4],"faces":{"east":{"uv":[12,12,13,13],"texture":"#top"},"south":{"uv":[12,12,13,13],"texture":"#top"},"up":{"uv":[3,3,4,4],"texture":"#top"},"down":{"uv":[3,13,4,12],"texture":"#top"}}},{"from":[1,8,1],"to":[2,11,6],"faces":{"east":{"uv":[6,5,1,8],"texture":"#side"},"south":{"uv":[5,5,6,8],"texture":"#side"},"west":{"uv":[1,5,6,8],"texture":"#side"},"up":{"uv":[1,5,6,6],"rotation":90,"texture":"#side"}}},{"from":[1,11,1],"to":[2,14,5],"faces":{"east":{"uv":[5,2,1,5],"texture":"#side"},"south":{"uv":[4,2,5,5],"texture":"#side"},"west":{"uv":[1,2,5,5],"texture":"#side"}}},{"from":[1,14,1],"to":[3,15,5],"faces":{"north":{"uv":[1,13,2,15],"texture":"#top"},"east":{"uv":[5,13,1,14],"texture":"#top"},"south":{"uv":[4,13,5,15],"texture":"#top"},"west":{"uv":[1,14,5,15],"texture":"#top"},"up":{"uv":[1,1,3,5],"texture":"#top"},"down":{"uv":[1,15,3,11],"texture":"#top"}}},{"from":[1,8,6],"to":[2,9,10],"faces":{"east":{"uv":[10,7,6,8],"texture":"#side"},"west":{"uv":[6,7,10,8],"texture":"#side"},"up":{"uv":[6,7,10,8],"rotation":90,"texture":"#side"}}},{"from":[1,9,7],"to":[2,10,9],"faces":{"north":{"uv":[7,6,8,7],"texture":"#side"},"east":{"uv":[9,6,7,7],"texture":"#side"},"south":{"uv":[8,6,9,7],"texture":"#side"},"west":{"uv":[7,6,9,7],"texture":"#side"},"up":{"uv":[7,6,9,7],"rotation":90,"texture":"#side"}}},{"from":[1,8,10],"to":[2,11,15],"faces":{"north":{"uv":[10,5,11,8],"texture":"#side"},"east":{"uv":[15,5,10,8],"texture":"#side"},"west":{"uv":[10,5,15,8],"texture":"#side"},"up":{"uv":[10,5,15,6],"rotation":90,"texture":"#side"}}},{"from":[1,11,11],"to":[2,14,15],"faces":{"north":{"uv":[11,2,12,5],"texture":"#side"},"east":{"uv":[15,2,11,5],"texture":"#side"},"west":{"uv":[11,2,15,5],"texture":"#side"}}},{"from":[1,14,11],"to":[3,15,13],"faces":{"north":{"uv":[11,13,12,15],"texture":"#top"},"east":{"uv":[11,13,13,14],"texture":"#top"},"west":{"uv":[11,14,13,15],"texture":"#top"},"up":{"uv":[1,11,3,13],"texture":"#top"},"down":{"uv":[1,5,3,3],"texture":"#top"}}},{"from":[3,14,12],"to":[4,15,13],"faces":{"north":{"uv":[12,12,13,13],"texture":"#top"},"east":{"uv":[12,12,13,13],"texture":"#top"},"up":{"uv":[3,12,4,13],"texture":"#top"},"down":{"uv":[3,4,4,3],"texture":"#top"}}}]}