{"__comment":"Designed by GeForceLegend","textures":{"particle":"#side"},"elements":[{"from":[0.5,0.5,4.5],"to":[15.5,15.5,15.5],"faces":{"east":{"uv":[0.5,4.5,15.5,15.5],"rotation":90,"texture":"#side","cullface":"east"},"south":{"uv":[0.5,0.5,15.5,15.5],"texture":"#bottom","cullface":"south"},"west":{"uv":[0.5,15.5,15.5,4.5],"rotation":90,"texture":"#side","cullface":"west"},"up":{"uv":[0.5,4.5,15.5,15.5],"texture":"#side","cullface":"up"},"down":{"uv":[0.5,15.5,15.5,4.5],"texture":"#side","cullface":"down"}}},{"from":[0,0,0],"to":[16,16,5],"faces":{"north":{"uv":[0,0,16,16],"texture":"#platform","cullface":"north"},"east":{"uv":[0,0,16,5],"rotation":90,"texture":"#side","cullface":"east"},"south":{"uv":[0,0,16,16],"texture":"#bottom"},"west":{"uv":[16,5,0,0],"rotation":90,"texture":"#side","cullface":"west"},"up":{"uv":[0,0,16,5],"texture":"#side","cullface":"up"},"down":{"uv":[16,5,0,0],"texture":"#side","cullface":"down"}}},{"from":[1,0,15],"to":[15,1,16],"faces":{"south":{"uv":[1,15,15,16],"texture":"#bottom","cullface":"south"},"up":{"uv":[1,15,15,16],"texture":"#side"}}},{"from":[1,15,15],"to":[15,16,16],"faces":{"south":{"uv":[1,0,15,1],"texture":"#bottom","cullface":"south"},"down":{"uv":[1,15,15,16],"texture":"#side"}}},{"from":[1,0,15],"to":[15,16,16],"faces":{"up":{"uv":[1,15,15,16],"texture":"#side","cullface":"up"},"down":{"uv":[15,15,1,16],"texture":"#side","cullface":"down"}}},{"from":[0,0,5],"to":[1,16,16],"faces":{"east":{"uv":[0,5,16,16],"rotation":90,"texture":"#side"},"south":{"uv":[0,0,1,16],"texture":"#bottom","cullface":"south"},"up":{"uv":[0,5,1,16],"texture":"#side","cullface":"up"},"down":{"uv":[15,16,16,5],"texture":"#side","cullface":"down"}}},{"from":[0,0,15],"to":[16,16,16],"faces":{"north":{"uv":[0,0,16,16],"texture":"#bottom"},"east":{"uv":[0,15,16,16],"rotation":90,"texture":"#side","cullface":"east"},"west":{"uv":[16,15,0,16],"rotation":90,"texture":"#side","cullface":"west"}}},{"from":[15,0,5],"to":[16,16,16],"faces":{"south":{"uv":[15,0,16,16],"texture":"#bottom","cullface":"south"},"west":{"uv":[0,16,16,5],"rotation":90,"texture":"#side"},"up":{"uv":[15,5,16,16],"texture":"#side","cullface":"up"},"down":{"uv":[0,16,1,5],"texture":"#side","cullface":"down"}}},{"from":[0,0,5],"to":[16,1,15],"faces":{"east":{"uv":[15,5,16,15],"rotation":90,"texture":"#side","cullface":"east"},"west":{"uv":[0,15,1,5],"rotation":90,"texture":"#side","cullface":"west"},"up":{"uv":[0,5,16,15],"texture":"#side"}}},{"from":[0,15,5],"to":[16,16,15],"faces":{"east":{"uv":[0,5,1,15],"rotation":90,"texture":"#side","cullface":"east"},"west":{"uv":[15,15,16,5],"rotation":90,"texture":"#side","cullface":"west"},"down":{"uv":[16,15,0,5],"texture":"#side"}}}]}