{"__comment":"Designed by GeForceLegend","ambientocclusion":false,"textures":{"particle":"block/warped_trapdoor","layer0":"block/warped_trapdoor","layer1":"block/warped_trapdoor1","layer2":"block/warped_trapdoor2"},"elements":[{"from":[3,13,13],"to":[13,16,16],"faces":{"north":{"uv":[13,0,3,3],"texture":"#layer0"},"south":{"uv":[3,0,13,3],"texture":"#layer0","cullface":"south"},"up":{"uv":[3,0,13,3],"texture":"#layer1","cullface":"up"},"down":{"uv":[3,3,13,6],"texture":"#layer1"}}},{"from":[3,0,13],"to":[13,3,16],"faces":{"north":{"uv":[13,13,3,16],"texture":"#layer0"},"south":{"uv":[3,13,13,16],"texture":"#layer0","cullface":"south"},"up":{"uv":[3,10,13,13],"texture":"#layer1"},"down":{"uv":[3,13,13,16],"texture":"#layer1","cullface":"down"}}},{"from":[0,0,13],"to":[3,16,16],"faces":{"north":{"uv":[3,0,0,16],"texture":"#layer0"},"east":{"uv":[3,0,6,16],"texture":"#layer2"},"south":{"uv":[0,0,3,16],"texture":"#layer0","cullface":"south"},"west":{"uv":[0,0,3,16],"texture":"#layer2","cullface":"west"},"up":{"uv":[0,0,3,3],"texture":"#layer1","cullface":"up"},"down":{"uv":[0,13,3,16],"texture":"#layer1","cullface":"down"}}},{"from":[13,0,13],"to":[16,16,16],"faces":{"north":{"uv":[16,0,13,16],"texture":"#layer0"},"east":{"uv":[13,0,16,16],"texture":"#layer2","cullface":"east"},"south":{"uv":[13,0,16,16],"texture":"#layer0","cullface":"south"},"west":{"uv":[10,0,13,16],"texture":"#layer2"},"up":{"uv":[13,0,16,3],"texture":"#layer1","cullface":"up"},"down":{"uv":[13,13,16,16],"texture":"#layer1","cullface":"down"}}},{"from":[3,8,14],"to":[4,10,15],"faces":{"north":{"uv":[4,6,3,8],"texture":"#layer0"},"east":{"uv":[3,6,4,8],"texture":"#layer0"},"south":{"uv":[3,6,4,8],"texture":"#layer0","cullface":"south"},"up":{"uv":[4,6,3,7],"texture":"#layer0"},"down":{"uv":[3,7,4,8],"texture":"#layer0"}}},{"from":[4,11,14],"to":[6,13,15],"faces":{"north":{"uv":[6,3,4,5],"texture":"#layer0"},"east":{"uv":[5,3,6,5],"texture":"#layer0"},"south":{"uv":[4,3,6,5],"texture":"#layer0","cullface":"south"},"west":{"uv":[4,3,5,5],"texture":"#layer0"},"down":{"uv":[4,4,6,5],"texture":"#layer0"}}},{"from":[5,10,14],"to":[6,11,15],"faces":{"north":{"uv":[6,6,5,5],"texture":"#layer0"},"south":{"uv":[5,5,6,6],"texture":"#layer0","cullface":"south"},"west":{"uv":[5,6,6,5],"texture":"#layer0"},"down":{"uv":[5,5,6,6],"texture":"#layer0"}}},{"from":[6,6,14],"to":[7,12,15],"faces":{"north":{"uv":[7,4,6,10],"texture":"#layer0"},"east":{"uv":[6,4,7,10],"texture":"#layer0"},"south":{"uv":[6,4,7,10],"texture":"#layer0","cullface":"south"},"west":{"uv":[6,4,7,10],"texture":"#layer0"},"up":{"uv":[7,4,6,5],"texture":"#layer0"},"down":{"uv":[6,9,7,10],"texture":"#layer0"}}},{"from":[4,3,14],"to":[6,7,15],"faces":{"north":{"uv":[6,9,4,13],"texture":"#layer0"},"east":{"uv":[5,9,6,13],"texture":"#layer0"},"south":{"uv":[4,9,6,13],"texture":"#layer0","cullface":"south"},"west":{"uv":[4,9,5,13],"texture":"#layer0"},"up":{"uv":[4,9,6,10],"texture":"#layer0"}}},{"from":[5,7,14],"to":[6,8,15],"faces":{"north":{"uv":[6,9,5,8],"texture":"#layer0"},"south":{"uv":[5,8,6,9],"texture":"#layer0","cullface":"south"},"west":{"uv":[5,9,6,8],"texture":"#layer0"},"up":{"uv":[6,8,5,9],"texture":"#layer0"}}},{"from":[8,12,14],"to":[11,13,15],"faces":{"north":{"uv":[11,4,8,3],"texture":"#layer0"},"east":{"uv":[10,3,11,4],"rotation":270,"texture":"#layer0"},"south":{"uv":[8,3,11,4],"texture":"#layer0","cullface":"south"},"west":{"uv":[8,4,9,3],"texture":"#layer0"},"down":{"uv":[8,3,11,4],"texture":"#layer0"}}},{"from":[9,9,14],"to":[10,12,15],"faces":{"north":{"uv":[10,4,9,7],"texture":"#layer0"},"east":{"uv":[9,4,10,7],"texture":"#layer0"},"south":{"uv":[9,4,10,7],"texture":"#layer0","cullface":"south"},"west":{"uv":[9,4,10,7],"texture":"#layer0"},"down":{"uv":[9,6,10,7],"texture":"#layer0"}}},{"from":[10,4,14],"to":[11,11,15],"faces":{"north":{"uv":[11,5,10,12],"texture":"#layer0"},"east":{"uv":[10,5,11,12],"texture":"#layer0"},"south":{"uv":[10,5,11,12],"texture":"#layer0","cullface":"south"},"west":{"uv":[10,5,11,12],"texture":"#layer0"},"up":{"uv":[11,5,10,6],"texture":"#layer0"},"down":{"uv":[10,11,11,12],"texture":"#layer0"}}},{"from":[9,3,14],"to":[10,6,15],"faces":{"north":{"uv":[10,10,9,13],"texture":"#layer0"},"east":{"uv":[9,10,10,13],"texture":"#layer0"},"south":{"uv":[9,10,10,13],"texture":"#layer0","cullface":"south"},"west":{"uv":[9,10,10,13],"texture":"#layer0"},"up":{"uv":[10,10,9,11],"texture":"#layer0"}}},{"from":[11,3,14],"to":[12,4,15],"faces":{"north":{"uv":[12,13,11,12],"texture":"#layer0"},"east":{"uv":[11,12,12,13],"rotation":270,"texture":"#layer0"},"south":{"uv":[11,12,12,13],"texture":"#layer0","cullface":"south"},"west":{"uv":[11,13,12,12],"texture":"#layer0"},"up":{"uv":[12,12,11,13],"texture":"#layer0"}}},{"from":[12,6,14],"to":[13,11,15],"faces":{"north":{"uv":[13,5,12,10],"texture":"#layer0"},"south":{"uv":[12,5,13,10],"texture":"#layer0","cullface":"south"},"west":{"uv":[12,5,13,10],"texture":"#layer0"},"up":{"uv":[13,5,12,6],"texture":"#layer0"},"down":{"uv":[12,9,13,10],"texture":"#layer0"}}}]}