{"__comment":"Designed by GeForceLegend","parent":"block/trapdoor_display","textures":{"particle":"block/warped_trapdoor","layer0":"block/warped_trapdoor","layer1":"block/warped_trapdoor1","layer2":"block/warped_trapdoor2"},"elements":[{"from":[3,0,0],"to":[13,3,3],"faces":{"north":{"uv":[13,0,3,3],"texture":"#layer1","cullface":"north"},"south":{"uv":[3,3,13,6],"texture":"#layer1"},"up":{"uv":[3,0,13,3],"texture":"#layer0"},"down":{"uv":[3,3,13,0],"texture":"#layer0","cullface":"down"}}},{"from":[3,0,13],"to":[13,3,16],"faces":{"north":{"uv":[13,10,3,13],"texture":"#layer1"},"south":{"uv":[3,13,13,16],"texture":"#layer1","cullface":"south"},"up":{"uv":[3,13,13,16],"texture":"#layer0"},"down":{"uv":[3,16,13,13],"texture":"#layer0","cullface":"down"}}},{"from":[0,0,0],"to":[3,3,16],"faces":{"north":{"uv":[3,0,0,3],"texture":"#layer1","cullface":"north"},"east":{"uv":[3,0,6,16],"rotation":90,"texture":"#layer2"},"south":{"uv":[0,13,3,16],"texture":"#layer1","cullface":"south"},"west":{"uv":[0,16,3,0],"rotation":90,"texture":"#layer2","cullface":"west"},"up":{"uv":[0,0,3,16],"texture":"#layer0"},"down":{"uv":[0,16,3,0],"texture":"#layer0","cullface":"down"}}},{"from":[13,0,0],"to":[16,3,16],"faces":{"north":{"uv":[16,0,13,3],"texture":"#layer1","cullface":"north"},"east":{"uv":[13,0,16,16],"rotation":90,"texture":"#layer2","cullface":"east"},"south":{"uv":[13,13,16,16],"texture":"#layer1","cullface":"south"},"west":{"uv":[10,16,13,0],"rotation":90,"texture":"#layer2"},"up":{"uv":[13,0,16,16],"texture":"#layer0"},"down":{"uv":[13,16,16,0],"texture":"#layer0","cullface":"down"}}},{"from":[3,1,6],"to":[4,2,8],"faces":{"north":{"uv":[3,6,4,7],"texture":"#layer0"},"east":{"uv":[3,6,4,8],"rotation":90,"texture":"#layer0"},"south":{"uv":[3,7,4,8],"texture":"#layer0"},"up":{"uv":[3,6,4,8],"texture":"#layer0"},"down":{"uv":[3,8,4,6],"texture":"#layer0","cullface":"down"}}},{"from":[4,1,3],"to":[6,2,5],"faces":{"east":{"uv":[5,3,6,5],"rotation":90,"texture":"#layer0"},"south":{"uv":[4,4,6,5],"texture":"#layer0"},"west":{"uv":[4,5,5,3],"rotation":90,"texture":"#layer0"},"up":{"uv":[4,3,6,5],"texture":"#layer0"},"down":{"uv":[4,5,6,3],"texture":"#layer0","cullface":"down"}}},{"from":[5,1,5],"to":[6,2,6],"faces":{"south":{"uv":[5,5,6,6],"texture":"#layer0"},"west":{"uv":[5,5,6,6],"texture":"#layer0"},"up":{"uv":[5,5,6,6],"texture":"#layer0"},"down":{"uv":[5,5,6,6],"texture":"#layer0","cullface":"down"}}},{"from":[6,1,4],"to":[7,2,10],"faces":{"north":{"uv":[6,4,7,5],"texture":"#layer0"},"east":{"uv":[6,4,7,10],"rotation":90,"texture":"#layer0"},"south":{"uv":[6,9,7,10],"texture":"#layer0"},"west":{"uv":[6,10,7,4],"rotation":90,"texture":"#layer0"},"up":{"uv":[6,4,7,10],"texture":"#layer0"},"down":{"uv":[6,10,7,4],"texture":"#layer0","cullface":"down"}}},{"from":[4,1,9],"to":[6,2,13],"faces":{"north":{"uv":[6,9,4,10],"texture":"#layer0"},"east":{"uv":[5,9,6,13],"rotation":90,"texture":"#layer0"},"west":{"uv":[4,13,5,9],"rotation":90,"texture":"#layer0"},"up":{"uv":[4,9,6,13],"texture":"#layer0"},"down":{"uv":[4,13,6,9],"texture":"#layer0","cullface":"down"}}},{"from":[5,1,8],"to":[6,2,9],"faces":{"north":{"uv":[5,8,6,9],"texture":"#layer0"},"west":{"uv":[5,8,6,9],"texture":"#layer0"},"up":{"uv":[5,8,6,9],"texture":"#layer0"},"down":{"uv":[5,8,6,9],"texture":"#layer0","cullface":"down"}}},{"from":[8,1,3],"to":[11,2,4],"faces":{"east":{"uv":[10,3,11,4],"texture":"#layer0"},"south":{"uv":[8,3,11,4],"texture":"#layer0"},"west":{"uv":[8,3,9,4],"texture":"#layer0"},"up":{"uv":[8,3,11,4],"texture":"#layer0"},"down":{"uv":[8,3,11,4],"texture":"#layer0","cullface":"down"}}},{"from":[9,1,4],"to":[10,2,7],"faces":{"east":{"uv":[9,4,10,7],"rotation":90,"texture":"#layer0"},"south":{"uv":[9,6,10,7],"texture":"#layer0"},"west":{"uv":[9,7,10,4],"rotation":90,"texture":"#layer0"},"up":{"uv":[9,4,10,7],"texture":"#layer0"},"down":{"uv":[9,7,10,4],"texture":"#layer0","cullface":"down"}}},{"from":[10,1,5],"to":[11,2,12],"faces":{"north":{"uv":[10,5,11,6],"texture":"#layer0"},"east":{"uv":[10,5,11,12],"rotation":90,"texture":"#layer0"},"south":{"uv":[10,11,11,12],"texture":"#layer0"},"west":{"uv":[10,12,11,5],"rotation":90,"texture":"#layer0"},"up":{"uv":[10,5,11,12],"texture":"#layer0"},"down":{"uv":[10,12,11,5],"texture":"#layer0","cullface":"down"}}},{"from":[9,1,10],"to":[10,2,13],"faces":{"north":{"uv":[9,10,10,11],"texture":"#layer0"},"east":{"uv":[9,10,10,13],"rotation":90,"texture":"#layer0"},"west":{"uv":[9,13,10,10],"rotation":90,"texture":"#layer0"},"up":{"uv":[9,10,10,13],"texture":"#layer0"},"down":{"uv":[9,13,10,10],"texture":"#layer0","cullface":"down"}}},{"from":[11,1,12],"to":[12,2,13],"faces":{"north":{"uv":[11,12,12,13],"texture":"#layer0"},"east":{"uv":[11,12,12,13],"texture":"#layer0"},"west":{"uv":[11,12,12,13],"texture":"#layer0"},"up":{"uv":[11,12,12,13],"texture":"#layer0"},"down":{"uv":[11,12,12,13],"texture":"#layer0","cullface":"down"}}},{"from":[12,1,5],"to":[13,2,10],"faces":{"north":{"uv":[12,5,13,6],"texture":"#layer0"},"south":{"uv":[12,9,13,10],"texture":"#layer0"},"west":{"uv":[12,10,13,5],"rotation":90,"texture":"#layer0"},"up":{"uv":[12,5,13,10],"texture":"#layer0"},"down":{"uv":[12,10,13,5],"texture":"#layer0","cullface":"down"}}}]}