{
  "parent": "block/block",
  "display": {
    "ground": {
      "translation": [0, 3, 0],
      "scale": [0.35, 0.35, 0.35]
    },
    "gui": {
      "rotation": [30, 225, 0],
      "scale": [0.8, 0.8, 0.8]
    },
    "fixed": {
      "rotation": [0, 180, 0]
    },
    "thirdperson_righthand": {
      "rotation": [75, 135, 0],
      "scale": [0.35, 0.35, 0.35]
    },
    "head": {
      "rotation": [0, 180, 0],
      "translation": [0, 6.5, 0]
    }
  },
  "textures": {
    "particle": "block/chorus_plant",
    "inside": "block/chorus_plant"
  },
  "elements": [
    {
      "from": [3, 3, 3],
      "to": [13, 13, 13],
      "faces": {
        "north": {"texture": "#inside"},
        "east": {"texture": "#inside"},
        "south": {"texture": "#inside"},
        "west": {"texture": "#inside"},
        "up": {"texture": "#inside"},
        "down": {"texture": "#inside"}
      }
    }
  ]
}
