{"credit":"Made with Blockbench by Minecraft_hyr","textures":{"particle":"#texture"},"elements":[{"name":"lower bar","from":[7,6,10],"to":[9,9,16],"faces":{"east":{"uv":[4,4,10,7],"texture":"#texture"},"south":{"uv":[13,4,15,7],"texture":"#texture","cullface":"east"},"west":{"uv":[10,4,4,7],"texture":"#texture"},"up":{"uv":[13,10,15,16],"texture":"#texture"},"down":{"uv":[13,7,15,13],"texture":"#texture"}}},{"name":"top bar","from":[7,12,10],"to":[9,15,16],"faces":{"east":{"uv":[4,4,10,7],"texture":"#texture"},"south":{"uv":[13,4,15,7],"texture":"#texture","cullface":"east"},"west":{"uv":[10,4,4,7],"texture":"#texture"},"up":{"uv":[13,10,15,16],"texture":"#texture"},"down":{"uv":[13,7,15,13],"texture":"#texture"}}}],"groups":[{"name":"south","origin":[0,0,0],"color":0,"children":[0,1]}]}