{"format_version":"1.21.6","credit":"Made with Blockbench by Minecraft_hyr","ambientocclusion":false,"textures":{"particle":"#bars"},"elements":[{"from":[8,0,0],"to":[8,16,8],"faces":{"east":{"uv":[8,0,16,16],"texture":"#bars"},"west":{"uv":[16,0,8,16],"texture":"#bars"}}},{"from":[7,0,0],"to":[9,16,0.01],"faces":{"north":{"uv":[7,0,9,16],"texture":"#edge","cullface":"north"},"south":{"uv":[9,0,7,16],"texture":"#edge","cullface":"north"}}},{"from":[7,0,0],"to":[9,0.01,7],"faces":{"up":{"uv":[7,0,9,7],"texture":"#edge"},"down":{"uv":[9,0,7,7],"texture":"#edge"}}},{"from":[7,15.99,0],"to":[9,16,7],"faces":{"up":{"uv":[7,0,9,7],"texture":"#edge"},"down":{"uv":[9,0,7,7],"texture":"#edge"}}}]}