{"format_version":"1.21.6","credit":"Made with Blockbench by Minecraft_hyr","textures":{"particle":"#texture"},"elements":[{"from":[0,0,7],"to":[7,13,9],"faces":{"north":{"uv":[9,3,16,16],"texture":"#texture"},"east":{"uv":[5,3,7,16],"texture":"#texture"},"south":{"uv":[0,3,7,16],"texture":"#texture"},"west":{"uv":[0,3,2,16],"texture":"#texture","cullface":"west"},"up":{"uv":[0,3,7,5],"texture":"#texture"},"down":{"uv":[0,14,7,16],"texture":"#texture","cullface":"down"}}},{"from":[9,0,7],"to":[16,13,9],"faces":{"north":{"uv":[0,3,7,16],"texture":"#texture"},"east":{"uv":[14,3,16,16],"texture":"#texture","cullface":"east"},"south":{"uv":[9,3,16,16],"texture":"#texture"},"west":{"uv":[9,3,11,16],"texture":"#texture"},"up":{"uv":[9,3,16,5],"texture":"#texture"},"down":{"uv":[9,14,16,16],"texture":"#texture","cullface":"down"}}}]}