{
    "parent": "block/block",
    "textures": {
        "particle": "#texture"
    },
    "elements": [
        {
            "from": [ 0, 0, 0 ],
            "to": [ 16, 16, 16 ],
            "faces": {
                "up":    { "texture": "#texture" },
                "down":  { "texture": "#texture" },
                "north": { "texture": "#texture" },
                "south": { "texture": "#texture" },
                "west":  { "texture": "#texture" },
                "east":  { "texture": "#texture" }
            }
        }
    ]
}