{"format_version":"1.21.6","credit":"Made with Blockbench by Minecraft_hyr","parent":"minecraft:block/block","textures":{"particle":"#texture"},"elements":[{"from":[0,0,7],"to":[7,16,9],"faces":{"north":{"uv":[9,0,16,16],"texture":"#texture"},"east":{"uv":[5,0,7,16],"texture":"#texture"},"south":{"uv":[0,0,7,16],"texture":"#texture"},"west":{"uv":[0,0,2,16],"texture":"#texture","cullface":"west"},"up":{"uv":[0,0,7,2],"texture":"#texture","cullface":"up"},"down":{"uv":[0,14,7,16],"texture":"#texture","cullface":"down"}}},{"from":[9,0,7],"to":[16,16,9],"faces":{"north":{"uv":[0,0,7,16],"texture":"#texture"},"east":{"uv":[14,0,16,16],"texture":"#texture","cullface":"east"},"south":{"uv":[9,0,16,16],"texture":"#texture"},"west":{"uv":[9,0,11,16],"texture":"#texture"},"up":{"uv":[9,0,16,2],"texture":"#texture","cullface":"up"},"down":{"uv":[9,14,16,16],"texture":"#texture","cullface":"down"}}}],"display":{"firstperson_righthand":{"rotation":[0,135,0],"scale":[0.4,0.4,0.4]},"gui":{"rotation":[30,45,0],"scale":[0.75,0.75,0.75]},"head":{"translation":[0,-3,-6]}}}