{
    "parent": "item/template_skull",
    "display": {
        "firstperson_righthand": {
            "rotation": [ 0, 180, 0 ],
            "translation": [0, 2, 0],
            "scale": [ 0.5, 0.5, 0.5 ]
        },
        "gui": {
            "translation": [ -2, 2, 0 ],
            "rotation": [ 30, 45, 0 ],
            "scale": [ 0.6, 0.6, 0.6 ]
        },
        "thirdperson_righthand": {
            "rotation": [ 0, 180, 0 ],
            "translation": [ 0, -1, 2 ],
            "scale": [ 0.5, 0.5, 0.5 ]
        }
    }
}
