{
	"credit": "Made with Blockbench by Minecraft_hyr",
	"ambientocclusion": false,
	"textures": {
		"particle": "block/detector_rail",
		"rail": "block/detector_rail"
	},
	"elements": [
		{
			"from": [12, 0, 0],
			"to": [14, 2, 16],
			"faces": {
				"north": {"uv": [12, 0, 14, 1], "rotation": 180, "texture": "#rail", "cullface": "north"},
				"east": {"uv": [13, 16, 14, 0], "rotation": 270, "texture": "#rail"},
				"south": {"uv": [12, 15, 14, 16], "texture": "#rail", "cullface": "south"},
				"west": {"uv": [12, 0, 13, 16], "rotation": 270, "texture": "#rail"},
				"up": {"uv": [12, 0, 14, 16], "texture": "#rail"},
				"down": {"uv": [12, 0, 14, 16], "texture": "#rail", "cullface": "down"}
			}
		},
		{
			"from": [2, 0, 0],
			"to": [4, 2, 16],
			"faces": {
				"north": {"uv": [2, 0, 4, 1], "rotation": 180, "texture": "#rail", "cullface": "north"},
				"east": {"uv": [3, 16, 4, 0], "rotation": 270, "texture": "#rail"},
				"south": {"uv": [2, 15, 4, 16], "texture": "#rail", "cullface": "south"},
				"west": {"uv": [2, 0, 3, 16], "rotation": 270, "texture": "#rail"},
				"up": {"uv": [2, 0, 4, 16], "texture": "#rail"},
				"down": {"uv": [2, 0, 4, 16], "texture": "#rail", "cullface": "down"}
			}
		},
		{
			"from": [1, 0, 1],
			"to": [15, 1, 3],
			"faces": {
				"north": {"uv": [15, 1, 1, 2], "texture": "#rail"},
				"east": {"uv": [14, 1, 15, 3], "rotation": 90, "texture": "#rail"},
				"south": {"uv": [1, 2, 15, 3], "texture": "#rail"},
				"west": {"uv": [1, 3, 2, 1], "rotation": 90, "texture": "#rail"},
				"up": {"uv": [1, 1, 15, 3], "texture": "#rail"},
				"down": {"uv": [1, 3, 15, 1], "texture": "#rail", "cullface": "down"}
			}
		},
		{
			"from": [1, 0, 5],
			"to": [15, 1, 7],
			"faces": {
				"north": {"uv": [15, 5, 1, 6], "texture": "#rail"},
				"east": {"uv": [14, 5, 15, 7], "rotation": 90, "texture": "#rail"},
				"south": {"uv": [1, 6, 15, 7], "texture": "#rail"},
				"west": {"uv": [1, 7, 2, 5], "rotation": 90, "texture": "#rail"},
				"up": {"uv": [1, 5, 15, 7], "texture": "#rail"},
				"down": {"uv": [1, 7, 15, 5], "texture": "#rail", "cullface": "down"}
			}
		},
		{
			"from": [1, 0, 13],
			"to": [15, 1, 15],
			"faces": {
				"north": {"uv": [15, 13, 1, 14], "texture": "#rail"},
				"east": {"uv": [14, 13, 15, 15], "rotation": 90, "texture": "#rail"},
				"south": {"uv": [1, 14, 15, 15], "texture": "#rail"},
				"west": {"uv": [1, 15, 2, 13], "rotation": 90, "texture": "#rail"},
				"up": {"uv": [1, 13, 15, 15], "texture": "#rail"},
				"down": {"uv": [1, 15, 15, 13], "texture": "#rail", "cullface": "down"}
			}
		},
		{
			"from": [1, 0, 9],
			"to": [15, 1, 11],
			"faces": {
				"north": {"uv": [15, 9, 1, 10], "texture": "#rail"},
				"east": {"uv": [14, 9, 15, 11], "rotation": 90, "texture": "#rail"},
				"south": {"uv": [1, 10, 15, 11], "texture": "#rail"},
				"west": {"uv": [1, 11, 2, 9], "rotation": 90, "texture": "#rail"},
				"up": {"uv": [1, 9, 15, 11], "texture": "#rail"},
				"down": {"uv": [1, 11, 15, 9], "texture": "#rail", "cullface": "down"}
			}
		},
		{
			"from": [5, 0, 7],
			"to": [11, 1, 9],
			"rotation": {"angle": 0, "axis": "y", "origin": [4, 0, -2]},
			"faces": {
				"north": {"uv": [11, 7, 5, 8], "texture": "#rail"},
				"east": {"uv": [10, 7, 11, 9], "rotation": 90, "texture": "#rail"},
				"south": {"uv": [5, 8, 11, 9], "texture": "#rail"},
				"west": {"uv": [5, 9, 6, 7], "rotation": 90, "texture": "#rail"},
				"up": {"uv": [5, 7, 11, 9], "texture": "#rail"},
				"down": {"uv": [5, 9, 11, 7], "texture": "#rail", "cullface": "down"}
			}
		},
		{
			"from": [6, 1, 6],
			"to": [10, 2, 10],
			"rotation": {"angle": 0, "axis": "y", "origin": [5, 0, -3]},
			"faces": {
				"north": {"uv": [10, 6, 6, 7], "texture": "#rail"},
				"east": {"uv": [9, 6, 10, 10], "rotation": 90, "texture": "#rail"},
				"south": {"uv": [6, 9, 10, 10], "texture": "#rail"},
				"west": {"uv": [6, 10, 7, 6], "rotation": 90, "texture": "#rail"},
				"up": {"uv": [6, 6, 10, 10], "texture": "#rail"},
				"down": {"uv": [6, 10, 10, 6], "texture": "#rail", "cullface": "down"}
			}
		}
	]
}