{"parent":"res_fixes:block/shadeless/block","textures":{"particle":"#front","down":"#bottom","up":"#top","north":"#front","east":"#side","south":"#side","west":"#side"},"elements":[{"from":[0,0,0],"to":[16,16,16],"faces":{"down":{"texture":"#down","cullface":"down"},"up":{"texture":"#up","cullface":"up"},"south":{"texture":"#south","cullface":"south"},"west":{"texture":"#west","cullface":"west"},"east":{"texture":"#east","cullface":"east"}}},{"from":[0,0,0],"to":[16,16,16],"shade":false,"faces":{"north":{"texture":"#north","cullface":"north"}}}]}