{
	"parent": "block/thin_block",
	"display": {
		"thirdperson_righthand": {
			"rotation": [90, 0, 0],
			"translation": [0, 1, 4],
            "scale": [0.4, 0.4, 0.4]
		},
		"firstperson_righthand": {
			"rotation": [90, 0, 0],
			"translation": [0, 2, 4],
            "scale": [0.4, 0.4, 0.4]
		},
		"gui": {
			"rotation": [120, 0, -45],
			"translation": [4, -2, 0],
			"scale": [0.8, 0.8, 0.8]
		}
	},
    "textures": {
        "particle": "#texture"
    },
    "elements": [
        {   "from": [ 5, 0, 6 ],
            "to": [ 11, 2, 10 ],
            "faces": {
                "down":  { "uv": [ 5,  6, 11, 10 ], "texture": "#texture", "cullface": "down" },
                "up":    { "uv": [ 5,  6, 11, 10 ], "texture": "#texture" },
                "north": { "uv": [ 5, 14, 11, 16 ], "texture": "#texture" },
                "south": { "uv": [ 5, 14, 11, 16 ], "texture": "#texture" },
                "west":  { "uv": [ 6, 14, 10, 16 ], "texture": "#texture" },
                "east":  { "uv": [ 6, 14, 10, 16 ], "texture": "#texture" }
            }
        }
    ]
}
