{
  "format_version": "1.21.6",
  "credit": "Made with Blockbench by Minecraft_hyr",
  "ambientocclusion": false,
  "textures": {
    "particle": "#bars"
  },
  "elements": [
    {
      "from": [8, 0, 8],
      "to": [8, 16, 16],
      "faces": {
        "east": {"uv": [0, 0, 8, 16], "texture": "#bars"},
        "west": {"uv": [8, 0, 0, 16], "texture": "#bars"}
      }
    },
    {
      "from": [7, 0, 15.99],
      "to": [9, 16, 16],
      "faces": {
        "north": {"uv": [9, 0, 7, 16], "texture": "#edge", "cullface": "south"},
        "south": {"uv": [7, 0, 9, 16], "texture": "#edge", "cullface": "south"}
      }
    },
    {
      "from": [7, 0, 9],
      "to": [9, 0.01, 16],
      "faces": {
        "up": {"uv": [7, 9, 9, 16], "texture": "#edge"},
        "down": {"uv": [9, 9, 7, 16], "texture": "#edge"}
      }
    },
    {
      "from": [7, 15.99, 9],
      "to": [9, 16, 16],
      "faces": {
        "up": {"uv": [7, 9, 9, 16], "texture": "#edge"},
        "down": {"uv": [9, 9, 7, 16], "texture": "#edge"}
      }
    }
  ]
}