{
	"credit": "Made with Blockbench",
	"ambientocclusion": false,
	"textures": {
		"particle": "block/bamboo_large_leaves",
		"texture": "block/bamboo_large_leaves"
	},
	"elements": [
		{
			"from": [0, 0, 8],
			"to": [16, 16, 8],
			"shade": false,
			"faces": {
				"north": {"uv": [0, 0, 16, 16], "texture": "#texture", "tintindex": 0},
				"south": {"uv": [0, 0, 16, 16], "texture": "#texture", "tintindex": 0}
			}
		},
		{
			"from": [8, 0, 0],
			"to": [8, 16, 16],
			"shade": false,
			"faces": {
				"east": {"uv": [0, 0, 16, 16], "texture": "#texture", "tintindex": 0},
				"west": {"uv": [0, 0, 16, 16], "texture": "#texture", "tintindex": 0}
			}
		}
	]
}