{
  "credit": "Made with Blockbench by Minecraft_hyr",
  "parent": "block/block",
  "textures": {
    "bottom": "block/cactus_bottom",
    "top": "block/cactus_top",
    "particle": "block/cactus_side",
    "side": "block/cactus_side"
  },
  "elements": [
    {
      "from": [0, 0, 0],
      "to": [16, 16, 16],
      "faces": {
        "up": {"uv": [0, 0, 16, 16], "texture": "#top", "cullface": "up"},
        "down": {"uv": [0, 0, 16, 16], "texture": "#bottom", "cullface": "down"}
      }
    },
    {
      "from": [0, 0, 15],
      "to": [16, 16, 15],
      "faces": {
        "north": {"uv": [16, 0, 0, 16], "texture": "#side"},
        "south": {"uv": [0, 0, 16, 16], "texture": "#side"}
      }
    },
    {
      "from": [0, 0, 1],
      "to": [16, 16, 1],
      "faces": {
        "north": {"uv": [0, 0, 16, 16], "texture": "#side"},
        "south": {"uv": [16, 0, 0, 16], "texture": "#side"}
      }
    },
    {
      "from": [15, 0, 0],
      "to": [15, 16, 16],
      "faces": {
        "east": {"uv": [0, 0, 16, 16], "texture": "#side"},
        "west": {"uv": [16, 0, 0, 16], "texture": "#side"}
      }
    },
    {
      "from": [1, 0, 0],
      "to": [1, 16, 16],
      "faces": {
        "east": {"uv": [16, 0, 0, 16], "texture": "#side"},
        "west": {"uv": [0, 0, 16, 16], "texture": "#side"}
      }
    }
  ]
}