{
  "credit": "Made with Blockbench by Minecraft_hyr",
  "parent": "minecraft:block/thin_block",
  "ambientocclusion": false,
  "textures": {
    "slab": "block/smooth_stone",
    "particle": "block/comparator",
    "top": "block/comparator",
    "unlit": "res_fixes:block/redstone_torch_off"
  },
  "elements": [
    {
      "from": [0, 0, 0],
      "to": [16, 2, 16],
      "faces": {
        "north": {"uv": [0, 14, 16, 16], "texture": "#slab", "cullface": "north"},
        "east": {"uv": [0, 14, 16, 16], "texture": "#slab", "cullface": "east"},
        "south": {"uv": [0, 14, 16, 16], "texture": "#slab", "cullface": "south"},
        "west": {"uv": [0, 14, 16, 16], "texture": "#slab", "cullface": "west"},
        "up": {"uv": [0, 0, 16, 16], "texture": "#top"},
        "down": {"uv": [0, 0, 16, 16], "texture": "#slab", "cullface": "down"}
      }
    },
    {
      "from": [4, 2, 11],
      "to": [6, 7, 13],
      "faces": {
        "north": {"uv": [7, 6, 9, 11], "texture": "#unlit"},
        "east": {"uv": [7, 6, 9, 11], "texture": "#unlit"},
        "south": {"uv": [7, 6, 9, 11], "texture": "#unlit"},
        "west": {"uv": [7, 6, 9, 11], "texture": "#unlit"},
        "up": {"uv": [7, 0, 9, 2], "texture": "#unlit"}
      }
    },
    {
      "from": [10, 2, 11],
      "to": [12, 7, 13],
      "faces": {
        "north": {"uv": [7, 6, 9, 11], "texture": "#unlit"},
        "east": {"uv": [7, 6, 9, 11], "texture": "#unlit"},
        "south": {"uv": [7, 6, 9, 11], "texture": "#unlit"},
        "west": {"uv": [7, 6, 9, 11], "texture": "#unlit"},
        "up": {"uv": [7, 0, 9, 2], "texture": "#unlit"}
      }
    },
    {
      "from": [7, 2, 2],
      "to": [9, 5, 4],
      "faces": {
        "north": {"uv": [7, 6, 9, 9], "texture": "#unlit"},
        "east": {"uv": [7, 6, 9, 9], "texture": "#unlit"},
        "south": {"uv": [7, 6, 9, 9], "texture": "#unlit"},
        "west": {"uv": [7, 6, 9, 9], "texture": "#unlit"},
        "up": {"uv": [7, 0, 9, 2], "texture": "#unlit"}
      }
    }
  ],
  "display": {
    "thirdperson_righthand": {
      "rotation": [75, -45, 0],
      "translation": [0, 2.5, 0],
      "scale": [0.4, 0.4, 0.4]
    },
    "firstperson_righthand": {
      "rotation": [0, -45, 0],
      "translation": [0, 4.2, 0],
      "scale": [0.4, 0.4, 0.4]
    },
    "gui": {
      "rotation": [30, -45, 0],
      "translation": [0, 3, 0],
      "scale": [0.625, 0.625, 0.625]
    }
  }
}