{
  "credit": "Made with Blockbench by Minecraft_hyr",
  "ambientocclusion": false,
  "textures": {
    "slab": "block/smooth_stone",
    "particle": "block/comparator_on",
    "top": "block/comparator_on",
    "lit": "res_fixes:block/redstone_torch"
  },
  "elements": [
    {
      "from": [0, 0, 0],
      "to": [16, 2, 16],
      "faces": {
        "north": {"uv": [0, 14, 16, 16], "texture": "#slab", "cullface": "north"},
        "east": {"uv": [0, 14, 16, 16], "texture": "#slab", "cullface": "east"},
        "south": {"uv": [0, 14, 16, 16], "texture": "#slab", "cullface": "south"},
        "west": {"uv": [0, 14, 16, 16], "texture": "#slab", "cullface": "west"},
        "up": {"uv": [0, 0, 16, 16], "texture": "#top"},
        "down": {"uv": [0, 0, 16, 16], "texture": "#slab", "cullface": "down"}
      }
    },
    {
      "from": [10, 5, 11],
      "to": [12, 7, 13],
      "shade": false,
      "faces": {
        "north": {"uv": [7, 6, 9, 8], "texture": "#lit"},
        "east": {"uv": [7, 6, 9, 8], "texture": "#lit"},
        "south": {"uv": [7, 6, 9, 8], "texture": "#lit"},
        "west": {"uv": [7, 6, 9, 8], "texture": "#lit"},
        "up": {"uv": [7, 0, 9, 2], "texture": "#lit"}
      }
    },
    {
      "from": [10, 2, 11],
      "to": [12, 5, 13],
      "faces": {
        "north": {"uv": [7, 13, 9, 16], "texture": "#lit"},
        "east": {"uv": [7, 13, 9, 16], "texture": "#lit"},
        "south": {"uv": [7, 13, 9, 16], "texture": "#lit"},
        "west": {"uv": [7, 13, 9, 16], "texture": "#lit"},
        "down": {"uv": [7, 13, 9, 15], "texture": "#lit", "cullface": "down"}
      }
    },
    {
      "from": [12.5, 7.5, 13.5],
      "to": [9.5, 4.5, 10.5],
      "shade": false,
      "faces": {
        "north": {"uv": [7, 7, 6, 6], "texture": "#lit"},
        "east": {"uv": [10, 8, 9, 7], "texture": "#lit"},
        "south": {"uv": [10, 7, 9, 6], "texture": "#lit"},
        "west": {"uv": [7, 8, 6, 7], "texture": "#lit"},
        "up": {"uv": [8, 5, 9, 6], "texture": "#lit"},
        "down": {"uv": [8, 6, 7, 5], "texture": "#lit"}
      }
    },
    {
      "from": [4, 5, 11],
      "to": [6, 7, 13],
      "shade": false,
      "faces": {
        "north": {"uv": [7, 6, 9, 8], "texture": "#lit"},
        "east": {"uv": [7, 6, 9, 8], "texture": "#lit"},
        "south": {"uv": [7, 6, 9, 8], "texture": "#lit"},
        "west": {"uv": [7, 6, 9, 8], "texture": "#lit"},
        "up": {"uv": [7, 0, 9, 2], "texture": "#lit"}
      }
    },
    {
      "from": [4, 2, 11],
      "to": [6, 5, 13],
      "faces": {
        "north": {"uv": [7, 13, 9, 16], "texture": "#lit"},
        "east": {"uv": [7, 13, 9, 16], "texture": "#lit"},
        "south": {"uv": [7, 13, 9, 16], "texture": "#lit"},
        "west": {"uv": [7, 13, 9, 16], "texture": "#lit"},
        "down": {"uv": [7, 13, 9, 15], "texture": "#lit", "cullface": "down"}
      }
    },
    {
      "from": [6.5, 7.5, 13.5],
      "to": [3.5, 4.5, 10.5],
      "shade": false,
      "faces": {
        "north": {"uv": [7, 7, 6, 6], "texture": "#lit"},
        "east": {"uv": [10, 8, 9, 7], "texture": "#lit"},
        "south": {"uv": [10, 7, 9, 6], "texture": "#lit"},
        "west": {"uv": [7, 8, 6, 7], "texture": "#lit"},
        "up": {"uv": [8, 5, 9, 6], "texture": "#lit"},
        "down": {"uv": [8, 6, 7, 5], "texture": "#lit"}
      }
    },
    {
      "from": [7, 3, 3],
      "to": [9, 5, 5],
      "shade": false,
      "faces": {
        "north": {"uv": [7, 6, 9, 8], "texture": "#lit"},
        "east": {"uv": [7, 6, 9, 8], "texture": "#lit"},
        "south": {"uv": [7, 6, 9, 8], "texture": "#lit"},
        "west": {"uv": [7, 6, 9, 8], "texture": "#lit"},
        "up": {"uv": [7, 0, 9, 2], "texture": "#lit"}
      }
    },
    {
      "from": [7, 2, 3],
      "to": [9, 3, 5],
      "faces": {
        "north": {"uv": [7, 8, 9, 9], "texture": "#lit"},
        "east": {"uv": [7, 8, 9, 9], "texture": "#lit"},
        "south": {"uv": [7, 8, 9, 9], "texture": "#lit"},
        "west": {"uv": [7, 8, 9, 9], "texture": "#lit"},
        "down": {"uv": [7, 13, 9, 15], "texture": "#lit", "cullface": "down"}
      }
    },
    {
      "from": [9.5, 5.5, 5.5],
      "to": [6.5, 2.5, 2.5],
      "shade": false,
      "faces": {
        "north": {"uv": [7, 7, 6, 6], "texture": "#lit"},
        "east": {"uv": [10, 8, 9, 7], "texture": "#lit"},
        "south": {"uv": [10, 7, 9, 6], "texture": "#lit"},
        "west": {"uv": [7, 8, 6, 7], "texture": "#lit"},
        "up": {"uv": [8, 5, 9, 6], "texture": "#lit"},
        "down": {"uv": [8, 6, 7, 5], "texture": "#lit"}
      }
    }
  ],
  "groups": [
    0,
    {
      "name": "group",
      "origin": [3, 0, 4],
      "color": 0,
      "children": [1, 2, 3]
    },
    {
      "name": "group",
      "origin": [3, 0, 4],
      "color": 0,
      "children": [4, 5, 6]
    },
    {
      "name": "group",
      "origin": [3, 0, 4],
      "color": 0,
      "children": [7, 8, 9]
    }
  ]
}