{
  "credit": "Made with Blockbench by Minecraft_hyr",
  "parent": "block/block",
  "textures": {
    "particle": "#texture"
  },
  "elements": [
    {
      "name": "Post",
      "from": [6, 0, 6],
      "to": [10, 16, 10],
      "faces": {
        "north": {"uv": [6, 0, 10, 16], "texture": "#texture"},
        "east": {"uv": [6, 0, 10, 16], "texture": "#texture"},
        "south": {"uv": [6, 0, 10, 16], "texture": "#texture"},
        "west": {"uv": [6, 0, 10, 16], "texture": "#texture"},
        "up": {"uv": [6, 6, 10, 10], "texture": "#texture"},
        "down": {"uv": [6, 6, 10, 10], "texture": "#texture", "cullface": "down"}
      }
    },
    {
      "name": "top bar",
      "from": [7, 12, 0],
      "to": [9, 15, 6],
      "faces": {
        "north": {"uv": [7, 1, 9, 4], "texture": "#texture", "cullface": "north"},
        "east": {"uv": [0, 1, 6, 4], "texture": "#texture"},
        "west": {"uv": [0, 1, 6, 4], "texture": "#texture"},
        "up": {"uv": [7, 0, 9, 6], "texture": "#texture"},
        "down": {"uv": [7, 0, 9, 6], "texture": "#texture"}
      }
    },
    {
      "name": "lower bar",
      "from": [7, 6, 0],
      "to": [9, 9, 6],
      "faces": {
        "north": {"uv": [7, 7, 9, 10], "texture": "#texture", "cullface": "north"},
        "east": {"uv": [0, 7, 6, 10], "texture": "#texture"},
        "west": {"uv": [0, 7, 6, 10], "texture": "#texture"},
        "up": {"uv": [7, 0, 9, 6], "texture": "#texture"},
        "down": {"uv": [7, 0, 9, 6], "texture": "#texture"}
      }
    },
    {
      "name": "top bar",
      "from": [7, 12, 10],
      "to": [9, 15, 16],
      "faces": {
        "east": {"uv": [0, 1, 6, 4], "texture": "#texture"},
        "south": {"uv": [7, 1, 9, 4], "texture": "#texture", "cullface": "north"},
        "west": {"uv": [0, 1, 6, 4], "texture": "#texture"},
        "up": {"uv": [7, 0, 9, 6], "rotation": 180, "texture": "#texture"},
        "down": {"uv": [7, 0, 9, 6], "rotation": 180, "texture": "#texture"}
      }
    },
    {
      "name": "lower bar",
      "from": [7, 6, 10],
      "to": [9, 9, 16],
      "faces": {
        "east": {"uv": [0, 7, 6, 10], "texture": "#texture"},
        "south": {"uv": [7, 7, 9, 10], "texture": "#texture", "cullface": "north"},
        "west": {"uv": [0, 7, 6, 10], "texture": "#texture"},
        "up": {"uv": [7, 0, 9, 6], "rotation": 180, "texture": "#texture"},
        "down": {"uv": [7, 0, 9, 6], "rotation": 180, "texture": "#texture"}
      }
    }
  ],
  "display": {
    "gui": {
      "rotation": [30, 135, 0],
      "scale": [0.625, 0.625, 0.625]
    },
    "fixed": {
      "rotation": [0, 90, 0],
      "scale": [0.5, 0.5, 0.5]
    }
  }
}