{
	"credit": "Made with Blockbench by Minecraft_hyr",
	"ambientocclusion": false,
	"textures": {
		"dirt": "block/dirt",
		"particle": "block/flower_pot",
		"flowerpot": "block/flower_pot"
	},
	"elements": [
		{
			"from": [5, 0, 5],
			"to": [11, 6, 11],
			"faces": {
				"north": {"uv": [0, 5, 6, 11], "texture": "#flowerpot"},
				"east": {"uv": [0, 5, 6, 11], "texture": "#flowerpot"},
				"south": {"uv": [0, 5, 6, 11], "texture": "#flowerpot"},
				"west": {"uv": [0, 5, 6, 11], "texture": "#flowerpot"},
				"up": {"uv": [0, 0, 6, 6], "texture": "#flowerpot"},
				"down": {"uv": [6, 5, 12, 11], "texture": "#flowerpot", "cullface": "down"}
			}
		},
		{
			"from": [10, 6, 10],
			"to": [6, 4, 6],
			"faces": {
				"north": {"uv": [6, 7, 0, 5], "texture": "#flowerpot"},
				"east": {"uv": [6, 7, 0, 5], "texture": "#flowerpot"},
				"south": {"uv": [6, 7, 0, 5], "texture": "#flowerpot"},
				"west": {"uv": [6, 7, 0, 5], "texture": "#flowerpot"},
				"up": {"uv": [10, 10, 6, 6], "texture": "#dirt"}
			}
		}
	],
	"groups": [
		{
			"name": "group",
			"origin": [8, 8, 8],
			"color": 0,
			"children": [0, 1]
		}
	]
}