{
	"credit": "Made by Minecraft_hyr",
  "ambientocclusion": false,
  "textures": {
    "0": "block/dripstone_block",
    "particle": "block/dripstone_block"
  },
  "elements": [
    {
      "from": [3, 0, 3],
      "to": [13, 16, 13],
      "faces": {
        "north": {"texture": "#0"},
        "east": {"texture": "#0"},
        "south": {"texture": "#0"},
        "west": {"texture": "#0"},
        "up": {"texture": "#0", "cullface": "up"},
        "down": {"texture": "#0", "cullface": "down"}
      }
    }
  ]
}