{
	"credit": "Made by Minecraft_hyr",
  "textures": {
    "0": "block/dripstone_block",
    "particle": "block/dripstone_block"
  },
  "elements": [
    {
      "from": [4, 0, 4],
      "to": [12, 8, 12],
      "faces": {
        "north": {"texture": "#0"},
        "east": {"texture": "#0"},
        "south": {"texture": "#0"},
        "west": {"texture": "#0"},
        "up": {"texture": "#0"},
				"down": {"texture": "#0", "cullface": "down"}
      }
    },
    {
      "from": [5, 8, 5],
      "to": [11, 16, 11],
      "faces": {
        "north": {"texture": "#0"},
        "east": {"texture": "#0"},
        "south": {"texture": "#0"},
        "west": {"texture": "#0"},
        "up": {"texture": "#0", "cullface": "up"}
      }
    }
  ]
}