{
	"credit": "Made by Minecraft_hyr",
  "ambientocclusion": false,
  "textures": {
    "0": "block/dripstone_block",
    "particle": "block/dripstone_block"
  },
  "elements": [
    {
      "from": [5, 0, 5],
      "to": [11, 8, 11],
      "faces": {
        "north": {"texture": "#0"},
        "east": {"texture": "#0"},
        "south": {"texture": "#0"},
        "west": {"texture": "#0"},
				"down": {"texture": "#0", "cullface": "down"}
      }
    },
    {
      "from": [4, 8, 4],
      "to": [12, 16, 12],
      "faces": {
        "north": {"texture": "#0"},
        "east": {"texture": "#0"},
        "south": {"texture": "#0"},
        "west": {"texture": "#0"},
        "up": {"texture": "#0", "cullface": "up"},
				"down": {"texture": "#0"}
      }
    }
  ]
}