{
  "credit": "Made by Minecraft_hyr",
  "textures": {
    "0": "block/dripstone_block",
    "1": "block/pointed_dripstone_up_tip_merge",
    "particle": "block/dripstone_block"
  },
  "elements": [
    {
      "from": [4, 0, 4],
      "to": [12, 2, 12],
      "faces": {
        "north": {"uv": [4, 14, 12, 16], "texture": "#1"},
        "east": {"uv": [4, 14, 12, 16], "texture": "#1"},
        "south": {"uv": [4, 14, 12, 16], "texture": "#1"},
        "west": {"uv": [4, 14, 12, 16], "texture": "#1"},
        "up": {"uv": [4, 4, 12, 12], "texture": "#0", "cullface": "up"},
        "down": {"uv": [4, 4, 12, 12], "texture": "#0", "cullface": "down"}
      }
    },
    {
      "from": [4, 2, 4],
      "to": [11, 5, 11],
      "faces": {
        "north": {"uv": [4, 11, 11, 14], "texture": "#1"},
        "east": {"uv": [4, 11, 11, 14], "texture": "#1"},
        "south": {"uv": [4, 11, 11, 14], "texture": "#1"},
        "west": {"uv": [4, 11, 11, 14], "texture": "#1"},
        "up": {"uv": [4, 4, 11, 11], "texture": "#0", "cullface": "up"}
      }
    },
    {
      "from": [4, 5, 4],
      "to": [10, 6, 10],
      "faces": {
        "north": {"uv": [4, 10, 10, 11], "texture": "#1"},
        "east": {"uv": [4, 10, 10, 11], "texture": "#1"},
        "south": {"uv": [4, 10, 10, 11], "texture": "#1"},
        "west": {"uv": [4, 10, 10, 11], "texture": "#1"},
        "up": {"uv": [4, 4, 10, 10], "texture": "#0", "cullface": "up"}
      }
    },
    {
      "from": [5, 6, 5],
      "to": [10, 12, 10],
      "faces": {
        "north": {"uv": [5, 4, 10, 10], "texture": "#1"},
        "east": {"uv": [5, 4, 10, 10], "texture": "#1"},
        "south": {"uv": [5, 4, 10, 10], "texture": "#1"},
        "west": {"uv": [5, 4, 10, 10], "texture": "#1"},
        "up": {"uv": [5, 5, 10, 10], "texture": "#0", "cullface": "up"}
      }
    },
    {
      "from": [5, 12, 5],
      "to": [9, 13, 9],
      "faces": {
        "north": {"uv": [5, 3, 9, 4], "texture": "#1"},
        "east": {"uv": [5, 3, 9, 4], "texture": "#1"},
        "south": {"uv": [5, 3, 9, 4], "texture": "#1"},
        "west": {"uv": [5, 3, 9, 4], "texture": "#1"},
        "up": {"uv": [5, 5, 9, 9], "texture": "#0", "cullface": "up"}
      }
    },
    {
      "from": [6, 13, 6],
      "to": [9, 16, 9],
      "faces": {
        "north": {"uv": [6, 0, 9, 3], "texture": "#1"},
        "east": {"uv": [6, 0, 9, 3], "texture": "#1"},
        "south": {"uv": [6, 0, 9, 3], "texture": "#1"},
        "west": {"uv": [6, 0, 9, 3], "texture": "#1"},
        "up": {"uv": [6, 6, 9, 9], "texture": "#0", "cullface": "up"}
      }
    }
  ]
}