{
	"credit": "Made with Blockbench by Minecraft_hyr",
	"ambientocclusion": false,
	"textures": {
		"bamboo": "block/bamboo_stalk",
		"dirt": "block/dirt",
		"particle": "block/flower_pot",
		"flowerpot": "block/flower_pot",
		"leaf": "block/bamboo_singleleaf"
	},
	"elements": [
		{
			"from": [7, 4, 7],
			"to": [9, 16, 9],
			"faces": {
				"north": {"uv": [6, 0, 8, 12], "texture": "#bamboo"},
				"east": {"uv": [6, 0, 8, 12], "texture": "#bamboo"},
				"south": {"uv": [6, 0, 8, 12], "texture": "#bamboo"},
				"west": {"uv": [6, 0, 8, 12], "texture": "#bamboo"},
				"up": {"uv": [13, 0, 15, 2], "texture": "#bamboo", "cullface": "up"}
			}
		},
		{
			"from": [0, 2, 8],
			"to": [16, 18, 8],
			"shade": false,
			"faces": {
				"north": {"uv": [0, 0, 16, 16], "texture": "#leaf"},
				"south": {"uv": [16, 0, 0, 16], "texture": "#leaf"}
			}
		},
		{
			"from": [5, 0, 5],
			"to": [11, 6, 11],
			"faces": {
				"north": {"uv": [0, 5, 6, 11], "texture": "#flowerpot"},
				"east": {"uv": [0, 5, 6, 11], "texture": "#flowerpot"},
				"south": {"uv": [0, 5, 6, 11], "texture": "#flowerpot"},
				"west": {"uv": [0, 5, 6, 11], "texture": "#flowerpot"},
				"up": {"uv": [0, 0, 6, 6], "texture": "#flowerpot"},
				"down": {"uv": [6, 5, 12, 11], "texture": "#flowerpot", "cullface": "down"}
			}
		},
		{
			"from": [10, 6, 10],
			"to": [6, 4, 6],
			"faces": {
				"north": {"uv": [6, 7, 0, 5], "texture": "#flowerpot"},
				"east": {"uv": [6, 7, 0, 5], "texture": "#flowerpot"},
				"south": {"uv": [6, 7, 0, 5], "texture": "#flowerpot"},
				"west": {"uv": [6, 7, 0, 5], "texture": "#flowerpot"},
				"up": {"uv": [10, 10, 6, 6], "texture": "#dirt"}
			}
		}
	],
	"groups": [
		0,
		1,
		{
			"name": "group",
			"origin": [8, 8, 8],
			"color": 0,
			"children": [2, 3]
		}
	]
}