{
	"credit": "Made with Blockbench",
	"ambientocclusion": false,
	"textures": {
		"cactus": "block/cactus_side",
		"cactus_top": "block/cactus_top",
		"particle": "block/flower_pot",
		"flowerpot": "block/flower_pot"
	},
	"elements": [
		{
			"from": [6, 5, 6],
			"to": [10, 16, 10],
			"faces": {
				"north": {"uv": [6, 0, 10, 11], "texture": "#cactus"},
				"east": {"uv": [6, 0, 10, 11], "texture": "#cactus"},
				"south": {"uv": [6, 0, 10, 11], "texture": "#cactus"},
				"west": {"uv": [6, 0, 10, 11], "texture": "#cactus"},
				"up": {"uv": [6, 6, 10, 10], "texture": "#cactus_top", "cullface": "up"}
			}
		},
		{
			"from": [5, 0, 5],
			"to": [11, 6, 11],
			"faces": {
				"north": {"uv": [0, 5, 6, 11], "texture": "#flowerpot"},
				"east": {"uv": [0, 5, 6, 11], "texture": "#flowerpot"},
				"south": {"uv": [0, 5, 6, 11], "texture": "#flowerpot"},
				"west": {"uv": [0, 5, 6, 11], "texture": "#flowerpot"},
				"up": {"uv": [0, 0, 6, 6], "texture": "#flowerpot"},
				"down": {"uv": [6, 5, 12, 11], "texture": "#flowerpot", "cullface": "down"}
			}
		}
	],
	"groups": [
		0,
		{
			"name": "group",
			"origin": [8, 8, 8],
			"color": 0,
			"children": [1]
		}
	]
}