{
  "credit": "Made with Blockbench by Minecraft_hyr",
  "ambientocclusion": false,
  "textures": {
    "line": "block/redstone_dust_line0",
    "overlay": "block/redstone_dust_overlay",
    "particle": "block/redstone_dust_dot"
  },
  "elements": [
    {
      "from": [0, 0, 0.1],
      "to": [16, 16, 0.1],
      "shade": false,
      "faces": {
        "north": {"uv": [16, 0, 0, 16], "texture": "#line", "cullface": "north", "tintindex": 0},
        "south": {"uv": [0, 0, 16, 16], "texture": "#line", "tintindex": 0}
      }
    },
    {
      "from": [0, 0, 0.1],
      "to": [16, 16, 0.1],
      "shade": false,
      "faces": {
        "north": {"uv": [16, 0, 0, 16], "texture": "#overlay", "cullface": "north"},
        "south": {"uv": [0, 0, 16, 16], "texture": "#overlay"}
      }
    }
  ]
}