{
  "credit": "Made with Blockbench by Minecraft_hyr",
  "ambientocclusion": false,
  "textures": {
    "overlay": "block/redstone_dust_overlay",
    "particle": "block/redstone_dust_dot"
  },
  "elements": [
    {
      "from": [0, 0.1, 8],
      "to": [16, 0.1, 16],
      "shade": false,
      "faces": {
        "up": {"uv": [0, 8, 16, 16], "texture": "#line", "tintindex": 0},
        "down": {"uv": [0, 16, 16, 8], "texture": "#line", "cullface": "down", "tintindex": 0}
      }
    },
    {
      "from": [0, 0.1, 8],
      "to": [16, 0.1, 16],
      "shade": false,
      "faces": {
        "up": {"uv": [0, 8, 16, 16], "texture": "#overlay"},
        "down": {"uv": [0, 16, 16, 8], "texture": "#overlay", "cullface": "down"}
      }
    }
  ]
}