{
  "credit": "Made with Blockbench by Minecraft_hyr",
  "ambientocclusion": false,
  "textures": {
    "slab": "block/smooth_stone",
    "particle": "block/repeater_on",
    "top": "block/repeater_on",
    "lit": "res_fixes:block/redstone_torch",
    "lock": "block/bedrock"
  },
  "elements": [
    {
      "from": [0, 0, 0],
      "to": [16, 2, 16],
      "faces": {
        "north": {"uv": [0, 14, 16, 16], "texture": "#slab", "cullface": "north"},
        "east": {"uv": [0, 14, 16, 16], "texture": "#slab", "cullface": "east"},
        "south": {"uv": [0, 14, 16, 16], "texture": "#slab", "cullface": "south"},
        "west": {"uv": [0, 14, 16, 16], "texture": "#slab", "cullface": "west"},
        "up": {"uv": [0, 0, 16, 16], "texture": "#top"},
        "down": {"uv": [0, 0, 16, 16], "texture": "#slab", "cullface": "down"}
      }
    },
    {
      "from": [2, 2, 10],
      "to": [14, 4, 12],
      "faces": {
        "north": {"uv": [2, 7, 14, 9], "texture": "#lock"},
        "east": {"uv": [6, 7, 8, 9], "texture": "#lock"},
        "south": {"uv": [2, 7, 14, 9], "texture": "#lock"},
        "west": {"uv": [6, 7, 8, 9], "texture": "#lock"},
        "up": {"uv": [7, 2, 9, 14], "rotation": 90, "texture": "#lock"}
      }
    },
    {
      "from": [7, 5, 2],
      "to": [9, 7, 4],
      "shade": false,
      "faces": {
        "north": {"uv": [7, 6, 9, 8], "texture": "#lit"},
        "east": {"uv": [7, 6, 9, 8], "texture": "#lit"},
        "south": {"uv": [7, 6, 9, 8], "texture": "#lit"},
        "west": {"uv": [7, 6, 9, 8], "texture": "#lit"},
        "up": {"uv": [7, 0, 9, 2], "texture": "#lit"}
      }
    },
    {
      "from": [7, 2, 2],
      "to": [9, 5, 4],
      "faces": {
        "north": {"uv": [7, 8, 9, 11], "texture": "#lit"},
        "east": {"uv": [7, 8, 9, 11], "texture": "#lit"},
        "south": {"uv": [7, 8, 9, 11], "texture": "#lit"},
        "west": {"uv": [7, 8, 9, 11], "texture": "#lit"},
        "down": {"uv": [7, 13, 9, 15], "texture": "#lit", "cullface": "down"}
      }
    },
    {
      "from": [9.5, 7.5, 4.5],
      "to": [6.5, 4.5, 1.5],
      "shade": false,
      "faces": {
        "north": {"uv": [7, 7, 6, 6], "texture": "#lit"},
        "east": {"uv": [10, 8, 9, 7], "texture": "#lit"},
        "south": {"uv": [10, 7, 9, 6], "texture": "#lit"},
        "west": {"uv": [7, 8, 6, 7], "texture": "#lit"},
        "up": {"uv": [8, 5, 9, 6], "texture": "#lit"},
        "down": {"uv": [8, 6, 7, 5], "texture": "#lit"}
      }
    }
  ],
  "groups": [
    0,
    1,
    {
      "name": "group",
      "origin": [3, 0, 4],
      "color": 0,
      "children": [2, 3, 4]
    }
  ]
}