{"ambientocclusion":false,"elements":[{"faces":{"north":{"texture":"#cross","uv":[0,6,16,16]},"south":{"texture":"#cross","uv":[16,6,0,16]}},"from":[0.8,0,8],"rotation":{"angle":45,"axis":"y","origin":[8,8,8],"rescale":true},"shade":false,"to":[15.2,10,8]},{"faces":{"east":{"texture":"#cross","uv":[16,6,0,16]},"west":{"texture":"#cross","uv":[0,6,16,16]}},"from":[8,0,0.8],"rotation":{"angle":45,"axis":"y","origin":[8,8,8],"rescale":true},"shade":false,"to":[8,10,15.2]},{"faces":{"east":{"texture":"#front","uv":[0,0,16,16]},"west":{"texture":"#back","uv":[0,0,16,16]}},"from":[9.6,0,1],"rotation":{"angle":22.5,"axis":"z","origin":[8,8,8],"rescale":false},"shade":false,"to":[9.6,16,15]}],"textures":{"back":"block/sunflower_back","cross":"block/sunflower_top","front":"block/sunflower_front","particle":"block/sunflower_front"}}