{
  "parent": "block/thin_block",
	"ambientocclusion": false,
  "textures": {
    "particle": "#top"
  },
  "elements": [
    {
      "from": [ 0, 0, 0 ],
      "to": [ 16, 6, 16 ],
      "faces": {
        "down":  { "uv": [ 0, 0, 16, 16 ], "texture": "#side", "cullface": "down" },
        "up":    { "uv": [ 0, 0, 16, 16 ], "texture": "#top" },
        "north": { "uv": [ 0, 10, 16, 16 ], "texture": "#side", "cullface": "north" },
        "south": { "uv": [ 0, 10, 16, 16 ], "texture": "#side", "cullface": "south" },
        "west":  { "uv": [ 0, 10, 16, 16 ], "texture": "#side", "cullface": "west" },
        "east":  { "uv": [ 0, 10, 16, 16 ], "texture": "#side", "cullface": "east" }
      }
    }
  ]
}
