{
	"credit": "Made with Blockbench by Minecraft_hyr",
	"ambientocclusion": false,
	"textures": {
		"particle": "block/activator_rail",
		"rail": "block/activator_rail"
	},
	"elements": [
		{
			"from": [1, 8, 2],
			"to": [15, 9, 4],
			"rotation": {"angle": -45, "axis": "x", "origin": [8, 9, 9], "rescale": true},
			"faces": {
				"north": {"uv": [15, 1, 1, 2], "texture": "#rail"},
				"east": {"uv": [14, 1, 15, 3], "rotation": 90, "texture": "#rail"},
				"south": {"uv": [1, 2, 15, 3], "texture": "#rail"},
				"west": {"uv": [1, 3, 2, 1], "rotation": 90, "texture": "#rail"},
				"up": {"uv": [1, 1, 15, 3], "texture": "#rail"},
				"down": {"uv": [1, 3, 15, 1], "texture": "#rail", "cullface": "down"}
			}
		},
		{
			"from": [1, 8, 6],
			"to": [15, 9, 8],
			"rotation": {"angle": -45, "axis": "x", "origin": [8, 9, 9], "rescale": true},
			"faces": {
				"north": {"uv": [15, 5, 1, 6], "texture": "#rail"},
				"east": {"uv": [14, 5, 15, 7], "rotation": 90, "texture": "#rail"},
				"south": {"uv": [1, 6, 15, 7], "texture": "#rail"},
				"west": {"uv": [1, 7, 2, 5], "rotation": 90, "texture": "#rail"},
				"up": {"uv": [1, 5, 15, 7], "texture": "#rail"},
				"down": {"uv": [1, 7, 15, 5], "texture": "#rail", "cullface": "down"}
			}
		},
		{
			"from": [1, 8, 14],
			"to": [15, 9, 16],
			"rotation": {"angle": -45, "axis": "x", "origin": [8, 9, 9], "rescale": true},
			"faces": {
				"north": {"uv": [15, 13, 1, 14], "texture": "#rail"},
				"east": {"uv": [14, 13, 15, 15], "rotation": 90, "texture": "#rail"},
				"south": {"uv": [1, 14, 15, 15], "texture": "#rail"},
				"west": {"uv": [1, 15, 2, 13], "rotation": 90, "texture": "#rail"},
				"up": {"uv": [1, 13, 15, 15], "texture": "#rail"},
				"down": {"uv": [1, 15, 15, 13], "texture": "#rail", "cullface": "down"}
			}
		},
		{
			"from": [1, 8, 10],
			"to": [15, 9, 12],
			"rotation": {"angle": -45, "axis": "x", "origin": [8, 9, 9], "rescale": true},
			"faces": {
				"north": {"uv": [15, 9, 1, 10], "texture": "#rail"},
				"east": {"uv": [14, 9, 15, 11], "rotation": 90, "texture": "#rail"},
				"south": {"uv": [1, 10, 15, 11], "texture": "#rail"},
				"west": {"uv": [1, 11, 2, 9], "rotation": 90, "texture": "#rail"},
				"up": {"uv": [1, 9, 15, 11], "texture": "#rail"},
				"down": {"uv": [1, 11, 15, 9], "texture": "#rail", "cullface": "down"}
			}
		},
		{
			"from": [7, 8, 4],
			"to": [9, 9, 14],
			"rotation": {"angle": -45, "axis": "x", "origin": [8, 9, 9], "rescale": true},
			"faces": {
				"east": {"uv": [8, 13, 9, 3], "rotation": 90, "texture": "#rail"},
				"west": {"uv": [7, 3, 8, 13], "rotation": 90, "texture": "#rail"},
				"up": {"uv": [7, 3, 9, 13], "texture": "#rail"},
				"down": {"uv": [7, 3, 9, 13], "texture": "#rail", "cullface": "down"}
			}
		},
		{
			"from": [2, 8, 1],
			"to": [4, 10, 17],
			"rotation": {"angle": -45, "axis": "x", "origin": [8, 9, 9], "rescale": true},
			"faces": {
				"east": {"uv": [3, 16, 4, 0], "rotation": 270, "texture": "#rail"},
				"south": {"uv": [2, 15, 4, 16], "texture": "#rail"},
				"west": {"uv": [2, 0, 3, 16], "rotation": 270, "texture": "#rail"},
				"up": {"uv": [2, 0, 4, 16], "texture": "#rail"},
				"down": {"uv": [2, 0, 4, 16], "texture": "#rail"}
			}
		},
		{
			"from": [12, 8, 1],
			"to": [14, 10, 17],
			"rotation": {"angle": -45, "axis": "x", "origin": [8, 9, 9], "rescale": true},
			"faces": {
				"east": {"uv": [13, 16, 14, 0], "rotation": 270, "texture": "#rail"},
				"south": {"uv": [12, 15, 14, 16], "texture": "#rail"},
				"west": {"uv": [12, 0, 13, 16], "rotation": 270, "texture": "#rail"},
				"up": {"uv": [12, 0, 14, 16], "texture": "#rail"},
				"down": {"uv": [12, 0, 14, 16], "texture": "#rail"}
			}
		},
		{
			"from": [2, 0, 0],
			"to": [4, 2, 2],
			"faces": {
				"north": {"uv": [2, 0, 4, 1], "texture": "#rail", "cullface": "north"},
				"east": {"uv": [2, 0, 3, 1], "texture": "#rail"},
				"south": {"uv": [4, 0, 2, 1], "texture": "#rail"},
				"west": {"uv": [3, 0, 4, 1], "texture": "#rail"},
				"down": {"uv": [4, 0, 2, 1], "texture": "#rail", "cullface": "down"}
			}
		},
		{
			"from": [12, 0, 0],
			"to": [14, 2, 2],
			"faces": {
				"north": {"uv": [14, 0, 12, 1], "texture": "#rail", "cullface": "north"},
				"east": {"uv": [13, 0, 14, 1], "texture": "#rail"},
				"south": {"uv": [14, 0, 12, 1], "texture": "#rail"},
				"west": {"uv": [12, 0, 13, 1], "texture": "#rail"},
				"down": {"uv": [14, 0, 12, 1], "texture": "#rail", "cullface": "down"}
			}
		}
	]
}