{"model":{"cases":[{"model":{"model":"axolotl_bucket_variants:item/axolotl_bucket/lucy","type":"minecraft:model"},"when":"lucy"},{"model":{"model":"axolotl_bucket_variants:item/axolotl_bucket/wild","type":"minecraft:model"},"when":"wild"},{"model":{"model":"axolotl_bucket_variants:item/axolotl_bucket/gold","type":"minecraft:model"},"when":"gold"},{"model":{"model":"axolotl_bucket_variants:item/axolotl_bucket/cyan","type":"minecraft:model"},"when":"cyan"},{"model":{"model":"axolotl_bucket_variants:item/axolotl_bucket/blue","type":"minecraft:model"},"when":"blue"}],"component":"minecraft:axolotl/variant","fallback":{"model":"minecraft:item/axolotl_bucket","type":"minecraft:model"},"property":"minecraft:component","type":"minecraft:select"}}