{"model":{"type":"minecraft:select","property":"minecraft:component","component":"minecraft:axolotl/variant","cases":[{"when":"lucy","model":{"type":"minecraft:model","model":"axolotl_bucket_variants:item/axolotl_bucket/lucy"}},{"when":"wild","model":{"type":"minecraft:model","model":"axolotl_bucket_variants:item/axolotl_bucket/wild"}},{"when":"gold","model":{"type":"minecraft:model","model":"axolotl_bucket_variants:item/axolotl_bucket/gold"}},{"when":"cyan","model":{"type":"minecraft:model","model":"axolotl_bucket_variants:item/axolotl_bucket/cyan"}},{"when":"blue","model":{"type":"minecraft:model","model":"axolotl_bucket_variants:item/axolotl_bucket/blue"}}],"fallback":{"type":"minecraft:model","model":"minecraft:item/axolotl_bucket"}}}