{"credit":"Made by Minecraft_hyr","textures":{"0":"block/dripstone_block","1":"block/pointed_dripstone_down_tip_merge","particle":"block/dripstone_block"},"elements":[{"from":[6,0,7],"to":[9,3,10],"faces":{"north":{"uv":[6,13,9,16],"texture":"#1"},"east":{"uv":[6,13,9,16],"texture":"#1"},"south":{"uv":[6,13,9,16],"texture":"#1"},"west":{"uv":[6,13,9,16],"texture":"#1"},"down":{"uv":[6,6,9,9],"texture":"#0"}}},{"from":[4,14,4],"to":[12,16,12],"faces":{"north":{"uv":[4,0,12,2],"texture":"#1"},"east":{"uv":[4,0,12,2],"texture":"#1"},"south":{"uv":[4,0,12,2],"texture":"#1"},"west":{"uv":[4,0,12,2],"texture":"#1"},"up":{"uv":[4,4,12,12],"texture":"#0"},"down":{"uv":[4,4,12,12],"texture":"#0"}}},{"from":[4,11,5],"to":[11,14,12],"faces":{"north":{"uv":[4,2,11,5],"texture":"#1"},"east":{"uv":[4,2,11,5],"texture":"#1"},"south":{"uv":[4,2,11,5],"texture":"#1"},"west":{"uv":[4,2,11,5],"texture":"#1"},"down":{"uv":[4,4,11,11],"texture":"#0"}}},{"from":[4,10,6],"to":[10,11,12],"faces":{"north":{"uv":[4,5,10,6],"texture":"#1"},"east":{"uv":[4,5,10,6],"texture":"#1"},"south":{"uv":[4,5,10,6],"texture":"#1"},"west":{"uv":[4,5,10,6],"texture":"#1"},"down":{"uv":[4,4,10,10],"texture":"#0"}}},{"from":[5,4,6],"to":[10,10,11],"faces":{"north":{"uv":[5,6,10,12],"texture":"#1"},"east":{"uv":[5,6,10,12],"texture":"#1"},"south":{"uv":[5,6,10,12],"texture":"#1"},"west":{"uv":[5,6,10,12],"texture":"#1"},"down":{"uv":[5,5,10,10],"texture":"#0"}}},{"from":[5,3,7],"to":[9,4,11],"faces":{"north":{"uv":[5,12,9,13],"texture":"#1"},"east":{"uv":[5,12,9,13],"texture":"#1"},"south":{"uv":[5,12,9,13],"texture":"#1"},"west":{"uv":[5,12,9,13],"texture":"#1"},"down":{"uv":[5,5,9,9],"texture":"#0"}}}]}