{"credit":"Made by Minecraft_hyr","textures":{"0":"block/dripstone_block","1":"block/pointed_dripstone_down_base","particle":"block/dripstone_block"},"elements":[{"from":[0,12,0],"to":[16,16,16],"faces":{"north":{"uv":[0,0,16,4],"texture":"#1"},"east":{"uv":[0,0,16,4],"texture":"#1"},"south":{"uv":[0,0,16,4],"texture":"#1"},"west":{"uv":[0,0,16,4],"texture":"#1"},"up":{"uv":[0,0,16,16],"texture":"#0"},"down":{"uv":[0,0,16,16],"texture":"#0"}}},{"from":[0,11,1],"to":[15,12,16],"faces":{"north":{"uv":[0,4,15,5],"texture":"#1"},"east":{"uv":[0,4,15,5],"texture":"#1"},"south":{"uv":[0,4,15,5],"texture":"#1"},"west":{"uv":[0,4,15,5],"texture":"#1"},"down":{"uv":[0,0,15,15],"texture":"#0"}}},{"from":[1,2,1],"to":[15,11,15],"faces":{"north":{"uv":[1,5,15,14],"texture":"#1"},"east":{"uv":[1,5,15,14],"texture":"#1"},"south":{"uv":[1,5,15,14],"texture":"#1"},"west":{"uv":[1,5,15,14],"texture":"#1"},"down":{"uv":[1,1,15,15],"texture":"#0"}}},{"from":[1,1,2],"to":[14,2,15],"faces":{"north":{"uv":[1,14,14,15],"texture":"#1"},"east":{"uv":[1,14,14,15],"texture":"#1"},"south":{"uv":[1,14,14,15],"texture":"#1"},"west":{"uv":[1,14,14,15],"texture":"#1"},"down":{"uv":[1,1,14,14],"texture":"#0"}}},{"from":[2,0,2],"to":[14,1,14],"faces":{"north":{"uv":[2,15,14,16],"texture":"#1"},"east":{"uv":[2,15,14,16],"texture":"#1"},"south":{"uv":[2,15,14,16],"texture":"#1"},"west":{"uv":[2,15,14,16],"texture":"#1"},"down":{"uv":[2,2,14,14],"texture":"#0"}}}]}