{"credit":"Made by Minecraft_hyr","textures":{"0":"block/dripstone_block","1":"block/pointed_dripstone_up_middle","particle":"block/dripstone_block"},"elements":[{"from":[2,0,2],"to":[14,4,14],"faces":{"north":{"uv":[2,12,14,16],"texture":"#1"},"east":{"uv":[2,12,14,16],"texture":"#1"},"south":{"uv":[2,12,14,16],"texture":"#1"},"west":{"uv":[2,12,14,16],"texture":"#1"},"up":{"uv":[2,2,14,14],"texture":"#0"},"down":{"uv":[2,2,14,14],"texture":"#0"}}},{"from":[2,4,2],"to":[13,7,13],"faces":{"north":{"uv":[2,9,13,12],"texture":"#1"},"east":{"uv":[2,9,13,12],"texture":"#1"},"south":{"uv":[2,9,13,12],"texture":"#1"},"west":{"uv":[2,9,13,12],"texture":"#1"}}},{"from":[2,7,2],"to":[14,11,14],"faces":{"north":{"uv":[2,5,14,9],"texture":"#1"},"east":{"uv":[2,5,14,9],"texture":"#1"},"south":{"uv":[2,5,14,9],"texture":"#1"},"west":{"uv":[2,5,14,9],"texture":"#1"},"up":{"uv":[2,2,14,14],"texture":"#0"},"down":{"uv":[2,2,14,14],"texture":"#0"}}},{"from":[3,11,3],"to":[14,14,14],"faces":{"north":{"uv":[3,2,14,5],"texture":"#1"},"east":{"uv":[3,2,14,5],"texture":"#1"},"south":{"uv":[3,2,14,5],"texture":"#1"},"west":{"uv":[3,2,14,5],"texture":"#1"}}},{"from":[2,14,2],"to":[14,16,14],"faces":{"north":{"uv":[2,0,14,2],"texture":"#1"},"east":{"uv":[2,0,14,2],"texture":"#1"},"south":{"uv":[2,0,14,2],"texture":"#1"},"west":{"uv":[2,0,14,2],"texture":"#1"},"up":{"uv":[2,2,14,14],"texture":"#0"},"down":{"uv":[2,2,14,14],"texture":"#0"}}}]}