{"credit":"Made by Minecraft_hyr","textures":{"0":"block/dripstone_block","1":"block/pointed_dripstone_up_base","particle":"block/dripstone_block"},"elements":[{"from":[0,0,0],"to":[16,4,16],"faces":{"north":{"uv":[0,12,16,16],"texture":"#1"},"east":{"uv":[0,12,16,16],"texture":"#1"},"south":{"uv":[0,12,16,16],"texture":"#1"},"west":{"uv":[0,12,16,16],"texture":"#1"},"up":{"uv":[0,0,16,16],"texture":"#0"},"down":{"uv":[0,0,16,16],"texture":"#0"}}},{"from":[0,4,0],"to":[15,5,15],"faces":{"north":{"uv":[0,11,15,12],"texture":"#1"},"east":{"uv":[0,11,15,12],"texture":"#1"},"south":{"uv":[0,11,15,12],"texture":"#1"},"west":{"uv":[0,11,15,12],"texture":"#1"},"up":{"uv":[0,0,15,15],"texture":"#0"}}},{"from":[1,5,1],"to":[15,14,15],"faces":{"north":{"uv":[1,2,15,11],"texture":"#1"},"east":{"uv":[1,2,15,11],"texture":"#1"},"south":{"uv":[1,2,15,11],"texture":"#1"},"west":{"uv":[1,2,15,11],"texture":"#1"},"up":{"uv":[1,1,15,15],"texture":"#0"}}},{"from":[1,14,1],"to":[14,15,14],"faces":{"north":{"uv":[1,1,14,2],"texture":"#1"},"east":{"uv":[1,1,14,2],"texture":"#1"},"south":{"uv":[1,1,14,2],"texture":"#1"},"west":{"uv":[1,1,14,2],"texture":"#1"},"up":{"uv":[1,1,14,14],"texture":"#0"}}},{"from":[2,15,2],"to":[14,16,14],"faces":{"north":{"uv":[2,0,14,1],"texture":"#1"},"east":{"uv":[2,0,14,1],"texture":"#1"},"south":{"uv":[2,0,14,1],"texture":"#1"},"west":{"uv":[2,0,14,1],"texture":"#1"},"up":{"uv":[2,2,14,14],"texture":"#0"}}}]}