{"credit":"Made by Minecraft_hyr","textures":{"0":"block/dripstone_block","1":"block/pointed_dripstone_up_tip","particle":"block/dripstone_block"},"elements":[{"from":[4,0,4],"to":[12,1,12],"faces":{"north":{"uv":[4,15,12,16],"texture":"#1"},"east":{"uv":[4,15,12,16],"texture":"#1"},"south":{"uv":[4,15,12,16],"texture":"#1"},"west":{"uv":[4,15,12,16],"texture":"#1"},"up":{"uv":[4,4,12,12],"texture":"#0"},"down":{"uv":[4,4,12,12],"texture":"#0"}}},{"from":[5,1,5],"to":[12,2,12],"faces":{"north":{"uv":[5,14,12,15],"texture":"#1"},"east":{"uv":[5,14,12,15],"texture":"#1"},"south":{"uv":[5,14,12,15],"texture":"#1"},"west":{"uv":[5,14,12,15],"texture":"#1"},"up":{"uv":[5,5,12,12],"texture":"#0"}}},{"from":[5,2,5],"to":[11,5,11],"faces":{"north":{"uv":[5,11,11,14],"texture":"#1"},"east":{"uv":[5,11,11,14],"texture":"#1"},"south":{"uv":[5,11,11,14],"texture":"#1"},"west":{"uv":[5,11,11,14],"texture":"#1"},"up":{"uv":[5,5,11,11],"texture":"#0"}}},{"from":[6,5,6],"to":[10,8,10],"faces":{"north":{"uv":[6,8,10,11],"texture":"#1"},"east":{"uv":[6,8,10,11],"texture":"#1"},"south":{"uv":[6,8,10,11],"texture":"#1"},"west":{"uv":[6,8,10,11],"texture":"#1"},"up":{"uv":[6,6,10,10],"texture":"#0"}}},{"from":[6,8,6],"to":[9,10,9],"faces":{"north":{"uv":[6,6,9,8],"texture":"#1"},"east":{"uv":[6,6,9,8],"texture":"#1"},"south":{"uv":[6,6,9,8],"texture":"#1"},"west":{"uv":[6,6,9,8],"texture":"#1"},"up":{"uv":[6,6,9,9],"texture":"#0"}}},{"from":[7,10,7],"to":[9,11,9],"faces":{"north":{"uv":[7,5,9,6],"texture":"#1"},"east":{"uv":[7,5,9,6],"texture":"#1"},"south":{"uv":[7,5,9,6],"texture":"#1"},"west":{"uv":[7,5,9,6],"texture":"#1"},"up":{"uv":[7,7,9,9],"texture":"#0"}}}],"groups":[{"name":"group","origin":[0,0,0],"color":0,"children":[0,1,2,3,4,5]}]}