{"ambientocclusion":false,"credit":"Made with Blockbench by Minecraft_hyr","elements":[{"faces":{"down":{"cullface":"down","texture":"#glass","uv":[0,0,16,16]},"east":{"cullface":"east","texture":"#glass","uv":[0,0,16,16]},"north":{"cullface":"north","texture":"#glass","uv":[0,0,16,16]},"south":{"cullface":"south","texture":"#glass","uv":[0,0,16,16]},"up":{"cullface":"up","texture":"#glass","uv":[0,0,16,16]},"west":{"cullface":"west","texture":"#glass","uv":[0,0,16,16]}},"from":[0,0,0],"name":"Glass shell","to":[16,16,16]},{"faces":{"down":{"cullface":"down","texture":"#obsidian","uv":[2,2,14,14]},"east":{"texture":"#obsidian","uv":[2,13,14,16]},"north":{"texture":"#obsidian","uv":[2,13,14,16]},"south":{"texture":"#obsidian","uv":[2,13,14,16]},"up":{"texture":"#obsidian","uv":[2,2,14,14]},"west":{"texture":"#obsidian","uv":[2,13,14,16]}},"from":[2,0.1,2],"name":"Obsidian base","to":[14,3,14]},{"faces":{"east":{"texture":"#beacon","uv":[3,2,13,13]},"north":{"texture":"#beacon","uv":[3,2,13,13]},"south":{"texture":"#beacon","uv":[3,2,13,13]},"up":{"texture":"#beacon","uv":[3,3,13,13]},"west":{"texture":"#beacon","uv":[3,2,13,13]}},"from":[3,3,3],"name":"Inner beacon texture","shade":false,"to":[13,14,13]}],"gui_light":"front","parent":"res_fixes:block/shadeless/block","textures":{"beacon":"block/beacon","glass":"block/glass","obsidian":"block/obsidian","particle":"block/glass"}}