{"credit":"Made with Blockbench by Minecraft_hyr","display":{"gui":{"rotation":[30,225,0],"scale":[0.7,0.7,0.7]},"head":{"translation":[0,14.5,0]},"thirdperson_righthand":{"rotation":[75,135,0],"scale":[0.4,0.4,0.4],"translation":[0,2.5,2]}},"elements":[{"faces":{"down":{"cullface":"down","texture":"#stand","uv":[7,12,9,14]},"east":{"texture":"#stand","uv":[7,2,9,16]},"north":{"texture":"#stand","uv":[7,2,9,16]},"south":{"texture":"#stand","uv":[7,2,9,16]},"up":{"texture":"#stand","uv":[7,7,9,9]},"west":{"texture":"#stand","uv":[7,2,9,16]}},"from":[7,0,7],"shade":false,"to":[9,14,9]},{"faces":{"down":{"cullface":"down","texture":"#base","uv":[9,5,15,11]},"east":{"texture":"#base","uv":[5,14,11,16]},"north":{"texture":"#base","uv":[9,14,15,16]},"south":{"texture":"#base","uv":[9,14,15,16]},"up":{"texture":"#base","uv":[9,5,15,11]},"west":{"texture":"#base","uv":[5,14,11,16]}},"from":[9,0,5],"to":[15,2,11]},{"faces":{"down":{"cullface":"down","texture":"#base","uv":[1,1,7,7]},"east":{"texture":"#base","uv":[1,14,7,16]},"north":{"texture":"#base","uv":[1,14,7,16]},"south":{"texture":"#base","uv":[1,14,7,16]},"up":{"texture":"#base","uv":[1,1,7,7]},"west":{"texture":"#base","uv":[1,14,7,16]}},"from":[1,0,1],"to":[7,2,7]},{"faces":{"down":{"cullface":"down","texture":"#base","uv":[1,9,7,15]},"east":{"texture":"#base","uv":[9,14,15,16]},"north":{"texture":"#base","uv":[1,14,7,16]},"south":{"texture":"#base","uv":[1,14,7,16]},"up":{"texture":"#base","uv":[1,9,7,15]},"west":{"texture":"#base","uv":[9,14,15,16]}},"from":[1,0,9],"to":[7,2,15]},{"faces":{"north":{"texture":"#stand","uv":[16,0,9,16]},"south":{"texture":"#stand","uv":[9,0,16,16]}},"from":[9,0,8],"shade":false,"to":[16,16,8]},{"faces":{"north":{"texture":"#stand","uv":[9,0,16,16]},"south":{"texture":"#stand","uv":[16,0,9,16]}},"from":[-0.41,0,8],"rotation":{"angle":-45,"axis":"y","origin":[8,8,8]},"shade":false,"to":[6.59,16,8]},{"faces":{"north":{"texture":"#stand","uv":[9,0,16,16]},"south":{"texture":"#stand","uv":[16,0,9,16]}},"from":[-0.41,0,8],"rotation":{"angle":45,"axis":"y","origin":[8,8,8]},"shade":false,"to":[6.59,16,8]}],"parent":"res_fixes:block/shadeless/block","textures":{"base":"block/brewing_stand_base","particle":"item/brewing_stand","stand":"block/brewing_stand"}}