{"credit":"Made with Blockbench by Minecraft_hyr","textures":{"particle":"#texture"},"elements":[{"name":"top bar","from":[7,12,0],"to":[9,15,6],"faces":{"north":{"uv":[13,4,15,7],"texture":"#texture","cullface":"east"},"east":{"uv":[10,4,4,7],"texture":"#texture"},"west":{"uv":[4,4,10,7],"texture":"#texture"},"up":{"uv":[13,7,15,13],"texture":"#texture"},"down":{"uv":[13,10,15,16],"texture":"#texture"}}},{"name":"lower bar","from":[7,6,0],"to":[9,9,6],"faces":{"north":{"uv":[13,4,15,7],"texture":"#texture","cullface":"east"},"east":{"uv":[10,4,4,7],"texture":"#texture"},"west":{"uv":[4,4,10,7],"texture":"#texture"},"up":{"uv":[15,10,13,16],"rotation":180,"texture":"#texture"},"down":{"uv":[13,10,15,16],"texture":"#texture"}}}],"groups":[{"name":"north","origin":[0,0,0],"color":0,"children":[0,1]}]}