{"display":{"firstperson_righthand":{"rotation":[0,315,0],"scale":[0.4,0.4,0.4],"translation":[0,0.5,0]}},"elements":[{"faces":{"down":{"cullface":"down","texture":"#bottom","uv":[0,0,16,16]},"east":{"cullface":"east","texture":"#side","uv":[0,3,16,16]},"north":{"cullface":"north","texture":"#side","uv":[0,3,16,16]},"south":{"cullface":"south","texture":"#side","uv":[0,3,16,16]},"up":{"texture":"#top","uv":[0,0,16,16]},"west":{"cullface":"west","texture":"#side","uv":[0,3,16,16]}},"from":[0,0,0],"shade":false,"to":[16,13,16]}],"parent":"res_fixes:block/shadeless/block","textures":{"bottom":"block/end_stone","particle":"block/end_portal_frame_side","side":"block/end_portal_frame_side","top":"block/end_portal_frame_top"}}