{"display":{"firstperson_righthand":{"scale":[0.6,0.6,0.6],"translation":[2,3.5,0]},"fixed":{"scale":[0.625,0.625,0.625]},"ground":{"scale":[0.4,0.4,0.4],"translation":[0,2,0]},"head":{"rotation":[-60,0,0],"translation":[0,5,-9]},"thirdperson_righthand":{"scale":[0.9,0.9,0.9],"translation":[0,6,2]}},"elements":[{"faces":{"down":{"cullface":"down","texture":"#end_rod","uv":[6,6,2,2]},"east":{"texture":"#end_rod","uv":[2,6,6,7]},"north":{"texture":"#end_rod","uv":[2,6,6,7]},"south":{"texture":"#end_rod","uv":[2,6,6,7]},"up":{"texture":"#end_rod","uv":[2,2,6,6]},"west":{"texture":"#end_rod","uv":[2,6,6,7]}},"from":[6,0,6],"to":[10,1,10]},{"faces":{"east":{"texture":"#end_rod","uv":[0,0,2,15]},"north":{"texture":"#end_rod","uv":[0,0,2,15]},"south":{"texture":"#end_rod","uv":[0,0,2,15]},"up":{"cullface":"up","texture":"#end_rod","uv":[2,0,4,2]},"west":{"texture":"#end_rod","uv":[0,0,2,15]}},"from":[7,1,7],"shade":false,"to":[9,16,9]}],"parent":"res_fixes:block/shadeless/bigger_in_gui","textures":{"end_rod":"block/end_rod","particle":"block/end_rod"}}