{"parent":"block/block","textures":{"bottom":"block/observer_back","side":"block/observer_side","top":"block/observer_top","front":"block/observer_front","particle":"block/observer_front"},"display":{"firstperson_righthand":{"rotation":[0,-45,0],"scale":[0.4,0.4,0.4],"translation":[0,0.5,0]},"thirdperson_righthand":{"rotation":[75,-45,0],"scale":[0.4,0.4,0.4],"translation":[0,2.5,0]}},"elements":[{"from":[0,0,0],"to":[16,16,16],"faces":{"down":{"uv":[0,0,16,16],"texture":"#top","cullface":"down"},"up":{"uv":[0,16,16,0],"texture":"#top","cullface":"up"},"north":{"uv":[0,0,16,16],"texture":"#front","cullface":"north"},"south":{"uv":[0,0,16,16],"texture":"#bottom","cullface":"south"},"west":{"uv":[0,0,16,16],"texture":"#side","cullface":"west"},"east":{"uv":[0,0,16,16],"texture":"#side","cullface":"east"}}}]}