{"credit":"Made by Minecraft_hyr","elements":[{"faces":{"east":{"texture":"#1","uv":[3,11,14,14]},"north":{"texture":"#1","uv":[3,11,14,14]},"south":{"texture":"#1","uv":[3,11,14,14]},"west":{"texture":"#1","uv":[3,11,14,14]}},"from":[3,2,2],"to":[14,5,13]},{"faces":{"down":{"texture":"#0","uv":[2,2,14,14]},"east":{"texture":"#1","uv":[2,14,14,16]},"north":{"texture":"#1","uv":[2,14,14,16]},"south":{"texture":"#1","uv":[2,14,14,16]},"up":{"texture":"#0","uv":[2,2,14,14]},"west":{"texture":"#1","uv":[2,14,14,16]}},"from":[2,0,2],"to":[14,2,14]},{"faces":{"down":{"texture":"#0","uv":[2,2,14,14]},"east":{"texture":"#1","uv":[2,0,14,4]},"north":{"texture":"#1","uv":[2,0,14,4]},"south":{"texture":"#1","uv":[2,0,14,4]},"up":{"texture":"#0","uv":[2,2,14,14]},"west":{"texture":"#1","uv":[2,0,14,4]}},"from":[2,12,2],"to":[14,16,14]},{"faces":{"east":{"texture":"#1","uv":[2,4,13,7]},"north":{"texture":"#1","uv":[2,4,13,7]},"south":{"texture":"#1","uv":[2,4,13,7]},"west":{"texture":"#1","uv":[2,4,13,7]}},"from":[2,9,3],"to":[13,12,14]},{"faces":{"down":{"texture":"#0","uv":[2,2,13,13]},"east":{"texture":"#1","uv":[2,7,14,11]},"north":{"texture":"#1","uv":[2,7,14,11]},"south":{"texture":"#1","uv":[2,7,14,11]},"up":{"texture":"#0","uv":[2,2,14,14]},"west":{"texture":"#1","uv":[2,7,14,11]}},"from":[2,5,2],"to":[14,9,14]}],"textures":{"0":"block/dripstone_block","1":"block/pointed_dripstone_down_middle","particle":"block/dripstone_block"}}