{"format_version":"1.21.6","credit":"Made by Minecraft_hyr","textures":{"0":"block/dripstone_block","1":"block/pointed_dripstone_up_tip","particle":"block/dripstone_block"},"elements":[{"from":[5,0,5],"to":[11,2,11],"faces":{"north":{"uv":[5,14,11,16],"texture":"#1"},"east":{"uv":[5,14,11,16],"texture":"#1"},"south":{"uv":[5,14,11,16],"texture":"#1"},"west":{"uv":[5,14,11,16],"texture":"#1"},"up":{"uv":[5,5,11,11],"texture":"#0"},"down":{"uv":[5,5,11,11],"texture":"#0"}}},{"from":[6,2,6],"to":[10,5,10],"faces":{"north":{"uv":[6,11,10,14],"texture":"#1"},"east":{"uv":[6,11,10,14],"texture":"#1"},"south":{"uv":[6,11,10,14],"texture":"#1"},"west":{"uv":[6,11,10,14],"texture":"#1"},"up":{"uv":[6,6,10,10],"texture":"#0"}}},{"from":[7,5,7],"to":[9,8,9],"faces":{"north":{"uv":[7,8,9,11],"texture":"#1"},"east":{"uv":[7,8,9,11],"texture":"#1"},"south":{"uv":[7,8,9,11],"texture":"#1"},"west":{"uv":[7,8,9,11],"texture":"#1"},"up":{"uv":[7,7,9,9],"texture":"#0"}}},{"from":[7.5,8,7.6],"to":[8.5,10,8.6],"faces":{"north":{"uv":[7,5,8,7],"texture":"#1"},"east":{"uv":[7,5,8,7],"texture":"#1"},"south":{"uv":[7,5,8,7],"texture":"#1"},"west":{"uv":[7,5,8,7],"texture":"#1"},"up":{"uv":[7,7,8,8],"texture":"#0"}}},{"from":[0,0,8],"to":[16,16,8],"rotation":{"angle":-45,"axis":"y","origin":[8,8,8],"rescale":true},"faces":{"north":{"uv":[0,0,16,16],"texture":"#1"},"south":{"uv":[0,0,16,16],"texture":"#1"}}},{"from":[8,0,0],"to":[8,16,16],"rotation":{"angle":-45,"axis":"y","origin":[8,8,8],"rescale":true},"faces":{"east":{"uv":[0,0,16,16],"texture":"#1"},"west":{"uv":[0,0,16,16],"texture":"#1"}}}],"groups":[{"name":"group","origin":[0,0,0],"color":0,"children":[0,1,2,3]},4,5]}