{"credit":"Made by Minecraft_hyr","elements":[{"faces":{"down":{"texture":"#0","uv":[0,0,16,16]},"east":{"texture":"#1","uv":[0,0,16,4]},"north":{"texture":"#1","uv":[0,0,16,4]},"south":{"texture":"#1","uv":[0,0,16,4]},"up":{"texture":"#0","uv":[0,0,16,16]},"west":{"texture":"#1","uv":[0,0,16,4]}},"from":[0,12,0],"to":[16,16,16]},{"faces":{"down":{"texture":"#0","uv":[0,0,15,15]},"east":{"texture":"#1","uv":[0,4,15,5]},"north":{"texture":"#1","uv":[0,4,15,5]},"south":{"texture":"#1","uv":[0,4,15,5]},"west":{"texture":"#1","uv":[0,4,15,5]}},"from":[0,11,1],"to":[15,12,16]},{"faces":{"down":{"texture":"#0","uv":[1,1,15,15]},"east":{"texture":"#1","uv":[1,5,15,14]},"north":{"texture":"#1","uv":[1,5,15,14]},"south":{"texture":"#1","uv":[1,5,15,14]},"west":{"texture":"#1","uv":[1,5,15,14]}},"from":[1,2,1],"to":[15,11,15]},{"faces":{"down":{"texture":"#0","uv":[1,1,14,14]},"east":{"texture":"#1","uv":[1,14,14,15]},"north":{"texture":"#1","uv":[1,14,14,15]},"south":{"texture":"#1","uv":[1,14,14,15]},"west":{"texture":"#1","uv":[1,14,14,15]}},"from":[1,1,2],"to":[14,2,15]},{"faces":{"down":{"texture":"#0","uv":[2,2,14,14]},"east":{"texture":"#1","uv":[2,15,14,16]},"north":{"texture":"#1","uv":[2,15,14,16]},"south":{"texture":"#1","uv":[2,15,14,16]},"west":{"texture":"#1","uv":[2,15,14,16]}},"from":[2,0,2],"to":[14,1,14]}],"textures":{"0":"block/dripstone_block","1":"block/pointed_dripstone_down_base","particle":"block/dripstone_block"}}