{"credit":"Made by Minecraft_hyr","elements":[{"faces":{"down":{"texture":"#0","uv":[0,0,16,16]},"east":{"texture":"#1","uv":[0,12,16,16]},"north":{"texture":"#1","uv":[0,12,16,16]},"south":{"texture":"#1","uv":[0,12,16,16]},"up":{"texture":"#0","uv":[0,0,16,16]},"west":{"texture":"#1","uv":[0,12,16,16]}},"from":[0,0,0],"to":[16,4,16]},{"faces":{"east":{"texture":"#1","uv":[0,11,15,12]},"north":{"texture":"#1","uv":[0,11,15,12]},"south":{"texture":"#1","uv":[0,11,15,12]},"up":{"texture":"#0","uv":[0,0,15,15]},"west":{"texture":"#1","uv":[0,11,15,12]}},"from":[0,4,0],"to":[15,5,15]},{"faces":{"east":{"texture":"#1","uv":[1,2,15,11]},"north":{"texture":"#1","uv":[1,2,15,11]},"south":{"texture":"#1","uv":[1,2,15,11]},"up":{"texture":"#0","uv":[1,1,15,15]},"west":{"texture":"#1","uv":[1,2,15,11]}},"from":[1,5,1],"to":[15,14,15]},{"faces":{"east":{"texture":"#1","uv":[1,1,14,2]},"north":{"texture":"#1","uv":[1,1,14,2]},"south":{"texture":"#1","uv":[1,1,14,2]},"up":{"texture":"#0","uv":[1,1,14,14]},"west":{"texture":"#1","uv":[1,1,14,2]}},"from":[1,14,1],"to":[14,15,14]},{"faces":{"east":{"texture":"#1","uv":[2,0,14,1]},"north":{"texture":"#1","uv":[2,0,14,1]},"south":{"texture":"#1","uv":[2,0,14,1]},"up":{"texture":"#0","uv":[2,2,14,14]},"west":{"texture":"#1","uv":[2,0,14,1]}},"from":[2,15,2],"to":[14,16,14]}],"textures":{"0":"block/dripstone_block","1":"block/pointed_dripstone_up_base","particle":"block/dripstone_block"}}