{"format_version":"1.21.6","credit":"Made by Minecraft_hyr","textures":{"0":"block/dripstone_block","1":"block/pointed_dripstone_down_frustum","particle":"block/dripstone_block"},"elements":[{"from":[0,0,8],"to":[16,16,8],"rotation":{"angle":-45,"axis":"y","origin":[8,8,8],"rescale":true},"faces":{"north":{"uv":[0,0,16,16],"texture":"#1"},"south":{"uv":[0,0,16,16],"texture":"#1"}}},{"from":[8,0,0],"to":[8,16,16],"rotation":{"angle":-45,"axis":"y","origin":[8,8,8],"rescale":true},"faces":{"east":{"uv":[0,0,16,16],"texture":"#1"},"west":{"uv":[0,0,16,16],"texture":"#1"}}},{"from":[4,0,4],"to":[12,16,12],"faces":{"north":{"uv":[4,0,12,16],"texture":"#1"},"east":{"uv":[4,0,12,16],"texture":"#1"},"south":{"uv":[4,0,12,16],"texture":"#1"},"west":{"uv":[4,0,12,16],"texture":"#1"},"up":{"uv":[4,4,12,12],"texture":"#0"},"down":{"uv":[4,4,12,12],"texture":"#0"}}}]}