{"credit":"Made by Minecraft_hyr","elements":[{"faces":{"down":{"texture":"#0","uv":[2,2,14,14]},"east":{"texture":"#1","uv":[2,0,14,5]},"north":{"texture":"#1","uv":[2,0,14,5]},"south":{"texture":"#1","uv":[2,0,14,5]},"up":{"texture":"#0","uv":[2,2,14,14]},"west":{"texture":"#1","uv":[2,0,14,5]}},"from":[2,11,2],"to":[14,16,14]},{"faces":{"down":{"texture":"#0","uv":[3,3,14,14]},"east":{"texture":"#1","uv":[3,5,14,8]},"north":{"texture":"#1","uv":[3,5,14,8]},"south":{"texture":"#1","uv":[3,5,14,8]},"west":{"texture":"#1","uv":[3,5,14,8]}},"from":[2,8,3],"to":[13,11,14]},{"faces":{"down":{"texture":"#0","uv":[3,3,13,13]},"east":{"texture":"#1","uv":[3,8,13,11]},"north":{"texture":"#1","uv":[3,8,13,11]},"south":{"texture":"#1","uv":[3,8,13,11]},"west":{"texture":"#1","uv":[3,8,13,11]}},"from":[3,5,3],"to":[13,8,13]},{"faces":{"down":{"texture":"#0","uv":[4,4,13,13]},"east":{"texture":"#1","uv":[4,11,13,14]},"north":{"texture":"#1","uv":[4,11,13,14]},"south":{"texture":"#1","uv":[4,11,13,14]},"west":{"texture":"#1","uv":[4,11,13,14]}},"from":[3,2,4],"to":[12,5,13]},{"faces":{"down":{"texture":"#0","uv":[4,4,12,12]},"east":{"texture":"#1","uv":[4,14,12,16]},"north":{"texture":"#1","uv":[4,14,12,16]},"south":{"texture":"#1","uv":[4,14,12,16]},"west":{"texture":"#1","uv":[4,14,12,16]}},"from":[4,0,4],"to":[12,2,12]}],"textures":{"0":"block/dripstone_block","1":"block/pointed_dripstone_down_frustum","particle":"block/dripstone_block"}}