{"credit":"Made by Minecraft_hyr","elements":[{"faces":{"down":{"texture":"#0","uv":[4,4,12,12]},"east":{"texture":"#1","uv":[4,14,12,16]},"north":{"texture":"#1","uv":[4,14,12,16]},"south":{"texture":"#1","uv":[4,14,12,16]},"up":{"texture":"#0","uv":[4,4,12,12]},"west":{"texture":"#1","uv":[4,14,12,16]}},"from":[4,0,4],"to":[12,2,12]},{"faces":{"east":{"texture":"#1","uv":[4,11,11,14]},"north":{"texture":"#1","uv":[4,11,11,14]},"south":{"texture":"#1","uv":[4,11,11,14]},"up":{"texture":"#0","uv":[4,4,11,11]},"west":{"texture":"#1","uv":[4,11,11,14]}},"from":[4,2,4],"to":[11,5,11]},{"faces":{"east":{"texture":"#1","uv":[4,10,10,11]},"north":{"texture":"#1","uv":[4,10,10,11]},"south":{"texture":"#1","uv":[4,10,10,11]},"up":{"texture":"#0","uv":[4,4,10,10]},"west":{"texture":"#1","uv":[4,10,10,11]}},"from":[4,5,4],"to":[10,6,10]},{"faces":{"east":{"texture":"#1","uv":[5,4,10,10]},"north":{"texture":"#1","uv":[5,4,10,10]},"south":{"texture":"#1","uv":[5,4,10,10]},"up":{"texture":"#0","uv":[5,5,10,10]},"west":{"texture":"#1","uv":[5,4,10,10]}},"from":[5,6,5],"to":[10,12,10]},{"faces":{"east":{"texture":"#1","uv":[5,3,9,4]},"north":{"texture":"#1","uv":[5,3,9,4]},"south":{"texture":"#1","uv":[5,3,9,4]},"up":{"texture":"#0","uv":[5,5,9,9]},"west":{"texture":"#1","uv":[5,3,9,4]}},"from":[5,12,5],"to":[9,13,9]},{"faces":{"east":{"texture":"#1","uv":[6,0,9,3]},"north":{"texture":"#1","uv":[6,0,9,3]},"south":{"texture":"#1","uv":[6,0,9,3]},"up":{"texture":"#0","uv":[6,6,9,9]},"west":{"texture":"#1","uv":[6,0,9,3]}},"from":[6,13,6],"to":[9,16,9]}],"textures":{"0":"block/dripstone_block","1":"block/pointed_dripstone_up_tip_merge","particle":"block/dripstone_block"}}