{"credit":"Made by Minecraft_hyr","elements":[{"faces":{"down":{"texture":"#0","uv":[2,2,14,14]},"east":{"texture":"#1","uv":[2,12,14,16]},"north":{"texture":"#1","uv":[2,12,14,16]},"south":{"texture":"#1","uv":[2,12,14,16]},"up":{"texture":"#0","uv":[2,2,14,14]},"west":{"texture":"#1","uv":[2,12,14,16]}},"from":[2,0,2],"to":[14,4,14]},{"faces":{"east":{"texture":"#1","uv":[2,9,13,12]},"north":{"texture":"#1","uv":[2,9,13,12]},"south":{"texture":"#1","uv":[2,9,13,12]},"west":{"texture":"#1","uv":[2,9,13,12]}},"from":[2,4,2],"to":[13,7,13]},{"faces":{"down":{"texture":"#0","uv":[2,2,14,14]},"east":{"texture":"#1","uv":[2,5,14,9]},"north":{"texture":"#1","uv":[2,5,14,9]},"south":{"texture":"#1","uv":[2,5,14,9]},"up":{"texture":"#0","uv":[2,2,14,14]},"west":{"texture":"#1","uv":[2,5,14,9]}},"from":[2,7,2],"to":[14,11,14]},{"faces":{"east":{"texture":"#1","uv":[3,2,14,5]},"north":{"texture":"#1","uv":[3,2,14,5]},"south":{"texture":"#1","uv":[3,2,14,5]},"west":{"texture":"#1","uv":[3,2,14,5]}},"from":[3,11,3],"to":[14,14,14]},{"faces":{"down":{"texture":"#0","uv":[2,2,14,14]},"east":{"texture":"#1","uv":[2,0,14,2]},"north":{"texture":"#1","uv":[2,0,14,2]},"south":{"texture":"#1","uv":[2,0,14,2]},"up":{"texture":"#0","uv":[2,2,14,14]},"west":{"texture":"#1","uv":[2,0,14,2]}},"from":[2,14,2],"to":[14,16,14]}],"textures":{"0":"block/dripstone_block","1":"block/pointed_dripstone_up_middle","particle":"block/dripstone_block"}}