{"credit":"Made by Minecraft_hyr","elements":[{"faces":{"down":{"texture":"#0","uv":[2,2,14,14]},"east":{"texture":"#1","uv":[2,11,14,16]},"north":{"texture":"#1","uv":[2,11,14,16]},"south":{"texture":"#1","uv":[2,11,14,16]},"up":{"texture":"#0","uv":[2,2,14,14]},"west":{"texture":"#1","uv":[2,11,14,16]}},"from":[2,0,2],"to":[14,5,14]},{"faces":{"east":{"texture":"#1","uv":[3,8,14,11]},"north":{"texture":"#1","uv":[3,8,14,11]},"south":{"texture":"#1","uv":[3,8,14,11]},"up":{"texture":"#0","uv":[3,3,14,14]},"west":{"texture":"#1","uv":[3,8,14,11]}},"from":[2,5,2],"to":[13,8,13]},{"faces":{"east":{"texture":"#1","uv":[3,5,13,8]},"north":{"texture":"#1","uv":[3,5,13,8]},"south":{"texture":"#1","uv":[3,5,13,8]},"up":{"texture":"#0","uv":[3,3,13,13]},"west":{"texture":"#1","uv":[3,5,13,8]}},"from":[3,8,3],"to":[13,11,13]},{"faces":{"east":{"texture":"#1","uv":[4,2,13,5]},"north":{"texture":"#1","uv":[4,2,13,5]},"south":{"texture":"#1","uv":[4,2,13,5]},"up":{"texture":"#0","uv":[4,4,13,13]},"west":{"texture":"#1","uv":[4,2,13,5]}},"from":[3,11,3],"to":[12,14,12]},{"faces":{"east":{"texture":"#1","uv":[4,0,12,2]},"north":{"texture":"#1","uv":[4,0,12,2]},"south":{"texture":"#1","uv":[4,0,12,2]},"up":{"texture":"#0","uv":[4,4,12,12]},"west":{"texture":"#1","uv":[4,0,12,2]}},"from":[4,14,4],"to":[12,16,12]}],"textures":{"0":"block/dripstone_block","1":"block/pointed_dripstone_up_frustum","particle":"block/dripstone_block"}}