{"credit":"Made by Minecraft_hyr","elements":[{"faces":{"down":{"texture":"#0","uv":[4,4,12,12]},"east":{"texture":"#1","uv":[4,0,12,1]},"north":{"texture":"#1","uv":[4,0,12,1]},"south":{"texture":"#1","uv":[4,0,12,1]},"up":{"texture":"#0","uv":[4,4,12,12]},"west":{"texture":"#1","uv":[4,0,12,1]}},"from":[4,15,4],"to":[12,16,12]},{"faces":{"down":{"texture":"#0","uv":[5,5,12,12]},"east":{"texture":"#1","uv":[5,1,12,2]},"north":{"texture":"#1","uv":[5,1,12,2]},"south":{"texture":"#1","uv":[5,1,12,2]},"west":{"texture":"#1","uv":[5,1,12,2]}},"from":[5,14,4],"to":[12,15,11]},{"faces":{"down":{"texture":"#0","uv":[5,5,11,11]},"east":{"texture":"#1","uv":[5,2,11,5]},"north":{"texture":"#1","uv":[5,2,11,5]},"south":{"texture":"#1","uv":[5,2,11,5]},"west":{"texture":"#1","uv":[5,2,11,5]}},"from":[5,11,5],"to":[11,14,11]},{"faces":{"down":{"texture":"#0","uv":[6,6,10,10]},"east":{"texture":"#1","uv":[6,5,10,8]},"north":{"texture":"#1","uv":[6,5,10,8]},"south":{"texture":"#1","uv":[6,5,10,8]},"west":{"texture":"#1","uv":[6,5,10,8]}},"from":[6,8,6],"to":[10,11,10]},{"faces":{"down":{"texture":"#0","uv":[6,6,9,9]},"east":{"texture":"#1","uv":[6,8,9,10]},"north":{"texture":"#1","uv":[6,8,9,10]},"south":{"texture":"#1","uv":[6,8,9,10]},"west":{"texture":"#1","uv":[6,8,9,10]}},"from":[6,6,7],"to":[9,8,10]},{"faces":{"down":{"texture":"#0","uv":[7,7,9,9]},"east":{"texture":"#1","uv":[7,10,9,11]},"north":{"texture":"#1","uv":[7,10,9,11]},"south":{"texture":"#1","uv":[7,10,9,11]},"west":{"texture":"#1","uv":[7,10,9,11]}},"from":[7,5,7],"to":[9,6,9]}],"groups":[{"children":[0,1,2,3,4,5],"color":0,"name":"group","origin":[0,0,0]}],"textures":{"0":"block/dripstone_block","1":"block/pointed_dripstone_down_tip","particle":"block/dripstone_block"}}