{"format_version":"1.21.6","credit":"Made with Blockbench by Minecraft_hyr","ambientocclusion":false,"textures":{"sapling":"block/mangrove_propagule","particle":"block/flower_pot","flowerpot":"block/flower_pot","dirt":"block/dirt"},"elements":[{"from":[5,0,5],"to":[6,6,11],"faces":{"west":{"uv":[5,10,11,16],"texture":"#flowerpot"},"up":{"uv":[5,5,6,11],"texture":"#flowerpot"},"down":{"uv":[5,5,6,11],"texture":"#flowerpot","cullface":"down"}}},{"from":[10,0,5],"to":[11,6,11],"faces":{"east":{"uv":[5,10,11,16],"texture":"#flowerpot"},"up":{"uv":[10,5,11,11],"texture":"#flowerpot"},"down":{"uv":[10,5,11,11],"texture":"#flowerpot","cullface":"down"}}},{"from":[5,0,5],"to":[11,6,6],"faces":{"north":{"uv":[5,10,11,16],"texture":"#flowerpot"},"up":{"uv":[5,5,11,6],"texture":"#flowerpot"},"down":{"uv":[5,10,11,11],"texture":"#flowerpot","cullface":"down"}}},{"from":[5,0,10],"to":[11,6,11],"faces":{"south":{"uv":[5,10,11,16],"texture":"#flowerpot"},"up":{"uv":[5,10,11,11],"texture":"#flowerpot"},"down":{"uv":[5,5,11,6],"texture":"#flowerpot","cullface":"down"}}},{"from":[10,6,10],"to":[6,4,6],"faces":{"north":{"uv":[10,12,6,10],"texture":"#flowerpot"},"east":{"uv":[10,12,6,10],"texture":"#flowerpot"},"south":{"uv":[10,12,6,10],"texture":"#flowerpot"},"west":{"uv":[10,12,6,10],"texture":"#flowerpot"},"up":{"uv":[10,10,6,6],"texture":"#dirt"}}},{"from":[10,0,10],"to":[6,0,6],"faces":{"down":{"uv":[6,11,10,15],"texture":"#flowerpot","cullface":"down"}}},{"name":"leaves","from":[4.5,9,8],"to":[11.5,15,8],"shade":false,"rotation":{"angle":45,"axis":"y","origin":[8,0,8],"rescale":true},"faces":{"north":{"uv":[4,1,11,7],"texture":"#sapling"},"south":{"uv":[11,1,4,7],"texture":"#sapling"}}},{"name":"leaves","from":[8,9,4.5],"to":[8,15,11.5],"shade":false,"rotation":{"angle":45,"axis":"y","origin":[8,0,8],"rescale":true},"faces":{"east":{"uv":[4,1,11,7],"texture":"#sapling"},"west":{"uv":[11,1,4,7],"texture":"#sapling"}}},{"name":"hypocotyl","from":[8,4,7],"to":[8,9,9],"shade":false,"rotation":{"angle":45,"axis":"y","origin":[8,0,8],"rescale":true},"faces":{"east":{"uv":[7,7,9,12],"texture":"#sapling"},"west":{"uv":[9,7,7,12],"texture":"#sapling"}}},{"name":"hypocotyl","from":[7,0,8],"to":[9,9,8],"shade":false,"rotation":{"angle":45,"axis":"y","origin":[8,0,8],"rescale":true},"faces":{"north":{"uv":[7,7,9,16],"texture":"#sapling"},"south":{"uv":[9,7,7,16],"texture":"#sapling"}}}]}