{
	"parent": "block/block",
  "elements": [
    {
      "from": [7, 0, 7],
      "to": [9, 6, 9],
      "faces": {
        "north": {"uv": [0, 8, 2, 14], "texture": "#all"},
        "east": {"uv": [0, 8, 2, 14], "texture": "#all"},
        "south": {"uv": [0, 8, 2, 14], "texture": "#all"},
        "west": {"uv": [0, 8, 2, 14], "texture": "#all"},
        "up": {"uv": [0, 6, 2, 8], "texture": "#all"},
        "down": {"uv": [0, 14, 2, 16], "texture": "#all", "cullface": "down"}
      }
    },
    {
      "from": [7.5, 6, 8],
      "to": [8.5, 7, 8],
      "rotation": {"angle": 45, "axis": "y", "origin": [8, 6, 8]},
			"shade": false,
      "faces": {
        "north": {"uv": [0, 5, 1, 6], "texture": "#all"},
        "south": {"uv": [1, 5, 0, 6], "texture": "#all"}
      }
    },
    {
      "from": [7.5, 6, 8],
      "to": [8.5, 7, 8],
      "rotation": {"angle": -45, "axis": "y", "origin": [8, 6, 8]},
			"shade": false,
      "faces": {
        "north": {"uv": [0, 5, 1, 6], "texture": "#all"},
        "south": {"uv": [1, 5, 0, 6], "texture": "#all"}
      }
    }
  ],
	"display": {
		"thirdperson_righthand": {
			"translation": [0, 6, 2]
		},
		"firstperson_righthand": {
			"translation": [0, 4, 0],
			"scale": [0.6, 0.6, 0.6]
		},
		"ground": {
			"translation": [0, 2, 0],
			"scale": [0.5, 0.5, 0.5]
		},
		"gui": {
			"rotation": [30, 225, 0],
			"translation": [0, 5, 0],
			"scale": [1.3, 1.3, 1.3]
		},
		"head": {
			"translation": [0, 14.5, 0],
			"scale": [1.2, 1.2, 1.2]
		}
	}
}