{"ambientocclusion":false,"elements":[{"faces":{"east":{"texture":"#bars","uv":[7,0,9,16]},"south":{"cullface":"west","texture":"#bars","uv":[7,0,9,16]},"west":{"cullface":"west","texture":"#bars","uv":[9,0,7,16]}},"from":[7,0,7],"to":[9,16,9]},{"faces":{"east":{"texture":"#bars","uv":[0,0,7,16]},"west":{"texture":"#bars","uv":[7,0,0,16]}},"from":[7,0,9],"to":[9,16,16]},{"faces":{"east":{"texture":"#bars","uv":[0,8,2,8.5]},"west":{"texture":"#bars","uv":[2,8,0,8.5]}},"from":[7,0,14],"to":[9,0.5,16]},{"faces":{"east":{"texture":"#bars","uv":[4,3,7,3.5]},"west":{"texture":"#bars","uv":[7,3,4,3.5]}},"from":[7,0,9],"to":[9,0.5,12]},{"faces":{"east":{"texture":"#bars","uv":[0,8.5,2,9]},"west":{"texture":"#bars","uv":[2,8.5,0,9]}},"from":[7,15.5,14],"to":[9,16,16]},{"faces":{"east":{"texture":"#bars","uv":[4,3.5,7,4]},"west":{"texture":"#bars","uv":[7,3.5,4,4]}},"from":[7,15.5,9],"to":[9,16,12]},{"faces":{"north":{"texture":"#bars","uv":[3,0,4,16]},"south":{"texture":"#bars","uv":[2,0,3,16]}},"from":[7,0,12],"to":[9,16,14]},{"faces":{"down":{"texture":"#edge","uv":[9,9,7,16]},"south":{"cullface":"south","texture":"#edge","uv":[7,15.5,9,16]},"up":{"texture":"#edge","uv":[7,9,9,16]}},"from":[7,0,9],"to":[9,0.5,16]},{"faces":{"down":{"texture":"#edge","uv":[9,9,7,11]},"south":{"cullface":"south","texture":"#edge","uv":[7,14,9,16]},"up":{"texture":"#edge","uv":[7,14,9,16]}},"from":[7,7,14],"to":[9,9,16]},{"faces":{"down":{"texture":"#edge","uv":[9,13,7,16]},"up":{"texture":"#edge","uv":[7,9,9,12]}},"from":[7,12,9],"to":[9,14,12]},{"faces":{"down":{"texture":"#edge","uv":[9,9,7,16]},"south":{"cullface":"south","texture":"#edge","uv":[7,15.5,9,16]},"up":{"texture":"#edge","uv":[7,9,9,16]}},"from":[7,15.5,9],"to":[9,16,16]}],"textures":{"particle":"#bars"}}