{"parent":"res_fixes:block/shadeless/block","textures":{"particle":"#side"},"elements":[{"name":"cage","from":[0,0,0],"to":[16,16,16],"shade":false,"faces":{"north":{"uv":[0,0,16,16],"texture":"#front","cullface":"north"},"east":{"uv":[0,0,16,16],"texture":"#side","cullface":"east"},"south":{"uv":[0,0,16,16],"texture":"#side","cullface":"south"},"west":{"uv":[0,0,16,16],"texture":"#side","cullface":"west"},"up":{"uv":[0,0,16,16],"texture":"#top","cullface":"up"},"down":{"uv":[0,0,16,16],"texture":"#bottom","cullface":"down"}}},{"name":"cage_inverted_faces","from":[15.99,15.99,15.99],"to":[0.01,3.01,0.01],"shade":false,"faces":{"north":{"uv":[0,13,16,0],"texture":"#side"},"east":{"uv":[0,13,16,0],"texture":"#side"},"south":{"uv":[0,13,16,0],"texture":"#front"},"west":{"uv":[0,13,16,0],"texture":"#side"},"up":{"uv":[16,0,0,16],"texture":"#bottom"},"down":{"uv":[16,0,0,16],"texture":"#top"}}}]}