{"elements":[{"faces":{"down":{"texture":"#lantern","uv":[0,9,6,15]},"east":{"texture":"#lantern","uv":[0,2,6,9]},"north":{"texture":"#lantern","uv":[0,2,6,9]},"south":{"texture":"#lantern","uv":[0,2,6,9]},"up":{"texture":"#lantern","uv":[0,9,6,15]},"west":{"texture":"#lantern","uv":[0,2,6,9]}},"from":[5,1,5],"shade":false,"to":[11,8,11]},{"faces":{"east":{"texture":"#lantern","uv":[1,0,5,2]},"north":{"texture":"#lantern","uv":[1,0,5,2]},"south":{"texture":"#lantern","uv":[1,0,5,2]},"up":{"texture":"#lantern","uv":[1,10,5,14]},"west":{"texture":"#lantern","uv":[1,0,5,2]}},"from":[6,8,6],"shade":false,"to":[10,10,10]},{"faces":{"north":{"texture":"#lantern","uv":[14,1,11,5]},"south":{"texture":"#lantern","uv":[11,1,14,5]}},"from":[6.5,11,8],"rotation":{"angle":45,"axis":"y","origin":[8,8,8]},"shade":false,"to":[9.5,15,8]},{"faces":{"east":{"texture":"#lantern","uv":[11,6,14,12]},"west":{"texture":"#lantern","uv":[14,6,11,12]}},"from":[8,10,6.5],"rotation":{"angle":45,"axis":"y","origin":[8,8,8]},"shade":false,"to":[8,16,9.5]}],"parent":"res_fixes:block/shadeless/block","textures":{"particle":"#lantern"}}