{"elements":[{"faces":{"down":{"cullface":"down","texture":"#bottom","uv":[0,0,16,16]},"east":{"cullface":"east","texture":"#side","uv":[0,0,16,16]},"north":{"cullface":"north","texture":"#front","uv":[0,0,16,16]},"south":{"cullface":"south","texture":"#side","uv":[0,0,16,16]},"up":{"cullface":"up","texture":"#top","uv":[0,0,16,16]},"west":{"cullface":"west","texture":"#side","uv":[0,0,16,16]}},"from":[0,0,0],"name":"cage","shade":false,"to":[16,16,16]},{"faces":{"down":{"texture":"#top","uv":[16,0,0,16]},"east":{"texture":"#side","uv":[0,13,16,0]},"north":{"texture":"#side","uv":[0,13,16,0]},"south":{"texture":"#front","uv":[0,13,16,0]},"up":{"texture":"#bottom","uv":[16,0,0,16]},"west":{"texture":"#side","uv":[0,13,16,0]}},"from":[15.99,15.99,15.99],"name":"cage_inverted_faces","shade":false,"to":[0.01,3.01,0.01]}],"parent":"res_fixes:block/shadeless/block","textures":{"particle":"#side"}}