{"ambientocclusion":false,"credit":"Made with Blockbench by Minecraft_hyr","elements":[{"faces":{"down":{"texture":"#torch","uv":[7,13,9,15]},"east":{"texture":"#torch","uv":[7,8,9,16]},"north":{"texture":"#torch","uv":[7,8,9,16]},"south":{"texture":"#torch","uv":[7,8,9,16]},"up":{"texture":"#torch","uv":[7,8,9,10]},"west":{"texture":"#torch","uv":[7,8,9,16]}},"from":[-1,3.5,7],"rotation":{"angle":-22.5,"axis":"z","origin":[0,3.5,8]},"to":[1,11.5,9]},{"faces":{"down":{"texture":"#torch","uv":[7,6,9,8]},"east":{"texture":"#torch","uv":[7,6,9,8]},"north":{"texture":"#torch","uv":[7,6,9,8]},"south":{"texture":"#torch","uv":[7,6,9,8]},"up":{"texture":"#torch","uv":[7,6,9,8]},"west":{"texture":"#torch","uv":[7,6,9,8]}},"from":[-1,11.5,7],"rotation":{"angle":-22.5,"axis":"z","origin":[0,3.5,8]},"shade":false,"to":[1,13.5,9]}],"textures":{"particle":"#torch"}}