{"ambientocclusion":false,"credit":"Made with Blockbench by Minecraft_hyr","elements":[{"faces":{"east":{"texture":"#torch","uv":[7,6,9,8]},"north":{"texture":"#torch","uv":[7,6,9,8]},"south":{"texture":"#torch","uv":[7,6,9,8]},"up":{"texture":"#torch","uv":[7,6,9,8]},"west":{"texture":"#torch","uv":[7,6,9,8]}},"from":[7,8,7],"shade":false,"to":[9,10,9]},{"faces":{"down":{"cullface":"down","texture":"#torch","uv":[7,13,9,15]},"east":{"texture":"#torch","uv":[7,8,9,16]},"north":{"texture":"#torch","uv":[7,8,9,16]},"south":{"texture":"#torch","uv":[7,8,9,16]},"west":{"texture":"#torch","uv":[7,8,9,16]}},"from":[7,0,7],"to":[9,8,9]}],"textures":{"particle":"#torch"}}