{"ambientocclusion":false,"credit":"Made with Blockbench by Minecraft_hyr","elements":[{"faces":{"down":{"cullface":"down","texture":"#edge","uv":[7,0,9,7]},"up":{"cullface":"down","texture":"#edge","uv":[7,0,9,7]}},"from":[7,0,0],"to":[9,0.01,7]},{"faces":{"down":{"cullface":"up","texture":"#edge","uv":[7,0,9,7]},"up":{"cullface":"up","texture":"#edge","uv":[7,0,9,7]}},"from":[7,15.99,0],"to":[9,16,7]},{"faces":{"north":{"cullface":"north","texture":"#pane","uv":[7,0,9,16]},"south":{"cullface":"north","texture":"#pane","uv":[9,0,7,16]}},"from":[7,0,0],"to":[9,16,0.01]},{"faces":{"east":{"texture":"#pane","uv":[7,0,0,16]},"west":{"texture":"#pane","uv":[0,0,7,16]}},"from":[7,0,0],"to":[7,16,7]},{"faces":{"east":{"texture":"#pane","uv":[9,0,16,16]},"west":{"texture":"#pane","uv":[16,0,9,16]}},"from":[9,0,0],"to":[9,16,7]}],"format_version":"1.21.6","textures":{"particle":"#pane"}}