{"display":{"firstperson_righthand":{"rotation":[0,135,0],"scale":[0.4,0.4,0.4],"translation":[0,3,0]},"fixed":{"scale":[0.75,0.75,0.75]},"ground":{"scale":[0.5,0.5,0.5],"translation":[0,1.5,0]},"gui":{"rotation":[30,225,0],"scale":[0.9,0.9,0.9],"translation":[0,2,0]},"head":{"translation":[0,14.5,0]},"thirdperson_righthand":{"rotation":[75,135,0],"scale":[0.75,0.75,0.75],"translation":[0,-1.3,-1]}},"elements":[{"faces":{"down":{"cullface":"down","texture":"#lantern","uv":[0,9,6,15]},"east":{"texture":"#lantern","uv":[0,2,6,9]},"north":{"texture":"#lantern","uv":[0,2,6,9]},"south":{"texture":"#lantern","uv":[0,2,6,9]},"up":{"texture":"#lantern","uv":[0,9,6,15]},"west":{"texture":"#lantern","uv":[0,2,6,9]}},"from":[5,0,5],"shade":false,"to":[11,7,11]},{"faces":{"east":{"texture":"#lantern","uv":[1,0,5,2]},"north":{"texture":"#lantern","uv":[1,0,5,2]},"south":{"texture":"#lantern","uv":[1,0,5,2]},"up":{"texture":"#lantern","uv":[1,10,5,14]},"west":{"texture":"#lantern","uv":[1,0,5,2]}},"from":[6,7,6],"shade":false,"to":[10,9,10]},{"faces":{"north":{"texture":"#lantern","uv":[14,1,11,3]},"south":{"texture":"#lantern","uv":[11,1,14,3]}},"from":[6.5,9,8],"rotation":{"angle":45,"axis":"y","origin":[8,8,8]},"shade":false,"to":[9.5,11,8]},{"faces":{"east":{"texture":"#lantern","uv":[11,10,14,12]},"west":{"texture":"#lantern","uv":[14,10,11,12]}},"from":[8,9,6.5],"rotation":{"angle":45,"axis":"y","origin":[8,8,8]},"shade":false,"to":[8,11,9.5]}],"parent":"res_fixes:block/shadeless/block","textures":{"particle":"#lantern"}}