{"ambientocclusion":false,"credit":"Made with Blockbench by Minecraft_hyr","elements":[{"faces":{"north":{"cullface":"south","texture":"#pane","uv":[9,0,7,16]},"south":{"cullface":"south","texture":"#pane","uv":[7,0,9,16]}},"from":[7,0,15.99],"to":[9,16,16]},{"faces":{"down":{"cullface":"down","texture":"#edge","uv":[7,16,9,9]},"up":{"cullface":"down","texture":"#edge","uv":[7,9,9,16]}},"from":[7,0,9],"to":[9,0.01,16]},{"faces":{"down":{"cullface":"up","texture":"#edge","uv":[7,16,9,9]},"up":{"cullface":"up","texture":"#edge","uv":[7,9,9,16]}},"from":[7,15.99,9],"to":[9,16,16]},{"faces":{"east":{"texture":"#pane","uv":[0,0,7,16]},"west":{"texture":"#pane","uv":[7,0,0,16]}},"from":[9,0,9],"to":[9,16,16]},{"faces":{"east":{"texture":"#pane","uv":[16,0,9,16]},"west":{"texture":"#pane","uv":[9,0,16,16]}},"from":[7,0,9],"to":[7,16,16]}],"format_version":"1.21.6","textures":{"particle":"#pane"}}