{"ambientocclusion":false,"textures":{"particle":"#bars"},"elements":[{"from":[7,0,7],"to":[9,16,9],"faces":{"west":{"uv":[9,0,7,16],"texture":"#bars"},"east":{"uv":[7,0,9,16],"texture":"#bars","cullface":"east"},"north":{"uv":[7,0,9,16],"texture":"#bars","cullface":"east"}}},{"from":[7,0,0],"to":[9,16,7],"faces":{"west":{"uv":[16,0,9,16],"texture":"#bars"},"east":{"uv":[9,0,16,16],"texture":"#bars"}}},{"from":[7,0,0],"to":[9,0.5,2],"faces":{"west":{"uv":[16,8,14,8.5],"texture":"#bars"},"east":{"uv":[14,8,16,8.5],"texture":"#bars"}}},{"from":[7,0,4],"to":[9,0.5,7],"faces":{"west":{"uv":[12,13,9,13.5],"texture":"#bars"},"east":{"uv":[9,13,12,13.5],"texture":"#bars"}}},{"from":[7,15.5,0],"to":[9,16,2],"faces":{"west":{"uv":[16,8.5,14,9],"texture":"#bars"},"east":{"uv":[14,8.5,16,9],"texture":"#bars"}}},{"from":[7,15.5,4],"to":[9,16,7],"faces":{"west":{"uv":[12,13.5,9,14],"texture":"#bars"},"east":{"uv":[9,13.5,12,14],"texture":"#bars"}}},{"from":[7,0,2],"to":[9,16,4],"faces":{"north":{"uv":[13,0,14,16],"texture":"#bars"},"south":{"uv":[12,0,13,16],"texture":"#bars"}}},{"from":[7,0,0],"to":[9,0.5,7],"faces":{"down":{"uv":[9,0,7,7],"texture":"#edge"},"up":{"uv":[7,0,9,7],"texture":"#edge"},"north":{"uv":[7,0,9,0.5],"texture":"#edge","cullface":"north"}}},{"from":[7,2,4],"to":[9,4,7],"faces":{"down":{"uv":[9,0,7,3],"texture":"#edge"},"up":{"uv":[7,4,9,7],"texture":"#edge"}}},{"from":[7,7,0],"to":[9,9,2],"faces":{"down":{"uv":[9,5,7,7],"texture":"#edge"},"up":{"uv":[7,0,9,2],"texture":"#edge"},"north":{"uv":[7,5,9,7],"texture":"#edge","cullface":"north"}}},{"from":[7,15.5,0],"to":[9,16,7],"faces":{"down":{"uv":[9,0,7,7],"texture":"#edge"},"up":{"uv":[7,0,9,7],"texture":"#edge"},"north":{"uv":[7,0,9,0.5],"texture":"#edge","cullface":"north"}}}]}