{"credit":"Made with Blockbench by Minecraft_hyr","parent":"minecraft:block/block","textures":{"particle":"block/anvil","body":"block/anvil"},"display":{"firstperson_righthand":{"rotation":[0,225,0],"scale":[0.4,0.4,0.4],"translation":[0,0.5,0]},"thirdperson_righthand":{"rotation":[75,225,0],"scale":[0.4,0.4,0.4],"translation":[0,2.5,0]},"fixed":{"rotation":[0,90,0],"scale":[0.75,0.75,0.75]},"ground":{"rotation":[0,90,0],"scale":[0.25,0.25,0.25],"translation":[0,3,0]},"gui":{"rotation":[30,315,0],"scale":[0.625,0.625,0.625],"translation":[0,0,0]},"head":{"rotation":[0,90,0],"translation":[0,14.5,0]}},"elements":[{"from":[2,0,2],"to":[14,4,14],"faces":{"north":{"uv":[2,12,14,16],"texture":"#body"},"east":{"uv":[2,12,14,16],"texture":"#body"},"south":{"uv":[2,12,14,16],"texture":"#body"},"west":{"uv":[2,12,14,16],"texture":"#body"},"up":{"uv":[2,2,14,14],"texture":"#body"},"down":{"uv":[2,2,14,14],"texture":"#body","cullface":"down"}}},{"from":[4,4,3],"to":[12,5,13],"faces":{"north":{"uv":[4,11,12,12],"texture":"#body"},"east":{"uv":[3,11,13,12],"texture":"#body"},"south":{"uv":[4,11,12,12],"texture":"#body"},"west":{"uv":[3,11,13,12],"texture":"#body"},"up":{"uv":[4,3,12,13],"texture":"#body"}}},{"from":[6,5,4],"to":[10,10,12],"faces":{"north":{"uv":[6,6,10,11],"texture":"#body"},"east":{"uv":[4,6,12,11],"texture":"#body"},"south":{"uv":[6,6,10,11],"texture":"#body"},"west":{"uv":[4,6,12,11],"texture":"#body"}}},{"from":[3,10,0],"to":[13,16,16],"faces":{"north":{"uv":[3,0,13,6],"texture":"#body","cullface":"north"},"east":{"uv":[0,0,16,6],"texture":"#body"},"south":{"uv":[3,0,13,6],"texture":"#body","cullface":"south"},"west":{"uv":[0,0,16,6],"texture":"#body"},"up":{"uv":[3,0,13,16],"texture":"#top","cullface":"up"},"down":{"uv":[3,0,13,16],"texture":"#body"}}}]}