{"__comment":"Designed by GeForceLegend","parent":"item/boat","textures":{"particle":"item/bamboo_raft_model","raft":"item/bamboo_raft_model","chest":"item/boat_chest"},"elements":[{"from":[0,0,-6],"to":[16,4,22],"faces":{"north":{"uv":[0,7,4,8],"texture":"#raft"},"east":{"uv":[5,0,12,1],"texture":"#raft"},"south":{"uv":[0,7,4,8],"texture":"#raft"},"west":{"uv":[5,1,12,2],"texture":"#raft"},"down":{"uv":[1,0,5,7],"texture":"#raft"}}},{"from":[-2,4,-6],"to":[18,8,22],"faces":{"north":{"uv":[0,7,5,8],"texture":"#raft"},"east":{"uv":[5,0,12,1],"texture":"#raft"},"south":{"uv":[0,7,5,8],"texture":"#raft"},"west":{"uv":[5,1,12,2],"texture":"#raft"},"up":{"uv":[0,8,5,15],"texture":"#raft"},"down":{"uv":[0,0,5,7],"texture":"#raft"}}},{"from":[10,9,4],"to":[28,11,6],"rotation":{"angle":-45,"axis":"z","origin":[17,9,5]},"faces":{"north":{"uv":[9.5,15,5,14.5],"rotation":180,"texture":"#raft"},"east":{"uv":[14.5,14.5,15,15],"texture":"#raft"},"south":{"uv":[14.5,15,10,14.5],"rotation":180,"texture":"#raft"},"west":{"uv":[9.5,14.5,10,15],"texture":"#raft"},"up":{"uv":[10,14.5,9.5,10],"rotation":270,"texture":"#raft"},"down":{"uv":[10,14.5,10.5,10],"rotation":270,"texture":"#raft"}}},{"from":[23,8,5],"to":[30,14,6.01],"rotation":{"angle":-45,"axis":"z","origin":[17,9,5]},"faces":{"north":{"uv":[6.75,13.25,5,11.75],"rotation":180,"texture":"#raft"},"east":{"uv":[8.75,11.75,9,13.25],"texture":"#raft"},"south":{"uv":[8.75,13.25,7,11.75],"rotation":180,"texture":"#raft"},"west":{"uv":[6.75,11.75,7,13.25],"texture":"#raft"},"up":{"uv":[6.75,10,7,11.75],"rotation":90,"texture":"#raft"},"down":{"uv":[7,10,7.25,11.75],"rotation":90,"texture":"#raft"}}},{"from":[-12,9,4],"to":[6,11,6],"rotation":{"angle":45,"axis":"z","origin":[-1,9,5]},"faces":{"north":{"uv":[14.5,8,10,7.5],"rotation":180,"texture":"#raft"},"east":{"uv":[9.5,7.5,10,8],"texture":"#raft"},"south":{"uv":[5,8,9.5,7.5],"rotation":180,"texture":"#raft"},"west":{"uv":[14.5,7.5,15,8],"texture":"#raft"},"up":{"uv":[9.5,3,10,7.5],"rotation":270,"texture":"#raft"},"down":{"uv":[10.5,3,10,7.5],"rotation":270,"texture":"#raft"}}},{"from":[-14,8,5],"to":[-7,14,6.01],"rotation":{"angle":45,"axis":"z","origin":[-1,9,5]},"faces":{"north":{"uv":[5,13.25,6.75,11.75],"rotation":180,"texture":"#raft"},"east":{"uv":[7,11.75,6.75,13.25],"texture":"#raft"},"south":{"uv":[7,13.25,8.75,11.75],"rotation":180,"texture":"#raft"},"west":{"uv":[9,11.75,8.75,13.25],"texture":"#raft"},"up":{"uv":[6.75,11.75,7,10],"rotation":90,"texture":"#raft"},"down":{"uv":[7,11.75,7.25,10],"rotation":90,"texture":"#raft"}}},{"from":[2,8,10],"to":[14,20,22],"faces":{"north":{"uv":[6,6,12,12],"texture":"#chest"},"east":{"uv":[0,6,6,12],"texture":"#chest"},"south":{"uv":[0,6,6,12],"texture":"#chest"},"west":{"uv":[0,6,6,12],"texture":"#chest"},"up":{"uv":[6,0,12,6],"texture":"#chest"}}},{"from":[7,13,9],"to":[9,17,10],"faces":{"north":{"uv":[0.5,0.5,1.5,2.5],"texture":"#chest"},"east":{"uv":[0,0.5,0.5,2.5],"texture":"#chest"},"west":{"uv":[1.5,0.5,2,2.5],"texture":"#chest"},"up":{"uv":[1.5,0,0.5,0.5],"texture":"#chest"},"down":{"uv":[1.5,0,0.5,0.5],"texture":"#chest"}}}]}