{
	"credit": "Made with Blockbench",
	"ambientocclusion": false,
	"textures": {
		"lit": "block/redstone_torch",
		"slab": "block/smooth_stone",
		"particle": "block/comparator_on",
		"top": "block/comparator_on",
		"unlit": "block/redstone_torch_off"
	},
	"elements": [
		{
			"from": [0, 0, 0],
			"to": [16, 2, 16],
			"faces": {
				"north": {"uv": [0, 14, 16, 16], "texture": "#slab", "cullface": "north"},
				"east": {"uv": [0, 14, 16, 16], "texture": "#slab", "cullface": "east"},
				"south": {"uv": [0, 14, 16, 16], "texture": "#slab", "cullface": "south"},
				"west": {"uv": [0, 14, 16, 16], "texture": "#slab", "cullface": "west"},
				"up": {"uv": [0, 0, 16, 16], "texture": "#top"},
				"down": {"uv": [0, 0, 16, 16], "texture": "#slab", "cullface": "down"}
			}
		},
		{
			"from": [7, 2, 2],
			"to": [9, 4, 4],
			"shade": false,
			"faces": {
				"north": {"uv": [7, 6, 9, 8], "texture": "#unlit"},
				"east": {"uv": [7, 6, 9, 8], "texture": "#unlit"},
				"south": {"uv": [7, 6, 9, 8], "texture": "#unlit"},
				"west": {"uv": [7, 6, 9, 8], "texture": "#unlit"},
				"up": {"uv": [7, 6, 9, 8], "texture": "#unlit"}
			}
		},
		{
			"from": [6, 5, 10],
			"to": [6, 8, 14],
			"shade": false,
			"faces": {
				"east": {"uv": [6, 5, 10, 8], "texture": "#lit"},
				"west": {"uv": [6, 5, 10, 8], "texture": "#lit"}
			}
		},
		{
			"from": [3, 5, 11],
			"to": [7, 8, 11],
			"shade": false,
			"faces": {
				"north": {"uv": [6, 5, 10, 8], "texture": "#lit"},
				"south": {"uv": [6, 5, 10, 8], "texture": "#lit"}
			}
		},
		{
			"from": [4, 5, 10],
			"to": [4, 8, 14],
			"shade": false,
			"faces": {
				"east": {"uv": [6, 5, 10, 8], "texture": "#lit"},
				"west": {"uv": [6, 5, 10, 8], "texture": "#lit"}
			}
		},
		{
			"from": [3, 5, 13],
			"to": [7, 8, 13],
			"shade": false,
			"faces": {
				"north": {"uv": [6, 5, 10, 8], "texture": "#lit"},
				"south": {"uv": [6, 5, 10, 8], "texture": "#lit"}
			}
		},
		{
			"from": [4, 2, 11],
			"to": [6, 7, 13],
			"shade": false,
			"faces": {
				"north": {"uv": [7, 6, 9, 11], "texture": "#lit"},
				"east": {"uv": [7, 6, 9, 11], "texture": "#lit"},
				"south": {"uv": [7, 6, 9, 11], "texture": "#lit"},
				"west": {"uv": [7, 6, 9, 11], "texture": "#lit"},
				"up": {"uv": [7, 6, 9, 8], "texture": "#lit"}
			}
		},
		{
			"from": [12, 5, 10],
			"to": [12, 8, 14],
			"shade": false,
			"faces": {
				"east": {"uv": [6, 5, 10, 8], "texture": "#lit"},
				"west": {"uv": [6, 5, 10, 8], "texture": "#lit"}
			}
		},
		{
			"from": [9, 5, 11],
			"to": [13, 8, 11],
			"shade": false,
			"faces": {
				"north": {"uv": [6, 5, 10, 8], "texture": "#lit"},
				"south": {"uv": [6, 5, 10, 8], "texture": "#lit"}
			}
		},
		{
			"from": [10, 5, 10],
			"to": [10, 8, 14],
			"shade": false,
			"faces": {
				"east": {"uv": [6, 5, 10, 8], "texture": "#lit"},
				"west": {"uv": [6, 5, 10, 8], "texture": "#lit"}
			}
		},
		{
			"from": [9, 5, 13],
			"to": [13, 8, 13],
			"shade": false,
			"faces": {
				"north": {"uv": [6, 5, 10, 8], "texture": "#lit"},
				"south": {"uv": [6, 5, 10, 8], "texture": "#lit"}
			}
		},
		{
			"from": [10, 2, 11],
			"to": [12, 7, 13],
			"shade": false,
			"faces": {
				"north": {"uv": [7, 6, 9, 11], "texture": "#lit"},
				"east": {"uv": [7, 6, 9, 11], "texture": "#lit"},
				"south": {"uv": [7, 6, 9, 11], "texture": "#lit"},
				"west": {"uv": [7, 6, 9, 11], "texture": "#lit"},
				"up": {"uv": [7, 6, 9, 8], "texture": "#lit"}
			}
		}
	],
	"groups": [
		0,
		1,
		{
			"name": "group",
			"origin": [8, 8, 8],
			"color": 0,
			"shade": false,
			"children": [
				{
					"name": "group",
					"origin": [0, 0, 0],
					"color": 0,
					"shade": false,
					"children": [2, 3, 4, 5, 6]
				},
				{
					"name": "group",
					"origin": [0, 0, 0],
					"color": 0,
					"shade": false,
					"children": [7, 8, 9, 10, 11]
				}
			]
		}
	]
}