{"ambientocclusion":false,"elements":[{"faces":{"down":{"cullface":"down","texture":"#slab","uv":[0,0,16,16]},"east":{"cullface":"east","texture":"#slab","uv":[0,14,16,16]},"north":{"cullface":"north","texture":"#slab","uv":[0,14,16,16]},"south":{"cullface":"south","texture":"#slab","uv":[0,14,16,16]},"up":{"texture":"#top","uv":[0,0,16,16]},"west":{"cullface":"west","texture":"#slab","uv":[0,14,16,16]}},"from":[0,0,0],"to":[16,2,16]},{"faces":{"east":{"texture":"#unlit","uv":[7,6,9,11]},"north":{"texture":"#unlit","uv":[7,6,9,11]},"south":{"texture":"#unlit","uv":[7,6,9,11]},"up":{"texture":"#unlit","uv":[7,6,9,8]},"west":{"texture":"#unlit","uv":[7,6,9,11]}},"from":[4,2,11],"shade":false,"to":[6,7,13]},{"faces":{"east":{"texture":"#unlit","uv":[7,6,9,11]},"north":{"texture":"#unlit","uv":[7,6,9,11]},"south":{"texture":"#unlit","uv":[7,6,9,11]},"up":{"texture":"#unlit","uv":[7,6,9,8]},"west":{"texture":"#unlit","uv":[7,6,9,11]}},"from":[10,2,11],"shade":false,"to":[12,7,13]},{"faces":{"east":{"texture":"#unlit","uv":[7,6,9,8]},"north":{"texture":"#unlit","uv":[7,6,9,8]},"south":{"texture":"#unlit","uv":[7,6,9,8]},"up":{"texture":"#unlit","uv":[7,6,9,8]},"west":{"texture":"#unlit","uv":[7,6,9,8]}},"from":[7,2,2],"shade":false,"to":[9,4,4]}],"parent":"minecraft:block/thin_block","textures":{"lit":"block/redstone_torch","particle":"block/comparator","slab":"block/smooth_stone","top":"block/comparator","unlit":"block/redstone_torch_off"}}