{
  "format_version": "1.21.6",
  "credit": "Made with Blockbench by Minecraft_hyr",
  "parent": "block/block",
  "ambientocclusion": false,
  "textures": {
    "particle": "block/big_dripleaf_stem",
    "stem": "block/big_dripleaf_stem"
  },
  "elements": [
    {
      "from": [5, 0, 12],
      "to": [11, 16, 12],
      "shade": false,
      "rotation": {"angle": -45, "axis": "y", "origin": [8, 8, 12], "rescale": true},
      "faces": {
        "north": {"uv": [3, 0, 14, 16], "texture": "#stem"},
        "south": {"uv": [14, 0, 3, 16], "texture": "#stem"}
      }
    },
    {
      "from": [8, 0, 9],
      "to": [8, 16, 15],
      "shade": false,
      "rotation": {"angle": -45, "axis": "y", "origin": [8, 8, 12], "rescale": true},
      "faces": {
        "east": {"uv": [3, 0, 14, 16], "texture": "#stem"},
        "west": {"uv": [14, 0, 3, 16], "texture": "#stem"}
      }
    }
  ]
}