{
  "credit": "Made with Blockbench by Minecraft_hyr",
  "parent": "res_fixes:block/iron_bars/parent",
  "elements": [
    {
      "from": [7, 0, 7],
      "to": [9, 16, 9],
      "faces": {
        "north": {"uv": [7, 0, 9, 16], "texture": "#texture"},
        "east": {"uv": [7, 0, 9, 16], "texture": "#texture"},
        "south": {"uv": [7, 0, 9, 16], "texture": "#texture"},
        "west": {"uv": [7, 0, 9, 16], "texture": "#texture"},
        "up": {"uv": [7, 0, 9, 2], "texture": "#texture", "cullface": "up"},
        "down": {"uv": [7, 14, 9, 16], "texture": "#texture", "cullface": "down"}
      }
    }
  ]
}