{"ambientocclusion":false,"elements":[{"faces":{"down":{"cullface":"down","texture":"#slab","uv":[0,0,16,16]},"east":{"cullface":"east","texture":"#slab","uv":[0,14,16,16]},"north":{"cullface":"north","texture":"#slab","uv":[0,14,16,16]},"south":{"cullface":"south","texture":"#slab","uv":[0,14,16,16]},"up":{"texture":"#top","uv":[0,0,16,16]},"west":{"cullface":"west","texture":"#slab","uv":[0,14,16,16]}},"from":[0,0,0],"to":[16,2,16]},{"faces":{"east":{"texture":"#unlit","uv":[7,6,9,11]},"north":{"texture":"#unlit","uv":[7,6,9,11]},"south":{"texture":"#unlit","uv":[7,6,9,11]},"up":{"texture":"#unlit","uv":[7,6,9,8]},"west":{"texture":"#unlit","uv":[7,6,9,11]}},"from":[7,2,6],"to":[9,7,8]},{"faces":{"east":{"texture":"#unlit","uv":[7,6,9,11]},"north":{"texture":"#unlit","uv":[7,6,9,11]},"south":{"texture":"#unlit","uv":[7,6,9,11]},"up":{"texture":"#unlit","uv":[7,6,9,8]},"west":{"texture":"#unlit","uv":[7,6,9,11]}},"from":[7,2,2],"to":[9,7,4]}],"parent":"minecraft:block/thin_block","textures":{"particle":"block/repeater","slab":"block/smooth_stone","top":"block/repeater","unlit":"block/redstone_torch_off"}}