{
  "credit": "Made with Blockbench",
  "ambientocclusion": false,
  "elements": [
    {
      "from": [0, 10, 0],
      "to": [16, 12, 16],
      "faces": {
        "north": {"uv": [0, 4, 16, 6], "texture": "#side", "cullface": "north"},
        "east": {"uv": [0, 4, 16, 6], "texture": "#side", "cullface": "east"},
        "south": {"uv": [0, 4, 16, 6], "texture": "#side", "cullface": "south"},
        "west": {"uv": [0, 4, 16, 6], "texture": "#side", "cullface": "west"},
        "up": {"uv": [0, 0, 16, 16], "texture": "#top", "cullface": "up"},
        "down": {"uv": [0, 0, 16, 16], "texture": "#top"}
      }
    },
    {
      "from": [0, 12, 0],
      "to": [2, 16, 16],
      "faces": {
        "north": {"uv": [14, 0, 16, 4], "texture": "#side", "cullface": "north"},
        "east": {"uv": [0, 0, 16, 4], "texture": "#side", "cullface": "up"},
        "south": {"uv": [0, 0, 2, 4], "texture": "#side", "cullface": "south"},
        "west": {"uv": [0, 0, 16, 4], "texture": "#side", "cullface": "west"},
        "up": {"uv": [0, 0, 2, 16], "texture": "#top", "cullface": "up"}
      }
    },
    {
      "from": [14, 12, 0],
      "to": [16, 16, 16],
      "faces": {
        "north": {"uv": [0, 0, 2, 4], "texture": "#side", "cullface": "north"},
        "east": {"uv": [0, 0, 16, 4], "texture": "#side", "cullface": "east"},
        "south": {"uv": [14, 0, 16, 4], "texture": "#side", "cullface": "south"},
        "west": {"uv": [0, 0, 16, 4], "texture": "#side", "cullface": "up"},
        "up": {"uv": [14, 0, 16, 16], "texture": "#top", "cullface": "up"}
      }
    },
    {
      "from": [2, 12, 0],
      "to": [14, 16, 2],
      "faces": {
        "north": {"uv": [2, 0, 14, 4], "texture": "#side", "cullface": "north"},
        "south": {"uv": [2, 0, 14, 4], "texture": "#side", "cullface": "up"},
        "up": {"uv": [2, 0, 14, 2], "texture": "#top", "cullface": "up"}
      }
    },
    {
      "from": [2, 12, 14],
      "to": [14, 16, 16],
      "faces": {
        "north": {"uv": [2, 0, 14, 4], "texture": "#side", "cullface": "up"},
        "south": {"uv": [2, 0, 14, 4], "texture": "#side", "cullface": "south"},
        "up": {"uv": [2, 14, 14, 16], "texture": "#top", "cullface": "up"}
      }
    },
    {
      "from": [4, 0, 4],
      "to": [12, 1, 12],
      "faces": {
        "north": {"uv": [4, 15, 12, 16], "texture": "#side"},
        "east": {"uv": [4, 15, 12, 16], "texture": "#side"},
        "south": {"uv": [4, 15, 12, 16], "texture": "#side"},
        "west": {"uv": [4, 15, 12, 16], "texture": "#side"},
        "down": {"uv": [4, 4, 12, 12], "texture": "#top", "cullface": "down"}
      }
    },
    {
      "from": [4, 0, 12],
      "to": [12, 10, 16],
      "rotation": {"angle": 22.5, "axis": "x", "origin": [0, 10, 16]},
      "faces": {
        "east": {"uv": [0, 6, 4, 16], "texture": "#side"},
        "south": {"uv": [4, 6, 12, 16], "texture": "#side"},
        "west": {"uv": [12, 6, 16, 16], "texture": "#side"},
        "down": {"uv": [4, 0, 12, 4], "texture": "#top"}
      }
    },
    {
      "from": [12, 0, 4],
      "to": [16, 10, 12],
      "rotation": {"angle": -22.5, "axis": "z", "origin": [16, 10, 0]},
      "faces": {
        "north": {"uv": [0, 6, 4, 16], "texture": "#side"},
        "east": {"uv": [4, 6, 12, 16], "texture": "#side"},
        "south": {"uv": [12, 6, 16, 16], "texture": "#side"},
        "down": {"uv": [12, 4, 16, 12], "texture": "#top"}
      }
    },
    {
      "from": [4, 0, 0],
      "to": [12, 10, 4],
      "rotation": {"angle": -22.5, "axis": "x", "origin": [0, 10, 0]},
      "faces": {
        "north": {"uv": [4, 6, 12, 16], "texture": "#side"},
        "east": {"uv": [12, 6, 16, 16], "texture": "#side"},
        "west": {"uv": [0, 6, 4, 16], "texture": "#side"},
        "down": {"uv": [4, 12, 12, 16], "texture": "#top"}
      }
    },
    {
      "from": [0, 0, 4],
      "to": [4, 10, 12],
      "rotation": {"angle": 22.5, "axis": "z", "origin": [0, 10, 0]},
      "faces": {
        "north": {"uv": [12, 6, 16, 16], "texture": "#side"},
        "south": {"uv": [0, 6, 4, 16], "texture": "#side"},
        "west": {"uv": [4, 6, 12, 16], "texture": "#side"},
        "down": {"uv": [0, 4, 4, 12], "texture": "#top"}
      }
    }
  ],
  "display": {
    "thirdperson_righthand": {
      "rotation": [75, 45, 0],
      "translation": [0, 0, -2.5],
      "scale": [0.375, 0.375, 0.375]
    },
    "firstperson_righthand": {
      "rotation": [0, 45, 0],
      "scale": [0.375, 0.375, 0.375]
    },
    "firstperson_lefthand": {
      "rotation": [0, 225, 0],
      "scale": [0.375, 0.375, 0.375]
    },
    "head": {
      "rotation": [180, 0, 0],
      "translation": [0, 10, 0],
      "scale": [1.09, 1.09, 1.09]
    }
  }
}