{"__comment":"Designed by GeForceLegend","ambientocclusion":false,"textures":{"rail":"block/activator_rail","particle":"block/activator_rail","wood":"block/rail_wood_redstone"},"elements":[{"from":[1,0.01,-5.213],"to":[15,1,-2.3846],"rotation":{"angle":45,"axis":"x","origin":[8,0,16]},"faces":{"north":{"uv":[15,1,1,2],"texture":"#wood"},"east":{"uv":[15,1,14,3],"rotation":90,"texture":"#wood"},"south":{"uv":[1,2,15,3],"texture":"#wood"},"west":{"uv":[2,3,1,1],"rotation":90,"texture":"#wood"},"up":{"uv":[1,1,15,3],"texture":"#wood"},"down":{"uv":[1,3,15,1],"texture":"#wood"}}},{"from":[1,0.01,0.4438],"to":[15,1,3.2722],"rotation":{"angle":45,"axis":"x","origin":[8,0,16]},"faces":{"north":{"uv":[15,5,1,6],"texture":"#wood"},"east":{"uv":[15,5,14,7],"rotation":90,"texture":"#wood"},"south":{"uv":[1,6,15,7],"texture":"#wood"},"west":{"uv":[2,7,1,5],"rotation":90,"texture":"#wood"},"up":{"uv":[1,5,15,7],"texture":"#wood"},"down":{"uv":[1,7,15,5],"texture":"#wood"}}},{"from":[1,0.01,6.1006],"to":[15,1,8.929],"rotation":{"angle":45,"axis":"x","origin":[8,0,16]},"faces":{"north":{"uv":[15,9,1,10],"texture":"#wood"},"east":{"uv":[15,9,14,11],"rotation":90,"texture":"#wood"},"south":{"uv":[1,10,15,11],"texture":"#wood"},"west":{"uv":[2,11,1,9],"rotation":90,"texture":"#wood"},"up":{"uv":[1,9,15,11],"texture":"#wood"},"down":{"uv":[1,11,15,9],"texture":"#wood"}}},{"from":[1,0.01,11.7574],"to":[15,1,14.5858],"rotation":{"angle":45,"axis":"x","origin":[8,0,16]},"faces":{"north":{"uv":[15,13,1,14],"texture":"#wood"},"east":{"uv":[15,13,14,15],"rotation":90,"texture":"#wood"},"south":{"uv":[1,14,15,15],"texture":"#wood"},"west":{"uv":[2,15,1,13],"rotation":90,"texture":"#wood"},"up":{"uv":[1,13,15,15],"texture":"#wood"},"down":{"uv":[1,15,15,13],"texture":"#wood"}}},{"from":[7,0,-2.3846],"to":[9,1,0.4438],"rotation":{"angle":45,"axis":"x","origin":[8,0,16]},"faces":{"east":{"uv":[8,3,9,5],"rotation":90,"texture":"#wood"},"west":{"uv":[8,5,7,3],"rotation":90,"texture":"#wood"},"up":{"uv":[7,3,9,5],"texture":"#wood"},"down":{"uv":[7,5,9,3],"texture":"#wood"}}},{"from":[7,0,3.2722],"to":[9,1,6.1006],"rotation":{"angle":45,"axis":"x","origin":[8,0,16]},"faces":{"east":{"uv":[8,7,9,9],"rotation":90,"texture":"#wood"},"west":{"uv":[8,9,7,7],"rotation":90,"texture":"#wood"},"up":{"uv":[7,7,9,9],"texture":"#wood"},"down":{"uv":[7,9,9,7],"texture":"#wood"}}},{"from":[7,0,8.929],"to":[9,1,11.7574],"rotation":{"angle":45,"axis":"x","origin":[8,0,16]},"faces":{"east":{"uv":[8,11,9,13],"rotation":90,"texture":"#wood"},"west":{"uv":[8,13,7,11],"rotation":90,"texture":"#wood"},"up":{"uv":[7,11,9,13],"texture":"#wood"},"down":{"uv":[7,13,9,11],"texture":"#wood"}}},{"from":[2,0,-6.6275],"to":[4,2,16],"rotation":{"angle":45,"axis":"x","origin":[8,0,16]},"faces":{"east":{"uv":[4,16,3,0],"rotation":270,"texture":"#rail"},"south":{"uv":[2,15,4,16],"texture":"#rail","cullface":"south"},"west":{"uv":[2,0,3,16],"rotation":270,"texture":"#rail"},"up":{"uv":[2,0,4,16],"texture":"#rail"},"down":{"uv":[2,16,4,0],"texture":"#rail"}}},{"from":[12,0,-6.6275],"to":[14,2,16],"rotation":{"angle":45,"axis":"x","origin":[8,0,16]},"faces":{"east":{"uv":[14,16,13,0],"rotation":270,"texture":"#rail"},"south":{"uv":[12,15,14,16],"texture":"#rail","cullface":"south"},"west":{"uv":[12,0,13,16],"rotation":270,"texture":"#rail"},"up":{"uv":[12,0,14,16],"texture":"#rail"},"down":{"uv":[12,16,14,0],"texture":"#rail"}}},{"from":[2,16.4692,0],"to":[4,18,1.5307],"rotation":{"angle":22.5,"axis":"x","origin":[8,18,0]},"faces":{"north":{"uv":[4,0,2,1],"texture":"#rail","cullface":"up"},"east":{"uv":[4,0,3,1],"texture":"#rail","cullface":"up"},"west":{"uv":[2,0,3,1],"texture":"#rail","cullface":"up"},"up":{"uv":[2,0,4,1],"texture":"#rail","cullface":"up"}}},{"from":[12,16.4692,0],"to":[14,18,1.5307],"rotation":{"angle":22.5,"axis":"x","origin":[8,18,0]},"faces":{"north":{"uv":[14,0,12,1],"texture":"#rail","cullface":"up"},"east":{"uv":[14,0,13,1],"texture":"#rail","cullface":"up"},"west":{"uv":[12,0,13,1],"texture":"#rail","cullface":"up"},"up":{"uv":[12,0,14,1],"texture":"#rail","cullface":"up"}}},{"from":[2,16,-0.8284],"to":[4,17,0],"rotation":{"angle":45,"axis":"x","origin":[3,16,0]},"faces":{"east":{"uv":[4,0,3,1],"texture":"#rail","cullface":"up"},"west":{"uv":[2,0,3,1],"texture":"#rail","cullface":"up"},"down":{"uv":[2,0,4,1],"texture":"#rail","cullface":"up"}}},{"from":[12,16,-0.8284],"to":[14,17,0],"rotation":{"angle":45,"axis":"x","origin":[3,16,0]},"faces":{"east":{"uv":[14,0,13,1],"texture":"#rail","cullface":"up"},"west":{"uv":[12,0,13,1],"texture":"#rail","cullface":"up"},"down":{"uv":[12,0,14,1],"texture":"#rail","cullface":"up"}}}]}