{"__comment":"Designed by GeForceLegend","elements":[{"faces":{"down":{"texture":"#obsidian","uv":[2,2,14,14]},"east":{"texture":"#obsidian","uv":[2,13,14,16]},"north":{"texture":"#obsidian","uv":[2,13,14,16]},"south":{"texture":"#obsidian","uv":[2,13,14,16]},"up":{"texture":"#obsidian","uv":[2,2,14,14]},"west":{"texture":"#obsidian","uv":[2,13,14,16]}},"from":[2,0.1,2],"to":[14,3,14]},{"faces":{"down":{"texture":"#beacon","uv":[3,3,13,13]},"east":{"texture":"#beacon","uv":[3,2,13,13]},"north":{"texture":"#beacon","uv":[3,2,13,13]},"south":{"texture":"#beacon","uv":[3,2,13,13]},"up":{"texture":"#beacon","uv":[3,3,13,13]},"west":{"texture":"#beacon","uv":[3,2,13,13]}},"from":[3,3,3],"light_emission":15,"to":[13,14,13]},{"faces":{"down":{"cullface":"down","texture":"#glass","uv":[0,0,16,16]},"east":{"cullface":"east","texture":"#glass","uv":[0,0,16,16]},"north":{"cullface":"north","texture":"#glass","uv":[0,0,16,16]},"south":{"cullface":"south","texture":"#glass","uv":[0,0,16,16]},"up":{"cullface":"up","texture":"#glass","uv":[0,0,16,16]},"west":{"cullface":"west","texture":"#glass","uv":[0,0,16,16]}},"from":[0,0,0],"to":[16,16,16]},{"faces":{"down":{"cullface":"down","texture":"#glass","uv":[0,0,16,16]},"east":{"cullface":"east","texture":"#glass","uv":[0,0,16,16]},"north":{"cullface":"south","texture":"#glass","uv":[0,0,16,16]},"south":{"cullface":"north","texture":"#glass","uv":[0,0,16,16]},"up":{"cullface":"up","texture":"#glass","uv":[0,0,16,16]},"west":{"cullface":"west","texture":"#glass","uv":[0,0,16,16]}},"from":[0.01,0.01,15.99],"to":[15.99,15.99,0.01]}],"parent":"block/block","textures":{"beacon":"block/beacon","glass":"block/glass","obsidian":"block/obsidian","particle":"block/glass"}}