{"__comment":"Designed by GeForceLegend","ambientocclusion":false,"elements":[{"faces":{"down":{"cullface":"down","texture":"#top","uv":[0,0,16,16]},"east":{"cullface":"east","texture":"#side","uv":[0,0,16,16]},"north":{"cullface":"north","texture":"#front_on","uv":[0,0,16,16]},"south":{"cullface":"south","texture":"#side","uv":[0,0,16,16]},"up":{"cullface":"up","texture":"#top","uv":[0,0,16,16]},"west":{"cullface":"west","texture":"#side","uv":[0,0,16,16]}},"from":[0,0,0],"to":[16,16,16]},{"faces":{"down":{"cullface":"north","texture":"#front","uv":[11,14,6,13]},"north":{"cullface":"north","texture":"#front","uv":[6,11,11,14]},"up":{"cullface":"north","texture":"#front","uv":[11,12,6,11]}},"from":[5.01,2.01,-0.9],"to":[9.99,4.99,0]},{"faces":{"down":{"cullface":"north","texture":"#front","uv":[11,8,6,7]},"north":{"cullface":"north","texture":"#front","uv":[6,6,11,8]},"up":{"cullface":"north","texture":"#front","uv":[11,7,6,6]}},"from":[5.01,8.01,-0.9],"to":[9.99,9.99,0]},{"faces":{"down":{"cullface":"north","texture":"#front","uv":[6,14,3,13]},"east":{"cullface":"north","texture":"#front","uv":[3,6,4,14]},"north":{"cullface":"north","texture":"#front","uv":[3,6,6,14]},"up":{"cullface":"north","texture":"#front","uv":[6,7,3,6]},"west":{"cullface":"north","texture":"#front","uv":[5,8,6,11]}},"from":[9.99,2.01,-0.9],"to":[12.99,9.99,0]},{"faces":{"down":{"cullface":"north","texture":"#front","uv":[13,14,11,13]},"east":{"cullface":"north","texture":"#front","uv":[11,8,12,11]},"north":{"cullface":"north","texture":"#front","uv":[11,6,13,14]},"up":{"cullface":"north","texture":"#front","uv":[13,7,11,6]},"west":{"cullface":"north","texture":"#front","uv":[12,6,13,14]}},"from":[3.01,2.01,-0.9],"to":[5.01,9.99,0]},{"faces":{"east":{"cullface":"north","texture":"#front","uv":[11,8,12,11]},"north":{"cullface":"north","texture":"#front","uv":[9,8,10,11]},"west":{"cullface":"north","texture":"#front","uv":[9,8,10,11]}},"from":[5.99,4.99,-0.9],"to":[7.025,8.01,0]},{"faces":{"east":{"cullface":"north","texture":"#front","uv":[11,8,12,11]},"north":{"cullface":"north","texture":"#front","uv":[9,8,10,11]},"west":{"cullface":"north","texture":"#front","uv":[9,8,10,11]}},"from":[7.975,4.99,-0.9],"to":[9.025,8.01,0]}],"textures":{"front":"block/blast_furnace_front","front_on":"block/blast_furnace_front_on","particle":"block/blast_furnace_front_on","side":"block/blast_furnace_side","top":"block/blast_furnace_top"}}