{"format_version":"1.21.6","credit":"Designed by GeForceLegend","textures":{"particle":"block/brewing_stand","texture":"block/brewing_stand"},"elements":[{"from":[7.6,2,1.1],"to":[8.6,9,4.1],"rotation":{"angle":45,"axis":"y","origin":[8.1,8,8.1]},"faces":{"north":{"uv":[1,7,2,14],"texture":"#texture"},"east":{"uv":[4,7,1,14],"texture":"#texture"},"south":{"uv":[3,7,4,14],"texture":"#texture"},"west":{"uv":[1,7,4,14],"texture":"#texture"},"up":{"uv":[1,7,4,8],"rotation":270,"texture":"#texture"},"down":{"uv":[1,13,4,14],"rotation":90,"texture":"#texture"}}},{"from":[7.6,2,5.1],"to":[8.6,14,7.1],"rotation":{"angle":45,"axis":"y","origin":[8.1,8,8.1]},"faces":{"north":{"uv":[5,2,6,14],"texture":"#texture"},"east":{"uv":[7,2,5,14],"texture":"#texture"},"west":{"uv":[5,2,7,14],"texture":"#texture"},"up":{"uv":[7,2,5,3],"rotation":270,"texture":"#texture"},"down":{"uv":[7,13,5,14],"rotation":90,"texture":"#texture"}}},{"from":[7.6,12,4.1],"to":[8.6,15,5.1],"rotation":{"angle":45,"axis":"y","origin":[8.1,8,8.1]},"faces":{"east":{"uv":[5,1,4,4],"texture":"#texture"},"south":{"uv":[4,1,5,4],"texture":"#texture"},"west":{"uv":[4,1,5,4],"texture":"#texture"},"up":{"uv":[4,1,5,2],"rotation":270,"texture":"#texture"},"down":{"uv":[4,3,5,4],"rotation":90,"texture":"#texture"}}},{"from":[7.6,11,2.1],"to":[8.6,13,3.1],"rotation":{"angle":45,"axis":"y","origin":[8.1,8,8.1]},"faces":{"north":{"uv":[2,3,3,5],"texture":"#texture"},"east":{"uv":[3,3,2,5],"texture":"#texture"},"west":{"uv":[2,3,3,5],"texture":"#texture"},"up":{"uv":[2,3,3,4],"rotation":270,"texture":"#texture"},"down":{"uv":[2,4,3,5],"rotation":90,"texture":"#texture"}}},{"from":[7.6,10,3.1],"to":[8.6,16,4.1],"rotation":{"angle":45,"axis":"y","origin":[8.1,8,8.1]},"faces":{"north":{"uv":[3,0,4,6],"texture":"#texture"},"east":{"uv":[4,0,3,6],"texture":"#texture"},"south":{"uv":[3,0,4,6],"texture":"#texture"},"west":{"uv":[3,0,4,6],"texture":"#texture"},"up":{"uv":[3,0,4,1],"rotation":270,"texture":"#texture","cullface":"up"},"down":{"uv":[3,5,4,6],"rotation":90,"texture":"#texture"}}},{"from":[7.6,9,2.1],"to":[8.6,10,3.1],"rotation":{"angle":45,"axis":"y","origin":[8.1,8,8.1]},"faces":{"north":{"uv":[2,6,3,7],"texture":"#texture"},"east":{"uv":[3,6,2,7],"texture":"#texture"},"south":{"uv":[2,6,3,7],"texture":"#texture"},"west":{"uv":[2,6,3,7],"texture":"#texture"},"up":{"uv":[2,6,3,7],"rotation":270,"texture":"#texture"},"down":{"uv":[2,6,3,7],"rotation":90,"texture":"#texture"}}},{"from":[7.6,3,0.1],"to":[8.6,6,5.1],"rotation":{"angle":45,"axis":"y","origin":[8.1,8,8.1]},"faces":{"north":{"uv":[0,10,1,13],"texture":"#texture"},"east":{"uv":[5,10,0,13],"texture":"#texture"},"south":{"uv":[4,10,5,13],"texture":"#texture"},"west":{"uv":[0,10,5,13],"texture":"#texture"},"up":{"uv":[0,10,5,11],"rotation":270,"texture":"#texture"},"down":{"uv":[0,12,5,13],"rotation":90,"texture":"#texture"}}}]}