{"__comment":"Designed by GeForceLegend","elements":[{"faces":{"down":{"texture":"#texture","uv":[5,13,7,14]},"east":{"texture":"#texture","uv":[6,2,7,14]},"north":{"texture":"#texture","uv":[7,2,5,14]},"south":{"texture":"#texture","uv":[5,2,7,14]},"up":{"texture":"#texture","uv":[5,2,7,3]},"west":{"texture":"#texture","uv":[5,2,6,14]}},"from":[4.9,2,7.5],"rotation":{"angle":-45,"axis":"y","origin":[8,8,8]},"to":[6.9,14.01,8.5]},{"faces":{"down":{"texture":"#texture","uv":[4,3,5,4]},"east":{"texture":"#texture","uv":[4,1,5,4]},"north":{"texture":"#texture","uv":[4,1,5,4]},"south":{"texture":"#texture","uv":[4,1,5,4]},"up":{"texture":"#texture","uv":[5,1,4,2]}},"from":[3.9,12,7.5],"rotation":{"angle":-45,"axis":"y","origin":[8,8,8]},"to":[4.9,15,8.5]},{"faces":{"down":{"texture":"#texture","uv":[2,4,3,5]},"north":{"texture":"#texture","uv":[2,3,3,5]},"south":{"texture":"#texture","uv":[2,3,3,5]},"up":{"texture":"#texture","uv":[3,3,2,4]},"west":{"texture":"#texture","uv":[2,3,3,5]}},"from":[1.9,11,7.5],"rotation":{"angle":-45,"axis":"y","origin":[8,8,8]},"to":[2.9,13,8.5]},{"faces":{"down":{"texture":"#texture","uv":[3,5,4,6]},"east":{"texture":"#texture","uv":[3,0,4,6]},"north":{"texture":"#texture","uv":[3,0,4,6]},"south":{"texture":"#texture","uv":[3,0,4,6]},"up":{"cullface":"up","texture":"#texture","uv":[4,0,3,1]},"west":{"texture":"#texture","uv":[3,0,4,6]}},"from":[2.9,10,7.5],"rotation":{"angle":-45,"axis":"y","origin":[8,8,8]},"to":[3.9,16,8.5]},{"faces":{"east":{"texture":"#texture","uv":[12,6,13,8]},"north":{"texture":"#texture","uv":[12,6,13,8]},"south":{"texture":"#texture","uv":[12,6,13,8]},"up":{"texture":"#texture","uv":[13,6,12,7]},"west":{"texture":"#texture","uv":[12,6,13,8]}},"from":[1.9,8,7.5],"rotation":{"angle":-45,"axis":"y","origin":[8,8,8]},"to":[2.9,10,8.5]},{"faces":{"down":{"texture":"#texture","uv":[12,9,13,10]},"east":{"texture":"#texture","uv":[12,8,13,10]},"north":{"texture":"#texture","uv":[12,8,13,10]},"south":{"texture":"#texture","uv":[12,8,13,10]},"west":{"texture":"#texture","uv":[12,8,13,10]}},"from":[3.5,6,3.5],"to":[4.5,8,4.5]},{"faces":{"east":{"texture":"#bottle","uv":[0,0,10,10]},"north":{"texture":"#bottle","uv":[0,0,10,10]},"south":{"texture":"#bottle","uv":[0,0,10,10]},"up":{"texture":"#bottle","uv":[0,0,10,10]},"west":{"texture":"#bottle","uv":[0,0,10,10]}},"from":[2,2,2],"to":[6,6,6]},{"faces":{"down":{"texture":"#bottle","uv":[0,0,10,10]},"east":{"texture":"#bottle","uv":[0,10,10,0]},"north":{"texture":"#bottle","uv":[0,10,10,0]},"south":{"texture":"#bottle","uv":[0,10,10,0]},"up":{"texture":"#bottle","uv":[0,0,10,10]},"west":{"texture":"#bottle","uv":[0,10,10,0]}},"from":[2.01,6.01,2.01],"to":[5.99,2.03,5.99]},{"faces":{"down":{"texture":"#bottle","uv":[10,9,16,10]},"east":{"texture":"#bottle","uv":[10,5,16,10]},"north":{"texture":"#bottle","uv":[10,5,16,10]},"south":{"texture":"#bottle","uv":[10,5,16,10]},"up":{"texture":"#bottle","uv":[10,0,16,6]},"west":{"texture":"#bottle","uv":[10,5,16,10]}},"from":[2.3,2.3,2.3],"to":[5.7,4.9,5.7]},{"faces":{"east":{"texture":"#bottle","uv":[6,11,12,12]},"north":{"texture":"#bottle","uv":[6,11,12,12]},"south":{"texture":"#bottle","uv":[6,11,12,12]},"west":{"texture":"#bottle","uv":[6,11,12,12]}},"from":[3,6,3],"to":[5,7,5]},{"faces":{"east":{"texture":"#bottle","uv":[6,11,12,12]},"north":{"texture":"#bottle","uv":[6,11,12,12]},"south":{"texture":"#bottle","uv":[6,11,12,12]},"west":{"texture":"#bottle","uv":[6,11,12,12]}},"from":[3,7,3],"to":[5,6,5]},{"faces":{"down":{"texture":"#bottle","uv":[6,10,12,16]},"east":{"texture":"#bottle","uv":[0,10,6,16]},"north":{"texture":"#bottle","uv":[0,10,6,16]},"south":{"texture":"#bottle","uv":[0,10,6,16]},"up":{"texture":"#bottle","uv":[6,10,12,16]},"west":{"texture":"#bottle","uv":[0,10,6,16]}},"from":[2.5,7,2.5],"to":[5.5,8,5.5]},{"faces":{"down":{"texture":"#bottle","uv":[6,10,12,16]},"east":{"texture":"#bottle","uv":[0,16,6,10]},"north":{"texture":"#bottle","uv":[0,16,6,10]},"south":{"texture":"#bottle","uv":[0,16,6,10]},"up":{"texture":"#bottle","uv":[6,10,12,16]},"west":{"texture":"#bottle","uv":[0,16,6,10]}},"from":[2.5,8,2.5],"to":[5.5,7,5.5]},{"faces":{"down":{"texture":"#bottle","uv":[12,16,16,12]},"east":{"texture":"#bottle","uv":[12,12,16,13]},"north":{"texture":"#bottle","uv":[12,13,16,14]},"south":{"texture":"#bottle","uv":[12,13,16,14]},"up":{"texture":"#bottle","uv":[12,12,16,16]},"west":{"texture":"#bottle","uv":[12,12,16,13]}},"from":[3,8,3],"to":[5,8.5,5]},{"faces":{"down":{"texture":"#bottle","uv":[13,12,16,15]},"east":{"texture":"#bottle","uv":[12,12,15,14]},"north":{"texture":"#bottle","uv":[12,12,15,14]},"south":{"texture":"#bottle","uv":[12,12,15,14]},"west":{"texture":"#bottle","uv":[12,12,15,14]}},"from":[3.3,7,3.3],"to":[4.7,8,4.7]}],"textures":{"bottle":"block/brewing_stand_bottle","particle":"block/brewing_stand","texture":"block/brewing_stand"}}