{"__comment":"Designed by GeForceLegend","elements":[{"faces":{"down":{"texture":"#texture","uv":[7,13,5,14]},"east":{"texture":"#texture","uv":[5,2,6,14]},"north":{"texture":"#texture","uv":[5,2,7,14]},"south":{"texture":"#texture","uv":[7,2,5,14]},"up":{"texture":"#texture","uv":[7,2,5,3]}},"from":[9,2,7.5],"to":[11,14,8.5]},{"faces":{"down":{"texture":"#texture","uv":[4,3,5,4]},"north":{"texture":"#texture","uv":[4,1,5,4]},"south":{"texture":"#texture","uv":[4,1,5,4]},"up":{"texture":"#texture","uv":[4,1,5,2]},"west":{"texture":"#texture","uv":[4,1,5,4]}},"from":[11,12,7.5],"to":[12,15,8.5]},{"faces":{"down":{"texture":"#texture","uv":[2,4,3,5]},"east":{"texture":"#texture","uv":[2,3,3,5]},"north":{"texture":"#texture","uv":[2,3,3,5]},"south":{"texture":"#texture","uv":[2,3,3,5]},"up":{"texture":"#texture","uv":[2,3,3,4]}},"from":[13,11,7.5],"to":[14,13,8.5]},{"faces":{"down":{"texture":"#texture","uv":[3,5,4,6]},"east":{"texture":"#texture","uv":[3,0,4,6]},"north":{"texture":"#texture","uv":[3,0,4,6]},"south":{"texture":"#texture","uv":[3,0,4,6]},"up":{"cullface":"up","texture":"#texture","uv":[3,0,4,1]},"west":{"texture":"#texture","uv":[3,0,4,6]}},"from":[12,10,7.5],"to":[13,16,8.5]},{"faces":{"down":{"texture":"#texture","uv":[12,9,13,10]},"east":{"texture":"#texture","uv":[12,6,13,10]},"north":{"texture":"#texture","uv":[12,6,13,10]},"south":{"texture":"#texture","uv":[12,6,13,10]},"up":{"texture":"#texture","uv":[12,6,13,7]},"west":{"texture":"#texture","uv":[12,6,13,10]}},"from":[12.5,6,7.5],"to":[13.5,10,8.5]},{"faces":{"east":{"texture":"#bottle","uv":[0,0,10,10]},"north":{"texture":"#bottle","uv":[0,0,10,10]},"south":{"texture":"#bottle","uv":[0,0,10,10]},"up":{"texture":"#bottle","uv":[0,0,10,10]},"west":{"texture":"#bottle","uv":[0,0,10,10]}},"from":[11,2,6],"to":[15,6,10]},{"faces":{"down":{"texture":"#bottle","uv":[0,0,10,10]},"east":{"texture":"#bottle","uv":[0,10,10,0]},"north":{"texture":"#bottle","uv":[0,10,10,0]},"south":{"texture":"#bottle","uv":[0,10,10,0]},"up":{"texture":"#bottle","uv":[0,0,10,10]},"west":{"texture":"#bottle","uv":[0,10,10,0]}},"from":[11.01,6.01,6.01],"to":[14.99,2.03,9.99]},{"faces":{"down":{"texture":"#bottle","uv":[10,9,16,10]},"east":{"texture":"#bottle","uv":[10,5,16,10]},"north":{"texture":"#bottle","uv":[10,5,16,10]},"south":{"texture":"#bottle","uv":[10,5,16,10]},"up":{"texture":"#bottle","uv":[10,0,16,6]},"west":{"texture":"#bottle","uv":[10,5,16,10]}},"from":[11.3,2.3,6.3],"to":[14.7,4.9,9.7]},{"faces":{"east":{"texture":"#bottle","uv":[6,11,12,12]},"north":{"texture":"#bottle","uv":[6,11,12,12]},"south":{"texture":"#bottle","uv":[6,11,12,12]},"west":{"texture":"#bottle","uv":[6,11,12,12]}},"from":[12,6,7],"to":[14,7,9]},{"faces":{"east":{"texture":"#bottle","uv":[6,11,12,12]},"north":{"texture":"#bottle","uv":[6,11,12,12]},"south":{"texture":"#bottle","uv":[6,11,12,12]},"west":{"texture":"#bottle","uv":[6,11,12,12]}},"from":[12,7,7],"to":[14,6,9]},{"faces":{"down":{"texture":"#bottle","uv":[6,10,12,16]},"east":{"texture":"#bottle","uv":[0,10,6,16]},"north":{"texture":"#bottle","uv":[0,10,6,16]},"south":{"texture":"#bottle","uv":[0,10,6,16]},"up":{"texture":"#bottle","uv":[6,10,12,16]},"west":{"texture":"#bottle","uv":[0,10,6,16]}},"from":[11.5,7,6.5],"to":[14.5,8,9.5]},{"faces":{"down":{"texture":"#bottle","uv":[6,10,12,16]},"east":{"texture":"#bottle","uv":[0,16,6,10]},"north":{"texture":"#bottle","uv":[0,16,6,10]},"south":{"texture":"#bottle","uv":[0,16,6,10]},"up":{"texture":"#bottle","uv":[6,10,12,16]},"west":{"texture":"#bottle","uv":[0,16,6,10]}},"from":[11.5,8,6.5],"to":[14.5,7,9.5]},{"faces":{"down":{"texture":"#bottle","uv":[12,16,16,12]},"east":{"texture":"#bottle","uv":[12,12,16,13]},"north":{"texture":"#bottle","uv":[12,13,16,14]},"south":{"texture":"#bottle","uv":[12,13,16,14]},"up":{"texture":"#bottle","uv":[12,12,16,16]},"west":{"texture":"#bottle","uv":[12,12,16,13]}},"from":[12,8,7],"to":[14,8.5,9]},{"faces":{"down":{"texture":"#bottle","uv":[13,12,16,15]},"east":{"texture":"#bottle","uv":[12,12,15,14]},"north":{"texture":"#bottle","uv":[12,12,15,14]},"south":{"texture":"#bottle","uv":[12,12,15,14]},"west":{"texture":"#bottle","uv":[12,12,15,14]}},"from":[12.3,7,7.3],"to":[13.7,8,8.7]}],"textures":{"bottle":"block/brewing_stand_bottle","particle":"block/brewing_stand","texture":"block/brewing_stand"}}