{"__comment":"Designed by GeForceLegend","elements":[{"faces":{"down":{"texture":"#texture","uv":[9,14,11,13]},"east":{"texture":"#texture","uv":[11,2,10,14]},"north":{"texture":"#texture","uv":[11,2,9,14]},"south":{"texture":"#texture","uv":[9,2,11,14]},"up":{"texture":"#texture","uv":[9,3,11,2]}},"from":[9,2,7.5],"to":[11,14,8.5]},{"faces":{"down":{"texture":"#texture","uv":[11,3,12,4]},"north":{"texture":"#texture","uv":[11,1,12,4]},"south":{"texture":"#texture","uv":[11,1,12,4]},"up":{"texture":"#texture","uv":[11,2,12,1]},"west":{"texture":"#texture","uv":[11,1,12,4]}},"from":[11,12,7.5],"to":[12,15,8.5]},{"faces":{"down":{"texture":"#texture","uv":[13,4,14,5]},"east":{"texture":"#texture","uv":[13,3,14,5]},"north":{"texture":"#texture","uv":[13,3,14,5]},"south":{"texture":"#texture","uv":[13,3,14,5]},"up":{"texture":"#texture","uv":[13,3,14,4]}},"from":[13,11,7.5],"to":[14,13,8.5]},{"faces":{"down":{"texture":"#texture","uv":[12,9,13,10]},"east":{"texture":"#texture","uv":[12,0,13,10]},"north":{"texture":"#texture","uv":[12,0,13,10]},"south":{"texture":"#texture","uv":[12,0,13,10]},"up":{"cullface":"up","texture":"#texture","uv":[12,0,13,1]},"west":{"texture":"#texture","uv":[12,0,13,10]}},"from":[12,6,7.5],"to":[13,16,8.5]}],"textures":{"particle":"block/brewing_stand","texture":"block/brewing_stand"}}