{
  "format_version": "1.21.6",
  "credit": "Designed by GeForceLegend",
  "textures": {
    "particle": "block/brewing_stand",
    "texture": "block/brewing_stand"
  },
  "elements": [
    {
      "from": [9, 2, 7.5],
      "to": [11, 14, 8.5],
      "faces": {
        "north": {"uv": [5, 2, 7, 14], "texture": "#texture"},
        "east": {"uv": [5, 2, 6, 14], "texture": "#texture"},
        "south": {"uv": [7, 2, 5, 14], "texture": "#texture"},
        "up": {"uv": [7, 2, 5, 3], "texture": "#texture"},
        "down": {"uv": [7, 13, 5, 14], "texture": "#texture"}
      }
    },
    {
      "from": [11, 12, 7.5],
      "to": [12, 15, 8.5],
      "faces": {
        "north": {"uv": [4, 1, 5, 4], "texture": "#texture"},
        "south": {"uv": [5, 1, 4, 4], "texture": "#texture"},
        "west": {"uv": [4, 1, 5, 4], "texture": "#texture"},
        "up": {"uv": [4, 1, 5, 2], "texture": "#texture"},
        "down": {"uv": [4, 3, 5, 4], "texture": "#texture"}
      }
    },
    {
      "from": [13, 11, 7.5],
      "to": [14, 13, 8.5],
      "faces": {
        "north": {"uv": [2, 3, 3, 5], "texture": "#texture"},
        "east": {"uv": [2, 3, 3, 5], "texture": "#texture"},
        "south": {"uv": [3, 3, 2, 5], "texture": "#texture"},
        "up": {"uv": [2, 3, 3, 4], "texture": "#texture"},
        "down": {"uv": [2, 4, 3, 5], "texture": "#texture"}
      }
    },
    {
      "from": [12, 10, 7.5],
      "to": [13, 16, 8.5],
      "faces": {
        "north": {"uv": [3, 0, 4, 6], "texture": "#texture"},
        "east": {"uv": [3, 0, 4, 6], "texture": "#texture"},
        "south": {"uv": [4, 0, 3, 6], "texture": "#texture"},
        "west": {"uv": [3, 0, 4, 6], "texture": "#texture"},
        "up": {"uv": [3, 0, 4, 1], "texture": "#texture", "cullface": "up"},
        "down": {"uv": [3, 5, 4, 6], "texture": "#texture"}
      }
    },
    {
      "from": [13, 9, 7.5],
      "to": [14, 10, 8.5],
      "faces": {
        "north": {"uv": [2, 6, 3, 7], "texture": "#texture"},
        "east": {"uv": [2, 6, 3, 7], "texture": "#texture"},
        "south": {"uv": [3, 6, 2, 7], "texture": "#texture"},
        "west": {"uv": [2, 6, 3, 7], "texture": "#texture"},
        "up": {"uv": [2, 6, 3, 7], "texture": "#texture"},
        "down": {"uv": [2, 6, 3, 7], "texture": "#texture"}
      }
    },
    {
      "from": [12, 2, 7.5],
      "to": [15, 9, 8.5],
      "faces": {
        "north": {"uv": [1, 7, 4, 14], "texture": "#texture"},
        "east": {"uv": [1, 7, 2, 14], "texture": "#texture"},
        "south": {"uv": [4, 7, 1, 14], "texture": "#texture"},
        "west": {"uv": [3, 7, 4, 14], "texture": "#texture"},
        "up": {"uv": [1, 7, 4, 8], "texture": "#texture"},
        "down": {"uv": [1, 13, 4, 14], "texture": "#texture"}
      }
    },
    {
      "from": [11, 3, 7.5],
      "to": [16, 6, 8.5],
      "faces": {
        "north": {"uv": [0, 10, 5, 13], "texture": "#texture"},
        "east": {"uv": [0, 10, 1, 13], "texture": "#texture"},
        "south": {"uv": [5, 10, 0, 13], "texture": "#texture"},
        "west": {"uv": [4, 10, 5, 13], "texture": "#texture"},
        "up": {"uv": [0, 10, 5, 11], "texture": "#texture"},
        "down": {"uv": [0, 12, 5, 13], "texture": "#texture"}
      }
    }
  ]
}