{"__comment":"Designed by GeForceLegend","elements":[{"faces":{"down":{"texture":"#texture","uv":[11,13,9,14]},"east":{"texture":"#texture","uv":[9,2,10,14]},"north":{"texture":"#texture","uv":[9,2,11,14]},"south":{"texture":"#texture","uv":[11,2,9,14]},"up":{"texture":"#texture","uv":[11,3,9,2]},"west":{"texture":"#texture","uv":[11,2,10,14]}},"from":[5,2,7.5],"rotation":{"angle":-45,"axis":"y","origin":[8,8,8]},"to":[7,14.01,8.5]},{"faces":{"down":{"texture":"#texture","uv":[12,3,11,4]},"east":{"texture":"#texture","uv":[11,1,12,4]},"north":{"texture":"#texture","uv":[11,1,12,4]},"south":{"texture":"#texture","uv":[11,1,12,4]},"up":{"texture":"#texture","uv":[12,2,11,1]}},"from":[4,12,7.5],"rotation":{"angle":-45,"axis":"y","origin":[8,8,8]},"to":[5,15,8.5]},{"faces":{"down":{"texture":"#texture","uv":[14,4,13,5]},"north":{"texture":"#texture","uv":[13,3,14,5]},"south":{"texture":"#texture","uv":[13,3,14,5]},"up":{"texture":"#texture","uv":[14,3,13,4]},"west":{"texture":"#texture","uv":[13,3,14,5]}},"from":[2,11,7.5],"rotation":{"angle":-45,"axis":"y","origin":[8,8,8]},"to":[3,13,8.5]},{"faces":{"down":{"texture":"#texture","uv":[13,9,12,10]},"east":{"texture":"#texture","uv":[12,0,13,10]},"north":{"texture":"#texture","uv":[12,0,13,10]},"south":{"texture":"#texture","uv":[12,0,13,10]},"up":{"cullface":"up","texture":"#texture","uv":[13,0,12,1]},"west":{"texture":"#texture","uv":[12,0,13,10]}},"from":[3,6,7.5],"rotation":{"angle":-45,"axis":"y","origin":[8,8,8]},"to":[4,16,8.5]}],"textures":{"particle":"block/brewing_stand","texture":"block/brewing_stand"}}