{"__comment":"Designed by GeForceLegend","elements":[{"faces":{"east":{"texture":"#stand","uv":[7,2,9,15]},"north":{"texture":"#stand","uv":[7,2,9,15]},"south":{"texture":"#stand","uv":[7,2,9,15]},"up":{"texture":"#stand","uv":[7,7,9,9]},"west":{"texture":"#stand","uv":[7,2,9,15]}},"from":[7,1,7],"light_emission":15,"to":[9,14,9]},{"faces":{"down":{"texture":"#stand","uv":[7,4,8,5]},"east":{"texture":"#stand","uv":[7,3,9,5]},"north":{"texture":"#stand","uv":[7,3,9,5]},"south":{"texture":"#stand","uv":[7,3,9,5]},"up":{"texture":"#stand","uv":[7,3,8,4]},"west":{"texture":"#stand","uv":[7,3,9,5]}},"from":[6.9,11,6.9],"to":[9.1,13,9.1]},{"faces":{"down":{"cullface":"down","texture":"#base","uv":[9,5,15,11]},"east":{"cullface":"east","texture":"#base","uv":[5,14,11,16]},"north":{"texture":"#base","uv":[9,14,15,16]},"south":{"texture":"#base","uv":[9,14,15,16]},"up":{"texture":"#base","uv":[9,5,15,11]},"west":{"texture":"#base","uv":[5,14,11,16]}},"from":[10,0,5],"to":[16,2,11]},{"faces":{"down":{"cullface":"down","texture":"#base","uv":[1,1,7,7]},"east":{"texture":"#base","uv":[1,14,7,16]},"north":{"texture":"#base","uv":[1,14,7,16]},"south":{"texture":"#base","uv":[1,14,7,16]},"up":{"texture":"#base","uv":[1,1,7,7]},"west":{"texture":"#base","uv":[1,14,7,16]}},"from":[1,0,1],"to":[7,2,7]},{"faces":{"down":{"cullface":"down","texture":"#base","uv":[1,9,7,15]},"east":{"texture":"#base","uv":[9,14,15,16]},"north":{"texture":"#base","uv":[1,14,7,16]},"south":{"texture":"#base","uv":[1,14,7,16]},"up":{"texture":"#base","uv":[1,9,7,15]},"west":{"texture":"#base","uv":[9,14,15,16]}},"from":[1,0,9],"to":[7,2,15]},{"faces":{"down":{"cullface":"down","texture":"#base","uv":[5,7,7,9]},"up":{"texture":"#base","uv":[5,7,7,9]},"west":{"texture":"#base","uv":[6,8,8,9]}},"from":[5,0,7],"to":[7,1,9]},{"faces":{"down":{"cullface":"down","texture":"#base","uv":[8,10,9,6]},"north":{"texture":"#base","uv":[8,6,9,7]},"south":{"texture":"#base","uv":[8,9,9,10]},"up":{"texture":"#base","uv":[8,6,9,10]}},"from":[9,0,6],"to":[10,1,10]},{"faces":{"down":{"cullface":"down","texture":"#base","uv":[8,11,10,5]},"east":{"rotation":90,"texture":"#base","uv":[9,5,10,11]},"north":{"texture":"#base","uv":[10,5,8,6]},"south":{"texture":"#base","uv":[8,10,10,11]},"up":{"texture":"#base","uv":[8,5,10,11]}},"from":[7,0,5],"to":[9,1,11]}],"textures":{"base":"block/brewing_stand_base","particle":"block/brewing_stand","stand":"block/brewing_stand"}}