{"__comment":"Designed by GeForceLegend","textures":{"particle":"block/brewing_stand","texture":"block/brewing_stand"},"elements":[{"from":[9,2,7.5],"to":[11,14,8.5],"faces":{"north":{"uv":[11,2,9,14],"texture":"#texture"},"east":{"uv":[11,2,10,14],"texture":"#texture"},"south":{"uv":[9,2,11,14],"texture":"#texture"},"up":{"uv":[9,3,11,2],"texture":"#texture"},"down":{"uv":[9,14,11,13],"texture":"#texture"}}},{"from":[11,12,7.5],"to":[12,15,8.5],"faces":{"north":{"uv":[11,1,12,4],"texture":"#texture"},"south":{"uv":[11,1,12,4],"texture":"#texture"},"west":{"uv":[11,1,12,4],"texture":"#texture"},"up":{"uv":[11,2,12,1],"texture":"#texture"},"down":{"uv":[11,3,12,4],"texture":"#texture"}}},{"from":[13,11,7.5],"to":[14,13,8.5],"faces":{"north":{"uv":[13,3,14,5],"texture":"#texture"},"east":{"uv":[13,3,14,5],"texture":"#texture"},"south":{"uv":[13,3,14,5],"texture":"#texture"},"up":{"uv":[13,3,14,4],"texture":"#texture"},"down":{"uv":[13,4,14,5],"texture":"#texture"}}},{"from":[12,6,7.5],"to":[13,16,8.5],"faces":{"north":{"uv":[12,0,13,10],"texture":"#texture"},"east":{"uv":[12,0,13,10],"texture":"#texture"},"south":{"uv":[12,0,13,10],"texture":"#texture"},"west":{"uv":[12,0,13,10],"texture":"#texture"},"up":{"uv":[12,0,13,1],"texture":"#texture","cullface":"up"},"down":{"uv":[12,9,13,10],"texture":"#texture"}}}]}