{"format_version":"1.21.6","credit":"Designed by GeForceLegend","textures":{"particle":"block/brewing_stand","texture":"block/brewing_stand"},"elements":[{"from":[7.6,2,11.9],"to":[8.6,9,14.9],"rotation":{"angle":-45,"axis":"y","origin":[8.1,8,7.9]},"faces":{"north":{"uv":[3,7,4,14],"texture":"#texture"},"east":{"uv":[1,7,4,14],"texture":"#texture"},"south":{"uv":[1,7,2,14],"texture":"#texture"},"west":{"uv":[4,7,1,14],"texture":"#texture"},"up":{"uv":[1,7,4,8],"rotation":90,"texture":"#texture"},"down":{"uv":[1,13,4,14],"rotation":270,"texture":"#texture"}}},{"from":[7.6,2,8.9],"to":[8.6,14,10.9],"rotation":{"angle":-45,"axis":"y","origin":[8.1,8,7.9]},"faces":{"east":{"uv":[5,2,7,14],"texture":"#texture"},"south":{"uv":[5,2,6,14],"texture":"#texture"},"west":{"uv":[7,2,5,14],"texture":"#texture"},"up":{"uv":[7,2,5,3],"rotation":90,"texture":"#texture"},"down":{"uv":[7,13,5,14],"rotation":270,"texture":"#texture"}}},{"from":[7.6,12,10.9],"to":[8.6,15,11.9],"rotation":{"angle":-45,"axis":"y","origin":[8.1,8,7.9]},"faces":{"north":{"uv":[4,1,5,4],"texture":"#texture"},"east":{"uv":[4,1,5,4],"texture":"#texture"},"west":{"uv":[5,1,4,4],"texture":"#texture"},"up":{"uv":[4,1,5,2],"rotation":90,"texture":"#texture"},"down":{"uv":[4,3,5,4],"rotation":270,"texture":"#texture"}}},{"from":[7.6,11,12.9],"to":[8.6,13,13.9],"rotation":{"angle":-45,"axis":"y","origin":[8.1,8,7.9]},"faces":{"east":{"uv":[2,3,3,5],"texture":"#texture"},"south":{"uv":[2,3,3,5],"texture":"#texture"},"west":{"uv":[3,3,2,5],"texture":"#texture"},"up":{"uv":[2,3,3,4],"rotation":90,"texture":"#texture"},"down":{"uv":[2,4,3,5],"rotation":270,"texture":"#texture"}}},{"from":[7.6,10,11.9],"to":[8.6,16,12.9],"rotation":{"angle":-45,"axis":"y","origin":[8.1,8,7.9]},"faces":{"north":{"uv":[3,0,4,6],"texture":"#texture"},"east":{"uv":[3,0,4,6],"texture":"#texture"},"south":{"uv":[3,0,4,6],"texture":"#texture"},"west":{"uv":[4,0,3,6],"texture":"#texture"},"up":{"uv":[3,0,4,1],"rotation":90,"texture":"#texture","cullface":"up"},"down":{"uv":[3,5,4,6],"rotation":270,"texture":"#texture"}}},{"from":[7.6,9,12.9],"to":[8.6,10,13.9],"rotation":{"angle":-45,"axis":"y","origin":[8.1,8,7.9]},"faces":{"north":{"uv":[2,6,3,7],"texture":"#texture"},"east":{"uv":[2,6,3,7],"texture":"#texture"},"south":{"uv":[2,6,3,7],"texture":"#texture"},"west":{"uv":[3,6,2,7],"texture":"#texture"},"up":{"uv":[2,6,3,7],"rotation":90,"texture":"#texture"},"down":{"uv":[2,6,3,7],"rotation":270,"texture":"#texture"}}},{"from":[7.6,3,10.9],"to":[8.6,6,15.9],"rotation":{"angle":-45,"axis":"y","origin":[8.1,8,7.9]},"faces":{"north":{"uv":[4,10,5,13],"texture":"#texture"},"east":{"uv":[0,10,5,13],"texture":"#texture"},"south":{"uv":[0,10,1,13],"texture":"#texture"},"west":{"uv":[5,10,0,13],"texture":"#texture"},"up":{"uv":[0,10,5,11],"rotation":90,"texture":"#texture"},"down":{"uv":[0,12,5,13],"rotation":270,"texture":"#texture"}}}]}