{"__comment":"Designed by GeForceLegend","ambientocclusion":false,"textures":{"all":"block/chain","particle":"block/chain"},"elements":[{"from":[8.5,0,7.5],"to":[9.5,2,8.5],"rotation":{"angle":-45,"axis":"y","origin":[8,8,8]},"faces":{"north":{"uv":[3,14,4,16],"texture":"#all"},"east":{"uv":[3,14,4,16],"texture":"#all"},"south":{"uv":[3,14,4,16],"texture":"#all"},"west":{"uv":[3,14,4,16],"texture":"#all"},"up":{"uv":[3,14,4,15],"texture":"#all"},"down":{"uv":[3,15,4,16],"texture":"#all","cullface":"down"}}},{"from":[6.5,0,7.5],"to":[7.5,2,8.5],"rotation":{"angle":-45,"axis":"y","origin":[8,8,8]},"faces":{"north":{"uv":[5,14,6,16],"texture":"#all"},"east":{"uv":[5,14,6,16],"texture":"#all"},"south":{"uv":[5,14,6,16],"texture":"#all"},"west":{"uv":[5,14,6,16],"texture":"#all"},"up":{"uv":[5,14,6,15],"texture":"#all"},"down":{"uv":[5,15,6,16],"texture":"#all","cullface":"down"}}},{"from":[7.5,1,6.5],"to":[8.5,2,9.5],"rotation":{"angle":-45,"axis":"y","origin":[8,8,8]},"faces":{"up":{"uv":[4,14,5,15],"texture":"#all"},"down":{"uv":[0,14,3,15],"rotation":90,"texture":"#all"}}},{"from":[7.5,1,6.5],"to":[8.5,4,7.5],"rotation":{"angle":-45,"axis":"y","origin":[8,8,8]},"faces":{"north":{"uv":[2,12,3,15],"texture":"#all"},"east":{"uv":[2,12,3,15],"texture":"#all"},"south":{"uv":[2,12,3,15],"texture":"#all"},"west":{"uv":[2,12,3,15],"texture":"#all"}}},{"from":[7.5,1,8.5],"to":[8.5,4,9.5],"rotation":{"angle":-45,"axis":"y","origin":[8,8,8]},"faces":{"north":{"uv":[0,12,1,15],"texture":"#all"},"east":{"uv":[0,12,1,15],"texture":"#all"},"south":{"uv":[0,12,1,15],"texture":"#all"},"west":{"uv":[0,12,1,15],"texture":"#all"}}},{"from":[7.5,3,6.5],"to":[8.5,4,9.5],"rotation":{"angle":-45,"axis":"y","origin":[8,8,8]},"faces":{"up":{"uv":[3,12,0,13],"rotation":90,"texture":"#all"},"down":{"uv":[1,12,2,13],"texture":"#all"}}},{"from":[8.5,3,7.5],"to":[9.5,7,8.5],"rotation":{"angle":-45,"axis":"y","origin":[8,8,8]},"faces":{"north":{"uv":[3,9,4,13],"texture":"#all"},"east":{"uv":[3,9,4,13],"texture":"#all"},"south":{"uv":[3,9,4,13],"texture":"#all"},"west":{"uv":[3,9,4,13],"texture":"#all"},"up":{"uv":[3,9,4,10],"texture":"#all"},"down":{"uv":[3,12,4,13],"texture":"#all"}}},{"from":[6.5,3,7.5],"to":[7.5,7,8.5],"rotation":{"angle":-45,"axis":"y","origin":[8,8,8]},"faces":{"north":{"uv":[5,9,6,13],"texture":"#all"},"east":{"uv":[5,9,6,13],"texture":"#all"},"south":{"uv":[5,9,6,13],"texture":"#all"},"west":{"uv":[5,9,6,13],"texture":"#all"},"up":{"uv":[5,9,6,10],"texture":"#all"},"down":{"uv":[5,12,6,13],"texture":"#all"}}},{"from":[7.5,6,6.5],"to":[8.5,7,9.5],"rotation":{"angle":-45,"axis":"y","origin":[8,8,8]},"faces":{"up":{"uv":[4,9,5,10],"texture":"#all"},"down":{"uv":[0,9,3,10],"rotation":90,"texture":"#all"}}},{"from":[7.5,6,8.5],"to":[8.5,10,9.5],"rotation":{"angle":-45,"axis":"y","origin":[8,8,8]},"faces":{"north":{"uv":[0,6,1,10],"texture":"#all"},"east":{"uv":[0,6,1,10],"texture":"#all"},"south":{"uv":[0,6,1,10],"texture":"#all"},"west":{"uv":[0,6,1,10],"texture":"#all"}}},{"from":[7.5,6,6.5],"to":[8.5,10,7.5],"rotation":{"angle":-45,"axis":"y","origin":[8,8,8]},"faces":{"north":{"uv":[2,6,3,10],"texture":"#all"},"east":{"uv":[2,6,3,10],"texture":"#all"},"south":{"uv":[2,6,3,10],"texture":"#all"},"west":{"uv":[2,6,3,10],"texture":"#all"}}},{"from":[7.5,9,6.5],"to":[8.5,10,9.5],"rotation":{"angle":-45,"axis":"y","origin":[8,8,8]},"faces":{"up":{"uv":[3,6,0,7],"rotation":90,"texture":"#all"},"down":{"uv":[4,6,5,7],"texture":"#all"}}},{"from":[8.5,9,7.5],"to":[9.5,13,8.5],"rotation":{"angle":-45,"axis":"y","origin":[8,8,8]},"faces":{"north":{"uv":[3,3,4,7],"texture":"#all"},"east":{"uv":[3,3,4,7],"texture":"#all"},"south":{"uv":[3,3,4,7],"texture":"#all"},"west":{"uv":[3,3,4,7],"texture":"#all"},"up":{"uv":[3,3,4,4],"texture":"#all"},"down":{"uv":[3,6,4,7],"texture":"#all"}}},{"from":[6.5,9,7.5],"to":[7.5,13,8.5],"rotation":{"angle":-45,"axis":"y","origin":[8,8,8]},"faces":{"north":{"uv":[5,3,6,7],"texture":"#all"},"east":{"uv":[5,3,6,7],"texture":"#all"},"south":{"uv":[5,3,6,7],"texture":"#all"},"west":{"uv":[5,3,6,7],"texture":"#all"},"up":{"uv":[5,3,6,4],"texture":"#all"},"down":{"uv":[5,6,6,7],"texture":"#all"}}},{"from":[7.5,12,6.5],"to":[8.5,13,9.5],"rotation":{"angle":-45,"axis":"y","origin":[8,8,8]},"faces":{"up":{"uv":[4,3,5,4],"texture":"#all"},"down":{"uv":[0,3,3,4],"rotation":90,"texture":"#all"}}},{"from":[7.5,12,8.5],"to":[8.5,15,9.5],"rotation":{"angle":-45,"axis":"y","origin":[8,8,8]},"faces":{"north":{"uv":[0,1,1,4],"texture":"#all"},"east":{"uv":[0,1,1,4],"texture":"#all"},"south":{"uv":[0,1,1,4],"texture":"#all"},"west":{"uv":[0,1,1,4],"texture":"#all"}}},{"from":[7.5,12,6.5],"to":[8.5,15,7.5],"rotation":{"angle":-45,"axis":"y","origin":[8,8,8]},"faces":{"north":{"uv":[2,1,3,4],"texture":"#all"},"east":{"uv":[2,1,3,4],"texture":"#all"},"south":{"uv":[2,1,3,4],"texture":"#all"},"west":{"uv":[2,1,3,4],"texture":"#all"}}},{"from":[7.5,14,6.5],"to":[8.5,15,9.5],"rotation":{"angle":-45,"axis":"y","origin":[8,8,8]},"faces":{"up":{"uv":[3,1,0,2],"rotation":90,"texture":"#all"},"down":{"uv":[4,1,5,2],"texture":"#all"}}},{"from":[8.5,14,7.5],"to":[9.5,16,8.5],"rotation":{"angle":-45,"axis":"y","origin":[8,8,8]},"faces":{"north":{"uv":[3,0,4,2],"texture":"#all"},"east":{"uv":[3,0,4,2],"texture":"#all"},"south":{"uv":[3,0,4,2],"texture":"#all"},"west":{"uv":[3,0,4,2],"texture":"#all"},"up":{"uv":[3,0,4,1],"texture":"#all","cullface":"up"},"down":{"uv":[3,1,4,2],"texture":"#all"}}},{"from":[6.5,14,7.5],"to":[7.5,16,8.5],"rotation":{"angle":-45,"axis":"y","origin":[8,8,8]},"faces":{"north":{"uv":[5,0,6,2],"texture":"#all"},"east":{"uv":[5,0,6,2],"texture":"#all"},"south":{"uv":[5,0,6,2],"texture":"#all"},"west":{"uv":[5,0,6,2],"texture":"#all"},"up":{"uv":[5,0,6,1],"texture":"#all","cullface":"up"},"down":{"uv":[5,1,6,2],"texture":"#all"}}}]}