{"__comment":"Designed by GeForceLegend","ambientocclusion":false,"elements":[{"faces":{"down":{"cullface":"down","texture":"#all","uv":[3,15,4,16]},"east":{"texture":"#all","uv":[3,14,4,16]},"north":{"texture":"#all","uv":[3,14,4,16]},"south":{"texture":"#all","uv":[3,14,4,16]},"up":{"texture":"#all","uv":[3,14,4,15]},"west":{"texture":"#all","uv":[3,14,4,16]}},"from":[8.5,0,7.5],"rotation":{"angle":-45,"axis":"y","origin":[8,8,8]},"to":[9.5,2,8.5]},{"faces":{"down":{"cullface":"down","texture":"#all","uv":[5,15,6,16]},"east":{"texture":"#all","uv":[5,14,6,16]},"north":{"texture":"#all","uv":[5,14,6,16]},"south":{"texture":"#all","uv":[5,14,6,16]},"up":{"texture":"#all","uv":[5,14,6,15]},"west":{"texture":"#all","uv":[5,14,6,16]}},"from":[6.5,0,7.5],"rotation":{"angle":-45,"axis":"y","origin":[8,8,8]},"to":[7.5,2,8.5]},{"faces":{"down":{"rotation":90,"texture":"#all","uv":[0,14,3,15]},"up":{"texture":"#all","uv":[4,14,5,15]}},"from":[7.5,1,6.5],"rotation":{"angle":-45,"axis":"y","origin":[8,8,8]},"to":[8.5,2,9.5]},{"faces":{"east":{"texture":"#all","uv":[2,12,3,15]},"north":{"texture":"#all","uv":[2,12,3,15]},"south":{"texture":"#all","uv":[2,12,3,15]},"west":{"texture":"#all","uv":[2,12,3,15]}},"from":[7.5,1,6.5],"rotation":{"angle":-45,"axis":"y","origin":[8,8,8]},"to":[8.5,4,7.5]},{"faces":{"east":{"texture":"#all","uv":[0,12,1,15]},"north":{"texture":"#all","uv":[0,12,1,15]},"south":{"texture":"#all","uv":[0,12,1,15]},"west":{"texture":"#all","uv":[0,12,1,15]}},"from":[7.5,1,8.5],"rotation":{"angle":-45,"axis":"y","origin":[8,8,8]},"to":[8.5,4,9.5]},{"faces":{"down":{"texture":"#all","uv":[1,12,2,13]},"up":{"rotation":90,"texture":"#all","uv":[3,12,0,13]}},"from":[7.5,3,6.5],"rotation":{"angle":-45,"axis":"y","origin":[8,8,8]},"to":[8.5,4,9.5]},{"faces":{"down":{"texture":"#all","uv":[3,12,4,13]},"east":{"texture":"#all","uv":[3,9,4,13]},"north":{"texture":"#all","uv":[3,9,4,13]},"south":{"texture":"#all","uv":[3,9,4,13]},"up":{"texture":"#all","uv":[3,9,4,10]},"west":{"texture":"#all","uv":[3,9,4,13]}},"from":[8.5,3,7.5],"rotation":{"angle":-45,"axis":"y","origin":[8,8,8]},"to":[9.5,7,8.5]},{"faces":{"down":{"texture":"#all","uv":[5,12,6,13]},"east":{"texture":"#all","uv":[5,9,6,13]},"north":{"texture":"#all","uv":[5,9,6,13]},"south":{"texture":"#all","uv":[5,9,6,13]},"up":{"texture":"#all","uv":[5,9,6,10]},"west":{"texture":"#all","uv":[5,9,6,13]}},"from":[6.5,3,7.5],"rotation":{"angle":-45,"axis":"y","origin":[8,8,8]},"to":[7.5,7,8.5]},{"faces":{"down":{"rotation":90,"texture":"#all","uv":[0,9,3,10]},"up":{"texture":"#all","uv":[4,9,5,10]}},"from":[7.5,6,6.5],"rotation":{"angle":-45,"axis":"y","origin":[8,8,8]},"to":[8.5,7,9.5]},{"faces":{"east":{"texture":"#all","uv":[0,6,1,10]},"north":{"texture":"#all","uv":[0,6,1,10]},"south":{"texture":"#all","uv":[0,6,1,10]},"west":{"texture":"#all","uv":[0,6,1,10]}},"from":[7.5,6,8.5],"rotation":{"angle":-45,"axis":"y","origin":[8,8,8]},"to":[8.5,10,9.5]},{"faces":{"east":{"texture":"#all","uv":[2,6,3,10]},"north":{"texture":"#all","uv":[2,6,3,10]},"south":{"texture":"#all","uv":[2,6,3,10]},"west":{"texture":"#all","uv":[2,6,3,10]}},"from":[7.5,6,6.5],"rotation":{"angle":-45,"axis":"y","origin":[8,8,8]},"to":[8.5,10,7.5]},{"faces":{"down":{"texture":"#all","uv":[4,6,5,7]},"up":{"rotation":90,"texture":"#all","uv":[3,6,0,7]}},"from":[7.5,9,6.5],"rotation":{"angle":-45,"axis":"y","origin":[8,8,8]},"to":[8.5,10,9.5]},{"faces":{"down":{"texture":"#all","uv":[3,6,4,7]},"east":{"texture":"#all","uv":[3,3,4,7]},"north":{"texture":"#all","uv":[3,3,4,7]},"south":{"texture":"#all","uv":[3,3,4,7]},"up":{"texture":"#all","uv":[3,3,4,4]},"west":{"texture":"#all","uv":[3,3,4,7]}},"from":[8.5,9,7.5],"rotation":{"angle":-45,"axis":"y","origin":[8,8,8]},"to":[9.5,13,8.5]},{"faces":{"down":{"texture":"#all","uv":[5,6,6,7]},"east":{"texture":"#all","uv":[5,3,6,7]},"north":{"texture":"#all","uv":[5,3,6,7]},"south":{"texture":"#all","uv":[5,3,6,7]},"up":{"texture":"#all","uv":[5,3,6,4]},"west":{"texture":"#all","uv":[5,3,6,7]}},"from":[6.5,9,7.5],"rotation":{"angle":-45,"axis":"y","origin":[8,8,8]},"to":[7.5,13,8.5]},{"faces":{"down":{"rotation":90,"texture":"#all","uv":[0,3,3,4]},"up":{"texture":"#all","uv":[4,3,5,4]}},"from":[7.5,12,6.5],"rotation":{"angle":-45,"axis":"y","origin":[8,8,8]},"to":[8.5,13,9.5]},{"faces":{"east":{"texture":"#all","uv":[0,1,1,4]},"north":{"texture":"#all","uv":[0,1,1,4]},"south":{"texture":"#all","uv":[0,1,1,4]},"west":{"texture":"#all","uv":[0,1,1,4]}},"from":[7.5,12,8.5],"rotation":{"angle":-45,"axis":"y","origin":[8,8,8]},"to":[8.5,15,9.5]},{"faces":{"east":{"texture":"#all","uv":[2,1,3,4]},"north":{"texture":"#all","uv":[2,1,3,4]},"south":{"texture":"#all","uv":[2,1,3,4]},"west":{"texture":"#all","uv":[2,1,3,4]}},"from":[7.5,12,6.5],"rotation":{"angle":-45,"axis":"y","origin":[8,8,8]},"to":[8.5,15,7.5]},{"faces":{"down":{"texture":"#all","uv":[4,1,5,2]},"up":{"rotation":90,"texture":"#all","uv":[3,1,0,2]}},"from":[7.5,14,6.5],"rotation":{"angle":-45,"axis":"y","origin":[8,8,8]},"to":[8.5,15,9.5]},{"faces":{"down":{"texture":"#all","uv":[3,1,4,2]},"east":{"texture":"#all","uv":[3,0,4,2]},"north":{"texture":"#all","uv":[3,0,4,2]},"south":{"texture":"#all","uv":[3,0,4,2]},"up":{"cullface":"up","texture":"#all","uv":[3,0,4,1]},"west":{"texture":"#all","uv":[3,0,4,2]}},"from":[8.5,14,7.5],"rotation":{"angle":-45,"axis":"y","origin":[8,8,8]},"to":[9.5,16,8.5]},{"faces":{"down":{"texture":"#all","uv":[5,1,6,2]},"east":{"texture":"#all","uv":[5,0,6,2]},"north":{"texture":"#all","uv":[5,0,6,2]},"south":{"texture":"#all","uv":[5,0,6,2]},"up":{"cullface":"up","texture":"#all","uv":[5,0,6,1]},"west":{"texture":"#all","uv":[5,0,6,2]}},"from":[6.5,14,7.5],"rotation":{"angle":-45,"axis":"y","origin":[8,8,8]},"to":[7.5,16,8.5]}],"textures":{"all":"block/chain","particle":"block/chain"}}