{"__comment":"Designed by GeForceLegend","elements":[{"faces":{"down":{"texture":"#texture","uv":[2,0,14,16]},"east":{"texture":"#texture","uv":[0,2,16,14]},"north":{"cullface":"north","texture":"#texture","uv":[2,2,14,14]},"south":{"cullface":"south","texture":"#texture","uv":[2,2,14,14]},"up":{"texture":"#texture","uv":[2,0,14,16]},"west":{"texture":"#texture","uv":[0,2,16,14]}},"from":[2,2,0],"to":[14,14,16]},{"faces":{"down":{"texture":"#texture","uv":[0,2,16,14]},"east":{"cullface":"east","texture":"#texture","uv":[2,2,14,14]},"north":{"texture":"#texture","uv":[0,2,16,14]},"south":{"texture":"#texture","uv":[0,2,16,14]},"up":{"texture":"#texture","uv":[0,2,16,14]},"west":{"cullface":"west","texture":"#texture","uv":[2,2,14,14]}},"from":[0,2,2],"to":[16,14,14]},{"faces":{"down":{"cullface":"down","texture":"#texture","uv":[14,14,2,2]},"east":{"texture":"#texture","uv":[2,0,14,16]},"north":{"texture":"#texture","uv":[2,0,14,16]},"south":{"texture":"#texture","uv":[2,0,14,16]},"up":{"cullface":"up","texture":"#texture","uv":[2,2,14,14]},"west":{"texture":"#texture","uv":[2,0,14,16]}},"from":[2,0,2],"to":[14,16,14]}],"parent":"block/block","textures":{"particle":"block/chorus_plant","texture":"block/chorus_plant"}}