{"__comment":"Designed by GeForceLegend","ambientocclusion":false,"elements":[{"faces":{"south":{"texture":"#top","uv":[5,5,11,6]},"up":{"texture":"#top","uv":[5,0,11,6]}},"from":[5,0,0],"to":[11,2,6]},{"faces":{"north":{"texture":"#top","uv":[11,13,5,14]},"up":{"texture":"#top","uv":[5,13,11,16]}},"from":[5,0,13],"to":[11,2,16]},{"faces":{"east":{"cullface":"east","texture":"#slab","uv":[0,14,16,16]},"up":{"texture":"#top","uv":[11,0,16,16]},"west":{"rotation":90,"texture":"#top","uv":[11,16,12,0]}},"from":[11,0,0],"to":[16,2,16]},{"faces":{"east":{"rotation":90,"texture":"#top","uv":[4,0,5,16]},"up":{"texture":"#top","uv":[0,0,5,16]},"west":{"cullface":"west","texture":"#slab","uv":[0,14,16,16]}},"from":[0,0,0],"to":[5,2,16]},{"faces":{"down":{"cullface":"down","texture":"#slab","uv":[0,0,16,16]},"north":{"cullface":"north","texture":"#slab","uv":[0,14,16,16]},"south":{"cullface":"south","texture":"#slab","uv":[0,14,16,16]}},"from":[0,0,0],"to":[16,2,16]},{"faces":{"up":{"texture":"#top","uv":[5,11,11,13]}},"from":[5,0,11],"light_emission":7,"to":[11,1.3,13]},{"faces":{"south":{"texture":"#top","uv":[5,10,11,11]},"up":{"texture":"#top","uv":[5,6,11,11]}},"from":[5,0,6],"to":[11,1.6,11]},{"faces":{"east":{"rotation":90,"texture":"#top","uv":[5,6,6,9]},"south":{"texture":"#top","uv":[5,8,6,9]},"up":{"texture":"#top","uv":[5,6,6,9]}},"from":[5,1,6],"to":[6,2,9]},{"faces":{"south":{"texture":"#top","uv":[10,7,11,8]},"up":{"texture":"#top","uv":[10,5,11,8]},"west":{"rotation":90,"texture":"#top","uv":[10,8,11,5]}},"from":[10,1,6],"to":[11,2,9]},{"faces":{"east":{"texture":"#top","uv":[6,6,7,7]},"south":{"texture":"#top","uv":[6,6,7,7]},"up":{"texture":"#top","uv":[6,6,7,7]}},"from":[6,1,6],"to":[7,2,7]},{"faces":{"south":{"texture":"#top","uv":[9,5,10,6]},"up":{"texture":"#top","uv":[9,5,10,6]},"west":{"texture":"#top","uv":[9,5,10,6]}},"from":[9,1,6],"to":[10,2,7]},{"faces":{"east":{"texture":"#lit","uv":[7,9,9,12]},"north":{"texture":"#lit","uv":[7,9,9,12]},"south":{"texture":"#lit","uv":[7,9,9,12]},"west":{"texture":"#lit","uv":[7,9,9,12]}},"from":[4,1,11],"to":[6,4,13]},{"faces":{"east":{"texture":"#lit","uv":[7,6,9,9]},"north":{"texture":"#lit","uv":[7,6,9,9]},"south":{"texture":"#lit","uv":[7,6,9,9]},"up":{"texture":"#lit","uv":[7,6,9,8]},"west":{"texture":"#lit","uv":[7,6,9,9]}},"from":[4,4,11],"light_emission":7,"shade":false,"to":[6,7,13]},{"faces":{"down":{"texture":"#lit","uv":[6,5,7,6]},"east":{"texture":"#lit","uv":[6,5,7,6]},"north":{"texture":"#lit","uv":[6,5,7,6]},"south":{"texture":"#lit","uv":[6,5,7,6]},"up":{"texture":"#lit","uv":[6,5,7,6]},"west":{"texture":"#lit","uv":[6,5,7,6]}},"from":[6.5,4.5,10.5],"light_emission":7,"shade":false,"to":[3.5,7.5,13.5]},{"faces":{"east":{"texture":"#lit","uv":[7,9,9,12]},"north":{"texture":"#lit","uv":[7,9,9,12]},"south":{"texture":"#lit","uv":[7,9,9,12]},"west":{"texture":"#lit","uv":[7,9,9,12]}},"from":[10,1,11],"to":[12,4,13]},{"faces":{"east":{"texture":"#lit","uv":[7,6,9,9]},"north":{"texture":"#lit","uv":[7,6,9,9]},"south":{"texture":"#lit","uv":[7,6,9,9]},"up":{"texture":"#lit","uv":[7,6,9,8]},"west":{"texture":"#lit","uv":[7,6,9,9]}},"from":[10,4,11],"light_emission":7,"shade":false,"to":[12,7,13]},{"faces":{"down":{"texture":"#lit","uv":[6,5,7,6]},"east":{"texture":"#lit","uv":[6,5,7,6]},"north":{"texture":"#lit","uv":[6,5,7,6]},"south":{"texture":"#lit","uv":[6,5,7,6]},"up":{"texture":"#lit","uv":[6,5,7,6]},"west":{"texture":"#lit","uv":[6,5,7,6]}},"from":[12.5,4.5,10.5],"light_emission":7,"shade":false,"to":[9.5,7.5,13.5]},{"faces":{"east":{"texture":"#unlit","uv":[7,6,9,9]},"north":{"texture":"#unlit","uv":[7,6,9,9]},"south":{"texture":"#unlit","uv":[7,6,9,9]},"up":{"texture":"#unlit","uv":[7,6,9,8]},"west":{"texture":"#unlit","uv":[7,6,9,9]}},"from":[7,2,2],"to":[9,5,4]}],"textures":{"lit":"block/redstone_torch","particle":"block/comparator_on","slab":"block/smooth_stone","top":"block/comparator_on","unlit":"block/redstone_torch_off"}}