{"__comment":"Designed by GeForceLegend","elements":[{"faces":{"down":{"cullface":"down","texture":"#bottom","uv":[0,0,16,16]},"up":{"cullface":"up","texture":"#bottom","uv":[0,0,16,16]}},"from":[0,0,0],"to":[16,2,16]},{"faces":{"east":{"cullface":"up","texture":"#side","uv":[0,0,16,16]},"north":{"cullface":"north","texture":"#side","uv":[14,0,16,16]},"south":{"cullface":"south","texture":"#side","uv":[0,0,2,16]},"up":{"cullface":"up","texture":"#top","uv":[0,0,2,16]},"west":{"cullface":"west","texture":"#side","uv":[0,0,16,16]}},"from":[0,0,0],"to":[2,16,16]},{"faces":{"east":{"cullface":"east","texture":"#side","uv":[0,0,16,16]},"north":{"cullface":"north","texture":"#side","uv":[0,0,2,16]},"south":{"cullface":"south","texture":"#side","uv":[14,0,16,16]},"up":{"cullface":"up","texture":"#top","uv":[14,0,16,16]},"west":{"cullface":"up","texture":"#side","uv":[0,0,16,16]}},"from":[14,0,0],"to":[16,16,16]},{"faces":{"north":{"cullface":"north","texture":"#side","uv":[2,0,14,16]},"south":{"cullface":"up","texture":"#side","uv":[2,0,14,16]},"up":{"cullface":"up","texture":"#top","uv":[2,0,14,2]}},"from":[2,0,0],"to":[14,16,2]},{"faces":{"north":{"cullface":"up","texture":"#side","uv":[2,0,14,16]},"south":{"cullface":"south","texture":"#side","uv":[2,0,14,16]},"up":{"cullface":"up","texture":"#top","uv":[2,14,14,16]}},"from":[2,0,14],"to":[14,16,16]}],"parent":"block/block","textures":{"bottom":"block/composter_bottom","particle":"block/composter_side","side":"block/composter_side","top":"block/composter_top"}}