{"__comment":"Designed by GeForceLegend","ambientocclusion":false,"elements":[{"faces":{"north":{"cullface":"north","texture":"#slab","uv":[5,14,11,16]},"south":{"texture":"#top","uv":[5,5,11,6]},"up":{"texture":"#top","uv":[5,0,11,6]}},"from":[5,0,0],"to":[11,2,6]},{"faces":{"north":{"texture":"#top","uv":[11,13,5,14]},"south":{"cullface":"south","texture":"#slab","uv":[5,14,11,16]},"up":{"texture":"#top","uv":[5,13,11,16]}},"from":[5,0,13],"to":[11,2,16]},{"faces":{"east":{"cullface":"east","texture":"#slab","uv":[0,14,16,16]},"north":{"cullface":"north","texture":"#slab","uv":[0,14,5,16]},"south":{"cullface":"south","texture":"#slab","uv":[11,14,16,16]},"up":{"texture":"#top","uv":[11,0,16,16]},"west":{"rotation":90,"texture":"#top","uv":[11,16,12,0]}},"from":[11,0,0],"to":[16,2,16]},{"faces":{"east":{"rotation":90,"texture":"#top","uv":[4,0,5,16]},"north":{"cullface":"north","texture":"#slab","uv":[11,14,16,16]},"south":{"cullface":"south","texture":"#slab","uv":[0,14,5,16]},"up":{"texture":"#top","uv":[0,0,5,16]},"west":{"cullface":"west","texture":"#slab","uv":[0,14,16,16]}},"from":[0,0,0],"to":[5,2,16]},{"faces":{"down":{"cullface":"down","texture":"#slab","uv":[0,0,16,16]},"up":{"texture":"#top","uv":[0,0,16,16]}},"from":[0,0,0],"to":[16,1.3,16]},{"faces":{"south":{"texture":"#top","uv":[5,10,11,11]},"up":{"texture":"#top","uv":[5,6,11,11]}},"from":[5,0,6],"to":[11,1.6,11]},{"faces":{"east":{"rotation":90,"texture":"#top","uv":[5,6,6,9]},"south":{"texture":"#top","uv":[5,8,6,9]},"up":{"texture":"#top","uv":[5,6,6,9]}},"from":[5,1,6],"to":[6,2,9]},{"faces":{"south":{"texture":"#top","uv":[10,7,11,8]},"up":{"texture":"#top","uv":[10,5,11,8]},"west":{"rotation":90,"texture":"#top","uv":[10,8,11,5]}},"from":[10,1,6],"to":[11,2,9]},{"faces":{"east":{"texture":"#top","uv":[6,6,7,7]},"south":{"texture":"#top","uv":[6,6,7,7]},"up":{"texture":"#top","uv":[6,6,7,7]}},"from":[6,1,6],"to":[7,2,7]},{"faces":{"south":{"texture":"#top","uv":[9,5,10,6]},"up":{"texture":"#top","uv":[9,5,10,6]},"west":{"texture":"#top","uv":[9,5,10,6]}},"from":[9,1,6],"to":[10,2,7]},{"faces":{"east":{"texture":"#unlit","uv":[7,6,9,12]},"north":{"texture":"#unlit","uv":[7,6,9,12]},"south":{"texture":"#unlit","uv":[7,6,9,12]},"up":{"texture":"#unlit","uv":[7,6,9,8]},"west":{"texture":"#unlit","uv":[7,6,9,12]}},"from":[4,1,11],"to":[6,7,13]},{"faces":{"east":{"texture":"#unlit","uv":[7,6,9,12]},"north":{"texture":"#unlit","uv":[7,6,9,12]},"south":{"texture":"#unlit","uv":[7,6,9,12]},"up":{"texture":"#unlit","uv":[7,6,9,8]},"west":{"texture":"#unlit","uv":[7,6,9,12]}},"from":[10,1,11],"to":[12,7,13]},{"faces":{"east":{"texture":"#unlit","uv":[7,6,9,9]},"north":{"texture":"#unlit","uv":[7,6,9,9]},"south":{"texture":"#unlit","uv":[7,6,9,9]},"up":{"texture":"#unlit","uv":[7,6,9,8]},"west":{"texture":"#unlit","uv":[7,6,9,9]}},"from":[7,2,2],"to":[9,5,4]}],"textures":{"particle":"block/comparator","slab":"block/smooth_stone","top":"block/comparator","unlit":"block/redstone_torch_off"}}