{"parent":"block/cube_all","elements":[{"from":[0,0,0],"to":[16,16,16],"faces":{"north":{"uv":[0,0,16,16],"texture":"#north","cullface":"north"},"east":{"uv":[0,0,16,16],"texture":"#east","cullface":"east"},"south":{"uv":[0,0,16,16],"texture":"#south","cullface":"south"},"west":{"uv":[0,0,16,16],"texture":"#west","cullface":"west"},"up":{"uv":[0,0,16,16],"texture":"#up","cullface":"up"},"down":{"uv":[0,0,16,16],"texture":"#down","cullface":"down"}}},{"from":[0.01,15.99,0.01],"to":[15.99,0.01,15.99],"faces":{"north":{"uv":[0,16,16,0],"texture":"#south","cullface":"north"},"east":{"uv":[0,16,16,0],"texture":"#west","cullface":"east"},"south":{"uv":[0,16,16,0],"texture":"#north","cullface":"south"},"west":{"uv":[0,16,16,0],"texture":"#east","cullface":"west"},"up":{"uv":[0,16,16,0],"texture":"#down","cullface":"up"},"down":{"uv":[16,0,0,16],"texture":"#up","cullface":"down"}}}]}