{"__comment":"Designed by GeForceLegend","ambientocclusion":false,"elements":[{"faces":{"down":{"texture":"#wood","uv":[1,13,15,15]},"east":{"rotation":90,"texture":"#wood","uv":[15,15,14,13]},"north":{"texture":"#wood","uv":[15,14,1,15]},"south":{"texture":"#wood","uv":[1,13,15,14]},"up":{"texture":"#wood","uv":[1,15,15,13]},"west":{"rotation":90,"texture":"#wood","uv":[2,13,1,15]}},"from":[1,0.01,18.3846],"rotation":{"angle":-45,"axis":"x","origin":[8,0,0]},"to":[15,1,21.213]},{"faces":{"down":{"texture":"#wood","uv":[1,9,15,11]},"east":{"rotation":90,"texture":"#wood","uv":[15,11,14,9]},"north":{"texture":"#wood","uv":[15,10,1,11]},"south":{"texture":"#wood","uv":[1,9,15,10]},"up":{"texture":"#wood","uv":[1,11,15,9]},"west":{"rotation":90,"texture":"#wood","uv":[2,9,1,11]}},"from":[1,0.01,12.7278],"rotation":{"angle":-45,"axis":"x","origin":[8,0,0]},"to":[15,1,15.5562]},{"faces":{"down":{"texture":"#wood","uv":[1,5,15,7]},"east":{"rotation":90,"texture":"#wood","uv":[15,7,14,5]},"north":{"texture":"#wood","uv":[15,6,1,7]},"south":{"texture":"#wood","uv":[1,5,15,6]},"up":{"texture":"#wood","uv":[1,7,15,5]},"west":{"rotation":90,"texture":"#wood","uv":[2,5,1,7]}},"from":[1,0.01,7.071],"rotation":{"angle":-45,"axis":"x","origin":[8,0,0]},"to":[15,1,9.8994]},{"faces":{"down":{"texture":"#wood","uv":[1,1,15,3]},"east":{"rotation":90,"texture":"#wood","uv":[15,3,14,1]},"north":{"texture":"#wood","uv":[15,2,1,3]},"south":{"texture":"#wood","uv":[1,1,15,2]},"up":{"texture":"#wood","uv":[1,3,15,1]},"west":{"rotation":90,"texture":"#wood","uv":[2,1,1,3]}},"from":[1,0.01,1.4142],"rotation":{"angle":-45,"axis":"x","origin":[8,0,0]},"to":[15,1,4.2426]},{"faces":{"down":{"texture":"#rail","uv":[2,0,4,16]},"east":{"rotation":270,"texture":"#rail","uv":[4,0,3,16]},"north":{"cullface":"south","texture":"#rail","uv":[4,15,2,16]},"up":{"texture":"#rail","uv":[2,16,4,0]},"west":{"rotation":270,"texture":"#rail","uv":[2,16,3,0]}},"from":[2,0,0],"rotation":{"angle":-45,"axis":"x","origin":[8,0,0]},"to":[4,2,22.6275]},{"faces":{"down":{"texture":"#rail","uv":[12,0,14,16]},"east":{"rotation":270,"texture":"#rail","uv":[14,0,13,16]},"north":{"cullface":"south","texture":"#rail","uv":[14,15,12,16]},"up":{"texture":"#rail","uv":[12,16,14,0]},"west":{"rotation":270,"texture":"#rail","uv":[12,16,13,0]}},"from":[12,0,0],"rotation":{"angle":-45,"axis":"x","origin":[8,0,0]},"to":[14,2,22.6275]},{"faces":{"down":{"texture":"#texture","uv":[5,5,11,11]},"east":{"rotation":90,"texture":"#texture","uv":[11,11,10,5]},"north":{"texture":"#texture","uv":[11,10,5,11]},"south":{"texture":"#texture","uv":[5,5,11,6]},"up":{"texture":"#texture","uv":[5,11,11,5]},"west":{"rotation":270,"texture":"#texture","uv":[5,11,6,5]}},"from":[5,9,5],"rotation":{"angle":-45,"axis":"x","origin":[8,8,8]},"to":[11,10,11]},{"faces":{"east":{"cullface":"up","texture":"#rail","uv":[3,0,4,1]},"south":{"cullface":"up","texture":"#rail","uv":[2,0,4,1]},"up":{"cullface":"up","texture":"#rail","uv":[2,1,4,0]},"west":{"cullface":"up","texture":"#rail","uv":[3,0,2,1]}},"from":[2,16.4692,14.4693],"rotation":{"angle":-22.5,"axis":"x","origin":[8,18,16]},"to":[4,18,16]},{"faces":{"east":{"cullface":"up","texture":"#rail","uv":[13,0,14,1]},"south":{"cullface":"up","texture":"#rail","uv":[12,0,14,1]},"up":{"cullface":"up","texture":"#rail","uv":[12,1,14,0]},"west":{"cullface":"up","texture":"#rail","uv":[13,0,12,1]}},"from":[12,16.4692,14.4693],"rotation":{"angle":-22.5,"axis":"x","origin":[8,18,16]},"to":[14,18,16]},{"faces":{"down":{"cullface":"up","texture":"#rail","uv":[2,1,4,0]},"east":{"cullface":"up","texture":"#rail","uv":[3,0,4,1]},"west":{"cullface":"up","texture":"#rail","uv":[3,0,2,1]}},"from":[2,16,16],"rotation":{"angle":-45,"axis":"x","origin":[3,16,16]},"to":[4,17,16.8284]},{"faces":{"down":{"cullface":"up","texture":"#rail","uv":[12,1,14,0]},"east":{"cullface":"up","texture":"#rail","uv":[13,0,14,1]},"west":{"cullface":"up","texture":"#rail","uv":[13,0,12,1]}},"from":[12,16,16],"rotation":{"angle":-45,"axis":"x","origin":[3,16,16]},"to":[14,17,16.8284]}],"textures":{"particle":"block/detector_rail_on","rail":"block/rail","texture":"block/detector_rail_on","wood":"block/rail_wood"}}