{"ambientocclusion":false,"elements":[{"faces":{"east":{"texture":"#all","uv":[6,0,10,1]},"north":{"texture":"#all","uv":[6,0,10,1]},"south":{"texture":"#all","uv":[6,0,10,1]},"up":{"cullface":"up","texture":"#all","uv":[6,6,10,10]},"west":{"texture":"#all","uv":[6,0,10,1]}},"from":[6,15,6],"shade":false,"to":[10,16,10]},{"faces":{"east":{"texture":"#all","uv":[5,1,11,2]},"north":{"texture":"#all","uv":[5,1,11,2]},"south":{"texture":"#all","uv":[5,1,11,2]},"up":{"texture":"#all","uv":[5,5,11,11]},"west":{"texture":"#all","uv":[5,1,11,2]}},"from":[5,14,5],"shade":false,"to":[11,15,11]},{"faces":{"east":{"texture":"#all","uv":[4,2,12,3]},"north":{"texture":"#all","uv":[4,2,12,3]},"south":{"texture":"#all","uv":[4,2,12,3]},"up":{"texture":"#all","uv":[4,4,12,12]},"west":{"texture":"#all","uv":[4,2,12,3]}},"from":[4,13,4],"shade":false,"to":[12,14,12]},{"faces":{"down":{"cullface":"down","texture":"#all","uv":[3,3,13,13]},"east":{"texture":"#all","uv":[3,3,13,16]},"north":{"texture":"#all","uv":[3,3,13,16]},"south":{"texture":"#all","uv":[3,3,13,16]},"up":{"texture":"#all","uv":[3,3,13,13]},"west":{"texture":"#all","uv":[3,3,13,16]}},"from":[3,0,3],"shade":false,"to":[13,13,13]},{"faces":{"down":{"texture":"#all","uv":[2,2,14,14]},"east":{"texture":"#all","uv":[2,5,14,15]},"north":{"texture":"#all","uv":[2,5,14,15]},"south":{"texture":"#all","uv":[2,5,14,15]},"up":{"texture":"#all","uv":[2,2,14,14]},"west":{"texture":"#all","uv":[2,5,14,15]}},"from":[2,1,2],"shade":false,"to":[14,11,14]},{"faces":{"down":{"texture":"#all","uv":[1,1,15,15]},"east":{"texture":"#all","uv":[1,8,15,13]},"north":{"texture":"#all","uv":[1,8,15,13]},"south":{"texture":"#all","uv":[1,8,15,13]},"up":{"texture":"#all","uv":[1,1,15,15]},"west":{"texture":"#all","uv":[1,8,15,13]}},"from":[1,3,1],"shade":false,"to":[15,8,15]}],"parent":"res_fixes:block/shadeless/block","textures":{"all":"block/dragon_egg","particle":"block/dragon_egg"}}