{"__comment":"Designed by GeForceLegend","elements":[{"faces":{"down":{"cullface":"down","texture":"#bottom","uv":[0,0,16,16]},"east":{"cullface":"east","texture":"#side","uv":[0,4,16,16]},"north":{"cullface":"north","texture":"#side","uv":[0,4,16,16]},"south":{"cullface":"south","texture":"#side","uv":[0,4,16,16]},"up":{"texture":"#top","uv":[0,0,16,16]},"west":{"cullface":"west","texture":"#side","uv":[0,4,16,16]}},"from":[0,0,0],"to":[16,12,16]},{"faces":{"east":{"texture":"#top","uv":[2,3,3,4]},"north":{"texture":"#side","uv":[13,3,16,4]},"south":{"texture":"#top","uv":[0,3,3,4]},"up":{"texture":"#top","uv":[0,0,3,4]},"west":{"texture":"#side","uv":[0,3,4,4]}},"from":[0,12,0],"to":[3,13,4]},{"faces":{"east":{"rotation":90,"texture":"#top","uv":[3,0,4,3]},"north":{"texture":"#side","uv":[12,3,13,4]},"south":{"texture":"#top","uv":[3,2,4,3]},"up":{"texture":"#top","uv":[3,0,4,3]}},"from":[3,12,0],"to":[4,13,3]},{"faces":{"east":{"texture":"#top","uv":[0,3,3,4]},"north":{"texture":"#top","uv":[3,13,4,14]},"south":{"texture":"#side","uv":[3,3,4,4]},"up":{"texture":"#top","uv":[3,13,4,16]}},"from":[3,12,13],"to":[4,13,16]},{"faces":{"east":{"texture":"#top","uv":[2,12,3,13]},"north":{"rotation":90,"texture":"#top","uv":[3,0,4,3]},"south":{"texture":"#side","uv":[0,3,3,4]},"up":{"texture":"#top","uv":[0,12,3,16]},"west":{"texture":"#side","uv":[12,3,16,4]}},"from":[0,12,12],"to":[3,13,16]},{"faces":{"north":{"texture":"#top","uv":[12,13,13,14]},"south":{"texture":"#side","uv":[12,3,13,4]},"up":{"texture":"#top","uv":[12,13,13,16]},"west":{"rotation":90,"texture":"#top","uv":[3,0,4,3]}},"from":[12,12,13],"to":[13,13,16]},{"faces":{"east":{"texture":"#side","uv":[0,3,4,4]},"north":{"texture":"#top","uv":[0,3,3,4]},"south":{"texture":"#side","uv":[13,3,16,4]},"up":{"texture":"#top","uv":[13,12,16,16]},"west":{"texture":"#top","uv":[13,12,14,13]}},"from":[13,12,12],"to":[16,13,16]},{"faces":{"north":{"texture":"#side","uv":[3,3,4,4]},"south":{"texture":"#top","uv":[12,2,13,3]},"up":{"texture":"#top","uv":[12,0,13,3]},"west":{"texture":"#top","uv":[0,3,3,4]}},"from":[12,12,0],"to":[13,13,3]},{"faces":{"east":{"texture":"#side","uv":[12,3,16,4]},"north":{"texture":"#side","uv":[0,3,3,4]},"south":{"rotation":90,"texture":"#top","uv":[3,0,4,3]},"up":{"texture":"#top","uv":[13,0,16,4]},"west":{"texture":"#top","uv":[13,3,14,4]}},"from":[13,12,0],"to":[16,13,4]}],"textures":{"bottom":"block/enchanting_table_bottom","particle":"block/enchanting_table_side","side":"block/enchanting_table_side","top":"block/enchanting_table_top"}}