{"__comment":"Designed by GeForceLegend","display":{"head":{"rotation":[-60,0,0],"scale":[1,1,1],"translation":[0,5,-9]},"thirdperson_righthand":{"rotation":[0,0,0],"scale":[0.375,0.375,0.375],"translation":[0,0,0]}},"elements":[{"faces":{"down":{"cullface":"down","texture":"#end_rod","uv":[6,6,2,2]},"east":{"texture":"#end_rod","uv":[2,6,6,7]},"north":{"texture":"#end_rod","uv":[2,6,6,7]},"south":{"texture":"#end_rod","uv":[2,6,6,7]},"up":{"texture":"#end_rod","uv":[2,2,6,6]},"west":{"texture":"#end_rod","uv":[2,6,6,7]}},"from":[6,0,6],"light_emission":15,"to":[10,1,10]},{"faces":{"east":{"texture":"#end_rod","uv":[0,0,2,15]},"north":{"texture":"#end_rod","uv":[0,0,2,15]},"south":{"texture":"#end_rod","uv":[0,0,2,15]},"up":{"cullface":"up","texture":"#end_rod","uv":[2,0,4,2]},"west":{"texture":"#end_rod","uv":[0,0,2,15]}},"from":[7,1,7],"light_emission":15,"to":[9,16,9]}],"parent":"block/block","textures":{"end_rod":"block/end_rod","particle":"block/end_rod"}}