{"__comment":"Designed by GeForceLegend","elements":[{"faces":{"down":{"cullface":"down","texture":"#bottom","uv":[0,0,16,16]},"up":{"texture":"#top","uv":[0,0,16,16]}},"from":[0,0,0],"to":[16,12,16]},{"faces":{"east":{"rotation":90,"texture":"#top","uv":[4,0,5,16]},"north":{"cullface":"north","texture":"#side","uv":[11,3,16,16]},"south":{"cullface":"south","texture":"#side","uv":[0,3,5,16]},"up":{"texture":"#top","uv":[0,0,5,16]},"west":{"cullface":"west","texture":"#side","uv":[0,3,16,16]}},"from":[0,0,0],"to":[5,13,16]},{"faces":{"east":{"cullface":"east","texture":"#side","uv":[0,3,16,16]},"north":{"cullface":"north","texture":"#side","uv":[0,3,5,16]},"south":{"cullface":"south","texture":"#side","uv":[11,3,16,16]},"up":{"texture":"#top","uv":[11,0,16,16]},"west":{"rotation":270,"texture":"#top","uv":[11,0,12,16]}},"from":[11,0,0],"to":[16,13,16]},{"faces":{"north":{"cullface":"north","texture":"#side","uv":[5,3,11,16]},"south":{"texture":"#top","uv":[5,4,11,5]},"up":{"texture":"#top","uv":[5,0,11,5]}},"from":[5,0,0],"to":[11,13,5]},{"faces":{"north":{"texture":"#top","uv":[11,11,5,12]},"south":{"cullface":"south","texture":"#side","uv":[5,3,11,16]},"up":{"texture":"#top","uv":[5,11,11,16]}},"from":[5,0,11],"to":[11,13,16]}],"parent":"block/block","textures":{"bottom":"block/end_stone","particle":"block/end_portal_frame_side","side":"block/end_portal_frame_side","top":"block/end_portal_frame_top"}}