{"__comment":"Designed by GeForceLegend","elements":[{"faces":{"down":{"cullface":"down","texture":"#all","uv":[8,1,12,5]},"east":{"texture":"#all","uv":[8,5,12,11]},"north":{"texture":"#all","uv":[12,5,16,11]},"south":{"texture":"#all","uv":[4,5,8,11]},"up":{"texture":"#all","uv":[4,1,8,5]},"west":{"texture":"#all","uv":[0,5,4,11]}},"from":[2,0,2],"to":[6,6,6]},{"faces":{"east":{"texture":"#all","uv":[9,5,11,6]},"north":{"texture":"#all","uv":[13,5,15,6]},"south":{"texture":"#all","uv":[5,5,7,6]},"up":{"texture":"#all","uv":[9,2,11,4]},"west":{"texture":"#all","uv":[1,5,3,6]}},"from":[3,6,3],"to":[5,5.2,5]},{"faces":{"down":{"cullface":"down","texture":"#all","uv":[8,1,12,5]},"east":{"texture":"#all","uv":[0,5,4,9]},"north":{"texture":"#all","uv":[4,5,8,9]},"south":{"texture":"#all","uv":[12,5,16,9]},"up":{"texture":"#all","uv":[4,1,8,5]},"west":{"texture":"#all","uv":[8,5,12,9]}},"from":[9,0,10],"to":[13,4,14]},{"faces":{"east":{"texture":"#all","uv":[9,5,11,6]},"north":{"texture":"#all","uv":[13,5,15,6]},"south":{"texture":"#all","uv":[5,5,7,6]},"up":{"texture":"#all","uv":[9,2,11,4]},"west":{"texture":"#all","uv":[1,5,3,6]}},"from":[10,4,11],"to":[12,3.2,13]},{"faces":{"down":{"cullface":"down","texture":"#all","uv":[8,1,12,5]},"east":{"texture":"#all","uv":[0,5,4,12]},"north":{"texture":"#all","uv":[4,5,8,12]},"south":{"texture":"#all","uv":[12,5,16,12]},"up":{"texture":"#all","uv":[4,1,8,5]},"west":{"texture":"#all","uv":[8,5,12,12]}},"from":[2,0,8],"to":[6,7,12]},{"faces":{"east":{"texture":"#all","uv":[9,5,11,6]},"north":{"texture":"#all","uv":[13,5,15,6]},"south":{"texture":"#all","uv":[5,5,7,6]},"up":{"texture":"#all","uv":[9,2,11,4]},"west":{"texture":"#all","uv":[1,5,3,6]}},"from":[3,7,9],"to":[5,6.2,11]},{"faces":{"down":{"cullface":"down","texture":"#all","uv":[8,1,12,5]},"east":{"texture":"#all","uv":[8,5,12,11]},"north":{"texture":"#all","uv":[12,5,16,11]},"south":{"texture":"#all","uv":[4,5,8,11]},"up":{"texture":"#all","uv":[4,1,8,5]},"west":{"texture":"#all","uv":[0,5,4,11]}},"from":[9,0,2],"to":[13,6,6]},{"faces":{"east":{"texture":"#all","uv":[9,5,11,6]},"north":{"texture":"#all","uv":[13,5,15,6]},"south":{"texture":"#all","uv":[5,5,7,6]},"up":{"texture":"#all","uv":[9,2,11,4]},"west":{"texture":"#all","uv":[1,5,3,6]}},"from":[10,6,3],"to":[12,5.2,5]},{"faces":{"north":{"texture":"#all","uv":[1,0,3,5]},"south":{"texture":"#all","uv":[13,0,15,5]}},"from":[3.5,5.2,4],"light_emission":15,"rotation":{"angle":45,"axis":"y","origin":[4,8,4],"rescale":true},"shade":false,"to":[4.5,8.7,4]},{"faces":{"east":{"texture":"#all","uv":[13,0,15,5]},"west":{"texture":"#all","uv":[1,0,3,5]}},"from":[4,5.2,3.5],"light_emission":15,"rotation":{"angle":45,"axis":"y","origin":[4,8,4],"rescale":true},"shade":false,"to":[4,8.7,4.5]},{"faces":{"north":{"texture":"#all","uv":[1,0,3,5]},"south":{"texture":"#all","uv":[13,0,15,5]}},"from":[10.5,3.2,12],"light_emission":15,"rotation":{"angle":45,"axis":"y","origin":[11,8,12],"rescale":true},"shade":false,"to":[11.5,6.7,12]},{"faces":{"east":{"texture":"#all","uv":[13,0,15,5]},"west":{"texture":"#all","uv":[1,0,3,5]}},"from":[11,3.2,11.5],"light_emission":15,"rotation":{"angle":45,"axis":"y","origin":[11,8,12],"rescale":true},"shade":false,"to":[11,6.7,12.5]},{"faces":{"north":{"texture":"#all","uv":[1,0,3,5]},"south":{"texture":"#all","uv":[13,0,15,5]}},"from":[10.5,5.2,4],"light_emission":15,"rotation":{"angle":45,"axis":"y","origin":[11,8,4],"rescale":true},"shade":false,"to":[11.5,8.7,4]},{"faces":{"east":{"texture":"#all","uv":[13,0,15,5]},"west":{"texture":"#all","uv":[1,0,3,5]}},"from":[11,5.2,3.5],"light_emission":15,"rotation":{"angle":45,"axis":"y","origin":[11,8,4],"rescale":true},"shade":false,"to":[11,8.7,4.5]},{"faces":{"north":{"texture":"#all","uv":[1,0,3,5]},"south":{"texture":"#all","uv":[13,0,15,5]}},"from":[3.5,6.2,10],"light_emission":15,"rotation":{"angle":45,"axis":"y","origin":[4,8,10],"rescale":true},"shade":false,"to":[4.5,9.7,10]},{"faces":{"east":{"texture":"#all","uv":[13,0,15,5]},"west":{"texture":"#all","uv":[1,0,3,5]}},"from":[4,6.2,9.5],"light_emission":15,"rotation":{"angle":45,"axis":"y","origin":[4,8,10],"rescale":true},"shade":false,"to":[4,9.7,10.5]}],"textures":{"all":"block/sea_pickle","particle":"block/sea_pickle"}}