{"__comment":"Designed by GeForceLegend","ambientocclusion":false,"elements":[{"faces":{"down":{"cullface":"down","texture":"#top","uv":[0,0,16,16]},"north":{"cullface":"north","texture":"#front","uv":[0,15,16,16]},"up":{"cullface":"north","texture":"#inside","uv":[0,0,16,16]}},"from":[0,0,0],"to":[16,1,16]},{"faces":{"east":{"cullface":"north","texture":"#front","uv":[13,0,14,15]},"north":{"cullface":"north","texture":"#front","uv":[13,0,16,15]},"south":{"cullface":"north","texture":"#inside","uv":[0,0,3,15]}},"from":[0,1,0],"to":[3,16,1]},{"faces":{"north":{"cullface":"north","texture":"#front","uv":[0,0,3,15]},"south":{"cullface":"north","texture":"#inside","uv":[13,0,16,15]},"west":{"cullface":"north","texture":"#front","uv":[2,0,3,15]}},"from":[13,1,0],"to":[16,16,1]},{"faces":{"down":{"cullface":"north","texture":"#front","uv":[12,12,13,13]},"east":{"cullface":"north","texture":"#front","uv":[12,11,13,13]},"north":{"cullface":"north","texture":"#front","uv":[12,11,13,13]},"up":{"cullface":"north","texture":"#front","uv":[12,7,13,8]}},"from":[3,3,0],"to":[4,5,1]},{"faces":{"down":{"cullface":"north","texture":"#front","uv":[3,12,4,13]},"north":{"cullface":"north","texture":"#front","uv":[3,11,4,13]},"up":{"cullface":"north","texture":"#front","uv":[3,7,4,8]},"west":{"cullface":"north","texture":"#front","uv":[3,11,4,13]}},"from":[12,3,0],"to":[13,5,1]},{"faces":{"down":{"cullface":"north","texture":"#front","uv":[3,10,13,11]},"north":{"cullface":"north","texture":"#front","uv":[3,7,13,11]},"south":{"cullface":"north","texture":"#inside","uv":[4,7,12,11]},"up":{"cullface":"north","texture":"#front","uv":[3,7,13,8]}},"from":[3,5,0],"to":[13,9,1]},{"faces":{"down":{"cullface":"north","texture":"#front","uv":[3,3,13,4]},"north":{"cullface":"north","texture":"#front","uv":[3,0,13,4]},"south":{"cullface":"north","texture":"#inside","uv":[3,0,13,4]}},"from":[3,12,0],"to":[13,16,1]},{"faces":{"down":{"cullface":"north","texture":"#front","uv":[12,11,10,12]},"east":{"cullface":"north","texture":"#front","uv":[10,11,11,12]},"north":{"cullface":"north","texture":"#front","uv":[10,11,12,12]}},"from":[4,4,0],"to":[6,5,1]},{"faces":{"down":{"cullface":"north","texture":"#front","uv":[6,11,4,12]},"north":{"cullface":"north","texture":"#front","uv":[4,11,6,12]},"west":{"cullface":"north","texture":"#front","uv":[5,11,6,12]}},"from":[10,4,0],"to":[12,5,1]},{"faces":{"down":{"cullface":"north","texture":"#front","uv":[12,4,13,5]},"east":{"cullface":"north","texture":"#front","uv":[12,4,13,5]},"north":{"cullface":"north","texture":"#front","uv":[12,4,13,5]},"south":{"cullface":"north","texture":"#inside","uv":[3,4,4,5]}},"from":[3,11,0],"to":[4,12,1]},{"faces":{"down":{"cullface":"north","texture":"#front","uv":[3,4,4,5]},"north":{"cullface":"north","texture":"#front","uv":[3,4,4,5]},"south":{"cullface":"north","texture":"#inside","uv":[12,4,13,5]},"west":{"cullface":"north","texture":"#front","uv":[3,4,4,5]}},"from":[12,11,0],"to":[13,12,1]},{"faces":{"north":{"cullface":"north","texture":"front_on","uv":[1,9,15,16]},"up":{"cullface":"north","texture":"#inside","uv":[1,1,15,15]}},"from":[1,1,1],"to":[15,8,15]},{"faces":{"east":{"cullface":"east","texture":"side","uv":[0,0,16,16]},"south":{"cullface":"south","texture":"side","uv":[0,0,16,16]},"up":{"cullface":"up","texture":"#top","uv":[0,0,16,16]},"west":{"cullface":"west","texture":"side","uv":[0,0,16,16]}},"from":[0,0,0],"to":[16,16,16]},{"faces":{"down":{"cullface":"north","texture":"#inside","uv":[1,1,15,15]},"east":{"cullface":"north","texture":"#inside","uv":[1,8,15,1]},"south":{"cullface":"north","texture":"#inside","uv":[1,8,15,1]},"west":{"cullface":"north","texture":"#inside","uv":[1,8,15,1]}},"from":[1,15,1],"to":[15,8,15]}],"textures":{"front":"block/furnace_front","front_on":"block/furnace_front_on","inside":"block/furnace_in","particle":"block/furnace_side","side":"block/furnace_side","top":"block/furnace_top"}}