{"__comment":"Designed by GeForceLegend","elements":[{"faces":{"north":{"cullface":"north","texture":"#all","tintindex":0},"south":{"cullface":"north","texture":"#all","tintindex":0}},"from":[0,0,0],"to":[16,16,0.1]},{"faces":{"north":{"cullface":"south","texture":"#all","tintindex":0},"south":{"cullface":"south","texture":"#all","tintindex":0}},"from":[0,0,15.9],"to":[16,16,16]},{"faces":{"east":{"cullface":"west","texture":"#all","tintindex":0},"west":{"cullface":"west","texture":"#all","tintindex":0}},"from":[0,0,0],"to":[0.1,16,16]},{"faces":{"east":{"cullface":"east","texture":"#all","tintindex":0},"west":{"cullface":"east","texture":"#all","tintindex":0}},"from":[15.9,0,0],"to":[16,16,16]},{"faces":{"down":{"cullface":"down","texture":"#all","tintindex":0},"up":{"cullface":"down","texture":"#all","tintindex":0}},"from":[0,0,0],"to":[16,0.1,16]},{"faces":{"down":{"cullface":"up","texture":"#all","tintindex":0},"up":{"cullface":"up","texture":"#all","tintindex":0}},"from":[0,15.9,0],"to":[16,16,16]}],"parent":"block/cube_all","textures":{"all":"block/glass"}}