{"__comment":"Designed by GeForceLegend","ambientocclusion":false,"elements":[{"faces":{"down":{"texture":"#inside","uv":[0,0,16,6]},"up":{"cullface":"up","texture":"#inside","uv":[0,10,16,16]}},"from":[0,10,10],"to":[16,11,16]},{"faces":{"down":{"texture":"#inside","uv":[0,10,16,16]},"up":{"cullface":"up","texture":"#inside","uv":[0,0,16,6]}},"from":[0,10,0],"to":[16,11,6]},{"faces":{"down":{"texture":"#inside","uv":[10,6,16,10]},"up":{"cullface":"up","texture":"#inside","uv":[10,6,16,10]}},"from":[10,10,6],"to":[16,11,10]},{"faces":{"down":{"texture":"#inside","uv":[0,6,6,10]},"up":{"cullface":"up","texture":"#inside","uv":[0,6,6,10]}},"from":[0,10,6],"to":[6,11,10]},{"faces":{"east":{"cullface":"up","texture":"#side","uv":[0,0,16,6]},"north":{"cullface":"north","texture":"#side","uv":[14,0,16,6]},"south":{"cullface":"south","texture":"#side","uv":[0,0,2,6]},"up":{"cullface":"up","texture":"#top","uv":[0,0,2,16]},"west":{"cullface":"west","texture":"#side","uv":[0,0,16,6]}},"from":[0,10,0],"to":[2,16,16]},{"faces":{"east":{"cullface":"east","texture":"#side","uv":[0,0,16,6]},"north":{"cullface":"north","texture":"#side","uv":[0,0,2,6]},"south":{"cullface":"south","texture":"#side","uv":[14,0,16,6]},"up":{"cullface":"up","texture":"#top","uv":[14,0,16,16]},"west":{"cullface":"up","texture":"#side","uv":[0,0,16,6]}},"from":[14,10,0],"to":[16,16,16]},{"faces":{"north":{"cullface":"north","texture":"#side","uv":[2,0,14,6]},"south":{"cullface":"up","texture":"#side","uv":[2,0,14,6]},"up":{"cullface":"up","texture":"#top","uv":[2,0,14,2]}},"from":[2,10,0],"to":[14,16,2]},{"faces":{"north":{"cullface":"up","texture":"#side","uv":[2,0,14,6]},"south":{"cullface":"south","texture":"#side","uv":[2,0,14,6]},"up":{"cullface":"up","texture":"#top","uv":[2,14,14,16]}},"from":[2,10,14],"to":[14,16,16]},{"faces":{"down":{"texture":"#side","uv":[4,4,6,12]},"east":{"texture":"#side","uv":[4,5,12,12]},"north":{"texture":"#side","uv":[10,6,12,12]},"west":{"texture":"#side","uv":[4,5,12,12]}},"from":[4,4,4],"to":[6,11,12]},{"faces":{"down":{"texture":"#side","uv":[10,4,12,12]},"east":{"texture":"#side","uv":[4,5,12,12]},"north":{"texture":"#side","uv":[4,6,6,12]},"west":{"texture":"#side","uv":[4,5,12,12]}},"from":[10,4,4],"to":[12,11,12]},{"faces":{"north":{"texture":"#side","uv":[4,5,12,12]},"south":{"texture":"#side","uv":[4,5,12,12]}},"from":[4,4,10],"to":[12,11,12]},{"faces":{"north":{"texture":"#side","uv":[6,5,10,9]},"south":{"texture":"#side","uv":[6,5,10,9]}},"from":[6,7,4],"to":[10,11,6]},{"faces":{"east":{"texture":"#side","uv":[10,8,16,12]},"north":{"cullface":"north","texture":"#side","uv":[6,6,7,10]},"south":{"texture":"#side","uv":[9,8,10,12]},"west":{"texture":"#side","uv":[0,9,6,11]}},"from":[9,4,0],"to":[10,8,6]},{"faces":{"east":{"texture":"#side","uv":[10,9,16,11]},"north":{"cullface":"north","texture":"#side","uv":[9,6,10,10]},"south":{"texture":"#side","uv":[6,8,7,12]},"west":{"texture":"#side","uv":[0,8,6,12]}},"from":[6,4,0],"to":[7,8,6]},{"faces":{"down":{"texture":"#side","uv":[6,6,10,0]},"north":{"cullface":"north","texture":"#side","uv":[6,6,10,7]},"up":{"texture":"#side","uv":[6,0,10,6]}},"from":[6,7,0],"to":[10,8,6]},{"faces":{"down":{"texture":"#side","uv":[6,4,10,16]},"north":{"cullface":"north","texture":"#side","uv":[6,9,10,10]},"up":{"texture":"#side","uv":[6,16,10,4]}},"from":[6,4,0],"to":[10,5,12]}],"textures":{"inside":"block/hopper_inside","particle":"block/hopper_outside","side":"block/hopper_outside","top":"block/hopper_top"}}