{"__comment":"Designed by GeForceLegend","ambientocclusion":false,"textures":{"top":"block/hopper_top","particle":"block/hopper_outside","side":"block/hopper_outside","inside":"block/hopper_inside"},"elements":[{"from":[0,10,10],"to":[16,11,16],"faces":{"up":{"uv":[0,10,16,16],"texture":"#inside","cullface":"up"},"down":{"uv":[0,0,16,6],"texture":"#inside"}}},{"from":[0,10,0],"to":[16,11,6],"faces":{"up":{"uv":[0,0,16,6],"texture":"#inside","cullface":"up"},"down":{"uv":[0,10,16,16],"texture":"#inside"}}},{"from":[10,10,6],"to":[16,11,10],"faces":{"up":{"uv":[10,6,16,10],"texture":"#inside","cullface":"up"},"down":{"uv":[10,6,16,10],"texture":"#inside"}}},{"from":[0,10,6],"to":[6,11,10],"faces":{"up":{"uv":[0,6,6,10],"texture":"#inside","cullface":"up"},"down":{"uv":[0,6,6,10],"texture":"#inside"}}},{"from":[0,10,0],"to":[2,16,16],"faces":{"north":{"uv":[14,0,16,6],"texture":"#side","cullface":"north"},"east":{"uv":[0,0,16,6],"texture":"#side","cullface":"up"},"south":{"uv":[0,0,2,6],"texture":"#side","cullface":"south"},"west":{"uv":[0,0,16,6],"texture":"#side","cullface":"west"},"up":{"uv":[0,0,2,16],"texture":"#top","cullface":"up"}}},{"from":[14,10,0],"to":[16,16,16],"faces":{"north":{"uv":[0,0,2,6],"texture":"#side","cullface":"north"},"east":{"uv":[0,0,16,6],"texture":"#side","cullface":"east"},"south":{"uv":[14,0,16,6],"texture":"#side","cullface":"south"},"west":{"uv":[0,0,16,6],"texture":"#side","cullface":"up"},"up":{"uv":[14,0,16,16],"texture":"#top","cullface":"up"}}},{"from":[2,10,0],"to":[14,16,2],"faces":{"north":{"uv":[2,0,14,6],"texture":"#side","cullface":"north"},"south":{"uv":[2,0,14,6],"texture":"#side","cullface":"up"},"up":{"uv":[2,0,14,2],"texture":"#top","cullface":"up"}}},{"from":[2,10,14],"to":[14,16,16],"faces":{"north":{"uv":[2,0,14,6],"texture":"#side","cullface":"up"},"south":{"uv":[2,0,14,6],"texture":"#side","cullface":"south"},"up":{"uv":[2,14,14,16],"texture":"#top","cullface":"up"}}},{"from":[4,4,4],"to":[6,11,12],"faces":{"north":{"uv":[10,6,12,12],"texture":"#side"},"east":{"uv":[4,5,12,12],"texture":"#side"},"west":{"uv":[4,5,12,12],"texture":"#side"},"down":{"uv":[4,4,6,12],"texture":"#side"}}},{"from":[10,4,4],"to":[12,11,12],"faces":{"north":{"uv":[4,6,6,12],"texture":"#side"},"east":{"uv":[4,5,12,12],"texture":"#side"},"west":{"uv":[4,5,12,12],"texture":"#side"},"down":{"uv":[10,4,12,12],"texture":"#side"}}},{"from":[4,4,10],"to":[12,11,12],"faces":{"north":{"uv":[4,5,12,12],"texture":"#side"},"south":{"uv":[4,5,12,12],"texture":"#side"}}},{"from":[6,7,4],"to":[10,11,6],"faces":{"north":{"uv":[6,5,10,9],"texture":"#side"},"south":{"uv":[6,5,10,9],"texture":"#side"}}},{"from":[9,4,0],"to":[10,8,6],"faces":{"north":{"uv":[6,6,7,10],"texture":"#side","cullface":"north"},"east":{"uv":[10,8,16,12],"texture":"#side"},"south":{"uv":[9,8,10,12],"texture":"#side"},"west":{"uv":[0,9,6,11],"texture":"#side"}}},{"from":[6,4,0],"to":[7,8,6],"faces":{"north":{"uv":[9,6,10,10],"texture":"#side","cullface":"north"},"east":{"uv":[10,9,16,11],"texture":"#side"},"south":{"uv":[6,8,7,12],"texture":"#side"},"west":{"uv":[0,8,6,12],"texture":"#side"}}},{"from":[6,7,0],"to":[10,8,6],"faces":{"north":{"uv":[6,6,10,7],"texture":"#side","cullface":"north"},"up":{"uv":[6,0,10,6],"texture":"#side"},"down":{"uv":[6,6,10,0],"texture":"#side"}}},{"from":[6,4,0],"to":[10,5,12],"faces":{"north":{"uv":[6,9,10,10],"texture":"#side","cullface":"north"},"up":{"uv":[6,16,10,4],"texture":"#side"},"down":{"uv":[6,4,10,16],"texture":"#side"}}}]}