{"__comment":"Designed by GeForceLegend","ambientocclusion":false,"elements":[{"faces":{"east":{"texture":"#texture","uv":[7,1,8,15]},"north":{"texture":"#texture","uv":[7,1,8,15]},"south":{"texture":"#texture","uv":[7,1,8,15]},"west":{"texture":"#texture","uv":[7,1,8,15]}},"from":[7.5,1,8],"to":[8.5,15,9]},{"faces":{"east":{"texture":"#texture","uv":[2,1,4,15]},"north":{"texture":"#texture","uv":[4,1,3,15]},"south":{"texture":"#texture","uv":[2,1,3,15]},"west":{"texture":"#texture","uv":[4,1,2,15]}},"from":[7.5,1,12],"to":[8.5,15,14]},{"faces":{"down":{"rotation":270,"texture":"#texture","uv":[2,8,0,9]},"east":{"texture":"#texture","uv":[0,7,2,9]},"up":{"rotation":90,"texture":"#texture","uv":[2,7,0,8]},"west":{"texture":"#texture","uv":[2,7,0,9]}},"from":[7.5,7,14],"to":[8.5,9,16]},{"faces":{"down":{"texture":"#texture","uv":[14,16,12,9]},"east":{"rotation":270,"texture":"#texture","uv":[12,16,13,9]},"south":{"cullface":"south","texture":"#texture","uv":[14,15,12,16]},"up":{"texture":"#texture","uv":[14,9,12,16]},"west":{"rotation":90,"texture":"#texture","uv":[13,16,14,9]}},"from":[7,15,9],"to":[9,16,16]},{"faces":{"down":{"rotation":270,"texture":"#texture","uv":[7,3,4,4]},"east":{"texture":"#texture","uv":[4,2,7,4]},"up":{"rotation":90,"texture":"#texture","uv":[7,2,4,3]},"west":{"texture":"#texture","uv":[7,2,4,4]}},"from":[7.5,12,9],"to":[8.5,14,12]},{"faces":{"down":{"texture":"#texture","uv":[14,0,12,7]},"east":{"rotation":270,"texture":"#texture","uv":[12,0,13,7]},"south":{"cullface":"south","texture":"#texture","uv":[14,0,12,1]},"up":{"texture":"#texture","uv":[14,7,12,0]},"west":{"rotation":90,"texture":"#texture","uv":[13,0,14,7]}},"from":[7,0,9],"to":[9,1,16]},{"faces":{"east":{"cullface":"south","texture":"#texture","uv":[3,1,2,15]},"north":{"cullface":"south","texture":"#texture","uv":[2,1,4,15]},"south":{"cullface":"south","texture":"#texture","uv":[4,1,2,15]},"west":{"cullface":"south","texture":"#texture","uv":[3,1,4,15]}},"from":[7,1,15],"to":[9,15,16]}],"textures":{"particle":"block/iron_bars","texture":"block/iron_bars"}}