{"__comment":"Designed by GeForceLegend","ambientocclusion":false,"elements":[{"faces":{"east":{"texture":"#texture","uv":[12,1,14,15]},"north":{"texture":"#texture","uv":[13,1,14,15]},"south":{"texture":"#texture","uv":[12,1,13,15]},"west":{"texture":"#texture","uv":[14,1,12,15]}},"from":[7.5,1,2],"to":[8.5,15,4]},{"faces":{"east":{"texture":"#texture","uv":[8,1,9,15]},"north":{"texture":"#texture","uv":[8,1,9,15]},"south":{"texture":"#texture","uv":[8,1,9,15]},"west":{"texture":"#texture","uv":[8,1,9,15]}},"from":[7.5,1,7],"to":[8.5,15,8]},{"faces":{"down":{"rotation":270,"texture":"#texture","uv":[12,13,9,14]},"east":{"texture":"#texture","uv":[9,12,12,14]},"up":{"rotation":90,"texture":"#texture","uv":[12,12,9,13]},"west":{"texture":"#texture","uv":[12,12,9,14]}},"from":[7.5,2,4],"to":[8.5,4,7]},{"faces":{"down":{"texture":"#texture","uv":[16,8,14,9]},"east":{"texture":"#texture","uv":[14,7,16,9]},"up":{"rotation":90,"texture":"#texture","uv":[16,7,14,8]},"west":{"texture":"#texture","uv":[16,7,14,9]}},"from":[7.5,7,0],"to":[8.5,9,2]},{"faces":{"down":{"texture":"#texture","uv":[14,7,12,0]},"east":{"rotation":270,"texture":"#texture","uv":[12,7,13,0]},"north":{"cullface":"north","texture":"#texture","uv":[12,0,14,1]},"up":{"texture":"#texture","uv":[14,0,12,7]},"west":{"rotation":90,"texture":"#texture","uv":[13,7,14,0]}},"from":[7,15,0],"to":[9,16,7]},{"faces":{"down":{"texture":"#texture","uv":[14,9,12,16]},"east":{"rotation":270,"texture":"#texture","uv":[12,9,13,16]},"north":{"cullface":"north","texture":"#texture","uv":[12,15,14,16]},"up":{"texture":"#texture","uv":[14,16,12,9]},"west":{"rotation":90,"texture":"#texture","uv":[13,9,14,16]}},"from":[7,0,0],"to":[9,1,7]},{"faces":{"east":{"cullface":"north","texture":"#texture","uv":[12,1,13,15]},"north":{"cullface":"north","texture":"#texture","uv":[12,1,14,15]},"south":{"cullface":"north","texture":"#texture","uv":[14,1,12,15]},"west":{"cullface":"north","texture":"#texture","uv":[13,1,14,15]}},"from":[7,1,0],"to":[9,15,1]}],"textures":{"particle":"block/iron_bars","texture":"block/iron_bars"}}