{"__comment":"Designed by GeForceLegend","ambientocclusion":false,"elements":[{"faces":{"down":{"cullface":"down","texture":"#texture","uv":[14,7,12,9]},"east":{"rotation":270,"texture":"#texture","uv":[12,7,13,9]},"north":{"texture":"#texture","uv":[12,8,14,9]},"south":{"texture":"#texture","uv":[14,7,12,8]},"up":{"texture":"#texture","uv":[14,9,12,7]},"west":{"rotation":90,"texture":"#texture","uv":[13,7,14,9]}},"from":[7,0,7],"to":[9,1,9]},{"faces":{"down":{"texture":"#texture","uv":[14,7,12,9]},"east":{"rotation":270,"texture":"#texture","uv":[12,7,13,9]},"north":{"texture":"#texture","uv":[12,8,14,9]},"south":{"texture":"#texture","uv":[14,7,12,8]},"up":{"cullface":"up","texture":"#texture","uv":[14,9,12,7]},"west":{"rotation":90,"texture":"#texture","uv":[13,7,14,9]}},"from":[7,15,7],"to":[9,16,9]}],"textures":{"particle":"block/iron_bars","texture":"block/iron_bars"}}