{"__comment":"Designed by GeForceLegend","elements":[{"faces":{"north":{"cullface":"north","texture":"#front","uv":[0,0,16,16]}},"from":[0,0,1],"light_emission":15,"to":[16,16,16]},{"faces":{"down":{"cullface":"down","texture":"#top","uv":[0,0,16,16]},"east":{"cullface":"east","texture":"#side","uv":[0,0,16,16]},"south":{"cullface":"south","texture":"#side","uv":[0,0,16,16]},"up":{"cullface":"up","texture":"#top","uv":[0,0,16,16]},"west":{"cullface":"west","texture":"#side","uv":[0,0,16,16]}},"from":[0,0,0],"to":[16,16,16]},{"faces":{"north":{"cullface":"north","texture":"#front","uv":[2,14,15,16]},"up":{"cullface":"north","texture":"#front","uv":[15,14,2,15]}},"from":[1,0,0],"to":[14,2,16]},{"faces":{"east":{"cullface":"north","texture":"#front","uv":[7,13,8,14]},"north":{"cullface":"north","texture":"#front","uv":[7,13,11,14]},"up":{"cullface":"north","texture":"#front","uv":[11,13,7,14]},"west":{"cullface":"north","texture":"#front","uv":[10,13,11,14]}},"from":[5,2,0],"to":[9,3,1]},{"faces":{"north":{"cullface":"north","texture":"#front","uv":[0,0,2,16]},"west":{"cullface":"north","texture":"#front","uv":[1,0,2,16]}},"from":[14,0,0],"to":[16,16,16]},{"faces":{"north":{"cullface":"north","texture":"#front","uv":[2,12,3,14]},"up":{"cullface":"north","texture":"#front","uv":[2,12,3,13]},"west":{"cullface":"north","texture":"#front","uv":[2,12,3,14]}},"from":[13,2,0],"to":[14,4,1]},{"faces":{"east":{"cullface":"north","texture":"#front","uv":[5,12,6,14]},"north":{"cullface":"north","texture":"#front","uv":[5,12,6,14]},"up":{"cullface":"north","texture":"#front","uv":[5,12,6,13]},"west":{"cullface":"north","texture":"#front","uv":[5,12,6,14]}},"from":[10,2,0],"to":[11,4,1]},{"faces":{"east":{"cullface":"north","texture":"#front","uv":[4,13,5,14]},"north":{"cullface":"north","texture":"#front","uv":[4,13,5,14]},"up":{"cullface":"north","texture":"#front","uv":[4,13,5,14]}},"from":[11,2,0],"to":[12,3,1]},{"faces":{"east":{"cullface":"north","texture":"#front","uv":[8,12,9,13]},"north":{"cullface":"north","texture":"#front","uv":[8,12,9,13]},"up":{"cullface":"north","texture":"#front","uv":[8,12,9,13]},"west":{"cullface":"north","texture":"#front","uv":[8,12,9,13]}},"from":[7,3,0],"to":[8,4,1]},{"faces":{"east":{"cullface":"north","texture":"#front","uv":[15,0,16,16]},"north":{"cullface":"north","texture":"#front","uv":[15,0,16,16]}},"from":[0,0,0],"to":[1,16,16]},{"faces":{"north":{"cullface":"north","texture":"#front","uv":[13,13,15,14]},"up":{"cullface":"north","texture":"#front","uv":[15,13,13,14]}},"from":[1,2,0],"to":[3,3,1]},{"faces":{"east":{"cullface":"north","texture":"#front","uv":[12,12,13,14]},"north":{"cullface":"north","texture":"#front","uv":[12,12,13,14]},"up":{"cullface":"north","texture":"#front","uv":[12,12,13,13]},"west":{"cullface":"north","texture":"#front","uv":[12,12,13,14]}},"from":[3,2,0],"to":[4,4,1]},{"faces":{"down":{"cullface":"north","texture":"#front","uv":[14,10,15,11]},"east":{"cullface":"north","texture":"#front","uv":[14,2,15,11]},"north":{"cullface":"north","texture":"#front","uv":[14,2,15,11]}},"from":[1,5,0],"to":[2,14,1]},{"faces":{"down":{"cullface":"north","texture":"#front","uv":[14,8,3,9]},"north":{"cullface":"north","texture":"#front","uv":[3,8,14,9]},"up":{"cullface":"north","texture":"#front","uv":[14,8,3,9]}},"from":[2,7,0],"to":[13,8,1]},{"faces":{"down":{"cullface":"north","texture":"#front","uv":[2,9,3,10]},"north":{"cullface":"north","texture":"#front","uv":[2,2,3,10]},"west":{"cullface":"north","texture":"#front","uv":[2,2,3,10]}},"from":[13,6,0],"to":[14,14,1]},{"faces":{"down":{"cullface":"north","texture":"#front","uv":[4,9,5,10]},"east":{"cullface":"north","texture":"#front","uv":[4,9,5,10]},"north":{"cullface":"north","texture":"#front","uv":[4,9,5,10]},"west":{"cullface":"north","texture":"#front","uv":[4,9,5,10]}},"from":[11,6,0],"to":[12,7,1]},{"faces":{"north":{"cullface":"north","texture":"#front","uv":[3,7,4,8]},"up":{"cullface":"north","texture":"#front","uv":[3,7,4,8]},"west":{"cullface":"north","texture":"#front","uv":[3,7,4,8]}},"from":[12,8,0],"to":[13,9,1]},{"faces":{"down":{"cullface":"north","texture":"#front","uv":[8,9,6,10]},"east":{"cullface":"north","texture":"#front","uv":[6,9,7,10]},"north":{"cullface":"north","texture":"#front","uv":[6,9,8,10]},"west":{"cullface":"north","texture":"#front","uv":[7,9,8,10]}},"from":[8,6,0],"to":[10,7,1]},{"faces":{"down":{"cullface":"north","texture":"#front","uv":[11,9,9,10]},"east":{"cullface":"north","texture":"#front","uv":[9,9,10,10]},"north":{"cullface":"north","texture":"#front","uv":[9,9,11,10]},"west":{"cullface":"north","texture":"#front","uv":[10,9,11,10]}},"from":[5,6,0],"to":[7,7,1]},{"faces":{"down":{"cullface":"north","texture":"#front","uv":[12,9,13,10]},"east":{"cullface":"north","texture":"#front","uv":[12,9,13,10]},"north":{"cullface":"north","texture":"#front","uv":[12,9,13,10]},"west":{"cullface":"north","texture":"#front","uv":[12,9,13,10]}},"from":[3,6,0],"to":[4,7,1]},{"faces":{"down":{"cullface":"north","texture":"#front","uv":[3,3,4,4]},"north":{"cullface":"north","texture":"#front","uv":[3,2,4,4]},"west":{"cullface":"north","texture":"#front","uv":[3,2,4,4]}},"from":[12,12,0],"to":[13,14,1]},{"faces":{"down":{"cullface":"north","texture":"#front","uv":[15,1,2,2]},"north":{"cullface":"north","texture":"#front","uv":[2,0,15,2]},"up":{"cullface":"up","texture":"#top","uv":[1,0,14,16]}},"from":[1,14,0],"to":[14,16,16]},{"faces":{"east":{"cullface":"north","texture":"#front","uv":[6,7,7,8]},"north":{"cullface":"north","texture":"#front","uv":[6,7,10,8]},"up":{"cullface":"north","texture":"#front","uv":[10,7,6,8]},"west":{"cullface":"north","texture":"#front","uv":[9,7,10,8]}},"from":[6,8,0],"to":[10,9,1]},{"faces":{"down":{"cullface":"north","texture":"#front","uv":[10,2,6,3]},"east":{"cullface":"north","texture":"#front","uv":[6,2,7,3]},"north":{"cullface":"north","texture":"#front","uv":[6,2,10,3]},"west":{"cullface":"north","texture":"#front","uv":[9,2,10,3]}},"from":[6,13,0],"to":[10,14,1]},{"faces":{"east":{"cullface":"north","texture":"#front","uv":[7,3,8,7]},"north":{"cullface":"north","texture":"#front","uv":[7,3,9,7]},"west":{"cullface":"north","texture":"#front","uv":[8,3,9,7]}},"from":[7,9,0],"to":[9,13,1]},{"faces":{"down":{"cullface":"north","texture":"#front","uv":[13,5,14,6]},"east":{"cullface":"north","texture":"#front","uv":[13,2,14,6]},"north":{"cullface":"north","texture":"#front","uv":[13,2,14,6]}},"from":[2,10,0],"to":[3,14,1]},{"faces":{"down":{"cullface":"north","texture":"#front","uv":[12,3,13,4]},"east":{"cullface":"north","texture":"#front","uv":[12,2,13,4]},"north":{"cullface":"north","texture":"#front","uv":[12,2,13,4]}},"from":[3,12,0],"to":[4,14,1]},{"faces":{"down":{"cullface":"north","texture":"#front","uv":[11,2,12,3]},"east":{"cullface":"north","texture":"#front","uv":[11,2,12,3]},"north":{"cullface":"north","texture":"#front","uv":[11,2,12,3]}},"from":[4,13,0],"to":[5,14,1]},{"faces":{"east":{"cullface":"up","rotation":90,"texture":"#top","uv":[8,6,9,10]},"north":{"cullface":"up","texture":"#top","uv":[8,5,6,6]},"south":{"cullface":"up","texture":"#top","uv":[7,9,9,10]},"up":{"cullface":"up","texture":"#top","uv":[7,6,9,10]},"west":{"cullface":"up","texture":"#top","uv":[5,6,9,7]}},"from":[7.025,16,6.025],"to":[8.975,16.9,9.975]},{"faces":{"east":{"cullface":"up","texture":"#top","uv":[5,5,8,6]},"north":{"cullface":"up","texture":"#top","uv":[8,5,5,6]},"south":{"cullface":"up","texture":"#top","uv":[8,5,5,6]},"up":{"cullface":"up","texture":"#top","uv":[5,5,8,8]},"west":{"cullface":"up","texture":"#top","uv":[5,5,8,6]}},"from":[5.025,16,5.025],"to":[7.975,16.9,7.975]},{"faces":{"east":{"cullface":"up","texture":"#top","uv":[9,8,10,9]},"north":{"cullface":"up","texture":"#top","uv":[6,8,10,9]},"south":{"cullface":"up","texture":"#top","uv":[6,8,10,9]},"up":{"cullface":"up","texture":"#top","uv":[6,8,10,9]},"west":{"cullface":"up","texture":"#top","uv":[6,8,7,9]}},"from":[6.025,16,7.975],"to":[9.975,16.9,8.975]}],"parent":"block/carved_pumpkin","textures":{"front":"block/jack_o_lantern"}}