{"__comment":"Designed by GeForceLegend","ambientocclusion":false,"elements":[{"faces":{"down":{"texture":"#ladder","uv":[15,3,1,2]},"east":{"texture":"#ladder","uv":[1,1,2,3]},"north":{"texture":"#ladder","uv":[1,1,15,3]},"south":{"texture":"#ladder","uv":[15,1,1,3]},"up":{"texture":"#ladder","uv":[15,1,1,2]},"west":{"texture":"#ladder","uv":[14,1,15,3]}},"from":[1,13,13],"to":[15,15,14.1]},{"faces":{"down":{"texture":"#ladder","uv":[15,6,1,7]},"east":{"texture":"#ladder","uv":[1,5,2,7]},"north":{"texture":"#ladder","uv":[1,5,15,7]},"south":{"texture":"#ladder","uv":[15,5,1,7]},"up":{"texture":"#ladder","uv":[15,6,1,5]},"west":{"texture":"#ladder","uv":[15,5,14,7]}},"from":[1,9,13],"to":[15,11,14.1]},{"faces":{"down":{"texture":"#ladder","uv":[15,10,1,11]},"east":{"texture":"#ladder","uv":[1,9,2,11]},"north":{"texture":"#ladder","uv":[1,9,15,11]},"south":{"texture":"#ladder","uv":[15,9,1,11]},"up":{"texture":"#ladder","uv":[15,10,1,9]},"west":{"texture":"#ladder","uv":[15,9,14,11]}},"from":[1,5,13],"to":[15,7,14.1]},{"faces":{"down":{"texture":"#ladder","uv":[15,14,1,15]},"east":{"texture":"#ladder","uv":[1,13,2,15]},"north":{"texture":"#ladder","uv":[1,13,15,15]},"south":{"texture":"#ladder","uv":[15,13,1,15]},"up":{"texture":"#ladder","uv":[15,14,1,13]},"west":{"texture":"#ladder","uv":[15,13,14,15]}},"from":[1,1,13],"to":[15,3,14.1]},{"faces":{"down":{"cullface":"down","texture":"#ladder","uv":[2,14,4,16]},"east":{"texture":"#ladder","uv":[2,0,4,16]},"north":{"texture":"#ladder","uv":[2,0,4,16]},"south":{"cullface":"south","texture":"#ladder","uv":[2,0,4,16]},"up":{"cullface":"up","texture":"#ladder","uv":[2,0,4,2]},"west":{"texture":"#ladder","uv":[2,0,4,16]}},"from":[12,0,14],"to":[14,16,16]},{"faces":{"down":{"cullface":"down","texture":"#ladder","uv":[12,14,14,16]},"east":{"texture":"#ladder","uv":[12,0,14,16]},"north":{"texture":"#ladder","uv":[12,0,14,16]},"south":{"cullface":"south","texture":"#ladder","uv":[12,0,14,16]},"up":{"cullface":"up","texture":"#ladder","uv":[12,0,14,2]},"west":{"texture":"#ladder","uv":[12,0,14,16]}},"from":[2,0,14],"to":[4,16,16]}],"textures":{"ladder":"block/ladder","particle":"block/ladder"}}