{"__comment":"Designed by GeForceLegend","ambientocclusion":false,"textures":{"ladder":"block/ladder","particle":"block/ladder"},"elements":[{"from":[1,13,13],"to":[15,15,14.1],"faces":{"north":{"uv":[1,1,15,3],"texture":"#ladder"},"east":{"uv":[1,1,2,3],"texture":"#ladder"},"south":{"uv":[15,1,1,3],"texture":"#ladder"},"west":{"uv":[14,1,15,3],"texture":"#ladder"},"up":{"uv":[15,1,1,2],"texture":"#ladder"},"down":{"uv":[15,3,1,2],"texture":"#ladder"}}},{"from":[1,9,13],"to":[15,11,14.1],"faces":{"north":{"uv":[1,5,15,7],"texture":"#ladder"},"east":{"uv":[1,5,2,7],"texture":"#ladder"},"south":{"uv":[15,5,1,7],"texture":"#ladder"},"west":{"uv":[15,5,14,7],"texture":"#ladder"},"up":{"uv":[15,6,1,5],"texture":"#ladder"},"down":{"uv":[15,6,1,7],"texture":"#ladder"}}},{"from":[1,5,13],"to":[15,7,14.1],"faces":{"north":{"uv":[1,9,15,11],"texture":"#ladder"},"east":{"uv":[1,9,2,11],"texture":"#ladder"},"south":{"uv":[15,9,1,11],"texture":"#ladder"},"west":{"uv":[15,9,14,11],"texture":"#ladder"},"up":{"uv":[15,10,1,9],"texture":"#ladder"},"down":{"uv":[15,10,1,11],"texture":"#ladder"}}},{"from":[1,1,13],"to":[15,3,14.1],"faces":{"north":{"uv":[1,13,15,15],"texture":"#ladder"},"east":{"uv":[1,13,2,15],"texture":"#ladder"},"south":{"uv":[15,13,1,15],"texture":"#ladder"},"west":{"uv":[15,13,14,15],"texture":"#ladder"},"up":{"uv":[15,14,1,13],"texture":"#ladder"},"down":{"uv":[15,14,1,15],"texture":"#ladder"}}},{"from":[12,0,14],"to":[14,16,16],"faces":{"north":{"uv":[2,0,4,16],"texture":"#ladder"},"east":{"uv":[2,0,4,16],"texture":"#ladder"},"south":{"uv":[2,0,4,16],"texture":"#ladder","cullface":"south"},"west":{"uv":[2,0,4,16],"texture":"#ladder"},"up":{"uv":[2,0,4,2],"texture":"#ladder","cullface":"up"},"down":{"uv":[2,14,4,16],"texture":"#ladder","cullface":"down"}}},{"from":[2,0,14],"to":[4,16,16],"faces":{"north":{"uv":[12,0,14,16],"texture":"#ladder"},"east":{"uv":[12,0,14,16],"texture":"#ladder"},"south":{"uv":[12,0,14,16],"texture":"#ladder","cullface":"south"},"west":{"uv":[12,0,14,16],"texture":"#ladder"},"up":{"uv":[12,0,14,2],"texture":"#ladder","cullface":"up"},"down":{"uv":[12,14,14,16],"texture":"#ladder","cullface":"down"}}}]}