{"__comment":"Designed by GeForceLegend","ambientocclusion":false,"elements":[{"faces":{"down":{"texture":"#texture","tintindex":0,"uv":[2,11,3,4]},"north":{"texture":"#texture","tintindex":0,"uv":[2,4,3,5]},"south":{"texture":"#texture","tintindex":0,"uv":[2,10,3,11]},"up":{"texture":"#texture","tintindex":0,"uv":[2,4,3,11]},"west":{"texture":"#texture","tintindex":0,"uv":[2,4,3,11]}},"from":[2,0.5,4],"to":[3,1.5,11]},{"faces":{"down":{"texture":"#texture","tintindex":0,"uv":[3,13,4,2]},"north":{"texture":"#texture","tintindex":0,"uv":[3,2,4,3]},"south":{"texture":"#texture","tintindex":0,"uv":[3,12,4,13]},"up":{"texture":"#texture","tintindex":0,"uv":[3,2,4,13]},"west":{"rotation":270,"texture":"#texture","tintindex":0,"uv":[3,2,4,13]}},"from":[3,0.5,2],"to":[4,1.5,13]},{"faces":{"down":{"texture":"#texture","tintindex":0,"uv":[4,14,7,1]},"east":{"rotation":90,"texture":"#texture","tintindex":0,"uv":[6,1,7,14]},"north":{"texture":"#texture","tintindex":0,"uv":[7,1,4,2]},"south":{"texture":"#texture","tintindex":0,"uv":[4,13,7,14]},"up":{"texture":"#texture","tintindex":0,"uv":[4,1,7,14]},"west":{"rotation":270,"texture":"#texture","tintindex":0,"uv":[4,1,5,14]}},"from":[4,0.5,1],"to":[7,1.5,14]},{"faces":{"down":{"texture":"#texture","tintindex":0,"uv":[6,14,11,15]},"east":{"texture":"#texture","tintindex":0,"uv":[10,14,11,15]},"south":{"texture":"#texture","tintindex":0,"uv":[6,14,11,15]},"up":{"texture":"#texture","tintindex":0,"uv":[6,14,11,15]},"west":{"texture":"#texture","tintindex":0,"uv":[6,14,7,15]}},"from":[6,0.5,14],"to":[11,1.5,15]},{"faces":{"down":{"texture":"#texture","tintindex":0,"uv":[7,5,8,3]},"east":{"rotation":90,"texture":"#texture","tintindex":0,"uv":[7,3,8,5]},"north":{"texture":"#texture","tintindex":0,"uv":[7,3,8,4]},"up":{"texture":"#texture","tintindex":0,"uv":[7,3,8,5]}},"from":[7,0.5,3],"to":[8,1.5,5]},{"faces":{"down":{"texture":"#texture","tintindex":0,"uv":[7,14,10,5]},"north":{"texture":"#texture","tintindex":0,"uv":[10,5,7,6]},"up":{"texture":"#texture","tintindex":0,"uv":[7,5,10,14]}},"from":[7,0.5,5],"to":[10,1.5,14]},{"faces":{"down":{"texture":"#texture","tintindex":0,"uv":[9,5,10,3]},"north":{"texture":"#texture","tintindex":0,"uv":[9,3,10,4]},"up":{"texture":"#texture","tintindex":0,"uv":[9,3,10,5]},"west":{"rotation":270,"texture":"#texture","tintindex":0,"uv":[9,3,10,5]}},"from":[9,0.5,3],"to":[10,1.5,5]},{"faces":{"down":{"texture":"#texture","tintindex":0,"uv":[10,14,13,1]},"east":{"rotation":90,"texture":"#texture","tintindex":0,"uv":[12,1,13,14]},"north":{"texture":"#texture","tintindex":0,"uv":[13,1,10,2]},"south":{"texture":"#texture","tintindex":0,"uv":[10,13,13,14]},"up":{"texture":"#texture","tintindex":0,"uv":[10,1,13,14]},"west":{"rotation":270,"texture":"#texture","tintindex":0,"uv":[10,1,11,14]}},"from":[10,0.5,1],"to":[13,1.5,14]},{"faces":{"down":{"texture":"#texture","tintindex":0,"uv":[13,13,14,2]},"east":{"rotation":90,"texture":"#texture","tintindex":0,"uv":[13,2,14,13]},"north":{"texture":"#texture","tintindex":0,"uv":[13,2,14,3]},"south":{"texture":"#texture","tintindex":0,"uv":[13,12,14,13]},"up":{"texture":"#texture","tintindex":0,"uv":[13,2,14,13]}},"from":[13,0.5,2],"to":[14,1.5,13]},{"faces":{"down":{"texture":"#texture","tintindex":0,"uv":[14,11,15,4]},"east":{"rotation":90,"texture":"#texture","tintindex":0,"uv":[14,4,15,11]},"north":{"texture":"#texture","tintindex":0,"uv":[14,4,15,5]},"south":{"texture":"#texture","tintindex":0,"uv":[14,10,15,11]},"up":{"texture":"#texture","tintindex":0,"uv":[14,4,15,11]}},"from":[14,0.5,4],"to":[15,1.5,11]}],"textures":{"particle":"block/lily_pad","texture":"block/lily_pad"}}