{"__comment":"Designed by GeForceLegend","ambientocclusion":false,"display":{"firstperson_lefthand":{"rotation":[0,225,0],"scale":[0.4,0.4,0.4]},"firstperson_righthand":{"rotation":[0,45,0],"scale":[0.4,0.4,0.4]},"fixed":{"scale":[0.5,0.5,0.5]},"ground":{"scale":[0.25,0.25,0.25],"translation":[0,3,0]},"gui":{"rotation":[30,225,0],"scale":[0.625,0.625,0.625]},"thirdperson_righthand":{"rotation":[75,45,0],"scale":[0.375,0.375,0.375],"translation":[0,2.5,0]}},"elements":[{"faces":{"north":{"cullface":"north","texture":"#front","uv":[0,0,16,16]},"south":{"cullface":"south","texture":"#bottom","uv":[0,0,16,16]}},"from":[0,0,1],"to":[16,16,16]},{"faces":{"down":{"cullface":"north","texture":"#front","uv":[0,8,16,9]},"east":{"cullface":"east","texture":"#side","uv":[0,0,16,9]},"north":{"cullface":"north","texture":"#front","uv":[0,0,16,9]},"up":{"cullface":"up","texture":"#top","uv":[0,16,16,0]},"west":{"cullface":"west","texture":"#side","uv":[0,0,16,9]}},"from":[0,7,0],"to":[16,16,16]},{"faces":{"east":{"cullface":"north","texture":"#front","uv":[13,9,14,11]},"north":{"cullface":"north","texture":"#front","uv":[13,9,16,11]},"west":{"cullface":"west","texture":"#side","uv":[0,9,16,11]}},"from":[0,5,0],"to":[3,7,16]},{"faces":{"east":{"cullface":"east","texture":"#side","uv":[0,9,16,11]},"north":{"cullface":"north","texture":"#front","uv":[0,9,3,11]},"west":{"cullface":"north","texture":"#front","uv":[2,9,3,11]}},"from":[13,5,0],"to":[16,7,16]},{"faces":{"east":{"cullface":"north","texture":"#front","uv":[5,9,6,11]},"north":{"cullface":"north","texture":"#front","uv":[5,9,11,11]},"west":{"cullface":"north","texture":"#front","uv":[10,9,11,11]}},"from":[5,5,0],"to":[11,7,1]},{"faces":{"down":{"cullface":"down","texture":"#top","uv":[0,0,16,16]},"east":{"cullface":"east","texture":"#side","uv":[0,11,16,16]},"north":{"cullface":"north","texture":"#front","uv":[0,11,16,16]},"up":{"cullface":"north","texture":"#front","uv":[0,11,16,12]},"west":{"cullface":"west","texture":"#side","uv":[0,11,16,16]}},"from":[0,0,0],"to":[16,5,16]}],"textures":{"bottom":"block/observer_back","front":"block/observer_front","particle":"block/observer_front","side":"block/observer_side","top":"block/observer_top"}}