{"credit":"Made by Minecraft_hyr","elements":[{"faces":{"down":{"texture":"#0","uv":[4,4,12,12]},"east":{"texture":"#1","uv":[4,15,12,16]},"north":{"texture":"#1","uv":[4,15,12,16]},"south":{"texture":"#1","uv":[4,15,12,16]},"up":{"texture":"#0","uv":[4,4,12,12]},"west":{"texture":"#1","uv":[4,15,12,16]}},"from":[4,0,4],"to":[12,1,12]},{"faces":{"east":{"texture":"#1","uv":[5,14,12,15]},"north":{"texture":"#1","uv":[5,14,12,15]},"south":{"texture":"#1","uv":[5,14,12,15]},"up":{"texture":"#0","uv":[5,5,12,12]},"west":{"texture":"#1","uv":[5,14,12,15]}},"from":[5,1,5],"to":[12,2,12]},{"faces":{"east":{"texture":"#1","uv":[5,11,11,14]},"north":{"texture":"#1","uv":[5,11,11,14]},"south":{"texture":"#1","uv":[5,11,11,14]},"up":{"texture":"#0","uv":[5,5,11,11]},"west":{"texture":"#1","uv":[5,11,11,14]}},"from":[5,2,5],"to":[11,5,11]},{"faces":{"east":{"texture":"#1","uv":[6,8,10,11]},"north":{"texture":"#1","uv":[6,8,10,11]},"south":{"texture":"#1","uv":[6,8,10,11]},"up":{"texture":"#0","uv":[6,6,10,10]},"west":{"texture":"#1","uv":[6,8,10,11]}},"from":[6,5,6],"to":[10,8,10]},{"faces":{"east":{"texture":"#1","uv":[6,6,9,8]},"north":{"texture":"#1","uv":[6,6,9,8]},"south":{"texture":"#1","uv":[6,6,9,8]},"up":{"texture":"#0","uv":[6,6,9,9]},"west":{"texture":"#1","uv":[6,6,9,8]}},"from":[6,8,6],"to":[9,10,9]},{"faces":{"east":{"texture":"#1","uv":[7,5,9,6]},"north":{"texture":"#1","uv":[7,5,9,6]},"south":{"texture":"#1","uv":[7,5,9,6]},"up":{"texture":"#0","uv":[7,7,9,9]},"west":{"texture":"#1","uv":[7,5,9,6]}},"from":[7,10,7],"to":[9,11,9]}],"groups":[{"children":[0,1,2,3,4,5],"color":0,"name":"group","origin":[0,0,0]}],"textures":{"0":"block/dripstone_block","1":"block/pointed_dripstone_up_tip","particle":"block/dripstone_block"}}