{"credit":"Made by Minecraft_hyr","elements":[{"faces":{"down":{"texture":"#0","uv":[6,6,9,9]},"east":{"texture":"#1","uv":[6,13,9,16]},"north":{"texture":"#1","uv":[6,13,9,16]},"south":{"texture":"#1","uv":[6,13,9,16]},"west":{"texture":"#1","uv":[6,13,9,16]}},"from":[6,0,7],"to":[9,3,10]},{"faces":{"down":{"texture":"#0","uv":[4,4,12,12]},"east":{"texture":"#1","uv":[4,0,12,2]},"north":{"texture":"#1","uv":[4,0,12,2]},"south":{"texture":"#1","uv":[4,0,12,2]},"up":{"texture":"#0","uv":[4,4,12,12]},"west":{"texture":"#1","uv":[4,0,12,2]}},"from":[4,14,4],"to":[12,16,12]},{"faces":{"down":{"texture":"#0","uv":[4,4,11,11]},"east":{"texture":"#1","uv":[4,2,11,5]},"north":{"texture":"#1","uv":[4,2,11,5]},"south":{"texture":"#1","uv":[4,2,11,5]},"west":{"texture":"#1","uv":[4,2,11,5]}},"from":[4,11,5],"to":[11,14,12]},{"faces":{"down":{"texture":"#0","uv":[4,4,10,10]},"east":{"texture":"#1","uv":[4,5,10,6]},"north":{"texture":"#1","uv":[4,5,10,6]},"south":{"texture":"#1","uv":[4,5,10,6]},"west":{"texture":"#1","uv":[4,5,10,6]}},"from":[4,10,6],"to":[10,11,12]},{"faces":{"down":{"texture":"#0","uv":[5,5,10,10]},"east":{"texture":"#1","uv":[5,6,10,12]},"north":{"texture":"#1","uv":[5,6,10,12]},"south":{"texture":"#1","uv":[5,6,10,12]},"west":{"texture":"#1","uv":[5,6,10,12]}},"from":[5,4,6],"to":[10,10,11]},{"faces":{"down":{"texture":"#0","uv":[5,5,9,9]},"east":{"texture":"#1","uv":[5,12,9,13]},"north":{"texture":"#1","uv":[5,12,9,13]},"south":{"texture":"#1","uv":[5,12,9,13]},"west":{"texture":"#1","uv":[5,12,9,13]}},"from":[5,3,7],"to":[9,4,11]}],"textures":{"0":"block/dripstone_block","1":"block/pointed_dripstone_down_tip_merge","particle":"block/dripstone_block"}}