{"__comment":"Designed by GeForceLegend","ambientocclusion":false,"elements":[{"faces":{"down":{"cullface":"down","texture":"#flowerpot","uv":[5,10,11,16]},"up":{"texture":"#dirt","uv":[5,5,11,11]}},"from":[5,0,5],"to":[11,4,11]},{"faces":{"east":{"texture":"#flowerpot","uv":[5,10,11,16]},"north":{"texture":"#flowerpot","uv":[10,10,11,16]},"south":{"texture":"#flowerpot","uv":[5,10,6,16]},"up":{"texture":"#flowerpot","uv":[5,5,6,11]},"west":{"texture":"#flowerpot","uv":[5,10,11,16]}},"from":[5,0,5],"to":[6,6,11]},{"faces":{"east":{"texture":"#flowerpot","uv":[5,10,11,16]},"north":{"texture":"#flowerpot","uv":[5,10,6,16]},"south":{"texture":"#flowerpot","uv":[10,10,11,16]},"up":{"texture":"#flowerpot","uv":[10,5,11,11]},"west":{"texture":"#flowerpot","uv":[5,10,11,16]}},"from":[10,0,5],"to":[11,6,11]},{"faces":{"north":{"texture":"#flowerpot","uv":[6,10,10,16]},"south":{"texture":"#flowerpot","uv":[6,10,10,16]},"up":{"texture":"#flowerpot","uv":[6,10,10,11]}},"from":[6,0,10],"to":[10,6,11]},{"faces":{"north":{"texture":"#flowerpot","uv":[6,10,10,16]},"south":{"texture":"#flowerpot","uv":[6,10,10,16]},"up":{"texture":"#flowerpot","uv":[6,5,10,6]}},"from":[6,0,5],"to":[10,6,6]},{"faces":{"east":{"texture":"#azalea_plant","uv":[0,4,16,16]},"west":{"texture":"#azalea_plant","uv":[0,4,16,16]}},"from":[8,4,2.6],"rotation":{"angle":45,"axis":"y","origin":[8,8,8],"rescale":true},"to":[8,16,13.4]},{"faces":{"north":{"texture":"#azalea_plant","uv":[0,4,16,16]},"south":{"texture":"#azalea_plant","uv":[0,4,16,16]}},"from":[2.6,4,8],"rotation":{"angle":45,"axis":"y","origin":[8,8,8],"rescale":true},"to":[13.4,16,8]},{"faces":{"east":{"texture":"#side","uv":[4,5,12,13]},"west":{"texture":"#side","uv":[12,5,4,13]}},"from":[12,8,4],"to":[12,16,12]},{"faces":{"east":{"texture":"#side","uv":[12,5,4,13]},"west":{"texture":"#side","uv":[4,5,12,13]}},"from":[4,8,4],"to":[4,16,12]},{"faces":{"north":{"texture":"#side","uv":[12,5,4,13]},"south":{"texture":"#side","uv":[4,5,12,13]}},"from":[4,8,12],"to":[12,16,12]},{"faces":{"north":{"texture":"#side","uv":[4,5,12,13]},"south":{"texture":"#side","uv":[12,5,4,13]}},"from":[4,8,4],"to":[12,16,4]},{"faces":{"down":{"texture":"#bottom","uv":[4,12,12,4]},"up":{"cullface":"up","texture":"#top","uv":[4,4,12,12]}},"from":[4,10,4],"to":[12,16,12]},{"faces":{"down":{"texture":"#side","uv":[10,9,11,10]},"east":{"texture":"#side","uv":[10,8,11,10]},"north":{"texture":"#side","uv":[10,8,11,10]},"up":{"texture":"#side","uv":[10,8,11,9]},"west":{"texture":"#side","uv":[10,8,11,10]}},"from":[5,11,3.3],"to":[6,13,4]},{"faces":{"down":{"texture":"#side","uv":[8,8,5,9]},"east":{"texture":"#side","uv":[5,6,6,9]},"north":{"texture":"#side","uv":[5,6,8,9]},"up":{"texture":"#side","uv":[8,6,5,7]},"west":{"texture":"#side","uv":[7,6,8,9]}},"from":[8,12,3.3],"to":[11,15,4]},{"faces":{"down":{"rotation":90,"texture":"#side","uv":[10,9,11,10]},"north":{"texture":"#side","uv":[10,8,11,10]},"south":{"texture":"#side","uv":[10,8,11,10]},"up":{"rotation":270,"texture":"#side","uv":[10,8,11,9]},"west":{"texture":"#side","uv":[10,8,11,10]}},"from":[3.3,11,10],"to":[4,13,11]},{"faces":{"down":{"rotation":90,"texture":"#side","uv":[8,8,5,9]},"north":{"texture":"#side","uv":[5,6,6,9]},"south":{"texture":"#side","uv":[7,6,8,9]},"up":{"rotation":270,"texture":"#side","uv":[8,6,5,7]},"west":{"texture":"#side","uv":[5,6,8,9]}},"from":[3.3,12,5],"to":[4,15,8]},{"faces":{"down":{"texture":"#side","uv":[11,9,10,10]},"east":{"texture":"#side","uv":[10,8,11,10]},"south":{"texture":"#side","uv":[10,8,11,10]},"up":{"texture":"#side","uv":[11,8,10,9]},"west":{"texture":"#side","uv":[10,8,11,10]}},"from":[10,11,12],"to":[11,13,12.7]},{"faces":{"down":{"texture":"#side","uv":[5,8,8,9]},"east":{"texture":"#side","uv":[7,6,8,9]},"south":{"texture":"#side","uv":[5,6,8,9]},"up":{"texture":"#side","uv":[5,6,8,7]},"west":{"texture":"#side","uv":[5,6,6,9]}},"from":[5,12,12],"to":[8,15,12.7]},{"faces":{"down":{"rotation":90,"texture":"#side","uv":[11,9,10,10]},"east":{"texture":"#side","uv":[10,8,11,10]},"north":{"texture":"#side","uv":[10,8,11,10]},"south":{"texture":"#side","uv":[10,8,11,10]},"up":{"rotation":270,"texture":"#side","uv":[11,8,10,9]}},"from":[12,11,5],"to":[12.7,13,6]},{"faces":{"down":{"rotation":90,"texture":"#side","uv":[5,8,8,9]},"east":{"texture":"#side","uv":[5,6,8,9]},"north":{"texture":"#side","uv":[7,6,8,9]},"south":{"texture":"#side","uv":[5,6,6,9]},"up":{"rotation":270,"texture":"#side","uv":[5,6,8,7]}},"from":[12,12,8],"to":[12.7,15,11]},{"faces":{"east":{"rotation":90,"texture":"#top","uv":[10,5,11,8]},"north":{"texture":"#top","uv":[11,5,8,6]},"south":{"texture":"#top","uv":[8,7,11,8]},"up":{"texture":"#top","uv":[8,5,11,8]},"west":{"rotation":270,"texture":"#top","uv":[8,5,9,8]}},"from":[8,16,5],"to":[11,16.7,8]},{"faces":{"east":{"rotation":90,"texture":"#top","uv":[6,9,7,11]},"north":{"texture":"#top","uv":[6,9,7,10]},"south":{"texture":"#top","uv":[7,10,6,11]},"up":{"texture":"#top","uv":[6,9,7,11]},"west":{"rotation":270,"texture":"#top","uv":[6,9,7,11]}},"from":[6,16,9],"to":[7,16.7,11]}],"parent":"block/block","textures":{"azalea_plant":"block/potted_azalea_bush_plant","bottom":"block/potted_azalea_bush_top","dirt":"block/dirt","flowerpot":"block/flower_pot","particle":"block/flower_pot","side":"block/potted_flowering_azalea_bush_side","top":"block/potted_flowering_azalea_bush_top"}}