{"__comment":"Designed by GeForceLegend","ambientocclusion":false,"elements":[{"faces":{"down":{"cullface":"down","texture":"#flowerpot","uv":[5,10,11,16]},"up":{"texture":"#dirt","uv":[5,5,11,11]}},"from":[5,0,5],"to":[11,4,11]},{"faces":{"east":{"texture":"#flowerpot","uv":[5,10,11,16]},"north":{"texture":"#flowerpot","uv":[10,10,11,16]},"south":{"texture":"#flowerpot","uv":[5,10,6,16]},"up":{"texture":"#flowerpot","uv":[5,5,6,11]},"west":{"texture":"#flowerpot","uv":[5,10,11,16]}},"from":[5,0,5],"to":[6,6,11]},{"faces":{"east":{"texture":"#flowerpot","uv":[5,10,11,16]},"north":{"texture":"#flowerpot","uv":[5,10,6,16]},"south":{"texture":"#flowerpot","uv":[10,10,11,16]},"up":{"texture":"#flowerpot","uv":[10,5,11,11]},"west":{"texture":"#flowerpot","uv":[5,10,11,16]}},"from":[10,0,5],"to":[11,6,11]},{"faces":{"north":{"texture":"#flowerpot","uv":[6,10,10,16]},"south":{"texture":"#flowerpot","uv":[6,10,10,16]},"up":{"texture":"#flowerpot","uv":[6,10,10,11]}},"from":[6,0,10],"to":[10,6,11]},{"faces":{"north":{"texture":"#flowerpot","uv":[6,10,10,16]},"south":{"texture":"#flowerpot","uv":[6,10,10,16]},"up":{"texture":"#flowerpot","uv":[6,5,10,6]}},"from":[6,0,5],"to":[10,6,6]},{"faces":{"east":{"texture":"#bamboo","uv":[6,0,8,16]},"north":{"texture":"#bamboo","uv":[6,0,8,16]},"south":{"texture":"#bamboo","uv":[6,0,8,16]},"up":{"cullface":"up","texture":"#bamboo","uv":[13,0,15,2]},"west":{"texture":"#bamboo","uv":[6,0,8,16]}},"from":[7,0,7],"to":[9,16,9]},{"faces":{"down":{"texture":"#leaves","uv":[16,4,0,16]},"up":{"texture":"#leaves","uv":[16,16,0,4]}},"from":[4,15,2],"rotation":{"angle":-22.5,"axis":"x","origin":[8,15,8]},"to":[12,15,8]},{"faces":{"down":{"rotation":270,"texture":"#leaves","uv":[16,4,0,16]},"up":{"rotation":90,"texture":"#leaves","uv":[16,16,0,4]}},"from":[8,15,4],"rotation":{"angle":-22.5,"axis":"z","origin":[8,15,8]},"to":[14,15,12]},{"faces":{"down":{"rotation":270,"texture":"#leaves","uv":[0,16,16,4]},"up":{"rotation":90,"texture":"#leaves","uv":[0,4,16,16]}},"from":[2,15,4],"rotation":{"angle":22.5,"axis":"z","origin":[8,15,8]},"to":[8,15,12]},{"faces":{"down":{"texture":"#leaves","uv":[0,16,16,4]},"up":{"texture":"#leaves","uv":[0,4,16,16]}},"from":[4,15,8],"rotation":{"angle":22.5,"axis":"x","origin":[8,15,8]},"to":[12,15,14]}],"textures":{"bamboo":"block/bamboo_stalk","dirt":"block/dirt","flowerpot":"block/flower_pot","leaves":"block/bamboo_small_leaves","particle":"block/flower_pot"}}