{"ambientocclusion":false,"credit":"Made with Blockbench by Minecraft_hyr","elements":[{"faces":{"down":{"cullface":"down","texture":"#flowerpot","uv":[5,5,6,11]},"up":{"texture":"#flowerpot","uv":[5,5,6,11]},"west":{"texture":"#flowerpot","uv":[5,10,11,16]}},"from":[5,0,5],"to":[6,6,11]},{"faces":{"down":{"cullface":"down","texture":"#flowerpot","uv":[10,5,11,11]},"east":{"texture":"#flowerpot","uv":[5,10,11,16]},"up":{"texture":"#flowerpot","uv":[10,5,11,11]}},"from":[10,0,5],"to":[11,6,11]},{"faces":{"down":{"cullface":"down","texture":"#flowerpot","uv":[5,10,11,11]},"north":{"texture":"#flowerpot","uv":[5,10,11,16]},"up":{"texture":"#flowerpot","uv":[5,5,11,6]}},"from":[5,0,5],"to":[11,6,6]},{"faces":{"down":{"cullface":"down","texture":"#flowerpot","uv":[5,5,11,6]},"south":{"texture":"#flowerpot","uv":[5,10,11,16]},"up":{"texture":"#flowerpot","uv":[5,10,11,11]}},"from":[5,0,10],"to":[11,6,11]},{"faces":{"east":{"texture":"#flowerpot","uv":[10,12,6,10]},"north":{"texture":"#flowerpot","uv":[10,12,6,10]},"south":{"texture":"#flowerpot","uv":[10,12,6,10]},"up":{"texture":"#dirt","uv":[10,10,6,6]},"west":{"texture":"#flowerpot","uv":[10,12,6,10]}},"from":[10,6,10],"to":[6,4,6]},{"faces":{"down":{"cullface":"down","texture":"#flowerpot","uv":[6,11,10,15]}},"from":[10,0,10],"to":[6,0,6]},{"faces":{"north":{"texture":"#sapling","uv":[4,1,11,7]},"south":{"texture":"#sapling","uv":[11,1,4,7]}},"from":[4.5,9,8],"name":"leaves","rotation":{"angle":45,"axis":"y","origin":[8,0,8],"rescale":true},"shade":false,"to":[11.5,15,8]},{"faces":{"east":{"texture":"#sapling","uv":[4,1,11,7]},"west":{"texture":"#sapling","uv":[11,1,4,7]}},"from":[8,9,4.5],"name":"leaves","rotation":{"angle":45,"axis":"y","origin":[8,0,8],"rescale":true},"shade":false,"to":[8,15,11.5]},{"faces":{"east":{"texture":"#sapling","uv":[7,7,9,12]},"west":{"texture":"#sapling","uv":[9,7,7,12]}},"from":[8,4,7],"name":"hypocotyl","rotation":{"angle":45,"axis":"y","origin":[8,0,8],"rescale":true},"shade":false,"to":[8,9,9]},{"faces":{"north":{"texture":"#sapling","uv":[7,7,9,16]},"south":{"texture":"#sapling","uv":[9,7,7,16]}},"from":[7,0,8],"name":"hypocotyl","rotation":{"angle":45,"axis":"y","origin":[8,0,8],"rescale":true},"shade":false,"to":[9,9,8]}],"format_version":"1.21.6","textures":{"dirt":"block/dirt","flowerpot":"block/flower_pot","particle":"block/flower_pot","sapling":"block/mangrove_propagule"}}