{"__comment":"Designed by GeForceLegend","ambientocclusion":false,"elements":[{"faces":{"down":{"cullface":"down","texture":"#flowerpot","uv":[5,10,11,16]},"east":{"texture":"#flowerpot","uv":[5,10,11,16]},"north":{"texture":"#flowerpot","uv":[5,10,11,16]},"south":{"texture":"#flowerpot","uv":[5,10,11,16]},"up":{"texture":"#flowerpot","uv":[5,10,11,16]},"west":{"texture":"#flowerpot","uv":[5,10,11,16]}},"from":[5,0,5],"to":[11,6,11]},{"faces":{"east":{"texture":"#cactus","uv":[6,0,10,11]},"north":{"texture":"#cactus","uv":[6,0,10,11]},"south":{"texture":"#cactus","uv":[6,0,10,11]},"up":{"cullface":"up","texture":"#cactus","uv":[6,6,10,10]},"west":{"texture":"#cactus","uv":[6,0,10,11]}},"from":[6,5,6],"to":[10,16,10]},{"faces":{"down":{"texture":"#cactus","uv":[7,6,8,7]},"east":{"texture":"#cactus","uv":[7,6,8,7]},"north":{"texture":"#cactus","uv":[7,6,8,7]},"up":{"texture":"#cactus","uv":[7,6,8,7]},"west":{"texture":"#cactus","uv":[7,6,8,7]}},"from":[8,9,5],"to":[9,10,6]},{"faces":{"down":{"texture":"#cactus","uv":[7,6,8,7]},"east":{"texture":"#cactus","uv":[7,6,8,7]},"north":{"texture":"#cactus","uv":[7,6,8,7]},"south":{"texture":"#cactus","uv":[7,6,8,7]},"up":{"texture":"#cactus","uv":[7,6,8,7]}},"from":[10,9,8],"to":[11,10,9]},{"faces":{"down":{"texture":"#cactus","uv":[7,6,8,7]},"east":{"texture":"#cactus","uv":[7,6,8,7]},"south":{"texture":"#cactus","uv":[7,6,8,7]},"up":{"texture":"#cactus","uv":[7,6,8,7]},"west":{"texture":"#cactus","uv":[7,6,8,7]}},"from":[7,9,10],"to":[8,10,11]},{"faces":{"down":{"texture":"#cactus","uv":[7,6,8,7]},"north":{"texture":"#cactus","uv":[7,6,8,7]},"south":{"texture":"#cactus","uv":[7,6,8,7]},"up":{"texture":"#cactus","uv":[7,6,8,7]},"west":{"texture":"#cactus","uv":[7,6,8,7]}},"from":[5,9,7],"to":[6,10,8]},{"faces":{"east":{"cullface":"up","texture":"#cactus","uv":[7,6,8,7]},"north":{"cullface":"up","texture":"#cactus","uv":[7,6,8,7]},"south":{"cullface":"up","texture":"#cactus","uv":[7,6,8,7]},"up":{"cullface":"up","texture":"#cactus","uv":[7,6,8,7]},"west":{"cullface":"up","texture":"#cactus","uv":[7,6,8,7]}},"from":[7.01,16,6.01],"to":[7.99,16.99,6.99]}],"textures":{"cactus":"block/cactus_side","flowerpot":"block/flower_pot","particle":"block/flower_pot"}}