{"__comment":"Designed by GeForceLegend","ambientocclusion":false,"elements":[{"faces":{"down":{"cullface":"down","texture":"#flowerpot","uv":[5,10,11,16]},"up":{"texture":"#dirt","uv":[5,5,11,11]}},"from":[5,0,5],"to":[11,4,11]},{"faces":{"east":{"texture":"#flowerpot","uv":[5,10,11,16]},"north":{"texture":"#flowerpot","uv":[10,10,11,16]},"south":{"texture":"#flowerpot","uv":[5,10,6,16]},"up":{"texture":"#flowerpot","uv":[5,5,6,11]},"west":{"texture":"#flowerpot","uv":[5,10,11,16]}},"from":[5,0,5],"to":[6,6,11]},{"faces":{"east":{"texture":"#flowerpot","uv":[5,10,11,16]},"north":{"texture":"#flowerpot","uv":[5,10,6,16]},"south":{"texture":"#flowerpot","uv":[10,10,11,16]},"up":{"texture":"#flowerpot","uv":[10,5,11,11]},"west":{"texture":"#flowerpot","uv":[5,10,11,16]}},"from":[10,0,5],"to":[11,6,11]},{"faces":{"north":{"texture":"#flowerpot","uv":[6,10,10,16]},"south":{"texture":"#flowerpot","uv":[6,10,10,16]},"up":{"texture":"#flowerpot","uv":[6,10,10,11]}},"from":[6,0,10],"to":[10,6,11]},{"faces":{"north":{"texture":"#flowerpot","uv":[6,10,10,16]},"south":{"texture":"#flowerpot","uv":[6,10,10,16]},"up":{"texture":"#flowerpot","uv":[6,5,10,6]}},"from":[6,0,5],"to":[10,6,6]},{"faces":{"down":{"texture":"#top","uv":[4,12,12,4]},"up":{"cullface":"up","texture":"#top","uv":[4,4,12,12]}},"from":[4,10,4],"to":[12,16,12]},{"faces":{"north":{"texture":"#side","uv":[4,5,12,13]},"south":{"texture":"#side","uv":[12,5,4,13]}},"from":[4,8,4],"to":[12,16,4]},{"faces":{"north":{"texture":"#side","uv":[12,5,4,13]},"south":{"texture":"#side","uv":[4,5,12,13]}},"from":[4,8,12],"to":[12,16,12]},{"faces":{"east":{"texture":"#side","uv":[12,5,4,13]},"west":{"texture":"#side","uv":[4,5,12,13]}},"from":[4,8,4],"to":[4,16,12]},{"faces":{"east":{"texture":"#side","uv":[4,5,12,13]},"west":{"texture":"#side","uv":[12,5,4,13]}},"from":[12,8,4],"to":[12,16,12]},{"faces":{"north":{"texture":"#azalea_plant","uv":[0,4,16,16]},"south":{"texture":"#azalea_plant","uv":[0,4,16,16]}},"from":[2.6,4,8],"rotation":{"angle":45,"axis":"y","origin":[8,8,8],"rescale":true},"to":[13.4,16,8]},{"faces":{"east":{"texture":"#azalea_plant","uv":[0,4,16,16]},"west":{"texture":"#azalea_plant","uv":[0,4,16,16]}},"from":[8,4,2.6],"rotation":{"angle":45,"axis":"y","origin":[8,8,8],"rescale":true},"to":[8,16,13.4]}],"parent":"block/block","textures":{"azalea_plant":"block/potted_azalea_bush_plant","dirt":"block/dirt","flowerpot":"block/flower_pot","particle":"block/flower_pot","side":"block/potted_azalea_bush_side","top":"block/potted_azalea_bush_top"}}