{"__comment":"Designed by GeForceLegend","ambientocclusion":false,"elements":[{"faces":{"down":{"texture":"#wood","uv":[1,13,15,15]},"east":{"rotation":90,"texture":"#wood","uv":[15,15,14,13]},"north":{"texture":"#wood","uv":[15,14,1,15]},"south":{"texture":"#wood","uv":[1,13,15,14]},"up":{"texture":"#wood","uv":[1,15,15,13]},"west":{"rotation":90,"texture":"#wood","uv":[2,13,1,15]}},"from":[1,0.01,18.3846],"rotation":{"angle":-45,"axis":"x","origin":[8,0,0]},"to":[15,0.99,21.213]},{"faces":{"down":{"texture":"#wood","uv":[1,9,15,11]},"east":{"rotation":90,"texture":"#wood","uv":[15,11,14,9]},"north":{"texture":"#wood","uv":[15,10,1,11]},"south":{"texture":"#wood","uv":[1,9,15,10]},"up":{"texture":"#wood","uv":[1,11,15,9]},"west":{"rotation":90,"texture":"#wood","uv":[2,9,1,11]}},"from":[1,0.01,12.7278],"rotation":{"angle":-45,"axis":"x","origin":[8,0,0]},"to":[15,0.99,15.5562]},{"faces":{"down":{"texture":"#wood","uv":[1,5,15,7]},"east":{"rotation":90,"texture":"#wood","uv":[15,7,14,5]},"north":{"texture":"#wood","uv":[15,6,1,7]},"south":{"texture":"#wood","uv":[1,5,15,6]},"up":{"texture":"#wood","uv":[1,7,15,5]},"west":{"rotation":90,"texture":"#wood","uv":[2,5,1,7]}},"from":[1,0.01,7.071],"rotation":{"angle":-45,"axis":"x","origin":[8,0,0]},"to":[15,0.99,9.8994]},{"faces":{"down":{"texture":"#wood","uv":[1,1,15,3]},"east":{"rotation":90,"texture":"#wood","uv":[15,3,14,1]},"north":{"texture":"#wood","uv":[15,2,1,3]},"south":{"texture":"#wood","uv":[1,1,15,2]},"up":{"texture":"#wood","uv":[1,3,15,1]},"west":{"rotation":90,"texture":"#wood","uv":[2,1,1,3]}},"from":[1,0.01,1.4142],"rotation":{"angle":-45,"axis":"x","origin":[8,0,0]},"to":[15,0.99,4.2426]},{"faces":{"down":{"texture":"#wood","uv":[7,11,9,13]},"east":{"rotation":90,"texture":"#wood","uv":[8,13,9,11]},"up":{"texture":"#wood","uv":[7,13,9,11]},"west":{"rotation":90,"texture":"#wood","uv":[8,11,7,13]}},"from":[7,0,15.5562],"rotation":{"angle":-45,"axis":"x","origin":[8,0,0]},"to":[9,0.99,18.3846]},{"faces":{"down":{"texture":"#wood","uv":[7,7,9,9]},"east":{"rotation":90,"texture":"#wood","uv":[8,9,9,7]},"up":{"texture":"#wood","uv":[7,9,9,7]},"west":{"rotation":90,"texture":"#wood","uv":[8,7,7,9]}},"from":[7,0,9.8994],"rotation":{"angle":-45,"axis":"x","origin":[8,0,0]},"to":[9,0.99,12.7278]},{"faces":{"down":{"texture":"#wood","uv":[7,3,9,5]},"east":{"rotation":90,"texture":"#wood","uv":[8,5,9,3]},"up":{"texture":"#wood","uv":[7,5,9,3]},"west":{"rotation":90,"texture":"#wood","uv":[8,3,7,5]}},"from":[7,0,4.2426],"rotation":{"angle":-45,"axis":"x","origin":[8,0,0]},"to":[9,0.99,7.071]},{"faces":{"down":{"texture":"#rail","uv":[11,0,12,16]},"north":{"cullface":"north","texture":"#rail","uv":[12,15,11,16]},"up":{"texture":"#rail","uv":[11,16,12,0]},"west":{"rotation":90,"texture":"#rail","uv":[11,0,12,16]}},"from":[11,0,0],"rotation":{"angle":-45,"axis":"x","origin":[8,0,0]},"to":[12,1,22.6275]},{"faces":{"down":{"texture":"#rail","uv":[4,0,5,16]},"east":{"rotation":90,"texture":"#rail","uv":[4,16,5,0]},"north":{"cullface":"north","texture":"#rail","uv":[5,15,4,16]},"up":{"texture":"#rail","uv":[4,16,5,0]}},"from":[4,0,0],"rotation":{"angle":-45,"axis":"x","origin":[8,0,0]},"to":[5,1,22.6275]},{"faces":{"down":{"texture":"#rail","uv":[12,0,14,16]},"east":{"rotation":270,"texture":"#rail","uv":[14,0,13,16]},"north":{"cullface":"north","texture":"#rail","uv":[14,15,12,16]},"up":{"texture":"#rail","uv":[12,16,14,0]},"west":{"rotation":270,"texture":"#rail","uv":[12,16,13,0]}},"from":[12,0,0],"rotation":{"angle":-45,"axis":"x","origin":[8,0,0]},"to":[14,2,22.6275]},{"faces":{"down":{"texture":"#rail","uv":[2,0,4,16]},"east":{"rotation":270,"texture":"#rail","uv":[4,0,3,16]},"north":{"cullface":"north","texture":"#rail","uv":[4,15,2,16]},"up":{"texture":"#rail","uv":[2,16,4,0]},"west":{"rotation":270,"texture":"#rail","uv":[2,16,3,0]}},"from":[2,0,0],"rotation":{"angle":-45,"axis":"x","origin":[8,0,0]},"to":[4,2,22.6275]},{"faces":{"east":{"cullface":"up","texture":"#rail","uv":[3,0,4,1]},"south":{"cullface":"up","texture":"#rail","uv":[2,0,4,1]},"up":{"cullface":"up","texture":"#rail","uv":[2,1,4,0]},"west":{"cullface":"up","texture":"#rail","uv":[3,0,2,1]}},"from":[2,16.4692,14.4693],"rotation":{"angle":-22.5,"axis":"x","origin":[8,18,16]},"to":[4,18,16]},{"faces":{"east":{"cullface":"up","texture":"#rail","uv":[13,0,14,1]},"south":{"cullface":"up","texture":"#rail","uv":[12,0,14,1]},"up":{"cullface":"up","texture":"#rail","uv":[12,1,14,0]},"west":{"cullface":"up","texture":"#rail","uv":[13,0,12,1]}},"from":[12,16.4692,14.4693],"rotation":{"angle":-22.5,"axis":"x","origin":[8,18,16]},"to":[14,18,16]},{"faces":{"down":{"cullface":"up","texture":"#rail","uv":[2,1,4,0]},"east":{"cullface":"up","texture":"#rail","uv":[3,0,4,1]},"west":{"cullface":"up","texture":"#rail","uv":[3,0,2,1]}},"from":[2,16,16],"rotation":{"angle":-45,"axis":"x","origin":[3,16,16]},"to":[4,17,16.8284]},{"faces":{"down":{"cullface":"up","texture":"#rail","uv":[12,1,14,0]},"east":{"cullface":"up","texture":"#rail","uv":[13,0,14,1]},"west":{"cullface":"up","texture":"#rail","uv":[13,0,12,1]}},"from":[12,16,16],"rotation":{"angle":-45,"axis":"x","origin":[3,16,16]},"to":[14,17,16.8284]},{"faces":{"down":{"cullface":"up","texture":"#rail","uv":[11,1,12,0]},"west":{"cullface":"up","texture":"#rail","uv":[12,0,11,1]}},"from":[11,16,16],"rotation":{"angle":-45,"axis":"x","origin":[6.5,16,16]},"to":[12,16.5,16.4142]},{"faces":{"down":{"cullface":"up","texture":"#rail","uv":[4,1,5,0]},"east":{"cullface":"up","texture":"#rail","uv":[5,0,4,1]}},"from":[4,16,16],"rotation":{"angle":-45,"axis":"x","origin":[4.5,16,16]},"to":[5,16.5,16.4142]},{"faces":{"east":{"cullface":"up","texture":"#rail","uv":[5,0,4,1]},"south":{"cullface":"up","texture":"#rail","uv":[5,0,4,1]},"up":{"cullface":"up","texture":"#rail","uv":[4,1,5,0]}},"from":[4,16.2346,15.23465],"rotation":{"angle":-22.5,"axis":"x","origin":[7,17,16]},"to":[5,17,16]},{"faces":{"south":{"cullface":"up","texture":"#rail","uv":[12,0,11,1]},"up":{"cullface":"up","texture":"#rail","uv":[11,1,12,0]},"west":{"cullface":"up","texture":"#rail","uv":[12,0,11,1]}},"from":[11,16.2346,15.23465],"rotation":{"angle":-22.5,"axis":"x","origin":[7,17,16]},"to":[12,17,16]}],"textures":{"particle":"block/powered_rail","rail":"block/powered_rail","wood":"block/rail_wood_redstone"}}