{"__comment":"Designed by GeForceLegend","ambientocclusion":false,"elements":[{"faces":{"down":{"texture":"#wood","uv":[1,3,15,1]},"east":{"rotation":90,"texture":"#wood","uv":[15,1,14,3]},"north":{"texture":"#wood","uv":[15,1,1,2]},"south":{"texture":"#wood","uv":[1,2,15,3]},"up":{"texture":"#wood","uv":[1,1,15,3]},"west":{"rotation":90,"texture":"#wood","uv":[2,3,1,1]}},"from":[1,0.01,-5.213],"rotation":{"angle":45,"axis":"x","origin":[8,0,16]},"to":[15,1,-2.3846]},{"faces":{"down":{"texture":"#wood","uv":[1,7,15,5]},"east":{"rotation":90,"texture":"#wood","uv":[15,5,14,7]},"north":{"texture":"#wood","uv":[15,5,1,6]},"south":{"texture":"#wood","uv":[1,6,15,7]},"up":{"texture":"#wood","uv":[1,5,15,7]},"west":{"rotation":90,"texture":"#wood","uv":[2,7,1,5]}},"from":[1,0.01,0.4438],"rotation":{"angle":45,"axis":"x","origin":[8,0,16]},"to":[15,1,3.2722]},{"faces":{"down":{"texture":"#wood","uv":[1,11,15,9]},"east":{"rotation":90,"texture":"#wood","uv":[15,9,14,11]},"north":{"texture":"#wood","uv":[15,9,1,10]},"south":{"texture":"#wood","uv":[1,10,15,11]},"up":{"texture":"#wood","uv":[1,9,15,11]},"west":{"rotation":90,"texture":"#wood","uv":[2,11,1,9]}},"from":[1,0.01,6.1006],"rotation":{"angle":45,"axis":"x","origin":[8,0,16]},"to":[15,1,8.929]},{"faces":{"down":{"texture":"#wood","uv":[1,15,15,13]},"east":{"rotation":90,"texture":"#wood","uv":[15,13,14,15]},"north":{"texture":"#wood","uv":[15,13,1,14]},"south":{"texture":"#wood","uv":[1,14,15,15]},"up":{"texture":"#wood","uv":[1,13,15,15]},"west":{"rotation":90,"texture":"#wood","uv":[2,15,1,13]}},"from":[1,0.01,11.7574],"rotation":{"angle":45,"axis":"x","origin":[8,0,16]},"to":[15,1,14.5858]},{"faces":{"down":{"texture":"#rail","uv":[2,16,4,0]},"east":{"rotation":270,"texture":"#rail","uv":[4,16,3,0]},"south":{"cullface":"south","texture":"#rail","uv":[2,15,4,16]},"up":{"texture":"#rail","uv":[2,0,4,16]},"west":{"rotation":270,"texture":"#rail","uv":[2,0,3,16]}},"from":[2,0,-6.6275],"rotation":{"angle":45,"axis":"x","origin":[8,0,16]},"to":[4,2,16]},{"faces":{"down":{"texture":"#rail","uv":[12,16,14,0]},"east":{"rotation":270,"texture":"#rail","uv":[14,16,13,0]},"south":{"cullface":"south","texture":"#rail","uv":[12,15,14,16]},"up":{"texture":"#rail","uv":[12,0,14,16]},"west":{"rotation":270,"texture":"#rail","uv":[12,0,13,16]}},"from":[12,0,-6.6275],"rotation":{"angle":45,"axis":"x","origin":[8,0,16]},"to":[14,2,16]},{"faces":{"east":{"cullface":"up","texture":"#rail","uv":[4,0,3,1]},"north":{"cullface":"up","texture":"#rail","uv":[4,0,2,1]},"up":{"cullface":"up","texture":"#rail","uv":[2,0,4,1]},"west":{"cullface":"up","texture":"#rail","uv":[2,0,3,1]}},"from":[2,16.4692,0],"rotation":{"angle":22.5,"axis":"x","origin":[8,18,0]},"to":[4,18,1.5307]},{"faces":{"east":{"cullface":"up","texture":"#rail","uv":[14,0,13,1]},"north":{"cullface":"up","texture":"#rail","uv":[14,0,12,1]},"up":{"cullface":"up","texture":"#rail","uv":[12,0,14,1]},"west":{"cullface":"up","texture":"#rail","uv":[12,0,13,1]}},"from":[12,16.4692,0],"rotation":{"angle":22.5,"axis":"x","origin":[8,18,0]},"to":[14,18,1.5307]},{"faces":{"down":{"cullface":"up","texture":"#rail","uv":[2,0,4,1]},"east":{"cullface":"up","texture":"#rail","uv":[4,0,3,1]},"west":{"cullface":"up","texture":"#rail","uv":[2,0,3,1]}},"from":[2,16,-0.8284],"rotation":{"angle":45,"axis":"x","origin":[8,16,0]},"to":[4,17,0]},{"faces":{"down":{"cullface":"up","texture":"#rail","uv":[12,0,14,1]},"east":{"cullface":"up","texture":"#rail","uv":[14,0,13,1]},"west":{"cullface":"up","texture":"#rail","uv":[12,0,13,1]}},"from":[12,16,-0.8284],"rotation":{"angle":45,"axis":"x","origin":[8,16,0]},"to":[14,17,0]}],"textures":{"particle":"block/rail","rail":"block/rail","wood":"block/rail_wood"}}