{"ambientocclusion":false,"credit":"Made with Blockbench by Minecraft_hyr","elements":[{"faces":{"down":{"cullface":"down","texture":"#line","tintindex":0,"uv":[0,8,16,0]},"up":{"texture":"#line","tintindex":0,"uv":[0,0,16,8]}},"from":[0,0.1,0],"shade":false,"to":[16,0.1,8]},{"faces":{"down":{"cullface":"down","texture":"#overlay","uv":[0,8,16,0]},"up":{"texture":"#overlay","uv":[0,0,16,8]}},"from":[0,0.1,0],"shade":false,"to":[16,0.1,8]}],"textures":{"overlay":"block/redstone_dust_overlay","particle":"block/redstone_dust_dot"}}