{"ambientocclusion":false,"credit":"Made with Blockbench by Minecraft_hyr","elements":[{"faces":{"down":{"cullface":"down","texture":"#line","tintindex":0,"uv":[0,16,16,8]},"up":{"texture":"#line","tintindex":0,"uv":[0,8,16,16]}},"from":[0,0.1,8],"shade":false,"to":[16,0.1,16]},{"faces":{"down":{"cullface":"down","texture":"#overlay","uv":[0,16,16,8]},"up":{"texture":"#overlay","uv":[0,8,16,16]}},"from":[0,0.1,8],"shade":false,"to":[16,0.1,16]}],"textures":{"overlay":"block/redstone_dust_overlay","particle":"block/redstone_dust_dot"}}