{"credit":"Made by sniffercraft34","ambientocclusion":false,"textures":{"0":"block/redstone_dust_line0","particle":"block/redstone_dust_line0"},"elements":[{"from":[7,0,0],"to":[8,1,1],"shade":false,"faces":{"north":{"uv":[7,15,8,16],"texture":"#0","cullface":"north","tintindex":0},"east":{"uv":[7,15,8,16],"texture":"#0","tintindex":0},"south":{"uv":[7,15,8,16],"texture":"#0","tintindex":0},"west":{"uv":[7,15,8,16],"texture":"#0","tintindex":0},"up":{"uv":[7,15,8,16],"texture":"#0","tintindex":0},"down":{"uv":[7,15,8,16],"texture":"#0","cullface":"down","tintindex":0}}},{"from":[7,3,0],"to":[8,4,1],"shade":false,"faces":{"north":{"uv":[7,12,8,13],"texture":"#0","cullface":"north","tintindex":0},"south":{"uv":[7,12,8,13],"texture":"#0","tintindex":0},"west":{"uv":[7,12,8,13],"texture":"#0","tintindex":0},"up":{"uv":[7,12,8,13],"texture":"#0","tintindex":0},"down":{"uv":[7,12,8,13],"texture":"#0","tintindex":0}}},{"from":[8,5,0],"to":[9,6,1],"shade":false,"faces":{"north":{"uv":[8,10,9,11],"texture":"#0","cullface":"north","tintindex":0},"east":{"uv":[8,10,9,11],"texture":"#0","tintindex":0},"south":{"uv":[8,10,9,11],"texture":"#0","tintindex":0},"up":{"uv":[8,10,9,11],"texture":"#0","tintindex":0},"down":{"uv":[8,10,9,11],"texture":"#0","tintindex":0}}},{"from":[8,7,0],"to":[9,8,1],"shade":false,"faces":{"north":{"uv":[8,8,9,9],"texture":"#0","cullface":"north","tintindex":0},"east":{"uv":[8,8,9,9],"texture":"#0","tintindex":0},"south":{"uv":[8,8,9,9],"texture":"#0","tintindex":0},"west":{"uv":[8,8,9,9],"texture":"#0","tintindex":0},"up":{"uv":[8,8,9,9],"texture":"#0","tintindex":0},"down":{"uv":[8,8,9,9],"texture":"#0","tintindex":0}}},{"from":[7,8,0],"to":[8,9,1],"shade":false,"faces":{"north":{"uv":[7,7,8,8],"texture":"#0","cullface":"north","tintindex":0},"east":{"uv":[7,7,8,8],"texture":"#0","tintindex":0},"south":{"uv":[7,7,8,8],"texture":"#0","tintindex":0},"west":{"uv":[7,7,8,8],"texture":"#0","tintindex":0},"up":{"uv":[7,7,8,8],"texture":"#0","tintindex":0},"down":{"uv":[7,7,8,8],"texture":"#0","tintindex":0}}},{"from":[8,9,0],"to":[9,10,1],"shade":false,"faces":{"north":{"uv":[8,6,9,7],"texture":"#0","cullface":"north","tintindex":0},"south":{"uv":[8,6,9,7],"texture":"#0","tintindex":0},"west":{"uv":[8,6,9,7],"texture":"#0","tintindex":0},"up":{"uv":[8,6,9,7],"texture":"#0","tintindex":0},"down":{"uv":[8,6,9,7],"texture":"#0","tintindex":0}}},{"from":[8,12,0],"to":[9,13,1],"shade":false,"faces":{"north":{"uv":[8,3,9,4],"texture":"#0","cullface":"north","tintindex":0},"east":{"uv":[8,3,9,4],"texture":"#0","tintindex":0},"south":{"uv":[8,3,9,4],"texture":"#0","tintindex":0},"west":{"uv":[8,3,9,4],"texture":"#0","tintindex":0},"up":{"uv":[8,3,9,4],"texture":"#0","tintindex":0},"down":{"uv":[8,3,9,4],"texture":"#0","tintindex":0}}},{"from":[8,13,0],"to":[9,14,1],"shade":false,"faces":{"north":{"uv":[8,2,9,3],"texture":"#0","cullface":"north","tintindex":0},"east":{"uv":[8,2,9,3],"texture":"#0","tintindex":0},"south":{"uv":[8,2,9,3],"texture":"#0","tintindex":0},"west":{"uv":[8,2,9,3],"texture":"#0","tintindex":0},"up":{"uv":[8,2,9,3],"texture":"#0","tintindex":0},"down":{"uv":[8,2,9,3],"texture":"#0","tintindex":0}}},{"from":[8,15,0],"to":[9,16,1],"shade":false,"faces":{"north":{"uv":[8,0,9,1],"texture":"#0","cullface":"north","tintindex":0},"east":{"uv":[8,0,9,1],"texture":"#0","tintindex":0},"south":{"uv":[8,0,9,1],"texture":"#0","tintindex":0},"west":{"uv":[8,0,9,1],"texture":"#0","tintindex":0},"up":{"uv":[8,0,9,1],"texture":"#0","cullface":"up","tintindex":0},"down":{"uv":[8,0,9,1],"texture":"#0","tintindex":0}}},{"from":[9,9,0],"to":[10,10,1],"shade":false,"faces":{"north":{"uv":[9,6,10,7],"texture":"#0","cullface":"north","tintindex":0},"east":{"uv":[9,6,10,7],"texture":"#0","tintindex":0},"south":{"uv":[9,6,10,7],"texture":"#0","tintindex":0},"west":{"uv":[9,6,10,7],"texture":"#0","tintindex":0},"up":{"uv":[9,6,10,7],"texture":"#0","tintindex":0},"down":{"uv":[9,6,10,7],"texture":"#0","tintindex":0}}},{"from":[9,10,0],"to":[10,12,1],"shade":false,"faces":{"north":{"uv":[9,4,10,6],"texture":"#0","cullface":"north","tintindex":0},"east":{"uv":[9,4,10,6],"texture":"#0","tintindex":0},"south":{"uv":[9,4,10,6],"texture":"#0","tintindex":0},"west":{"uv":[9,4,10,6],"texture":"#0","tintindex":0},"up":{"uv":[9,4,10,6],"texture":"#0","tintindex":0},"down":{"uv":[9,4,10,6],"texture":"#0","tintindex":0}}},{"from":[7,11,0],"to":[8,13,1],"shade":false,"faces":{"north":{"uv":[7,3,8,5],"texture":"#0","cullface":"north","tintindex":0},"east":{"uv":[7,3,8,5],"texture":"#0","tintindex":0},"south":{"uv":[7,3,8,5],"texture":"#0","tintindex":0},"west":{"uv":[7,3,8,5],"texture":"#0","tintindex":0},"up":{"uv":[7,3,8,5],"texture":"#0","tintindex":0},"down":{"uv":[7,3,8,5],"texture":"#0","tintindex":0}}},{"from":[7,5,0],"to":[8,7,1],"shade":false,"faces":{"north":{"uv":[7,9,8,11],"texture":"#0","cullface":"north","tintindex":0},"east":{"uv":[7,9,8,11],"texture":"#0","tintindex":0},"south":{"uv":[7,9,8,11],"texture":"#0","tintindex":0},"west":{"uv":[7,9,8,11],"texture":"#0","tintindex":0},"up":{"uv":[7,9,8,11],"texture":"#0","tintindex":0},"down":{"uv":[7,9,8,11],"texture":"#0","tintindex":0}}},{"from":[6,4,0],"to":[7,5,1],"shade":false,"faces":{"north":{"uv":[6,11,7,12],"texture":"#0","cullface":"north","tintindex":0},"east":{"uv":[6,11,7,12],"texture":"#0","tintindex":0},"south":{"uv":[6,11,7,12],"texture":"#0","tintindex":0},"west":{"uv":[6,11,7,12],"texture":"#0","tintindex":0},"up":{"uv":[6,11,7,12],"texture":"#0","tintindex":0},"down":{"uv":[6,11,7,12],"texture":"#0","tintindex":0}}},{"from":[8,1,0],"to":[9,4,1],"shade":false,"faces":{"north":{"uv":[8,12,9,15],"texture":"#0","cullface":"north","tintindex":0},"east":{"uv":[8,12,9,15],"texture":"#0","tintindex":0},"south":{"uv":[8,12,9,15],"texture":"#0","tintindex":0},"west":{"uv":[8,12,9,15],"texture":"#0","tintindex":0},"up":{"uv":[8,12,9,15],"texture":"#0","tintindex":0},"down":{"uv":[8,12,9,15],"texture":"#0","tintindex":0}}}]}