{"__comment":"Designed by GeForceLegend","ambientocclusion":false,"elements":[{"faces":{"east":{"texture":"#top","uv":[6,6,7,14]},"up":{"texture":"#top","uv":[0,0,7,16]},"west":{"cullface":"west","texture":"#slab","uv":[0,14,16,16]}},"from":[0,0,0],"to":[7,2,16]},{"faces":{"east":{"cullface":"east","texture":"#slab","uv":[0,14,16,16]},"up":{"texture":"#top","uv":[9,0,16,16]},"west":{"texture":"#top","uv":[9,6,10,14]}},"from":[9,0,0],"to":[16,2,16]},{"faces":{"down":{"cullface":"down","texture":"#slab","uv":[0,0,16,16]},"north":{"cullface":"north","texture":"#slab","uv":[0,14,16,16]},"south":{"cullface":"south","texture":"#slab","uv":[0,14,16,16]}},"from":[0,0,0],"to":[16,2,16]},{"faces":{"up":{"texture":"#top","uv":[7,6,9,14]}},"from":[7,0,6],"light_emission":7,"to":[9,1.3,14]},{"faces":{"south":{"texture":"#top","uv":[7,5,9,6]},"up":{"texture":"#top","uv":[7,0,9,6]}},"from":[7,0,0],"to":[9,2,6]},{"faces":{"north":{"texture":"#top","uv":[7,14,9,15]},"up":{"texture":"#top","uv":[7,14,9,16]}},"from":[7,0,14],"to":[9,2,16]},{"faces":{"east":{"texture":"#lit","uv":[7,9,9,12]},"north":{"texture":"#lit","uv":[7,9,9,12]},"south":{"texture":"#lit","uv":[7,9,9,12]},"west":{"texture":"#lit","uv":[7,9,9,12]}},"from":[7,1,8],"to":[9,4,10]},{"faces":{"east":{"texture":"#lit","uv":[7,6,9,9]},"north":{"texture":"#lit","uv":[7,6,9,9]},"south":{"texture":"#lit","uv":[7,6,9,9]},"up":{"texture":"#lit","uv":[7,6,9,8]},"west":{"texture":"#lit","uv":[7,6,9,9]}},"from":[7,4,8],"light_emission":7,"shade":false,"to":[9,7,10]},{"faces":{"down":{"texture":"#lit","uv":[6,5,7,6]},"east":{"texture":"#lit","uv":[6,5,7,6]},"north":{"texture":"#lit","uv":[6,5,7,6]},"south":{"texture":"#lit","uv":[6,5,7,6]},"up":{"texture":"#lit","uv":[6,5,7,6]},"west":{"texture":"#lit","uv":[6,5,7,6]}},"from":[9.5,4.5,7.5],"light_emission":7,"shade":false,"to":[6.5,7.5,10.5]},{"faces":{"east":{"texture":"#lit","uv":[7,9,9,11]},"north":{"texture":"#lit","uv":[7,9,9,11]},"south":{"texture":"#lit","uv":[7,9,9,11]},"west":{"texture":"#lit","uv":[7,9,9,11]}},"from":[7,2,2],"to":[9,4,4]},{"faces":{"east":{"texture":"#lit","uv":[7,6,9,9]},"north":{"texture":"#lit","uv":[7,6,9,9]},"south":{"texture":"#lit","uv":[7,6,9,9]},"up":{"texture":"#lit","uv":[7,6,9,8]},"west":{"texture":"#lit","uv":[7,6,9,9]}},"from":[7,4,2],"light_emission":7,"shade":false,"to":[9,7,4]},{"faces":{"down":{"texture":"#lit","uv":[6,5,7,6]},"east":{"texture":"#lit","uv":[6,5,7,6]},"north":{"texture":"#lit","uv":[6,5,7,6]},"south":{"texture":"#lit","uv":[6,5,7,6]},"up":{"texture":"#lit","uv":[6,5,7,6]},"west":{"texture":"#lit","uv":[6,5,7,6]}},"from":[9.5,4.5,1.5],"light_emission":7,"shade":false,"to":[6.5,7.5,4.5]}],"textures":{"lit":"block/redstone_torch","particle":"block/repeater_on","slab":"block/smooth_stone","top":"block/repeater_on"}}