{"__comment":"Designed by GeForceLegend","ambientocclusion":false,"elements":[{"faces":{"east":{"texture":"#top","uv":[6,6,7,14]},"north":{"cullface":"north","texture":"#slab","uv":[9,14,16,16]},"south":{"cullface":"south","texture":"#slab","uv":[0,14,7,16]},"up":{"texture":"#top","uv":[0,0,7,16]},"west":{"cullface":"west","texture":"#slab","uv":[0,14,16,16]}},"from":[0,0,0],"to":[7,2,16]},{"faces":{"east":{"cullface":"east","texture":"#slab","uv":[0,14,16,16]},"north":{"cullface":"north","texture":"#slab","uv":[0,14,7,16]},"south":{"cullface":"south","texture":"#slab","uv":[9,14,16,16]},"up":{"texture":"#top","uv":[9,0,16,16]},"west":{"texture":"#top","uv":[9,6,10,14]}},"from":[9,0,0],"to":[16,2,16]},{"faces":{"down":{"cullface":"down","texture":"#slab","uv":[0,0,16,16]},"up":{"texture":"#top","uv":[0,0,16,16]}},"from":[0,0,0],"to":[16,1.3,16]},{"faces":{"north":{"cullface":"north","texture":"#slab","uv":[7,14,9,16]},"south":{"texture":"#top","uv":[7,5,9,6]},"up":{"texture":"#top","uv":[7,0,9,6]}},"from":[7,0,0],"to":[9,2,6]},{"faces":{"north":{"texture":"#top","uv":[7,14,9,15]},"south":{"cullface":"south","texture":"#slab","uv":[7,14,9,16]},"up":{"texture":"#top","uv":[7,14,9,16]}},"from":[7,0,14],"to":[9,2,16]},{"faces":{"east":{"texture":"#unlit","uv":[7,6,9,12]},"north":{"texture":"#unlit","uv":[7,6,9,12]},"south":{"texture":"#unlit","uv":[7,6,9,12]},"up":{"texture":"#unlit","uv":[7,6,9,8]},"west":{"texture":"#unlit","uv":[7,6,9,12]}},"from":[7,1,12],"to":[9,7,14]},{"faces":{"east":{"texture":"#unlit","uv":[7,6,9,11]},"north":{"texture":"#unlit","uv":[7,6,9,11]},"south":{"texture":"#unlit","uv":[7,6,9,11]},"up":{"texture":"#unlit","uv":[7,6,9,8]},"west":{"texture":"#unlit","uv":[7,6,9,11]}},"from":[7,2,2],"to":[9,7,4]}],"textures":{"particle":"block/repeater","slab":"block/smooth_stone","top":"block/repeater","unlit":"block/redstone_torch_off"}}