{"__comment":"Designed by GeForceLegend","elements":[{"faces":{"down":{"cullface":"down","texture":"#bottom","uv":[0,0,16,16]},"east":{"cullface":"east","texture":"#side","uv":[0,7,16,16]},"north":{"cullface":"north","texture":"#side","uv":[0,7,16,16]},"south":{"cullface":"south","texture":"#side","uv":[0,7,16,16]},"up":{"texture":"#side","uv":[7,7,9,8]},"west":{"cullface":"west","texture":"#side","uv":[0,7,16,16]}},"from":[0,0,0],"to":[16,9,16]},{"faces":{"east":{"cullface":"east","texture":"#side","uv":[10,3,16,7]},"south":{"texture":"#side","uv":[5,3,11,7]},"west":{"cullface":"west","texture":"#side","uv":[0,3,6,7]}},"from":[0,9,0],"to":[16,13,6]},{"faces":{"east":{"texture":"#side","uv":[5,3,11,7]},"north":{"cullface":"north","texture":"#side","uv":[10,3,16,7]},"south":{"cullface":"south","texture":"#side","uv":[0,3,6,7]}},"from":[0,9,0],"to":[6,13,16]},{"faces":{"east":{"cullface":"east","texture":"#side","uv":[0,3,6,7]},"north":{"texture":"#side","uv":[5,3,11,7]},"west":{"cullface":"west","texture":"#side","uv":[10,3,16,7]}},"from":[0,9,10],"to":[16,13,16]},{"faces":{"north":{"cullface":"north","texture":"#side","uv":[0,3,6,7]},"south":{"cullface":"south","texture":"#side","uv":[10,3,16,7]},"west":{"texture":"#side","uv":[5,3,11,7]}},"from":[10,9,0],"to":[16,13,16]},{"faces":{"east":{"cullface":"east","texture":"#side","uv":[0.5,1,15.5,7]},"north":{"cullface":"north","texture":"#side","uv":[0.5,1,15.5,7]},"south":{"cullface":"south","texture":"#side","uv":[0.5,1,15.5,7]},"up":{"cullface":"up","texture":"#top","uv":[0.5,0.5,15.5,15.5]},"west":{"cullface":"west","texture":"#side","uv":[0.5,1,15.5,7]}},"from":[0.5,9,0.5],"to":[15.5,15,15.5]},{"faces":{"down":{"cullface":"north","texture":"#side","uv":[7,2,9,3]},"east":{"cullface":"east","texture":"#side","uv":[14,0,16,3]},"north":{"cullface":"north","texture":"#side","uv":[0,0,16,3]},"south":{"cullface":"up","texture":"#top","uv":[0,1,16,2]},"up":{"cullface":"up","texture":"#top","uv":[0,0,16,2]},"west":{"cullface":"west","texture":"#side","uv":[0,0,2,3]}},"from":[0,13,0],"to":[16,16,2]},{"faces":{"down":{"cullface":"south","texture":"#side","uv":[7,2,9,3]},"east":{"cullface":"east","texture":"#side","uv":[0,0,2,3]},"north":{"cullface":"up","texture":"#top","uv":[16,14,0,15]},"south":{"cullface":"south","texture":"#side","uv":[0,0,16,3]},"up":{"cullface":"up","texture":"#top","uv":[0,14,16,16]},"west":{"cullface":"west","texture":"#side","uv":[14,0,16,3]}},"from":[0,13,14],"to":[16,16,16]},{"faces":{"down":{"cullface":"east","texture":"#side","uv":[7,2,9,3]},"east":{"cullface":"east","texture":"#side","uv":[2,0,14,3]},"up":{"cullface":"up","texture":"#top","uv":[14,2,16,14]},"west":{"cullface":"up","rotation":90,"texture":"#top","uv":[14,14,15,2]}},"from":[14,13,2],"to":[16,16,14]},{"faces":{"down":{"cullface":"west","texture":"#side","uv":[7,2,9,3]},"east":{"cullface":"up","rotation":90,"texture":"#top","uv":[1,2,2,14]},"up":{"cullface":"up","texture":"#top","uv":[0,2,2,14]},"west":{"cullface":"west","texture":"#side","uv":[2,0,14,3]}},"from":[0,13,2],"to":[2,16,14]},{"faces":{"east":{"cullface":"east","texture":"#side","uv":[9,6,10,7]},"south":{"texture":"#side","uv":[6,6,7,7]},"up":{"texture":"#side","uv":[6,6,7,7]},"west":{"cullface":"west","texture":"#side","uv":[6,6,7,7]}},"from":[0,9,6],"to":[16,10,7]},{"faces":{"east":{"cullface":"east","texture":"#side","uv":[6,6,7,7]},"north":{"texture":"#side","uv":[6,6,7,7]},"up":{"texture":"#side","uv":[6,6,7,7]},"west":{"cullface":"west","texture":"#side","uv":[6,6,7,7]}},"from":[0,9,9],"to":[16,10,10]},{"faces":{"down":{"texture":"#side","uv":[6,3,7,4]},"east":{"cullface":"east","texture":"#side","uv":[6,3,7,4]},"north":{"texture":"#side","uv":[6,3,7,4]},"west":{"cullface":"west","texture":"#side","uv":[6,3,7,4]}},"from":[0,12,9],"to":[16,13,10]},{"faces":{"down":{"texture":"#side","uv":[9,3,10,4]},"east":{"cullface":"east","texture":"#side","uv":[9,3,10,4]},"south":{"texture":"#side","uv":[9,3,10,4]},"west":{"cullface":"west","texture":"#side","uv":[9,3,10,4]}},"from":[0,12,6],"to":[16,13,7]},{"faces":{"down":{"texture":"#side","uv":[6,3,7,4]},"east":{"texture":"#side","uv":[6,3,7,4]},"north":{"cullface":"north","texture":"#side","uv":[6,3,7,4]},"south":{"cullface":"south","texture":"#side","uv":[6,3,7,4]}},"from":[6,12,0],"to":[7,13,16]},{"faces":{"east":{"texture":"#side","uv":[6,6,7,7]},"north":{"cullface":"north","texture":"#side","uv":[6,6,7,7]},"south":{"cullface":"south","texture":"#side","uv":[6,6,7,7]},"up":{"texture":"#side","uv":[6,6,7,7]}},"from":[6,9,0],"to":[7,10,16]},{"faces":{"north":{"cullface":"north","texture":"#side","uv":[6,6,7,7]},"south":{"cullface":"south","texture":"#side","uv":[9,6,10,7]},"up":{"texture":"#side","uv":[6,6,7,7]},"west":{"texture":"#side","uv":[6,6,7,7]}},"from":[9,9,0],"to":[10,10,16]},{"faces":{"down":{"texture":"#side","uv":[9,3,10,4]},"north":{"cullface":"north","texture":"#side","uv":[9,3,10,4]},"south":{"cullface":"south","texture":"#side","uv":[9,3,10,4]},"west":{"texture":"#side","uv":[9,3,10,4]}},"from":[9,12,0],"to":[10,13,16]}],"textures":{"bottom":"block/respawn_anchor_bottom","particle":"block/respawn_anchor_side4","side":"block/respawn_anchor_side4","top":"block/respawn_anchor_top"}}