{"__comment":"Designed by GeForceLegend","elements":[{"faces":{"down":{"cullface":"down","texture":"#bottom","uv":[0,0,16,16]},"east":{"cullface":"east","texture":"#side","uv":[0,8,16,16]},"north":{"cullface":"north","texture":"#side","uv":[0,8,16,16]},"south":{"cullface":"south","texture":"#side","uv":[0,8,16,16]},"up":{"texture":"#top","uv":[0,0,16,16]},"west":{"cullface":"west","texture":"#side","uv":[0,8,16,16]}},"from":[0,0,0],"to":[16,8,16]},{"faces":{"north":{"texture":"#tendrils","uv":[12,8,4,16]},"south":{"texture":"#tendrils","uv":[4,8,12,16]},"up":{"texture":"#tendrils","uv":[4,8,12,9]},"west":{"texture":"#tendrils","uv":[4,8,5,16]}},"from":[-1,8,3],"rotation":{"angle":45,"axis":"y","origin":[3,8,3]},"to":[7,16,4]},{"faces":{"up":{"texture":"#tendrils","uv":[4,14,12,15]}},"from":[-1,8,3],"rotation":{"angle":45,"axis":"y","origin":[3,8,3]},"to":[7,10,4]},{"faces":{"down":{"texture":"#tendrils","uv":[4,13,12,14]},"up":{"texture":"#tendrils","uv":[4,13,12,14]}},"from":[-1,10,3],"rotation":{"angle":45,"axis":"y","origin":[3,8,3]},"to":[7,11,4]},{"faces":{"down":{"texture":"#tendrils","uv":[4,12,12,13]},"up":{"texture":"#tendrils","uv":[4,12,12,13]}},"from":[-1,11,3],"rotation":{"angle":45,"axis":"y","origin":[3,8,3]},"to":[7,12,4]},{"faces":{"down":{"texture":"#tendrils","uv":[4,11,12,12]},"up":{"texture":"#tendrils","uv":[4,11,12,12]}},"from":[-1,12,3],"rotation":{"angle":45,"axis":"y","origin":[3,8,3]},"to":[7,13,4]},{"faces":{"down":{"texture":"#tendrils","uv":[4,10,12,11]},"up":{"texture":"#tendrils","uv":[4,10,12,11]}},"from":[-1,13,3],"rotation":{"angle":45,"axis":"y","origin":[3,8,3]},"to":[7,14,4]},{"faces":{"down":{"texture":"#tendrils","uv":[4,9,12,10]},"up":{"texture":"#tendrils","uv":[4,9,12,10]}},"from":[-1,14,3],"rotation":{"angle":45,"axis":"y","origin":[3,8,3]},"to":[7,15,4]},{"faces":{"east":{"texture":"#tendrils","uv":[11,8,12,16]},"west":{"texture":"#tendrils","uv":[5,8,6,16]}},"from":[0,8,3],"rotation":{"angle":45,"axis":"y","origin":[3,8,3]},"to":[7,16,4]},{"faces":{"east":{"texture":"#tendrils","uv":[6,8,7,16]},"west":{"texture":"#tendrils","uv":[6,8,7,16]}},"from":[1,8,3],"rotation":{"angle":45,"axis":"y","origin":[3,8,3]},"to":[2,16,4]},{"faces":{"east":{"texture":"#tendrils","uv":[7,8,8,16]},"west":{"texture":"#tendrils","uv":[7,8,8,16]}},"from":[2,8,3],"rotation":{"angle":45,"axis":"y","origin":[3,8,3]},"to":[3,16,4]},{"faces":{"east":{"texture":"#tendrils","uv":[8,8,9,16]},"west":{"texture":"#tendrils","uv":[8,8,9,16]}},"from":[3,8,3],"rotation":{"angle":45,"axis":"y","origin":[3,8,3]},"to":[4,16,4]},{"faces":{"east":{"texture":"#tendrils","uv":[9,8,10,16]},"west":{"texture":"#tendrils","uv":[9,8,10,16]}},"from":[4,8,3],"rotation":{"angle":45,"axis":"y","origin":[3,8,3]},"to":[5,16,4]},{"faces":{"east":{"texture":"#tendrils","uv":[10,8,11,16]},"west":{"texture":"#tendrils","uv":[10,8,11,16]}},"from":[5,8,3],"rotation":{"angle":45,"axis":"y","origin":[3,8,3]},"to":[6,16,4]},{"faces":{"north":{"texture":"#tendrils","uv":[12,8,4,16]},"south":{"texture":"#tendrils","uv":[4,8,12,16]},"up":{"texture":"#tendrils","uv":[4,8,12,9]},"west":{"texture":"#tendrils","uv":[4,8,5,16]}},"from":[9,8,3],"rotation":{"angle":-45,"axis":"y","origin":[13,8,3]},"to":[17,16,4]},{"faces":{"up":{"texture":"#tendrils","uv":[4,14,12,15]}},"from":[9,8,3],"rotation":{"angle":-45,"axis":"y","origin":[13,8,3]},"to":[17,10,4]},{"faces":{"down":{"texture":"#tendrils","uv":[4,13,12,14]},"up":{"texture":"#tendrils","uv":[4,13,12,14]}},"from":[9,10,3],"rotation":{"angle":-45,"axis":"y","origin":[13,8,3]},"to":[17,11,4]},{"faces":{"down":{"texture":"#tendrils","uv":[4,12,12,13]},"up":{"texture":"#tendrils","uv":[4,12,12,13]}},"from":[9,11,3],"rotation":{"angle":-45,"axis":"y","origin":[13,8,3]},"to":[17,12,4]},{"faces":{"down":{"texture":"#tendrils","uv":[4,11,12,12]},"up":{"texture":"#tendrils","uv":[4,11,12,12]}},"from":[9,12,3],"rotation":{"angle":-45,"axis":"y","origin":[13,8,3]},"to":[17,13,4]},{"faces":{"down":{"texture":"#tendrils","uv":[4,10,12,11]},"up":{"texture":"#tendrils","uv":[4,10,12,11]}},"from":[9,13,3],"rotation":{"angle":-45,"axis":"y","origin":[13,8,3]},"to":[17,14,4]},{"faces":{"down":{"texture":"#tendrils","uv":[4,9,12,10]},"up":{"texture":"#tendrils","uv":[4,9,12,10]}},"from":[9,14,3],"rotation":{"angle":-45,"axis":"y","origin":[13,8,3]},"to":[17,15,4]},{"faces":{"east":{"texture":"#tendrils","uv":[11,8,12,16]},"west":{"texture":"#tendrils","uv":[5,8,6,16]}},"from":[10,8,3],"rotation":{"angle":-45,"axis":"y","origin":[13,8,3]},"to":[17,16,4]},{"faces":{"east":{"texture":"#tendrils","uv":[6,8,7,16]},"west":{"texture":"#tendrils","uv":[6,8,7,16]}},"from":[11,8,3],"rotation":{"angle":-45,"axis":"y","origin":[13,8,3]},"to":[12,16,4]},{"faces":{"east":{"texture":"#tendrils","uv":[7,8,8,16]},"west":{"texture":"#tendrils","uv":[7,8,8,16]}},"from":[12,8,3],"rotation":{"angle":-45,"axis":"y","origin":[13,8,3]},"to":[13,16,4]},{"faces":{"east":{"texture":"#tendrils","uv":[8,8,9,16]},"west":{"texture":"#tendrils","uv":[8,8,9,16]}},"from":[13,8,3],"rotation":{"angle":-45,"axis":"y","origin":[13,8,3]},"to":[14,16,4]},{"faces":{"east":{"texture":"#tendrils","uv":[9,8,10,16]},"west":{"texture":"#tendrils","uv":[9,8,10,16]}},"from":[14,8,3],"rotation":{"angle":-45,"axis":"y","origin":[13,8,3]},"to":[15,16,4]},{"faces":{"east":{"texture":"#tendrils","uv":[10,8,11,16]},"west":{"texture":"#tendrils","uv":[10,8,11,16]}},"from":[15,8,3],"rotation":{"angle":-45,"axis":"y","origin":[13,8,3]},"to":[16,16,4]},{"faces":{"east":{"texture":"#tendrils","uv":[12,8,4,16]},"north":{"texture":"#tendrils","uv":[4,8,5,16]},"up":{"rotation":90,"texture":"#tendrils","uv":[4,8,12,9]},"west":{"texture":"#tendrils","uv":[4,8,12,16]}},"from":[12,8,9],"rotation":{"angle":-45,"axis":"y","origin":[13,8,13]},"to":[13,16,17]},{"faces":{"up":{"rotation":90,"texture":"#tendrils","uv":[4,14,12,15]}},"from":[12,8,9],"rotation":{"angle":-45,"axis":"y","origin":[13,8,13]},"to":[13,10,17]},{"faces":{"down":{"rotation":270,"texture":"#tendrils","uv":[4,13,12,14]},"up":{"rotation":90,"texture":"#tendrils","uv":[4,13,12,14]}},"from":[12,10,9],"rotation":{"angle":-45,"axis":"y","origin":[13,8,13]},"to":[13,11,17]},{"faces":{"down":{"rotation":270,"texture":"#tendrils","uv":[4,12,12,13]},"up":{"rotation":90,"texture":"#tendrils","uv":[4,12,12,13]}},"from":[12,11,9],"rotation":{"angle":-45,"axis":"y","origin":[13,8,13]},"to":[13,12,17]},{"faces":{"down":{"rotation":270,"texture":"#tendrils","uv":[4,11,12,12]},"up":{"rotation":90,"texture":"#tendrils","uv":[4,11,12,12]}},"from":[12,12,9],"rotation":{"angle":-45,"axis":"y","origin":[13,8,13]},"to":[13,13,17]},{"faces":{"down":{"rotation":270,"texture":"#tendrils","uv":[4,10,12,11]},"up":{"rotation":90,"texture":"#tendrils","uv":[4,10,12,11]}},"from":[12,13,9],"rotation":{"angle":-45,"axis":"y","origin":[13,8,13]},"to":[13,14,17]},{"faces":{"down":{"rotation":270,"texture":"#tendrils","uv":[4,9,12,10]},"up":{"rotation":90,"texture":"#tendrils","uv":[4,9,12,10]}},"from":[12,14,9],"rotation":{"angle":-45,"axis":"y","origin":[13,8,13]},"to":[13,15,17]},{"faces":{"north":{"texture":"#tendrils","uv":[5,8,6,16]},"south":{"texture":"#tendrils","uv":[11,8,12,16]}},"from":[12,8,10],"rotation":{"angle":-45,"axis":"y","origin":[13,8,13]},"to":[13,16,17]},{"faces":{"north":{"texture":"#tendrils","uv":[6,8,7,16]},"south":{"texture":"#tendrils","uv":[6,8,7,16]}},"from":[12,8,11],"rotation":{"angle":-45,"axis":"y","origin":[13,8,13]},"to":[13,16,12]},{"faces":{"north":{"texture":"#tendrils","uv":[7,8,8,16]},"south":{"texture":"#tendrils","uv":[7,8,8,16]}},"from":[12,8,12],"rotation":{"angle":-45,"axis":"y","origin":[13,8,13]},"to":[13,16,13]},{"faces":{"north":{"texture":"#tendrils","uv":[8,8,9,16]},"south":{"texture":"#tendrils","uv":[8,8,9,16]}},"from":[12,8,13],"rotation":{"angle":-45,"axis":"y","origin":[13,8,13]},"to":[13,16,14]},{"faces":{"north":{"texture":"#tendrils","uv":[9,8,10,16]},"south":{"texture":"#tendrils","uv":[9,8,10,16]}},"from":[12,8,14],"rotation":{"angle":-45,"axis":"y","origin":[13,8,13]},"to":[13,16,15]},{"faces":{"north":{"texture":"#tendrils","uv":[10,8,11,16]},"south":{"texture":"#tendrils","uv":[10,8,11,16]}},"from":[12,8,15],"rotation":{"angle":-45,"axis":"y","origin":[13,8,13]},"to":[13,16,16]},{"faces":{"east":{"texture":"#tendrils","uv":[4,8,5,16]},"north":{"texture":"#tendrils","uv":[4,8,12,16]},"south":{"texture":"#tendrils","uv":[12,8,4,16]},"up":{"rotation":180,"texture":"#tendrils","uv":[4,8,12,9]}},"from":[-1,8,12],"rotation":{"angle":-45,"axis":"y","origin":[3,8,13]},"to":[7,16,13]},{"faces":{"up":{"rotation":180,"texture":"#tendrils","uv":[4,14,12,15]}},"from":[-1,8,12],"rotation":{"angle":-45,"axis":"y","origin":[3,8,13]},"to":[7,10,13]},{"faces":{"down":{"rotation":180,"texture":"#tendrils","uv":[4,13,12,14]},"up":{"rotation":180,"texture":"#tendrils","uv":[4,13,12,14]}},"from":[-1,10,12],"rotation":{"angle":-45,"axis":"y","origin":[3,8,13]},"to":[7,11,13]},{"faces":{"down":{"rotation":180,"texture":"#tendrils","uv":[4,12,12,13]},"up":{"rotation":180,"texture":"#tendrils","uv":[4,12,12,13]}},"from":[-1,11,12],"rotation":{"angle":-45,"axis":"y","origin":[3,8,13]},"to":[7,12,13]},{"faces":{"down":{"rotation":180,"texture":"#tendrils","uv":[4,11,12,12]},"up":{"rotation":180,"texture":"#tendrils","uv":[4,11,12,12]}},"from":[-1,12,12],"rotation":{"angle":-45,"axis":"y","origin":[3,8,13]},"to":[7,13,13]},{"faces":{"down":{"rotation":180,"texture":"#tendrils","uv":[4,10,12,11]},"up":{"rotation":180,"texture":"#tendrils","uv":[4,10,12,11]}},"from":[-1,13,12],"rotation":{"angle":-45,"axis":"y","origin":[3,8,13]},"to":[7,14,13]},{"faces":{"down":{"rotation":180,"texture":"#tendrils","uv":[4,9,12,10]},"up":{"rotation":180,"texture":"#tendrils","uv":[4,9,12,10]}},"from":[-1,14,12],"rotation":{"angle":-45,"axis":"y","origin":[3,8,13]},"to":[7,15,13]},{"faces":{"east":{"texture":"#tendrils","uv":[5,8,6,16]},"west":{"texture":"#tendrils","uv":[11,8,12,16]}},"from":[-1,8,12],"rotation":{"angle":-45,"axis":"y","origin":[3,8,13]},"to":[6,16,13]},{"faces":{"east":{"texture":"#tendrils","uv":[6,8,7,16]},"west":{"texture":"#tendrils","uv":[6,8,7,16]}},"from":[4,8,12],"rotation":{"angle":-45,"axis":"y","origin":[3,8,13]},"to":[5,16,13]},{"faces":{"east":{"texture":"#tendrils","uv":[7,8,8,16]},"west":{"texture":"#tendrils","uv":[7,8,8,16]}},"from":[3,8,12],"rotation":{"angle":-45,"axis":"y","origin":[3,8,13]},"to":[4,16,13]},{"faces":{"east":{"texture":"#tendrils","uv":[8,8,9,16]},"west":{"texture":"#tendrils","uv":[8,8,9,16]}},"from":[2,8,12],"rotation":{"angle":-45,"axis":"y","origin":[3,8,13]},"to":[3,16,13]},{"faces":{"east":{"texture":"#tendrils","uv":[9,8,10,16]},"west":{"texture":"#tendrils","uv":[9,8,10,16]}},"from":[1,8,12],"rotation":{"angle":-45,"axis":"y","origin":[3,8,13]},"to":[2,16,13]},{"faces":{"east":{"texture":"#tendrils","uv":[10,8,11,16]},"west":{"texture":"#tendrils","uv":[10,8,11,16]}},"from":[0,8,12],"rotation":{"angle":-45,"axis":"y","origin":[3,8,13]},"to":[1,16,13]}],"gui_light":"front","parent":"block/block","textures":{"bottom":"block/sculk","particle":"block/sculk","side":"block/sculk_sensor_side","tendrils":"block/sculk_sensor_tendril_inactive","top":"block/sculk_sensor_top"}}