{"__comment":"Designed by GeForceLegend","elements":[{"faces":{"down":{"cullface":"down","texture":"#all","uv":[8,1,12,5]},"east":{"texture":"#all","uv":[0,5,4,11]},"north":{"texture":"#all","uv":[4,5,8,11]},"south":{"texture":"#all","uv":[12,5,16,11]},"up":{"texture":"#all","uv":[4,1,8,5]},"west":{"texture":"#all","uv":[9,5,13,11]}},"from":[6,0,6],"to":[10,6,10]},{"faces":{"east":{"texture":"#all","uv":[1,5,3,6]},"north":{"texture":"#all","uv":[5,5,7,6]},"south":{"texture":"#all","uv":[13,5,15,6]},"up":{"texture":"#all","uv":[9,2,11,4]},"west":{"texture":"#all","uv":[9,5,11,6]}},"from":[7,6,7],"to":[9,5.2,9]},{"faces":{"north":{"texture":"#all","uv":[1,0,3,5]},"south":{"texture":"#all","uv":[13,0,15,5]}},"from":[7.5,5.2,8],"light_emission":15,"rotation":{"angle":45,"axis":"y","origin":[8,8,8],"rescale":true},"shade":false,"to":[8.5,8.7,8]},{"faces":{"east":{"texture":"#all","uv":[13,0,15,5]},"west":{"texture":"#all","uv":[1,0,3,5]}},"from":[8,5.2,7.5],"light_emission":15,"rotation":{"angle":45,"axis":"y","origin":[8,8,8],"rescale":true},"shade":false,"to":[8,8.7,8.5]}],"textures":{"all":"block/sea_pickle","particle":"block/sea_pickle"}}