{"__comment":"Designed by GeForceLegend","ambientocclusion":false,"display":{"firstperson_lefthand":{"rotation":[0,225,0],"scale":[0.4,0.4,0.4]},"firstperson_righthand":{"rotation":[0,45,0],"scale":[0.4,0.4,0.4]},"fixed":{"scale":[0.5,0.5,0.5]},"ground":{"scale":[0.25,0.25,0.25],"translation":[0,3,0]},"gui":{"rotation":[30,225,0],"scale":[0.625,0.625,0.625]},"thirdperson_righthand":{"rotation":[75,45,0],"scale":[0.375,0.375,0.375],"translation":[0,2.5,0]}},"elements":[{"faces":{"north":{"cullface":"north","texture":"#front_on","uv":[0,0,16,16]},"south":{"cullface":"south","texture":"#side","uv":[0,0,16,16]}},"from":[0,0,1],"to":[16,16,16]},{"faces":{"down":{"cullface":"north","texture":"#front","uv":[14,8,2,9]},"north":{"cullface":"north","texture":"#front","uv":[2,8,14,9]},"up":{"cullface":"north","texture":"#front","uv":[14,8,2,9]}},"from":[2,7,0],"to":[14,8,1]},{"faces":{"north":{"cullface":"north","texture":"#front","uv":[12,4,14,8]}},"from":[2,8,0],"to":[4,12,1]},{"faces":{"north":{"cullface":"north","texture":"#front","uv":[2,4,3,8]},"west":{"cullface":"north","texture":"#front","uv":[2,4,3,8]}},"from":[13,8,0],"to":[14,12,1]},{"faces":{"down":{"cullface":"north","texture":"#front","uv":[16,16,0,3]},"east":{"cullface":"east","texture":"#side","uv":[0,0,16,4]},"north":{"cullface":"north","texture":"#front","uv":[0,0,16,4]},"up":{"cullface":"up","texture":"#top","uv":[0,0,16,16]},"west":{"cullface":"west","texture":"#side","uv":[0,0,16,4]}},"from":[0,12,0],"to":[16,16,16]},{"faces":{"north":{"cullface":"north","texture":"#front_on","uv":[3,7,4,8]},"up":{"cullface":"north","texture":"#front_on","uv":[3,7,4,8]},"west":{"cullface":"north","texture":"#front_on","uv":[3,7,4,8]}},"from":[12,8,0],"to":[13,9,1]},{"faces":{"down":{"cullface":"north","texture":"#front_on","uv":[3,4,4,5]},"north":{"cullface":"north","texture":"#front_on","uv":[3,4,4,5]},"west":{"cullface":"north","texture":"#front_on","uv":[3,4,4,5]}},"from":[12,11,0],"to":[13,12,1]},{"faces":{"down":{"cullface":"down","texture":"#bottom","uv":[0,0,16,16]},"east":{"cullface":"east","texture":"#side","uv":[0,14,16,16]},"north":{"cullface":"north","texture":"#front_on","uv":[0,14,16,16]},"up":{"cullface":"north","texture":"#front_on","uv":[16,15,0,0]},"west":{"cullface":"west","texture":"#side","uv":[0,14,16,16]}},"from":[0,0,0],"to":[16,2,16]},{"faces":{"east":{"cullface":"north","texture":"#front","uv":[14,4,15,14]},"north":{"cullface":"north","texture":"#front_on","uv":[14,4,16,14]},"west":{"cullface":"west","texture":"#side","uv":[0,4,16,14]}},"from":[0,2,0],"to":[2,12,16]},{"faces":{"east":{"cullface":"east","texture":"#side","uv":[0,4,16,14]},"north":{"cullface":"north","texture":"#front_on","uv":[0,4,2,14]},"west":{"cullface":"north","texture":"#front","uv":[1,4,2,14]}},"from":[14,2,0],"to":[16,12,16]},{"faces":{"down":{"cullface":"north","texture":"#front","uv":[5,7,3,8]},"east":{"cullface":"north","texture":"#front","uv":[3,4,4,8]},"north":{"cullface":"north","texture":"#front","uv":[3,4,5,8]},"up":{"cullface":"north","texture":"#front","uv":[3,4,5,6]},"west":{"cullface":"north","texture":"#front","uv":[4,4,5,8]}},"from":[3.975,7.975,-0.975],"to":[6.025,12.025,1]}],"textures":{"bottom":"block/smoker_bottom","front":"block/smoker_front","front_on":"block/smoker_front_on","particle":"block/smoker_side","side":"block/smoker_side","top":"block/smoker_top"}}