{"__comment":"Designed by GeForceLegend","elements":[{"faces":{"down":{"cullface":"down","texture":"#bottom","uv":[0,0,16,16]},"east":{"cullface":"east","texture":"#side","uv":[0,15,16,16]},"north":{"cullface":"north","texture":"#side","uv":[0,15,16,16]},"south":{"cullface":"south","texture":"#side","uv":[0,15,16,16]},"up":{"texture":"#bottom","uv":[0,0,16,16]},"west":{"cullface":"west","texture":"#side","uv":[0,15,16,16]}},"from":[0,0,0],"to":[16,1,16]},{"faces":{"north":{"texture":"#saw","tintindex":0,"uv":[1,9,15,16]},"south":{"texture":"#saw","tintindex":0,"uv":[1,9,15,16]}},"from":[1,8,8],"to":[15,15,8]},{"faces":{"east":{"texture":"#side","uv":[13,7,16,15]},"north":{"cullface":"north","texture":"#side","uv":[13,7,16,15]},"south":{"texture":"#side","uv":[0,7,3,15]},"up":{"texture":"#top","uv":[0,0,3,3]},"west":{"cullface":"west","texture":"#side","uv":[0,7,3,15]}},"from":[0,1,0],"to":[3,9,3]},{"faces":{"east":{"texture":"#side","uv":[0,7,3,15]},"north":{"texture":"#side","uv":[13,7,16,15]},"south":{"cullface":"south","texture":"#side","uv":[0,7,3,15]},"up":{"texture":"#top","uv":[0,13,3,16]},"west":{"cullface":"west","texture":"#side","uv":[13,7,16,15]}},"from":[0,1,13],"to":[3,9,16]},{"faces":{"east":{"cullface":"east","texture":"#side","uv":[0,7,3,15]},"north":{"texture":"#side","uv":[0,7,3,15]},"south":{"cullface":"south","texture":"#side","uv":[13,7,16,15]},"up":{"texture":"#top","uv":[13,13,16,16]},"west":{"texture":"#side","uv":[13,7,16,15]}},"from":[13,1,13],"to":[16,9,16]},{"faces":{"east":{"cullface":"east","texture":"#side","uv":[13,7,16,15]},"north":{"cullface":"north","texture":"#side","uv":[0,7,3,15]},"south":{"texture":"#side","uv":[13,7,16,15]},"up":{"texture":"#top","uv":[13,0,16,3]},"west":{"texture":"#side","uv":[0,7,3,15]}},"from":[13,1,0],"to":[16,9,3]},{"faces":{"east":{"texture":"#saw","uv":[7,15,9,16]},"north":{"texture":"#saw","uv":[7,15,9,16]},"south":{"texture":"#saw","uv":[7,15,9,16]},"up":{"texture":"#saw","uv":[7,15,9,16]},"west":{"texture":"#saw","uv":[7,15,9,16]}},"from":[7,8,7],"to":[9,9,9]},{"faces":{"east":{"cullface":"east","texture":"#side","uv":[1,11,15,15]},"north":{"cullface":"north","texture":"#side","uv":[1,11,15,15]},"south":{"cullface":"south","texture":"#side","uv":[1,11,15,15]},"west":{"cullface":"west","texture":"#side","uv":[1,11,15,15]}},"from":[1,1,1],"to":[15,5,15]},{"faces":{"down":{"cullface":"east","rotation":90,"texture":"#side","uv":[3,10,13,11]},"east":{"cullface":"east","texture":"#side","uv":[3,8,13,11]},"up":{"texture":"#top","uv":[13,3,16,13]}},"from":[13,5,3],"to":[16,8,13]},{"faces":{"down":{"texture":"#side","uv":[13,9,3,11]},"north":{"cullface":"north","texture":"#side","uv":[3,8,13,11]},"south":{"cullface":"south","texture":"#side","uv":[3,8,13,11]},"up":{"texture":"#top","uv":[3,0,13,16]}},"from":[3,5,0],"to":[13,8,16]},{"faces":{"down":{"cullface":"west","rotation":90,"texture":"#side","uv":[13,10,3,11]},"up":{"texture":"#top","uv":[0,3,3,13]},"west":{"cullface":"west","texture":"#side","uv":[3,8,13,11]}},"from":[0,5,3],"to":[3,8,13]}],"parent":"block/block","textures":{"bottom":"block/stonecutter_bottom","particle":"block/stonecutter_bottom","saw":"block/stonecutter_saw","side":"block/stonecutter_side","top":"block/stonecutter_top"}}