{"__comment":"Designed by GeForceLegend","gui_light":"front","ambientocclusion":false,"textures":{"particle":"#texture"},"elements":[{"from":[8.5,0,7.5],"to":[9.5,2,8.5],"rotation":{"angle":-45,"axis":"y","origin":[8,8,8]},"faces":{"north":{"uv":[3,14,4,16],"texture":"#texture"},"east":{"uv":[3,14,4,16],"texture":"#texture"},"south":{"uv":[3,14,4,16],"texture":"#texture"},"west":{"uv":[3,14,4,16],"texture":"#texture"},"up":{"uv":[3,14,4,15],"texture":"#texture"},"down":{"uv":[3,15,4,16],"texture":"#texture","cullface":"down"}}},{"from":[6.5,0,7.5],"to":[7.5,2,8.5],"rotation":{"angle":-45,"axis":"y","origin":[8,8,8]},"faces":{"north":{"uv":[5,14,6,16],"texture":"#texture"},"east":{"uv":[5,14,6,16],"texture":"#texture"},"south":{"uv":[5,14,6,16],"texture":"#texture"},"west":{"uv":[5,14,6,16],"texture":"#texture"},"up":{"uv":[5,14,6,15],"texture":"#texture"},"down":{"uv":[5,15,6,16],"texture":"#texture","cullface":"down"}}},{"from":[7.5,1,6.5],"to":[8.5,2,9.5],"rotation":{"angle":-45,"axis":"y","origin":[8,8,8]},"faces":{"up":{"uv":[4,14,5,15],"texture":"#texture"},"down":{"uv":[0,14,3,15],"rotation":90,"texture":"#texture"}}},{"from":[7.5,1,6.5],"to":[8.5,4,7.5],"rotation":{"angle":-45,"axis":"y","origin":[8,8,8]},"faces":{"north":{"uv":[2,12,3,15],"texture":"#texture"},"east":{"uv":[2,12,3,15],"texture":"#texture"},"south":{"uv":[2,12,3,15],"texture":"#texture"},"west":{"uv":[2,12,3,15],"texture":"#texture"}}},{"from":[7.5,1,8.5],"to":[8.5,4,9.5],"rotation":{"angle":-45,"axis":"y","origin":[8,8,8]},"faces":{"north":{"uv":[0,12,1,15],"texture":"#texture"},"east":{"uv":[0,12,1,15],"texture":"#texture"},"south":{"uv":[0,12,1,15],"texture":"#texture"},"west":{"uv":[0,12,1,15],"texture":"#texture"}}},{"from":[7.5,3,6.5],"to":[8.5,4,9.5],"rotation":{"angle":-45,"axis":"y","origin":[8,8,8]},"faces":{"up":{"uv":[3,12,0,13],"rotation":90,"texture":"#texture"},"down":{"uv":[1,12,2,13],"texture":"#texture"}}},{"from":[8.5,3,7.5],"to":[9.5,7,8.5],"rotation":{"angle":-45,"axis":"y","origin":[8,8,8]},"faces":{"north":{"uv":[3,9,4,13],"texture":"#texture"},"east":{"uv":[3,9,4,13],"texture":"#texture"},"south":{"uv":[3,9,4,13],"texture":"#texture"},"west":{"uv":[3,9,4,13],"texture":"#texture"},"up":{"uv":[3,9,4,10],"texture":"#texture"},"down":{"uv":[3,12,4,13],"texture":"#texture"}}},{"from":[6.5,3,7.5],"to":[7.5,7,8.5],"rotation":{"angle":-45,"axis":"y","origin":[8,8,8]},"faces":{"north":{"uv":[5,9,6,13],"texture":"#texture"},"east":{"uv":[5,9,6,13],"texture":"#texture"},"south":{"uv":[5,9,6,13],"texture":"#texture"},"west":{"uv":[5,9,6,13],"texture":"#texture"},"up":{"uv":[5,9,6,10],"texture":"#texture"},"down":{"uv":[5,12,6,13],"texture":"#texture"}}},{"from":[7.5,6,6.5],"to":[8.5,7,9.5],"rotation":{"angle":-45,"axis":"y","origin":[8,8,8]},"faces":{"up":{"uv":[4,9,5,10],"texture":"#texture"},"down":{"uv":[0,9,3,10],"rotation":90,"texture":"#texture"}}},{"from":[7.5,6,8.5],"to":[8.5,10,9.5],"rotation":{"angle":-45,"axis":"y","origin":[8,8,8]},"faces":{"north":{"uv":[0,6,1,10],"texture":"#texture"},"east":{"uv":[0,6,1,10],"texture":"#texture"},"south":{"uv":[0,6,1,10],"texture":"#texture"},"west":{"uv":[0,6,1,10],"texture":"#texture"}}},{"from":[7.5,6,6.5],"to":[8.5,10,7.5],"rotation":{"angle":-45,"axis":"y","origin":[8,8,8]},"faces":{"north":{"uv":[2,6,3,10],"texture":"#texture"},"east":{"uv":[2,6,3,10],"texture":"#texture"},"south":{"uv":[2,6,3,10],"texture":"#texture"},"west":{"uv":[2,6,3,10],"texture":"#texture"}}},{"from":[7.5,9,6.5],"to":[8.5,10,9.5],"rotation":{"angle":-45,"axis":"y","origin":[8,8,8]},"faces":{"up":{"uv":[3,6,0,7],"rotation":90,"texture":"#texture"},"down":{"uv":[4,6,5,7],"texture":"#texture"}}},{"from":[8.5,9,7.5],"to":[9.5,13,8.5],"rotation":{"angle":-45,"axis":"y","origin":[8,8,8]},"faces":{"north":{"uv":[3,3,4,7],"texture":"#texture"},"east":{"uv":[3,3,4,7],"texture":"#texture"},"south":{"uv":[3,3,4,7],"texture":"#texture"},"west":{"uv":[3,3,4,7],"texture":"#texture"},"up":{"uv":[3,3,4,4],"texture":"#texture"},"down":{"uv":[3,6,4,7],"texture":"#texture"}}},{"from":[6.5,9,7.5],"to":[7.5,13,8.5],"rotation":{"angle":-45,"axis":"y","origin":[8,8,8]},"faces":{"north":{"uv":[5,3,6,7],"texture":"#texture"},"east":{"uv":[5,3,6,7],"texture":"#texture"},"south":{"uv":[5,3,6,7],"texture":"#texture"},"west":{"uv":[5,3,6,7],"texture":"#texture"},"up":{"uv":[5,3,6,4],"texture":"#texture"},"down":{"uv":[5,6,6,7],"texture":"#texture"}}},{"from":[7.5,12,6.5],"to":[8.5,13,9.5],"rotation":{"angle":-45,"axis":"y","origin":[8,8,8]},"faces":{"up":{"uv":[4,3,5,4],"texture":"#texture"},"down":{"uv":[0,3,3,4],"rotation":90,"texture":"#texture"}}},{"from":[7.5,12,8.5],"to":[8.5,15,9.5],"rotation":{"angle":-45,"axis":"y","origin":[8,8,8]},"faces":{"north":{"uv":[0,1,1,4],"texture":"#texture"},"east":{"uv":[0,1,1,4],"texture":"#texture"},"south":{"uv":[0,1,1,4],"texture":"#texture"},"west":{"uv":[0,1,1,4],"texture":"#texture"}}},{"from":[7.5,12,6.5],"to":[8.5,15,7.5],"rotation":{"angle":-45,"axis":"y","origin":[8,8,8]},"faces":{"north":{"uv":[2,1,3,4],"texture":"#texture"},"east":{"uv":[2,1,3,4],"texture":"#texture"},"south":{"uv":[2,1,3,4],"texture":"#texture"},"west":{"uv":[2,1,3,4],"texture":"#texture"}}},{"from":[7.5,14,6.5],"to":[8.5,15,9.5],"rotation":{"angle":-45,"axis":"y","origin":[8,8,8]},"faces":{"up":{"uv":[3,1,0,2],"rotation":90,"texture":"#texture"},"down":{"uv":[4,1,5,2],"texture":"#texture"}}},{"from":[8.5,14,7.5],"to":[9.5,16,8.5],"rotation":{"angle":-45,"axis":"y","origin":[8,8,8]},"faces":{"north":{"uv":[3,0,4,2],"texture":"#texture"},"east":{"uv":[3,0,4,2],"texture":"#texture"},"south":{"uv":[3,0,4,2],"texture":"#texture"},"west":{"uv":[3,0,4,2],"texture":"#texture"},"up":{"uv":[3,0,4,1],"texture":"#texture","cullface":"up"},"down":{"uv":[3,1,4,2],"texture":"#texture"}}},{"from":[6.5,14,7.5],"to":[7.5,16,8.5],"rotation":{"angle":-45,"axis":"y","origin":[8,8,8]},"faces":{"north":{"uv":[5,0,6,2],"texture":"#texture"},"east":{"uv":[5,0,6,2],"texture":"#texture"},"south":{"uv":[5,0,6,2],"texture":"#texture"},"west":{"uv":[5,0,6,2],"texture":"#texture"},"up":{"uv":[5,0,6,1],"texture":"#texture","cullface":"up"},"down":{"uv":[5,1,6,2],"texture":"#texture"}}}],"display":{"gui":{"rotation":[0,45,0],"translation":[0,0,0],"scale":[1,1,1]},"ground":{"rotation":[0,0,0],"translation":[0,2,0],"scale":[0.5,0.5,0.5]},"head":{"rotation":[0,180,0],"translation":[0,13,7],"scale":[1,1,1]},"thirdperson_righthand":{"rotation":[0,0,0],"translation":[0,3,1],"scale":[0.55,0.55,0.55]},"firstperson_righthand":{"rotation":[0,-90,25],"translation":[1.13,3.2,1.13],"scale":[0.68,0.68,0.68]},"fixed":{"rotation":[0,180,0],"scale":[1,1,1]}}}