{"ambientocclusion":false,"elements":[{"faces":{"east":{"cullface":"east","texture":"#bars","uv":[7,0,9,16]},"north":{"cullface":"east","texture":"#bars","uv":[7,0,9,16]},"west":{"texture":"#bars","uv":[9,0,7,16]}},"from":[7,0,7],"to":[9,16,9]},{"faces":{"east":{"texture":"#bars","uv":[9,0,16,16]},"west":{"texture":"#bars","uv":[16,0,9,16]}},"from":[7,0,0],"to":[9,16,7]},{"faces":{"east":{"texture":"#bars","uv":[14,8,16,8.5]},"west":{"texture":"#bars","uv":[16,8,14,8.5]}},"from":[7,0,0],"to":[9,0.5,2]},{"faces":{"east":{"texture":"#bars","uv":[9,13,12,13.5]},"west":{"texture":"#bars","uv":[12,13,9,13.5]}},"from":[7,0,4],"to":[9,0.5,7]},{"faces":{"east":{"texture":"#bars","uv":[14,8.5,16,9]},"west":{"texture":"#bars","uv":[16,8.5,14,9]}},"from":[7,15.5,0],"to":[9,16,2]},{"faces":{"east":{"texture":"#bars","uv":[9,13.5,12,14]},"west":{"texture":"#bars","uv":[12,13.5,9,14]}},"from":[7,15.5,4],"to":[9,16,7]},{"faces":{"north":{"texture":"#bars","uv":[13,0,14,16]},"south":{"texture":"#bars","uv":[12,0,13,16]}},"from":[7,0,2],"to":[9,16,4]},{"faces":{"down":{"texture":"#edge","uv":[9,0,7,7]},"north":{"cullface":"north","texture":"#edge","uv":[7,0,9,0.5]},"up":{"texture":"#edge","uv":[7,0,9,7]}},"from":[7,0,0],"to":[9,0.5,7]},{"faces":{"down":{"texture":"#edge","uv":[9,0,7,3]},"up":{"texture":"#edge","uv":[7,4,9,7]}},"from":[7,2,4],"to":[9,4,7]},{"faces":{"down":{"texture":"#edge","uv":[9,5,7,7]},"north":{"cullface":"north","texture":"#edge","uv":[7,5,9,7]},"up":{"texture":"#edge","uv":[7,0,9,2]}},"from":[7,7,0],"to":[9,9,2]},{"faces":{"down":{"texture":"#edge","uv":[9,0,7,7]},"north":{"cullface":"north","texture":"#edge","uv":[7,0,9,0.5]},"up":{"texture":"#edge","uv":[7,0,9,7]}},"from":[7,15.5,0],"to":[9,16,7]}],"textures":{"particle":"#bars"}}