{"__comment":"Designed by GeForceLegend","display":{"fixed":{"rotation":[0,90,0],"scale":[0.5,0.5,0.5]}},"elements":[{"faces":{"down":{"cullface":"down","rotation":180,"texture":"#body","uv":[2,2,14,14]},"east":{"rotation":270,"texture":"#body","uv":[4,2,0,14]},"north":{"texture":"#body","uv":[2,12,14,16]},"south":{"texture":"#body","uv":[2,12,14,16]},"up":{"rotation":180,"texture":"#body","uv":[2,2,14,14]},"west":{"rotation":90,"texture":"#body","uv":[0,2,4,14]}},"from":[2,0,2],"to":[14,4,14]},{"faces":{"east":{"rotation":270,"texture":"#body","uv":[5,3,4,13]},"north":{"texture":"#body","uv":[4,11,12,12]},"south":{"texture":"#body","uv":[4,11,12,12]},"up":{"rotation":180,"texture":"#body","uv":[4,3,12,13]},"west":{"rotation":90,"texture":"#body","uv":[4,3,5,13]}},"from":[4,4,3],"to":[12,5,13]},{"faces":{"east":{"rotation":270,"texture":"#body","uv":[10,4,5,12]},"north":{"texture":"#body","uv":[6,6,10,11]},"south":{"texture":"#body","uv":[6,6,10,11]},"west":{"rotation":90,"texture":"#body","uv":[5,4,10,12]}},"from":[6,5,4],"to":[10,10,12]},{"faces":{"down":{"rotation":180,"texture":"#body","uv":[3,0,13,16]},"east":{"rotation":270,"texture":"#body","uv":[16,0,10,16]},"north":{"cullface":"north","texture":"#body","uv":[3,0,13,6]},"south":{"cullface":"south","texture":"#body","uv":[3,0,13,6]},"up":{"cullface":"up","rotation":180,"texture":"#top","uv":[3,0,13,16]},"west":{"rotation":90,"texture":"#body","uv":[10,0,16,16]}},"from":[3,10,0],"to":[13,16,16]}],"parent":"block/block","textures":{"body":"block/anvil","particle":"block/anvil"}}