{
	"__comment":"Designed by GeForceLegend",
	"ambientocclusion":false,
	"textures":{
		"particle":"#bars"
	},
	"elements":[
		{
			"from":[7.5,1,8],
			"to":[8.5,15,9],
			"faces":{
				"north":{"uv":[7,1,8,15],"texture":"#bars"},
				"east":{"uv":[7,1,8,15],"texture":"#bars"},
				"south":{"uv":[7,1,8,15],"texture":"#bars"},
				"west":{"uv":[7,1,8,15],"texture":"#bars"}
			}
		},
		{
			"from":[7.5,1,12],
			"to":[8.5,15,14],
			"faces":{
				"north":{"uv":[4,1,3,15],"texture":"#bars"},
				"east":{"uv":[2,1,4,15],"texture":"#bars"},
				"south":{"uv":[2,1,3,15],"texture":"#bars"},
				"west":{"uv":[4,1,2,15],"texture":"#bars"}
			}
		},
		{
			"from":[7.5,7,14],
			"to":[8.5,9,16],
			"faces":{
				"east":{"uv":[0,7,2,9],"texture":"#bars"},
				"west":{"uv":[2,7,0,9],"texture":"#bars"},
				"up":{"uv":[2,7,0,8],"rotation":90,"texture":"#bars"},
				"down":{"uv":[2,8,0,9],"rotation":270,"texture":"#bars"}
			}
		},
		{
			"from":[7,15,9],
			"to":[9,16,16],
			"faces":{
				"east":{"uv":[12,16,13,9],"rotation":270,"texture":"#bars"},
				"south":{"uv":[14,15,12,16],"texture":"#bars","cullface":"south"},
				"west":{"uv":[13,16,14,9],"rotation":90,"texture":"#bars"},
				"up":{"uv":[14,9,12,16],"texture":"#bars"},
				"down":{"uv":[14,16,12,9],"texture":"#bars"}
			}
		},
		{
			"from":[7.5,12,9],
			"to":[8.5,14,12],
			"faces":{
				"east":{"uv":[4,2,7,4],"texture":"#bars"},
				"west":{"uv":[7,2,4,4],"texture":"#bars"},
				"up":{"uv":[7,2,4,3],"rotation":90,"texture":"#bars"},
				"down":{"uv":[7,3,4,4],"rotation":270,"texture":"#bars"}
			}
		},
		{
			"from":[7,0,9],
			"to":[9,1,16],
			"faces":{
				"east":{"uv":[12,0,13,7],"rotation":270,"texture":"#bars"},
				"south":{"uv":[14,0,12,1],"texture":"#bars","cullface":"south"},
				"west":{"uv":[13,0,14,7],"rotation":90,"texture":"#bars"},
				"up":{"uv":[14,7,12,0],"texture":"#bars"},
				"down":{"uv":[14,0,12,7],"texture":"#bars"}
			}
		},
		{
			"from":[7,1,15],
			"to":[9,15,16],
			"faces":{
				"north":{"uv":[2,1,4,15],"texture":"#bars","cullface":"south"},
				"east":{"uv":[3,1,2,15],"texture":"#bars","cullface":"south"},
				"south":{"uv":[4,1,2,15],"texture":"#bars","cullface":"south"},
				"west":{"uv":[3,1,4,15],"texture":"#bars","cullface":"south"}
			}
		}
	]
}