{"ambientocclusion":false,"credit":"Made with Blockbench by Minecraft_hyr","elements":[{"faces":{"east":{"texture":"#torch","uv":[7,6,9,8]},"north":{"texture":"#torch","uv":[7,6,9,8]},"south":{"texture":"#torch","uv":[7,6,9,8]},"up":{"texture":"#torch","uv":[7,6,9,8]},"west":{"texture":"#torch","uv":[7,6,9,8]}},"from":[7,8,7],"shade":false,"to":[9,10,9]},{"faces":{"down":{"cullface":"down","texture":"#torch","uv":[7,13,9,15]},"east":{"texture":"#torch","uv":[7,8,9,16]},"north":{"texture":"#torch","uv":[7,8,9,16]},"south":{"texture":"#torch","uv":[7,8,9,16]},"west":{"texture":"#torch","uv":[7,8,9,16]}},"from":[7,0,7],"to":[9,8,9]},{"faces":{"down":{"texture":"#torch","uv":[8,6,7,5]},"east":{"texture":"#torch","uv":[10,8,9,7]},"north":{"texture":"#torch","uv":[7,7,6,6]},"south":{"texture":"#torch","uv":[10,7,9,6]},"up":{"texture":"#torch","uv":[8,5,9,6]},"west":{"texture":"#torch","uv":[7,8,6,7]}},"from":[9.5,10.5,9.5],"shade":false,"to":[6.5,7.5,6.5]}],"textures":{"particle":"#torch"}}