{
  "__comment": "Designed by GeForceLegend",
  "parent": "res_fixes:block/shadeless/block",
  "display": {
    "thirdperson_righthand": {
      "rotation": [75, 135, 0],
      "translation": [0, -1.3, -1],
      "scale": [0.75, 0.75, 0.75]
    },
    "firstperson_righthand": {
      "rotation": [0, 135, 0],
      "translation": [0, 3, 0],
      "scale": [0.4, 0.4, 0.4]
    },
    "ground": {
      "translation": [0, 1.5, 0],
      "scale": [0.5, 0.5, 0.5]
    },
    "gui": {
      "rotation": [30, 225, 0],
      "translation": [0, 3, 0],
      "scale": [0.9, 0.9, 0.9]
    },
    "head": {
      "translation": [0, 14.5, 0]
    },
    "fixed": {
      "scale": [0.75, 0.75, 0.75]
    }
  },
  "textures": {
    "particle": "#lantern"
  },
  "elements": [
    {
      "from": [5, 0, 5],
      "to": [11, 7, 11],
      "light_emission": 15,
      "shade": false,
      "faces": {
        "north": {"uv": [0, 2, 6, 9], "texture": "#lantern"},
        "east": {"uv": [0, 2, 6, 9], "texture": "#lantern"},
        "south": {"uv": [0, 2, 6, 9], "texture": "#lantern"},
        "west": {"uv": [0, 2, 6, 9], "texture": "#lantern"},
        "up": {"uv": [0, 9, 6, 15], "texture": "#lantern"},
        "down": {"uv": [0, 9, 6, 15], "texture": "#lantern", "cullface": "down"}
      }
    },
    {
      "from": [6, 7, 6],
      "to": [10, 9, 10],
      "light_emission": 15,
      "shade": false,
      "faces": {
        "north": {"uv": [1, 0, 5, 2], "texture": "#lantern"},
        "east": {"uv": [1, 0, 5, 2], "texture": "#lantern"},
        "south": {"uv": [1, 0, 5, 2], "texture": "#lantern"},
        "west": {"uv": [1, 0, 5, 2], "texture": "#lantern"},
        "up": {"uv": [1, 10, 5, 14], "texture": "#lantern"}
      }
    },
    {
      "from": [8.5, 9, 7.5],
      "to": [9.5, 11, 8.5],
      "rotation": {"angle": -45, "axis": "y", "origin": [8, 1, 8]},
      "faces": {
        "north": {"uv": [11, 10, 12, 12], "texture": "#lantern"},
        "east": {"uv": [11, 10, 12, 12], "texture": "#lantern"},
        "south": {"uv": [11, 10, 12, 12], "texture": "#lantern"},
        "west": {"uv": [11, 10, 12, 12], "texture": "#lantern"},
        "up": {"uv": [11, 10, 12, 11], "texture": "#lantern"}
      }
    },
    {
      "from": [6.5, 9, 7.5],
      "to": [7.5, 11, 8.5],
      "rotation": {"angle": -45, "axis": "y", "origin": [8, 1, 8]},
      "faces": {
        "north": {"uv": [13, 10, 14, 12], "texture": "#lantern"},
        "east": {"uv": [13, 10, 14, 12], "texture": "#lantern"},
        "south": {"uv": [13, 10, 14, 12], "texture": "#lantern"},
        "west": {"uv": [13, 10, 14, 12], "texture": "#lantern"},
        "up": {"uv": [13, 10, 14, 11], "texture": "#lantern"}
      }
    },
    {
      "from": [7.5, 10, 7.5],
      "to": [8.5, 11, 8.5],
      "rotation": {"angle": -45, "axis": "y", "origin": [8, 1, 8]},
      "faces": {
        "north": {"uv": [12, 10, 13, 11], "texture": "#lantern"},
        "south": {"uv": [12, 10, 13, 11], "texture": "#lantern"},
        "up": {"uv": [12, 10, 13, 11], "texture": "#lantern"},
        "down": {"uv": [12, 10, 13, 11], "texture": "#lantern"}
      }
    }
  ]
}
