{"__comment":"Designed by GeForceLegend","parent":"block/block","textures":{"particle":"#dirt"},"elements":[{"from":[13,15,0],"to":[16,15.5,16],"faces":{"north":{"uv":[0,0.5,3,1],"texture":"#dirt","cullface":"north"},"east":{"uv":[0,0.5,16,1],"texture":"#dirt","cullface":"east"},"south":{"uv":[13,0.5,16,1],"texture":"#dirt","cullface":"south"},"west":{"uv":[13,0,14,16],"rotation":270,"texture":"#top"},"up":{"uv":[13,0,16,16],"texture":"#top"}}},{"from":[12.001,15,6],"to":[13,15.5,7],"faces":{"north":{"uv":[12,6,13,7],"texture":"#top"},"south":{"uv":[12,6,13,7],"texture":"#top"},"west":{"uv":[12,6,13,7],"texture":"#top"},"up":{"uv":[12,6,13,7],"texture":"#top"}}},{"from":[10,15,11],"to":[11,15.5,15],"faces":{"north":{"uv":[10,11,11,12],"texture":"#top"},"east":{"uv":[11,15,10,11],"rotation":270,"texture":"#top"},"south":{"uv":[10,14,11,15],"texture":"#top"},"up":{"uv":[10,11,11,15],"texture":"#top"}}},{"from":[10,15,7],"to":[11,15.5,8],"faces":{"north":{"uv":[11,7,10,8],"texture":"#top"},"east":{"uv":[11,8,10,7],"rotation":270,"texture":"#top"},"south":{"uv":[10,7,11,8],"texture":"#top"},"up":{"uv":[10,7,11,8],"texture":"#top"}}},{"from":[10,15,1],"to":[11,15.5,5],"faces":{"north":{"uv":[10,1,11,2],"texture":"#top"},"east":{"uv":[11,5,10,1],"rotation":270,"texture":"#top"},"south":{"uv":[10,4,11,5],"texture":"#top"},"up":{"uv":[10,1,11,5],"texture":"#top"}}},{"from":[5,15,0],"to":[10,15.5,16],"faces":{"north":{"uv":[6,0.5,11,1],"texture":"#dirt","cullface":"north"},"east":{"uv":[10,16,9,0],"rotation":270,"texture":"#top"},"south":{"uv":[5,0.5,10,1],"texture":"#dirt","cullface":"south"},"west":{"uv":[5,0,6,16],"rotation":270,"texture":"#top"},"up":{"uv":[5,0,10,16],"texture":"#top"}}},{"from":[4.001,15,11],"to":[5,15.5,11.999],"faces":{"north":{"uv":[4,11,5,12],"texture":"#top"},"south":{"uv":[4,11,5,12],"texture":"#top"},"west":{"uv":[4,11,5,12],"texture":"#top"},"up":{"uv":[4,11,5,12],"texture":"#top"}}},{"from":[4,15,1],"to":[5,15.5,2],"faces":{"north":{"uv":[4,1,5,2],"texture":"#top"},"south":{"uv":[4,1,5,2],"texture":"#top"},"west":{"uv":[4,1,5,2],"texture":"#top"},"up":{"uv":[4,1,5,2],"texture":"#top"}}},{"from":[3,15,4.001],"to":[3.999,15.5,5],"faces":{"north":{"uv":[4,4,3,5],"texture":"#top"},"east":{"uv":[4,5,3,4],"rotation":270,"texture":"#top"},"south":{"uv":[3,4,4,5],"texture":"#top"},"west":{"uv":[3,4,4,5],"rotation":270,"texture":"#top"},"up":{"uv":[3,4,4,5],"texture":"#top"}}},{"from":[2,15,13],"to":[3,15.5,15],"faces":{"north":{"uv":[3,13,2,14],"texture":"#top"},"east":{"uv":[3,15,2,13],"rotation":270,"texture":"#top"},"south":{"uv":[2,14,3,15],"texture":"#top"},"up":{"uv":[2,13,3,15],"texture":"#top"}}},{"from":[2,15,11],"to":[3,15.5,11.999],"faces":{"north":{"uv":[3,11,2,12],"texture":"#top"},"east":{"uv":[3,12,2,11],"rotation":270,"texture":"#top"},"south":{"uv":[2,11,3,12],"texture":"#top"},"up":{"uv":[2,11,3,12],"texture":"#top"}}},{"from":[2,15,6],"to":[3,15.5,10],"faces":{"north":{"uv":[3,6,2,7],"texture":"#top"},"east":{"uv":[3,10,2,6],"rotation":270,"texture":"#top"},"south":{"uv":[2,9,3,10],"texture":"#top"},"up":{"uv":[2,6,3,10],"texture":"#top"}}},{"from":[2,15,1],"to":[3,15.5,3],"faces":{"north":{"uv":[3,1,2,2],"texture":"#top"},"east":{"uv":[3,3,2,1],"rotation":270,"texture":"#top"},"south":{"uv":[2,2,3,3],"texture":"#top"},"up":{"uv":[2,1,3,3],"texture":"#top"}}},{"from":[0,15,0],"to":[2,15.5,16],"faces":{"north":{"uv":[14,0.5,16,1],"texture":"#dirt","cullface":"north"},"east":{"uv":[2,16,1,0],"rotation":270,"texture":"#top"},"south":{"uv":[0,0.5,2,1],"texture":"#dirt","cullface":"south"},"west":{"uv":[0,0.5,16,1],"texture":"#dirt","cullface":"west"},"up":{"uv":[0,0,2,16],"texture":"#top"}}},{"from":[0,0,0],"to":[16,15,16],"faces":{"north":{"uv":[0,1,16,16],"texture":"#dirt","cullface":"north"},"east":{"uv":[0,1,16,16],"texture":"#dirt","cullface":"east"},"south":{"uv":[0,1,16,16],"texture":"#dirt","cullface":"south"},"west":{"uv":[0,1,16,16],"texture":"#dirt","cullface":"west"},"up":{"uv":[0,0,16,16],"texture":"#top"},"down":{"uv":[0,0,16,16],"texture":"#dirt","cullface":"down"}}}]}