{"__comment":"Designed by GeForceLegend","elements":[{"faces":{"down":{"cullface":"down","texture":"#side","uv":[0,0,16,16]},"up":{"texture":"#top","uv":[-0.0313,-0.0313,16.0313,16.0313]}},"from":[0,0,0],"to":[16,5,16]},{"faces":{"north":{"cullface":"north","texture":"#side","uv":[0,10,16,16]},"south":{"texture":"#top","uv":[0,0,16,1]},"up":{"texture":"#top","uv":[0,0,16,1]}},"from":[0,0,0],"to":[16,6,1]},{"faces":{"north":{"texture":"#top","uv":[0,15,16,16]},"south":{"cullface":"south","texture":"#side","uv":[0,10,16,16]},"up":{"texture":"#top","uv":[0,15,16,16]}},"from":[0,0,15],"to":[16,6,16]},{"faces":{"east":{"texture":"#top","uv":[0,0,1,16]},"up":{"texture":"#top","uv":[0,0,1,16]},"west":{"cullface":"west","texture":"#side","uv":[0,10,16,16]}},"from":[0,0,0],"to":[1,6,16]},{"faces":{"east":{"cullface":"east","texture":"#side","uv":[0,10,16,16]},"up":{"texture":"#top","uv":[15,0,16,16]},"west":{"texture":"#top","uv":[15,0,16,16]}},"from":[15,0,0],"to":[16,6,16]},{"faces":{"east":{"texture":"#top","uv":[5,1,6,15]},"up":{"texture":"#top","uv":[5,1,6,15]},"west":{"texture":"#top","uv":[5,1,6,15]}},"from":[5,5,1],"to":[6,6,15]},{"faces":{"east":{"texture":"#top","uv":[10,1,11,15]},"up":{"texture":"#top","uv":[10,1,11,15]},"west":{"texture":"#top","uv":[10,1,11,15]}},"from":[10,5,1],"to":[11,6,15]},{"faces":{"north":{"texture":"#top","uv":[1,5,15,6]},"south":{"texture":"#top","uv":[1,5,15,6]},"up":{"texture":"#top","uv":[1,5,15,6]}},"from":[1,5,5],"to":[15,6,6]},{"faces":{"north":{"texture":"#top","uv":[1,10,15,11]},"south":{"texture":"#top","uv":[1,10,15,11]},"up":{"texture":"#top","uv":[1,10,15,11]}},"from":[1,5,10],"to":[15,6,11]},{"faces":{"north":{"texture":"#top","uv":[15,2,1,3]},"south":{"texture":"#top","uv":[1,3,15,4]},"up":{"texture":"#top","uv":[1,2,15,4]}},"from":[1,5,2],"to":[15,5.5,4]},{"faces":{"north":{"texture":"#top","uv":[15,7,1,8]},"south":{"texture":"#top","uv":[1,8,15,9]},"up":{"texture":"#top","uv":[1,7,15,9]}},"from":[1,5,7],"to":[15,5.5,9]},{"faces":{"north":{"texture":"#top","uv":[15,12,1,13]},"south":{"texture":"#top","uv":[1,13,15,14]},"up":{"texture":"#top","uv":[1,12,15,14]}},"from":[1,5,12],"to":[15,5.5,14]},{"faces":{"east":{"texture":"#top","uv":[13,14,14,15]},"up":{"texture":"#top","uv":[12,14,14,15]},"west":{"texture":"#top","uv":[12,14,13,15]}},"from":[12,5,14],"to":[14,5.5,15]},{"faces":{"east":{"rotation":90,"texture":"#top","uv":[13,9,14,12]},"up":{"texture":"#top","uv":[12,9,14,12]},"west":{"rotation":90,"texture":"#top","uv":[12,12,13,9]}},"from":[12,5,9],"to":[14,5.5,12]},{"faces":{"east":{"rotation":90,"texture":"#top","uv":[13,4,14,7]},"up":{"texture":"#top","uv":[12,4,14,7]},"west":{"rotation":90,"texture":"#top","uv":[12,7,13,4]}},"from":[12,5,4],"to":[14,5.5,7]},{"faces":{"east":{"texture":"#top","uv":[13,1,14,2]},"up":{"texture":"#top","uv":[12,1,14,2]},"west":{"texture":"#top","uv":[12,1,13,2]}},"from":[12,5,1],"to":[14,5.5,2]},{"faces":{"east":{"texture":"#top","uv":[8,1,9,2]},"up":{"texture":"#top","uv":[7,1,9,2]},"west":{"texture":"#top","uv":[7,1,8,2]}},"from":[7,5,1],"to":[9,5.5,2]},{"faces":{"east":{"rotation":90,"texture":"#top","uv":[8,4,9,7]},"up":{"texture":"#top","uv":[7,4,9,7]},"west":{"rotation":90,"texture":"#top","uv":[7,7,8,4]}},"from":[7,5,4],"to":[9,5.5,7]},{"faces":{"east":{"rotation":90,"texture":"#top","uv":[8,9,9,12]},"up":{"texture":"#top","uv":[7,9,9,12]},"west":{"rotation":90,"texture":"#top","uv":[7,12,8,9]}},"from":[7,5,9],"to":[9,5.5,12]},{"faces":{"east":{"texture":"#top","uv":[8,14,9,15]},"up":{"texture":"#top","uv":[7,14,9,15]},"west":{"texture":"#top","uv":[7,14,8,15]}},"from":[7,5,14],"to":[9,5.5,15]},{"faces":{"east":{"texture":"#top","uv":[3,14,4,15]},"up":{"texture":"#top","uv":[2,14,4,15]},"west":{"texture":"#top","uv":[2,14,3,15]}},"from":[2,5,14],"to":[4,5.5,15]},{"faces":{"east":{"rotation":90,"texture":"#top","uv":[3,9,4,12]},"up":{"texture":"#top","uv":[2,9,4,12]},"west":{"rotation":90,"texture":"#top","uv":[2,12,3,9]}},"from":[2,5,9],"to":[4,5.5,12]},{"faces":{"east":{"rotation":90,"texture":"#top","uv":[3,4,4,7]},"up":{"texture":"#top","uv":[2,4,4,7]},"west":{"rotation":90,"texture":"#top","uv":[2,7,3,4]}},"from":[2,5,4],"to":[4,5.5,7]},{"faces":{"east":{"texture":"#top","uv":[3,1,4,2]},"up":{"texture":"#top","uv":[2,1,4,2]},"west":{"texture":"#top","uv":[2,1,3,2]}},"from":[2,5,1],"to":[4,5.5,2]}],"parent":"block/thin_block","textures":{"particle":"#top"}}