{"__comment":"Designed by GeForceLegend","elements":[{"faces":{"down":{"cullface":"down","texture":"#bottom","uv":[1,1,15,15]},"east":{"texture":"#side","uv":[1,8,15,16]},"north":{"texture":"#side","uv":[1,8,15,16]},"south":{"texture":"#side","uv":[1,8,15,16]},"up":{"texture":"#top","uv":[1,1,15,15]},"west":{"texture":"#side","uv":[1,8,15,16]}},"from":[1,0,1],"to":[15,8,15]},{"faces":{"east":{"rotation":90,"texture":"#top","uv":[9,7,10,9]},"north":{"texture":"#top","uv":[10,7,6,8]},"south":{"texture":"#top","uv":[6,8,10,9]},"up":{"texture":"#top","uv":[6,7,10,9]},"west":{"texture":"#top","uv":[6,7,7,8]}},"from":[6,8,7],"to":[10,8.5,9]},{"faces":{"east":{"rotation":90,"texture":"#top","uv":[8,6,9,10]},"north":{"texture":"#top","uv":[9,6,7,7]},"south":{"texture":"#top","uv":[7,9,9,10]},"up":{"texture":"#top","uv":[7,6,9,10]},"west":{"rotation":90,"texture":"#top","uv":[7,6,8,10]}},"from":[7,8,6],"to":[9,8.5,10]},{"faces":{"east":{"texture":"#top","uv":[6,4,4,5]},"north":{"texture":"#top","uv":[6,3,4,4]},"south":{"texture":"#top","uv":[4,4,6,5]},"up":{"texture":"#top","uv":[4,3,6,5]},"west":{"texture":"#top","uv":[4,3,6,4]}},"from":[4,8,3],"to":[6,8.5,5]},{"faces":{"east":{"rotation":90,"texture":"#top","uv":[4,11,5,13]},"north":{"texture":"#top","uv":[5,11,3,12]},"south":{"texture":"#top","uv":[3,12,5,13]},"up":{"texture":"#top","uv":[3,11,5,13]},"west":{"texture":"#top","uv":[3,11,5,12]}},"from":[3,8,11],"to":[5,8.5,13]},{"faces":{"east":{"texture":"#top","uv":[2,7,3,8]},"north":{"texture":"#top","uv":[2,7,3,8]},"south":{"texture":"#top","uv":[2,7,3,8]},"up":{"texture":"#top","uv":[2,7,3,8]},"west":{"texture":"#top","uv":[2,7,3,8]}},"from":[2,8,7],"to":[3,8.5,8]},{"faces":{"east":{"texture":"#top","uv":[11,2,12,3]},"north":{"texture":"#top","uv":[11,2,12,3]},"south":{"texture":"#top","uv":[11,2,12,3]},"up":{"texture":"#top","uv":[11,2,12,3]},"west":{"texture":"#top","uv":[11,2,12,3]}},"from":[11,8,2],"to":[12,8.5,3]},{"faces":{"east":{"texture":"#top","uv":[11,5,12,6]},"north":{"texture":"#top","uv":[11,5,12,6]},"south":{"texture":"#top","uv":[11,5,12,6]},"up":{"texture":"#top","uv":[11,5,12,6]},"west":{"texture":"#top","uv":[11,5,12,6]}},"from":[11,8,5],"to":[12,8.5,6]},{"faces":{"east":{"texture":"#top","uv":[13,9,14,10]},"north":{"texture":"#top","uv":[13,9,14,10]},"south":{"texture":"#top","uv":[13,9,14,10]},"up":{"texture":"#top","uv":[13,9,14,10]},"west":{"texture":"#top","uv":[13,9,14,10]}},"from":[13,8,9],"to":[14,8.5,10]},{"faces":{"east":{"texture":"#top","uv":[10,12,11,13]},"north":{"texture":"#top","uv":[10,12,11,13]},"south":{"texture":"#top","uv":[10,12,11,13]},"up":{"texture":"#top","uv":[10,12,11,13]},"west":{"texture":"#top","uv":[10,12,11,13]}},"from":[10,8,12],"to":[11,8.5,13]},{"faces":{"east":{"texture":"#candle","uv":[0,8,2,14]},"north":{"texture":"#candle","uv":[0,8,2,14]},"south":{"texture":"#candle","uv":[0,8,2,14]},"up":{"texture":"#candle","uv":[0,6,2,8]},"west":{"texture":"#candle","uv":[0,8,2,14]}},"from":[7,8,7],"to":[9,14,9]},{"faces":{"north":{"texture":"#candle","uv":[0,5,1,6]},"south":{"texture":"#candle","uv":[0,5,1,6]}},"from":[7.5,14,8],"rotation":{"angle":-45,"axis":"y","origin":[8,14,8]},"to":[8.5,15,8]},{"faces":{"north":{"texture":"#candle","uv":[0,5,1,6]},"south":{"texture":"#candle","uv":[0,5,1,6]}},"from":[7.5,14,8],"rotation":{"angle":45,"axis":"y","origin":[8,14,8]},"to":[8.5,15,8]}],"textures":{"bottom":"block/cake_bottom","particle":"block/cake_side","side":"block/cake_side","top":"block/cake_top"}}