{"__comment":"Designed by GeForceLegend","elements":[{"faces":{"down":{"cullface":"down","texture":"#lantern","uv":[0,9,6,15]},"east":{"texture":"#lantern","uv":[0,2,6,9]},"north":{"texture":"#lantern","uv":[0,2,6,9]},"south":{"texture":"#lantern","uv":[0,2,6,9]},"up":{"texture":"#lantern","uv":[0,9,6,15]},"west":{"texture":"#lantern","uv":[0,2,6,9]}},"from":[5,0,5],"light_emission":15,"to":[11,7,11]},{"faces":{"east":{"texture":"#lantern","uv":[1,0,5,2]},"north":{"texture":"#lantern","uv":[1,0,5,2]},"south":{"texture":"#lantern","uv":[1,0,5,2]},"up":{"texture":"#lantern","uv":[1,10,5,14]},"west":{"texture":"#lantern","uv":[1,0,5,2]}},"from":[6,7,6],"light_emission":15,"to":[10,9,10]},{"faces":{"east":{"texture":"#lantern","uv":[11,10,12,12]},"north":{"texture":"#lantern","uv":[11,10,12,12]},"south":{"texture":"#lantern","uv":[11,10,12,12]},"up":{"texture":"#lantern","uv":[11,10,12,11]},"west":{"texture":"#lantern","uv":[11,10,12,12]}},"from":[8.5,9,7.5],"light_emission":15,"rotation":{"angle":-45,"axis":"y","origin":[8,1,8]},"to":[9.5,11,8.5]},{"faces":{"east":{"texture":"#lantern","uv":[13,10,14,12]},"north":{"texture":"#lantern","uv":[13,10,14,12]},"south":{"texture":"#lantern","uv":[13,10,14,12]},"up":{"texture":"#lantern","uv":[13,10,14,11]},"west":{"texture":"#lantern","uv":[13,10,14,12]}},"from":[6.5,9,7.5],"light_emission":15,"rotation":{"angle":-45,"axis":"y","origin":[8,1,8]},"to":[7.5,11,8.5]},{"faces":{"down":{"texture":"#lantern","uv":[12,10,13,11]},"north":{"texture":"#lantern","uv":[12,10,13,11]},"south":{"texture":"#lantern","uv":[12,10,13,11]},"up":{"texture":"#lantern","uv":[12,10,13,11]}},"from":[7.5,10,7.5],"light_emission":15,"rotation":{"angle":-45,"axis":"y","origin":[8,1,8]},"to":[8.5,11,8.5]}],"parent":"block/block","textures":{"particle":"#lantern"}}