{"__comment":"Designed by GeForceLegend","elements":[{"faces":{"down":{"texture":"#lantern","uv":[0,9,6,15]},"east":{"texture":"#lantern","uv":[0,2,6,9]},"north":{"texture":"#lantern","uv":[0,2,6,9]},"south":{"texture":"#lantern","uv":[0,2,6,9]},"up":{"texture":"#lantern","uv":[0,9,6,15]},"west":{"texture":"#lantern","uv":[0,2,6,9]}},"from":[5,1,5],"light_emission":15,"to":[11,8,11]},{"faces":{"east":{"texture":"#lantern","uv":[1,0,5,2]},"north":{"texture":"#lantern","uv":[1,0,5,2]},"south":{"texture":"#lantern","uv":[1,0,5,2]},"up":{"texture":"#lantern","uv":[1,10,5,14]},"west":{"texture":"#lantern","uv":[1,0,5,2]}},"from":[6,8,6],"light_emission":15,"to":[10,10,10]},{"faces":{"east":{"texture":"#lantern","uv":[11,10,12,12]},"north":{"texture":"#lantern","uv":[11,10,12,12]},"south":{"texture":"#lantern","uv":[11,10,12,12]},"west":{"texture":"#lantern","uv":[11,10,12,12]}},"from":[8.5,10,7.5],"rotation":{"angle":-45,"axis":"y","origin":[8,8,8]},"to":[9.5,12,8.5]},{"faces":{"east":{"texture":"#lantern","uv":[13,10,14,12]},"north":{"texture":"#lantern","uv":[13,10,14,12]},"south":{"texture":"#lantern","uv":[13,10,14,12]},"west":{"texture":"#lantern","uv":[13,10,14,12]}},"from":[6.5,10,7.5],"rotation":{"angle":-45,"axis":"y","origin":[8,8,8]},"to":[7.5,12,8.5]},{"faces":{"down":{"texture":"#lantern","uv":[12,10,13,11]},"up":{"texture":"#lantern","uv":[14,10,11,11]}},"from":[6.5,11,7.5],"rotation":{"angle":-45,"axis":"y","origin":[8,8,8]},"to":[9.5,12,8.5]},{"faces":{"east":{"texture":"#lantern","uv":[11,6,12,8]},"north":{"texture":"#lantern","uv":[11,6,12,8]},"south":{"texture":"#lantern","uv":[11,6,12,8]},"up":{"cullface":"up","rotation":270,"texture":"#lantern","uv":[11,6,12,7]},"west":{"texture":"#lantern","uv":[11,6,12,8]}},"from":[8.5,14,7.5],"rotation":{"angle":-45,"axis":"y","origin":[8,8,8]},"to":[9.5,16,8.5]},{"faces":{"east":{"texture":"#lantern","uv":[13,6,14,8]},"north":{"texture":"#lantern","uv":[13,6,14,8]},"south":{"texture":"#lantern","uv":[13,6,14,8]},"up":{"cullface":"up","rotation":270,"texture":"#lantern","uv":[13,6,14,7]},"west":{"texture":"#lantern","uv":[13,6,14,8]}},"from":[6.5,14,7.5],"rotation":{"angle":-45,"axis":"y","origin":[8,8,8]},"to":[7.5,16,8.5]},{"faces":{"down":{"texture":"#lantern","uv":[14,7,11,8]},"up":{"texture":"#lantern","uv":[12,7,13,8]}},"from":[6.5,14,7.5],"rotation":{"angle":-45,"axis":"y","origin":[8,8,8]},"to":[9.5,15,8.5]},{"faces":{"down":{"rotation":90,"texture":"#lantern","uv":[13,4,14,5]},"east":{"texture":"#lantern","uv":[13,1,14,5]},"north":{"texture":"#lantern","uv":[13,1,14,5]},"south":{"texture":"#lantern","uv":[13,1,14,5]},"up":{"rotation":270,"texture":"#lantern","uv":[13,1,14,2]},"west":{"texture":"#lantern","uv":[13,1,14,5]}},"from":[7.5,11,6.5],"rotation":{"angle":-45,"axis":"y","origin":[8,8,8]},"to":[8.5,15,7.5]},{"faces":{"down":{"rotation":90,"texture":"#lantern","uv":[11,4,12,5]},"east":{"texture":"#lantern","uv":[11,1,12,5]},"north":{"texture":"#lantern","uv":[11,1,12,5]},"south":{"texture":"#lantern","uv":[11,1,12,5]},"up":{"rotation":270,"texture":"#lantern","uv":[11,1,12,2]},"west":{"texture":"#lantern","uv":[11,1,12,5]}},"from":[7.5,11,8.5],"rotation":{"angle":-45,"axis":"y","origin":[8,8,8]},"to":[8.5,15,9.5]}],"parent":"block/block","textures":{"particle":"#lantern"}}