{"__comment":"Designed by GeForceLegend","elements":[{"faces":{"down":{"cullface":"down","texture":"#all","uv":[8,1,12,5]},"east":{"texture":"#all","uv":[0,5,4,11]},"north":{"texture":"#all","uv":[4,5,8,11]},"south":{"texture":"#all","uv":[12,5,16,11]},"up":{"texture":"#all","uv":[4,1,8,5]},"west":{"texture":"#all","uv":[8,5,12,11]}},"from":[6,0,9],"to":[10,6,13]},{"faces":{"east":{"texture":"#all","uv":[1,5,3,6]},"north":{"texture":"#all","uv":[5,5,7,6]},"south":{"texture":"#all","uv":[13,5,15,6]},"up":{"texture":"#all","uv":[9,2,11,4]},"west":{"texture":"#all","uv":[9,5,11,6]}},"from":[7,6,10],"to":[9,5.2,12]},{"faces":{"down":{"cullface":"down","texture":"#all","uv":[8,1,12,5]},"east":{"texture":"#all","uv":[8,5,12,9]},"north":{"texture":"#all","uv":[12,5,16,9]},"south":{"texture":"#all","uv":[4,5,8,9]},"up":{"texture":"#all","uv":[4,1,8,5]},"west":{"texture":"#all","uv":[0,5,4,9]}},"from":[2,0,2],"to":[6,4,6]},{"faces":{"east":{"texture":"#all","uv":[1,5,3,6]},"north":{"texture":"#all","uv":[5,5,7,6]},"south":{"texture":"#all","uv":[13,5,15,6]},"up":{"texture":"#all","uv":[9,2,11,4]},"west":{"texture":"#all","uv":[9,5,11,6]}},"from":[3,4,3],"to":[5,3.2,5]},{"faces":{"down":{"cullface":"down","texture":"#all","uv":[8,1,12,5]},"east":{"texture":"#all","uv":[8,5,12,11]},"north":{"texture":"#all","uv":[12,5,16,11]},"south":{"texture":"#all","uv":[4,5,8,11]},"up":{"texture":"#all","uv":[4,1,8,5]},"west":{"texture":"#all","uv":[0,5,4,11]}},"from":[8,0,4],"to":[12,6,8]},{"faces":{"east":{"texture":"#all","uv":[1,5,3,6]},"north":{"texture":"#all","uv":[5,5,7,6]},"south":{"texture":"#all","uv":[13,5,15,6]},"up":{"texture":"#all","uv":[9,2,11,4]},"west":{"texture":"#all","uv":[9,5,11,6]}},"from":[9,6,5],"to":[11,5.2,7]},{"faces":{"north":{"texture":"#all","uv":[1,0,3,5]},"south":{"texture":"#all","uv":[13,0,15,5]}},"from":[7.5,5.2,11],"light_emission":15,"rotation":{"angle":45,"axis":"y","origin":[8,8,11],"rescale":true},"shade":false,"to":[8.5,8.7,11]},{"faces":{"east":{"texture":"#all","uv":[13,0,15,5]},"west":{"texture":"#all","uv":[1,0,3,5]}},"from":[8,5.2,10.5],"light_emission":15,"rotation":{"angle":45,"axis":"y","origin":[8,8,11],"rescale":true},"shade":false,"to":[8,8.7,11.5]},{"faces":{"north":{"texture":"#all","uv":[1,0,3,5]},"south":{"texture":"#all","uv":[13,0,15,5]}},"from":[3.5,3.2,4],"light_emission":15,"rotation":{"angle":45,"axis":"y","origin":[4,8,4],"rescale":true},"shade":false,"to":[4.5,6.7,4]},{"faces":{"east":{"texture":"#all","uv":[13,0,15,5]},"west":{"texture":"#all","uv":[1,0,3,5]}},"from":[4,3.2,3.5],"light_emission":15,"rotation":{"angle":45,"axis":"y","origin":[4,8,4],"rescale":true},"shade":false,"to":[4,6.7,4.5]},{"faces":{"north":{"texture":"#all","uv":[1,0,3,5]},"south":{"texture":"#all","uv":[13,0,15,5]}},"from":[9.5,5.2,6],"light_emission":15,"rotation":{"angle":45,"axis":"y","origin":[10,8,6],"rescale":true},"shade":false,"to":[10.5,8.7,6]},{"faces":{"east":{"texture":"#all","uv":[13,0,15,5]},"west":{"texture":"#all","uv":[1,0,3,5]}},"from":[10,5.2,5.5],"light_emission":15,"rotation":{"angle":45,"axis":"y","origin":[10,8,6],"rescale":true},"shade":false,"to":[10,8.7,6.5]}],"textures":{"all":"block/sea_pickle","particle":"block/sea_pickle"}}