{"__comment":"Designed by GeForceLegend","ambientocclusion":false,"elements":[{"faces":{"down":{"rotation":90,"texture":"#tripwire","uv":[0,6,16,4]},"up":{"rotation":90,"texture":"#tripwire","uv":[0,4,16,6]}},"from":[7.75,1.5,3.3],"rotation":{"angle":-22.5,"axis":"x","origin":[8,1.5,0],"rescale":true},"shade":false,"to":[8.25,1.5,6.7]},{"faces":{"down":{"rotation":90,"texture":"#tripwire","uv":[0,6,16,4]},"up":{"rotation":90,"texture":"#tripwire","uv":[0,4,16,6]}},"from":[7.75,1.5,0],"rotation":{"angle":-22.5,"axis":"x","origin":[8,1.5,0],"rescale":true},"shade":false,"to":[8.25,1.5,3.3]},{"faces":{"down":{"texture":"#hook","uv":[5,3,11,9]},"east":{"texture":"#hook","uv":[5,3,11,4]},"north":{"texture":"#hook","uv":[5,3,11,4]},"south":{"texture":"#hook","uv":[5,8,11,9]},"up":{"texture":"#hook","uv":[5,3,11,9]},"west":{"texture":"#hook","uv":[5,8,11,9]}},"from":[6.2,3.9,6.7],"rotation":{"angle":-22.5,"axis":"x","origin":[8,4.2,6.7]},"to":[9.8,4.7,10.3]},{"faces":{"east":{"texture":"#hook","uv":[7,3,9,4]},"north":{"texture":"#hook","uv":[7,8,9,9]},"south":{"texture":"#hook","uv":[7,3,9,4]},"west":{"texture":"#hook","uv":[7,8,9,9]}},"from":[7.4,3.9,9.1],"rotation":{"angle":-22.5,"axis":"x","origin":[8,4.2,6.7]},"to":[8.6,4.7,7.9]},{"faces":{"down":{"texture":"#wood","uv":[7,9,9,14]},"east":{"texture":"#wood","uv":[9,9,14,11]},"north":{"texture":"#wood","uv":[7,9,9,11]},"south":{"texture":"#wood","uv":[7,9,9,11]},"up":{"texture":"#wood","uv":[7,2,9,7]},"west":{"texture":"#wood","uv":[2,9,7,11]}},"from":[7.3,5.2,10],"to":[8.7,6.8,14]},{"faces":{"down":{"texture":"#wood","uv":[6,14,10,16]},"east":{"texture":"#wood","uv":[14,7,16,15]},"north":{"texture":"#wood","uv":[6,7,10,15]},"south":{"cullface":"south","texture":"#wood","uv":[6,7,10,15]},"up":{"texture":"#wood","uv":[6,0,10,2]},"west":{"texture":"#wood","uv":[0,7,2,15]}},"from":[6,1,14],"to":[10,9,16]}],"textures":{"hook":"block/tripwire_hook","particle":"block/oak_planks","tripwire":"block/tripwire","wood":"block/oak_planks"}}