{"__comment":"Designed by GeForceLegend","elements":[{"faces":{"down":{"cullface":"down","texture":"#all","uv":[8,1,12,5]},"east":{"texture":"#all","uv":[0,5,4,11]},"north":{"texture":"#all","uv":[4,5,8,11]},"south":{"texture":"#all","uv":[12,5,16,11]},"up":{"texture":"#all","uv":[4,1,8,5]},"west":{"texture":"#all","uv":[8,5,12,11]}},"from":[3,0,3],"to":[7,6,7]},{"faces":{"east":{"texture":"#all","uv":[1,5,3,6]},"north":{"texture":"#all","uv":[5,5,7,6]},"south":{"texture":"#all","uv":[13,5,15,6]},"up":{"texture":"#all","uv":[9,2,11,4]},"west":{"texture":"#all","uv":[9,5,11,6]}},"from":[4,6,4],"to":[6,5.2,6]},{"faces":{"down":{"cullface":"down","texture":"#all","uv":[8,1,12,5]},"east":{"texture":"#all","uv":[0,5,4,9]},"north":{"texture":"#all","uv":[4,5,8,9]},"south":{"texture":"#all","uv":[12,5,16,9]},"up":{"texture":"#all","uv":[4,1,8,5]},"west":{"texture":"#all","uv":[8,5,12,9]}},"from":[8,0,8],"to":[12,4,12]},{"faces":{"east":{"texture":"#all","uv":[1,5,3,6]},"north":{"texture":"#all","uv":[5,5,7,6]},"south":{"texture":"#all","uv":[13,5,15,6]},"up":{"texture":"#all","uv":[9,2,11,4]},"west":{"texture":"#all","uv":[9,5,11,6]}},"from":[9,4,9],"to":[11,3.2,11]},{"faces":{"north":{"texture":"#all","uv":[1,0,3,5]},"south":{"texture":"#all","uv":[13,0,15,5]}},"from":[4.5,5.2,5],"light_emission":15,"rotation":{"angle":45,"axis":"y","origin":[5,5.6,5],"rescale":true},"shade":false,"to":[5.5,8.7,5]},{"faces":{"east":{"texture":"#all","uv":[13,0,15,5]},"west":{"texture":"#all","uv":[1,0,3,5]}},"from":[5,5.2,4.5],"light_emission":15,"rotation":{"angle":45,"axis":"y","origin":[5,5.6,5],"rescale":true},"shade":false,"to":[5,8.7,5.5]},{"faces":{"north":{"texture":"#all","uv":[1,0,3,5]},"south":{"texture":"#all","uv":[13,0,15,5]}},"from":[9.5,3.2,10],"light_emission":15,"rotation":{"angle":45,"axis":"y","origin":[10,8,10],"rescale":true},"shade":false,"to":[10.5,6.7,10]},{"faces":{"east":{"texture":"#all","uv":[13,0,15,5]},"west":{"texture":"#all","uv":[1,0,3,5]}},"from":[10,3.2,9.5],"light_emission":15,"rotation":{"angle":45,"axis":"y","origin":[10,8,10],"rescale":true},"shade":false,"to":[10,6.7,10.5]}],"textures":{"all":"block/sea_pickle","particle":"block/sea_pickle"}}