{
	"__comment":"Designed by GeForceLegend",
	"textures":{
		"all":"block/sea_pickle",
		"particle":"block/sea_pickle"
	},
	"elements":[
		{
			"from":[3,0,3],
			"to":[7,6,7],
			"faces":{
				"north":{"uv":[4,5,8,11],"texture":"#all"},
				"east":{"uv":[0,5,4,11],"texture":"#all"},
				"south":{"uv":[12,5,16,11],"texture":"#all"},
				"west":{"uv":[8,5,12,11],"texture":"#all"},
				"up":{"uv":[4,1,8,5],"texture":"#all"},
				"down":{"uv":[8,1,12,5],"texture":"#all","cullface":"down"}
			}
		},
		{
			"from":[4,6,4],
			"to":[6,5.2,6],
			"faces":{
				"north":{"uv":[5,5,7,6],"texture":"#all"},
				"east":{"uv":[1,5,3,6],"texture":"#all"},
				"south":{"uv":[13,5,15,6],"texture":"#all"},
				"west":{"uv":[9,5,11,6],"texture":"#all"},
				"up":{"uv":[9,2,11,4],"texture":"#all"}
			}
		},
		{
			"from":[8,0,8],
			"to":[12,4,12],
			"faces":{
				"north":{"uv":[4,5,8,9],"texture":"#all"},
				"east":{"uv":[0,5,4,9],"texture":"#all"},
				"south":{"uv":[12,5,16,9],"texture":"#all"},
				"west":{"uv":[8,5,12,9],"texture":"#all"},
				"up":{"uv":[4,1,8,5],"texture":"#all"},
				"down":{"uv":[8,1,12,5],"texture":"#all","cullface":"down"}
			}
		},
		{
			"from":[9,4,9],
			"to":[11,3.2,11],
			"faces":{
				"north":{"uv":[5,5,7,6],"texture":"#all"},
				"east":{"uv":[1,5,3,6],"texture":"#all"},
				"south":{"uv":[13,5,15,6],"texture":"#all"},
				"west":{"uv":[9,5,11,6],"texture":"#all"},
				"up":{"uv":[9,2,11,4],"texture":"#all"}
			}
		},
		{
			"from":[4.5,5.2,5],
			"to":[5.5,8.7,5],
			"shade":false,
			"light_emission":15,
			"rotation":{"angle":45,"axis":"y","origin":[5,5.6,5],"rescale":true},
			"faces":{
				"north":{"uv":[1,0,3,5],"texture":"#all"},
				"south":{"uv":[13,0,15,5],"texture":"#all"}
			}
		},
		{
			"from":[5,5.2,4.5],
			"to":[5,8.7,5.5],
			"shade":false,
			"light_emission":15,
			"rotation":{"angle":45,"axis":"y","origin":[5,5.6,5],"rescale":true},
			"faces":{
				"east":{"uv":[13,0,15,5],"texture":"#all"},
				"west":{"uv":[1,0,3,5],"texture":"#all"}
			}
		},
		{
			"from":[9.5,3.2,10],
			"to":[10.5,6.7,10],
			"shade":false,
			"light_emission":15,
			"rotation":{"angle":45,"axis":"y","origin":[10,8,10],"rescale":true},
			"faces":{
				"north":{"uv":[1,0,3,5],"texture":"#all"},
				"south":{"uv":[13,0,15,5],"texture":"#all"}
			}
		},
		{
			"from":[10,3.2,9.5],
			"to":[10,6.7,10.5],
			"shade":false,
			"light_emission":15,
			"rotation":{"angle":45,"axis":"y","origin":[10,8,10],"rescale":true},
			"faces":{
				"east":{"uv":[13,0,15,5],"texture":"#all"},
				"west":{"uv":[1,0,3,5],"texture":"#all"}
			}
		}
	]
}