{"format_version":"1.21.6","credit":"Made with Blockbench by Minecraft_hyr","ambientocclusion":false,"textures":{"particle":"#fire"},"elements":[{"from":[1,0,8.8],"to":[15,22.4,8.8],"shade":false,"rotation":{"angle":-22.5,"axis":"x","origin":[8,8,8],"rescale":true},"faces":{"south":{"uv":[1,0,15,16],"texture":"#fire"}}},{"from":[1,0,7.2],"to":[15,22.4,7.2],"shade":false,"rotation":{"angle":22.5,"axis":"x","origin":[8,8,8],"rescale":true},"faces":{"north":{"uv":[1,0,15,16],"texture":"#fire"}}},{"from":[7.2,0,1],"to":[7.2,22.4,15],"shade":false,"rotation":{"angle":-22.5,"axis":"z","origin":[8,8,8],"rescale":true},"faces":{"west":{"uv":[1,0,15,16],"texture":"#fire"}}},{"from":[8.8,0,1],"to":[8.8,22.4,15],"shade":false,"rotation":{"angle":22.5,"axis":"z","origin":[8,8,8],"rescale":true},"faces":{"east":{"uv":[1,0,15,16],"texture":"#fire"}}}]}